#
# A fatal error has been detected by the Java Runtime Environment:
#
#  EXCEPTION_ACCESS_VIOLATION (0xc0000005) at pc=0x00007ffe76964982, pid=1660, tid=6592
#
# JRE version: OpenJDK Runtime Environment Corretto-21.0.6.7.1 (21.0.6+7) (build 21.0.6+7-LTS)
# Java VM: OpenJDK 64-Bit Server VM Corretto-21.0.6.7.1 (21.0.6+7-LTS, mixed mode, sharing, tiered, compressed oops, compressed class ptrs, g1 gc, windows-amd64)
# Problematic frame:
# C  [igxelpicd64.dll+0x324982]
#
# No core dump will be written. Minidumps are not enabled by default on client versions of Windows
#
# If you would like to submit a bug report, please visit:
#   https://github.com/corretto/corretto-21/issues/
# The crash happened outside the Java Virtual Machine in native code.
# See problematic frame for where to report the bug.
#

---------------  S U M M A R Y ------------

Command Line: -Dfile.encoding=UTF-8 -Duser.country=US -Duser.language=en -Duser.variant sk.sivak.eldritchhorror.GameDesktop

Host: 11th Gen Intel(R) Core(TM) i7-11850H @ 2.50GHz, 16 cores, 31G,  Windows 11 , 64 bit Build 26100 (10.0.26100.9168)
Time: Wed Sep  2 14:02:10 2026 Central Europe Daylight Time elapsed time: 658.242605 seconds (0d 0h 10m 58s)

---------------  T H R E A D  ---------------

Current thread (0x000002924e8521d0):  JavaThread "LWJGL Application"        [_thread_in_native, id=6592, stack(0x000000a0d7300000,0x000000a0d7400000) (1024K)]

Stack: [0x000000a0d7300000,0x000000a0d7400000],  sp=0x000000a0d73f8940,  free space=994k
Native frames: (J=compiled Java code, j=interpreted, Vv=VM code, C=native code)
C  [igxelpicd64.dll+0x324982]

Java frames: (J=compiled Java code, j=interpreted, Vv=VM code)
J 2036  org.lwjgl.opengl.GL11.nglDrawElements(IIIJJ)V (0 bytes) @ 0x0000029239c4d8af [0x0000029239c4d840+0x000000000000006f]
J 2960 c2 com.badlogic.gdx.graphics.g2d.SpriteBatch.flush()V (193 bytes) @ 0x0000029239d01118 [0x0000029239d00b20+0x00000000000005f8]
J 3226 c2 com.badlogic.gdx.graphics.g2d.SpriteBatch.draw(Lcom/badlogic/gdx/graphics/g2d/TextureRegion;FFFFFFFFF)V (619 bytes) @ 0x0000029239d28d40 [0x0000029239d28c60+0x00000000000000e0]
J 3710 c2 com.badlogic.gdx.scenes.scene2d.ui.Image.draw(Lcom/badlogic/gdx/graphics/g2d/Batch;F)V (200 bytes) @ 0x0000029239d7e2e4 [0x0000029239d7dfe0+0x0000000000000304]
J 4821 c2 com.badlogic.gdx.scenes.scene2d.Group.drawChildren(Lcom/badlogic/gdx/graphics/g2d/Batch;F)V (551 bytes) @ 0x0000029239ed97d8 [0x0000029239ed9600+0x00000000000001d8]
J 3830 c2 com.badlogic.gdx.scenes.scene2d.Stage.draw()V (70 bytes) @ 0x0000029239d98b80 [0x0000029239d98540+0x0000000000000640]
J 4343 c2 sk.sivak.eldritchhorror.core.Game.render()V (47 bytes) @ 0x0000029239e49e94 [0x0000029239e49c60+0x0000000000000234]
j  com.badlogic.gdx.backends.lwjgl.LwjglApplication.mainLoop()V+698
j  com.badlogic.gdx.backends.lwjgl.LwjglApplication$1.run()V+27
v  ~StubRoutines::call_stub 0x00000292394210e7

siginfo: EXCEPTION_ACCESS_VIOLATION (0xc0000005), writing address 0x0000000000000018


Registers:
RAX=0x0000000078080003, RBX=0x0000029294b30040, RCX=0x0000000000000000, RDX=0x0000000000000034
RSP=0x000000a0d73f8940, RBP=0x000000a0d73f8a40, RSI=0x0000000000000000, RDI=0x0000000000000018
R8 =0x0000029294da2530, R9 =0x0000000000000000, R10=0x0000000000000003, R11=0x0000000000000003
R12=0x0000000000000003, R13=0x0000000000000000, R14=0x0000000000000000, R15=0x0000029294d8f4d0
RIP=0x00007ffe76964982, EFLAGS=0x0000000000010202

XMM[0]=0x0000000000000000 0x0000000000000000
XMM[1]=0x0000000000000000 0x0000000000000018
XMM[2]=0x0000000000000000 0x0000000000000000
XMM[3]=0x0000000000000000 0x0000000000000000
XMM[4]=0x3f8000003f800000 0x4278000041e00000
XMM[5]=0x0000000000000000 0x0000000000000004
XMM[6]=0x0000000000000000 0x0000000000000000
XMM[7]=0x0000000000000000 0x000000003fa00000
XMM[8]=0x0000000000000000 0x0000000042132c4b
XMM[9]=0x0000000000000000 0x0000000044700000
XMM[10]=0x0000000000000000 0x00000000c19d13a8
XMM[11]=0x0000000000000000 0x0000000000000000
XMM[12]=0x0000000000000000 0x0000000000000000
XMM[13]=0x0000000000000000 0x000000004386b8e4
XMM[14]=0x0000000000000000 0x00000000440e8666
XMM[15]=0x0000000000000000 0x000000003f800000
  MXCSR=0x00001fa7


Register to memory mapping:

RAX=0x0000000078080003 is an unknown value
RBX=0x0000029294b30040 points into unknown readable memory: 0x0000029294ae2000 | 00 20 ae 94 92 02 00 00
RCX=0x0 is null
RDX=0x0000000000000034 is an unknown value
RSP=0x000000a0d73f8940 is pointing into the stack for thread: 0x000002924e8521d0
RBP=0x000000a0d73f8a40 is pointing into the stack for thread: 0x000002924e8521d0
RSI=0x0 is null
RDI=0x0000000000000018 is an unknown value
R8 =0x0000029294da2530 points into unknown readable memory: 0x02c7000078090005 | 05 00 09 78 00 00 c7 02
R9 =0x0 is null
R10=0x0000000000000003 is an unknown value
R11=0x0000000000000003 is an unknown value
R12=0x0000000000000003 is an unknown value
R13=0x0 is null
R14=0x0 is null
R15=0x0000029294d8f4d0 points into unknown readable memory: 0x0000b13411000001 | 01 00 00 11 34 b1 00 00

Top of Stack: (sp=0x000000a0d73f8940)
0x000000a0d73f8940:   0000029294b30040 0000029294b5fd28
0x000000a0d73f8950:   0000029294b30040 0000000000000014
0x000000a0d73f8960:   0000000000000000 0000000000000006
0x000000a0d73f8970:   0000029294b30040 00007ffe769d464f
0x000000a0d73f8980:   000000a0d73fbc60 0000029298fd0000
0x000000a0d73f8990:   000000040a850100 0000029200000000
0x000000a0d73f89a0:   ffffffff00000003 00007f0040000000
0x000000a0d73f89b0:   00000003ffffffff 0000000300000000
0x000000a0d73f89c0:   0000000094b30000 0000029200000008
0x000000a0d73f89d0:   0000029294d8f4d0 000002920000000b
0x000000a0d73f89e0:   112300000a850001 0000000000000018
0x000000a0d73f89f0:   0000001800000000 000000a0d73fc050
0x000000a0d73f8a00:   0000029294b5fd28 0000000000009401
0x000000a0d73f8a10:   ffffffff00000000 000002929593c180
0x000000a0d73f8a20:   0000029294dd9b68 000000000000003c
0x000000a0d73f8a30:   0000000094d8f400 0000029294b30040
0x000000a0d73f8a40:   000000a0d73fbd20 0000029294da2544
0x000000a0d73f8a50:   0000029294da2530 0000029298fd5cfc
0x000000a0d73f8a60:   0000029200000000 000000a0d73fc0c0
0x000000a0d73f8a70:   0000029294da254c 0000000000000018
0x000000a0d73f8a80:   0000029294dd9b00 000002929ea94f50
0x000000a0d73f8a90:   0000029294dd9b68 0000029298fd5d20
0x000000a0d73f8aa0:   112300000a850000 0000029294b30040
0x000000a0d73f8ab0:   000000a0d73fbd90 0000029294da2544
0x000000a0d73f8ac0:   0000029294da2530 0000029200004998
0x000000a0d73f8ad0:   0000029294da254c 0000029200004ac8
0x000000a0d73f8ae0:   0000029294da254c 00007ffe00005cfc
0x000000a0d73f8af0:   000002929475a420 0000029294b5fd01
0x000000a0d73f8b00:   112300000a850000 0000029294b30040
0x000000a0d73f8b10:   0000000000000000 000002920000000b
0x000000a0d73f8b20:   000000044e850100 000000a000000000
0x000000a0d73f8b30:   112300000a850000 0000ca0040000000 

Instructions: (pc=0x00007ffe76964982)
0x00007ffe76964882:   01 00 89 44 24 64 41 0f be bf 99 31 01 00 89 7c
0x00007ffe76964892:   24 70 45 85 d2 0f 85 ab 00 00 00 49 8b 8f 80 31
0x00007ffe769648a2:   01 00 49 39 48 04 74 0e 49 89 48 04 81 8b b0 54
0x00007ffe769648b2:   04 00 00 00 00 02 45 33 f6 44 89 74 24 64 45 39
0x00007ffe769648c2:   b7 28 2f 01 00 75 09 45 39 b7 2c 2f 01 00 74 6d
0x00007ffe769648d2:   41 8b c5 48 8d 0c 40 f2 0f 10 05 2f 76 d9 00 f2
0x00007ffe769648e2:   0f 11 84 8d a0 02 00 00 8b 05 28 76 d9 00 89 84
0x00007ffe769648f2:   8d a8 02 00 00 8b 84 8d a4 02 00 00 44 33 d0 41
0x00007ffe76964902:   83 e2 3f 44 33 d0 41 0f ba f2 08 44 89 94 8d a4
0x00007ffe76964912:   02 00 00 44 89 b4 8d a8 02 00 00 4d 89 b7 28 2f
0x00007ffe76964922:   01 00 49 8b 87 40 30 01 00 48 0f ba e8 00 49 89
0x00007ffe76964932:   87 40 30 01 00 41 ff c5 44 89 6c 24 78 44 88 b3
0x00007ffe76964942:   21 fc 02 00 eb 03 45 33 f6 80 bb 21 fc 02 00 00
0x00007ffe76964952:   0f 85 6b 0d 00 00 48 c7 83 14 fc 02 00 00 00 00
0x00007ffe76964962:   00 45 85 e4 0f 84 d3 05 00 00 0f ae e8 41 8b d4
0x00007ffe76964972:   c1 e2 04 83 c2 04 8b 05 d2 91 04 01 48 8b 7d a8
0x00007ffe76964982:   89 07 8b c2 c1 e8 02 2c 02 88 07 48 8d 8d c0 05
0x00007ffe76964992:   00 00 e8 83 3e d4 ff 48 8d 8d c0 05 00 00 e8 97
0x00007ffe769649a2:   60 d0 ff 4c 8b c8 48 8b 95 f0 09 00 00 48 8b 8d
0x00007ffe769649b2:   c0 05 00 00 80 b9 c0 df 04 00 00 48 0f 45 95 e0
0x00007ffe769649c2:   09 00 00 44 0f b6 83 b4 62 04 00 48 8b 0d cc 85
0x00007ffe769649d2:   01 01 83 b9 60 0a 00 00 00 74 63 45 84 c0 0f 84
0x00007ffe769649e2:   aa 00 00 00 83 bb fc 63 04 00 00 0f 85 9d 00 00
0x00007ffe769649f2:   00 80 bb ac 61 04 00 00 74 32 8b 83 a8 61 04 00
0x00007ffe76964a02:   ff c0 3b 83 48 61 04 00 75 22 80 bb 68 66 04 00
0x00007ffe76964a12:   00 74 19 81 8b 98 61 04 00 00 80 00 00 8b 8b 98
0x00007ffe76964a22:   61 04 00 48 8b 83 a0 61 04 00 89 08 48 89 93 a0
0x00007ffe76964a32:   61 04 00 41 8b 01 89 83 98 61 04 00 eb 44 45 84
0x00007ffe76964a42:   c0 74 4b 83 bb fc 63 04 00 00 75 42 80 bb ac 61
0x00007ffe76964a52:   04 00 00 74 26 8b 83 a8 61 04 00 ff c0 3b 83 48
0x00007ffe76964a62:   61 04 00 75 16 80 bb 68 66 04 00 00 74 0d 48 8b
0x00007ffe76964a72:   83 a0 61 04 00 81 08 00 80 00 00 48 89 93 a0 61 


Stack slot to memory mapping:

stack at sp + 0 slots: 0x0000029294b30040 points into unknown readable memory: 0x0000029294ae2000 | 00 20 ae 94 92 02 00 00
stack at sp + 1 slots: 0x0000029294b5fd28 points into unknown readable memory: 0x0000000000000000 | 00 00 00 00 00 00 00 00
stack at sp + 2 slots: 0x0000029294b30040 points into unknown readable memory: 0x0000029294ae2000 | 00 20 ae 94 92 02 00 00
stack at sp + 3 slots: 0x0000000000000014 is an unknown value
stack at sp + 4 slots: 0x0 is null
stack at sp + 5 slots: 0x0000000000000006 is an unknown value
stack at sp + 6 slots: 0x0000029294b30040 points into unknown readable memory: 0x0000029294ae2000 | 00 20 ae 94 92 02 00 00
stack at sp + 7 slots: 0x00007ffe769d464f igxelpicd64.dll


Compiled method (n/a) 658329 2036     n 0       org.lwjgl.opengl.GL11::nglDrawElements (native)
 total in heap  [0x0000029239c4d690,0x0000029239c4da78] = 1000
 relocation     [0x0000029239c4d7f0,0x0000029239c4d828] = 56
 main code      [0x0000029239c4d840,0x0000029239c4da6e] = 558
 stub code      [0x0000029239c4da6e,0x0000029239c4da70] = 2
 oops           [0x0000029239c4da70,0x0000029239c4da78] = 8

[Constant Pool (empty)]

[MachCode]
[Entry Point]
  # {method} {0x000002929053c3a0} 'nglDrawElements' '(IIIJJ)V' in 'org/lwjgl/opengl/GL11'
  # parm0:    rdx       = int
  # parm1:    r8        = int
  # parm2:    r9        = int
  # parm3:    rdi:rdi   = long
  # parm4:    rsi:rsi   = long
  #           [sp+0x90]  (sp of caller)
  0x0000029239c4d840: 448b 5208 | 49bb 0000 | 004f 9202 | 0000 4d03 | d349 3bc2 | 0f84 0600 

  0x0000029239c4d858: ;   {runtime_call ic_miss_stub}
  0x0000029239c4d858: 0000 e921 | 1182 ff90 
[Verified Entry Point]
  0x0000029239c4d860: 8984 2400 | 80ff ff55 | 488b ec48 | 81ec 8000 | 0000 6690 | 4181 7f20 | 0100 0000 

  0x0000029239c4d87c: ;   {runtime_call StubRoutines (final stubs)}
  0x0000029239c4d87c: 7405 e83d | 8480 ff48 | 8974 2430 | 4889 7c24 | 284c 894c | 2420 4d8b | c84c 8bc2 

  0x0000029239c4d898: ;   {oop(a 'java/lang/Class'{0x0000000604c43fc8} = 'org/lwjgl/opengl/GL11')}
  0x0000029239c4d898: 49be c83f | c404 0600 | 0000 4c89 | 7424 684c | 8d74 2468 | 498b d6c5 

  0x0000029239c4d8b0: ;   {internal_word}
  0x0000029239c4d8b0: f877 49ba | afd8 c439 | 9202 0000 | 4d89 97a0 | 0300 0049 | 89a7 9803 

  0x0000029239c4d8c8: ;   {external_word}
  0x0000029239c4d8c8: 0000 49ba | c75a d894 | fe7f 0000 | 4180 3a00 | 0f84 4e00 | 0000 5241 

  0x0000029239c4d8e0: ;   {metadata({method} {0x000002929053c3a0} 'nglDrawElements' '(IIIJJ)V' in 'org/lwjgl/opengl/GL11')}
  0x0000029239c4d8e0: 5041 5148 | ba98 c353 | 9092 0200 | 0049 8bcf | 4883 ec20 | 40f6 c40f | 0f84 1900 | 0000 4883 
  0x0000029239c4d900: ;   {runtime_call}
  0x0000029239c4d900: ec08 48b8 | d010 8294 | fe7f 0000 | ffd0 4883 | c408 e90c 

  0x0000029239c4d914: ;   {runtime_call}
  0x0000029239c4d914: 0000 0048 | b8d0 1082 | 94fe 7f00 | 00ff d048 | 83c4 2041 | 5941 585a | 498d 8fb8 | 0300 0041 
  0x0000029239c4d934: c787 4404 | 0000 0400 

  0x0000029239c4d93c: ;   {runtime_call}
  0x0000029239c4d93c: 0000 48b8 | d0d8 0080 | 0100 0000 | ffd0 c5f8 | 7741 c787 | 4404 0000 | 0500 0000 | f083 4424 
  0x0000029239c4d95c: c000 493b | af48 0400 | 000f 870e | 0000 0041 | 83bf 4004 | 0000 000f | 8423 0000 | 00c5 f877 
  0x0000029239c4d97c: 498b cf4c | 8be4 4883 | ec20 4883 

  0x0000029239c4d988: ;   {runtime_call}
  0x0000029239c4d988: e4f0 48b8 | 407a 4d94 | fe7f 0000 | ffd0 498b | e44d 33e4 | 41c7 8744 | 0400 0008 | 0000 0041 
  0x0000029239c4d9a8: 83bf c004 | 0000 020f | 8494 0000 

  0x0000029239c4d9b4: ;   {external_word}
  0x0000029239c4d9b4: 0049 bac7 | 5ad8 94fe | 7f00 0041 | 803a 000f | 8444 0000 

  0x0000029239c4d9c8: ;   {metadata({method} {0x000002929053c3a0} 'nglDrawElements' '(IIIJJ)V' in 'org/lwjgl/opengl/GL11')}
  0x0000029239c4d9c8: 0048 ba98 | c353 9092 | 0200 0049 | 8bcf 4883 | ec20 40f6 | c40f 0f84 | 1900 0000 | 4883 ec08 
  0x0000029239c4d9e8: ;   {runtime_call}
  0x0000029239c4d9e8: 48b8 d010 | 8294 fe7f | 0000 ffd0 | 4883 c408 | e90c 0000 

  0x0000029239c4d9fc: ;   {runtime_call}
  0x0000029239c4d9fc: 0048 b8d0 | 1082 94fe | 7f00 00ff | d048 83c4 | 2049 c787 | 9803 0000 | 0000 0000 | 49c7 87a0 
  0x0000029239c4da1c: 0300 0000 | 0000 00c5 | f877 498b | 8f28 0400 | 00c7 8100 | 0100 0000 | 0000 00c9 | 4983 7f08 
  0x0000029239c4da3c: 000f 8501 | 0000 00c3 

  0x0000029239c4da44: ;   {runtime_call StubRoutines (initial stubs)}
  0x0000029239c4da44: e9b7 347d | ffc5 f877 | 4c8b e448 | 83ec 2048 

  0x0000029239c4da54: ;   {runtime_call}
  0x0000029239c4da54: 83e4 f048 | b870 4882 | 94fe 7f00 | 00ff d049 | 8be4 4d33 | e4e9 47ff | ffff f4f4 
[/MachCode]


Compiled method (c2) 658346 2960       4       com.badlogic.gdx.graphics.g2d.SpriteBatch::flush (193 bytes)
 total in heap  [0x0000029239d00710,0x0000029239d048f8] = 16872
 relocation     [0x0000029239d00870,0x0000029239d00b08] = 664
 main code      [0x0000029239d00b20,0x0000029239d02a88] = 8040
 stub code      [0x0000029239d02a88,0x0000029239d02b18] = 144
 oops           [0x0000029239d02b18,0x0000029239d02b20] = 8
 metadata       [0x0000029239d02b20,0x0000029239d02d98] = 632
 scopes data    [0x0000029239d02d98,0x0000029239d03f10] = 4472
 scopes pcs     [0x0000029239d03f10,0x0000029239d046b0] = 1952
 dependencies   [0x0000029239d046b0,0x0000029239d04710] = 96
 handler table  [0x0000029239d04710,0x0000029239d047d0] = 192
 nul chk table  [0x0000029239d047d0,0x0000029239d048f8] = 296

[Constant Pool (empty)]

[MachCode]
[Entry Point]
  # {method} {0x00000292909867d8} 'flush' '()V' in 'com/badlogic/gdx/graphics/g2d/SpriteBatch'
  #           [sp+0x80]  (sp of caller)
  0x0000029239d00b20: 448b 5208 | 49bb 0000 | 004f 9202 | 0000 4d03 | d349 3bc2 

  0x0000029239d00b34: ;   {runtime_call ic_miss_stub}
  0x0000029239d00b34: 0f85 46de | 76ff 6690 | 0f1f 4000 
[Verified Entry Point]
  0x0000029239d00b40: 8984 2400 | 80ff ff55 | 4883 ec70 | 4181 7f20 | 0100 0000 | 0f85 201f | 0000 4c8b | c244 8b52 
  0x0000029239d00b60: 0c45 85d2 | 0f84 b706 | 0000 448b | 5a34 458b | ca41 c1f9 | 1f4d 63d2 | 4d69 d267 | 6666 6649 
  0x0000029239d00b80: c1fa 2341 | 8bca 412b | c941 3bcb | 0f8f ed09 | 0000 ff42 | 3044 8b5a | 44ff 422c 

  0x0000029239d00b9c: ; implicit exception: dispatches to 0x0000029239d027a8
  0x0000029239d00b9c: 478b 54dc | 0c47 8b4c 

  0x0000029239d00ba4: ;   {oop(a 'java/lang/Class'{0x0000000604c033a0} = 'com/badlogic/gdx/Gdx')}
  0x0000029239d00ba4: dc10 49bb | a033 c004 | 0600 0000 | 418b b388 | 0000 0045 | 8b5c f408 | 8d1c 8d00 | 0000 008d 
  0x0000029239d00bc4: ;   {metadata('com/badlogic/gdx/backends/lwjgl/LwjglGL20')}
  0x0000029239d00bc4: 1c4b 4181 | fb60 1202 | 010f 85b1 

  0x0000029239d00bd0: ;   {oop(a 'java/lang/Class'{0x0000000604c46a70} = 'org/lwjgl/opengl/GLContext')}
  0x0000029239d00bd0: 0d00 0049 | bb70 6ac4 | 0406 0000 | 0041 8b4b | 7441 8b7c | cc0c 4c8b | df49 c1e3 | 0349 8b97 
  0x0000029239d00bf0: 8003 0000 | 488b 324c | 3bde 0f85 | 640f 0000 | 418b 6ccc | 1085 ed0f | 8477 1000 | 0049 8b8c 
  0x0000029239d00c10: ec30 1900 | 0048 85c9 | 0f84 8e10 | 0000 4889 | 7424 0889 | 1c24 498b | e841 8bd2 | 458b c14c 
  0x0000029239d00c30: 8bc9 6690 

  0x0000029239d00c34: ;   {static_call}
  0x0000029239d00c34: c5f8 77e8 

  0x0000029239d00c38: ; ImmutableOopMap {rbp=Oop [8]=Oop }
                      ;*invokestatic nglBindTexture {reexecute=0 rethrow=0 return_oop=0}
                      ; - org.lwjgl.opengl.GL11::glBindTexture@16 (line 654)
                      ; - com.badlogic.gdx.backends.lwjgl.LwjglGL20::glBindTexture@2 (line 93)
                      ; - com.badlogic.gdx.graphics.GLTexture::bind@11 (line 66)
                      ; - com.badlogic.gdx.graphics.g2d.SpriteBatch::flush@58 (line 964)
  0x0000029239d00c38: a4a3 f3ff 

  0x0000029239d00c3c: ;   {other}
  0x0000029239d00c3c: 0f1f 8400 | 2c05 0000 | 488b cd44 | 8b49 3c44 | 8b41 4044 | 8b59 0c43 | 8b6c cc10 

  0x0000029239d00c58: ; implicit exception: dispatches to 0x0000029239d02810
  0x0000029239d00c58: 458b 54ec 

  0x0000029239d00c5c: ;   {metadata('com/badlogic/gdx/graphics/glutils/VertexArray')}
  0x0000029239d00c5c: 0841 81fa | 5829 1001 | 0f85 460d | 0000 498d | 1cec 8b73 | 1841 8b54 | f408 468d | 149d 0000 
  0x0000029239d00c7c: ;   {metadata('java/nio/DirectByteBuffer')}
  0x0000029239d00c7c: 0000 81fa | e8ea 1b00 | 0f85 520d | 0000 498d | 3cf4 8b6f | 2044 3bd5 | 0f8f 5610 | 0000 4585 
  0x0000029239d00c9c: d20f 8c8d | 1000 0044 | 8957 1c8b | 6f18 413b | ea0f 8fb9 | 1000 008b | 6f0c 413b | ea0f 8fed 
  0x0000029239d00cbc: 1000 0048 | 8bef 4889 | 5c24 2044 | 895c 2418 | 4889 4c24 | 104f 8d14 | cc4c 8954 | 2428 4489 
  0x0000029239d00cdc: 4c24 0449 | 8bd0 48c1 | e203 33ff | 4c8b c545 | 8bcb 6690 

  0x0000029239d00cf0: ;   {static_call}
  0x0000029239d00cf0: c5f8 77e8 

  0x0000029239d00cf4: ; ImmutableOopMap {rbp=Oop [4]=NarrowOop [8]=Oop [16]=Oop [32]=Oop [40]=Oop }
                      ;*invokestatic copyJni {reexecute=0 rethrow=0 return_oop=0}
                      ; - com.badlogic.gdx.utils.BufferUtils::copy@35 (line 54)
                      ; - com.badlogic.gdx.graphics.glutils.VertexArray::setVertices@7 (line 84)
                      ; - com.badlogic.gdx.graphics.Mesh::setVertices@7 (line 208)
                      ; - com.badlogic.gdx.graphics.g2d.SpriteBatch::flush@76 (line 966)
  0x0000029239d00cf4: 686c f4ff 

  0x0000029239d00cf8: ;   {other}
  0x0000029239d00cf8: 0f1f 8400 | e805 0001 | 4c8b d541 | 8b6a 1c85 | ed0f 8cdd | 1000 0041 | 8b6a 0c85 | ed0f 8f0d 
  0x0000029239d00d18: 1100 0045 | 8962 184c | 8b54 2420 | 458b 4214 

  0x0000029239d00d28: ; implicit exception: dispatches to 0x0000029239d02858
  0x0000029239d00d28: 438b 6cc4 | 1c85 ed0f | 8c2f 1100 | 0043 8b4c | c40c 85c9 | 0f8f 5a11 | 0000 4789 | 64c4 1843 
  0x0000029239d00d48: 8b6c c420 | 448b 5c24 | 1844 3bdd | 0f8f 7e11 | 0000 4585 | db0f 8ca1 | 1100 0047 | 895c c41c 
  0x0000029239d00d68: 413b cb0f | 8fb3 1100 | 0044 8b5c | 2404 438b | 6cdc 1445 | 8b54 ec08 

  0x0000029239d00d80: ;   {metadata('com/badlogic/gdx/graphics/glutils/IndexArray')}
  0x0000029239d00d80: 4181 fa40 | 2c10 010f | 8587 0c00 | 004d 8d14 | ec45 8b42 | 1043 8b6c | c41c 85ed | 0f8c a611 
  0x0000029239d00da0: 0000 438b | 4cc4 0c85 | c90f 8fbd | 1100 0047 | 8964 c418 | 438b 6cc4 | 2044 8b14 | 2444 3bd5 
  0x0000029239d00dc0: 0f8f ca11 | 0000 4585 | d20f 8cf5 | 1100 0047 | 8954 c41c | 413b ca0f | 8f07 1200 | 0048 8b4c 
  0x0000029239d00de0: 2410 0fb6 | 6939 85ed | 0f85 1a12 

  0x0000029239d00dec: ;   {oop(a 'java/lang/Class'{0x0000000604c033a0} = 'com/badlogic/gdx/Gdx')}
  0x0000029239d00dec: 0000 49b8 | a033 c004 | 0600 0000 | 418b a888 | 0000 0045 | 8b44 ec08 

  0x0000029239d00e04: ;   {metadata('com/badlogic/gdx/backends/lwjgl/LwjglGL20')}
  0x0000029239d00e04: 4181 f860 | 1202 010f | 851b 0c00 

  0x0000029239d00e10: ;   {oop(a 'java/lang/Class'{0x0000000604c46a70} = 'org/lwjgl/opengl/GLContext')}
  0x0000029239d00e10: 0049 b870 | 6ac4 0406 | 0000 0045 | 8b48 7443 | 8b6c cc0c | 4c8b c549 | c1e0 0348 | 8b5c 2408 
  0x0000029239d00e30: 4c3b c30f | 855b 0d00 | 0043 8b6c | cc10 85ed | 0f84 e211 | 0000 4d8b | 84ec 601a | 0000 4d85 
  0x0000029239d00e50: c00f 84f1 | 1100 0048 | 8be9 bae2 | 0b00 0090 

  0x0000029239d00e60: ;   {static_call}
  0x0000029239d00e60: c5f8 77e8 

  0x0000029239d00e64: ; ImmutableOopMap {rbp=Oop [4]=NarrowOop [8]=Oop [40]=Oop }
                      ;*invokestatic nglEnable {reexecute=0 rethrow=0 return_oop=0}
                      ; - org.lwjgl.opengl.GL11::glEnable@15 (line 1015)
                      ; - com.badlogic.gdx.backends.lwjgl.LwjglGL20::glEnable@1 (line 292)
                      ; - com.badlogic.gdx.graphics.g2d.SpriteBatch::flush@125 (line 973)
  0x0000029239d00e64: f8c1 f4ff 

  0x0000029239d00e68: ;   {other}
  0x0000029239d00e68: 0f1f 8400 | 5807 0002 | 488b cd44 | 8b59 1841 | 83fb ff0f | 8407 1200 | 0044 8b51 

  0x0000029239d00e84: ;   {oop(a 'java/lang/Class'{0x0000000604c033a0} = 'com/badlogic/gdx/Gdx')}
  0x0000029239d00e84: 2449 b8a0 | 33c0 0406 | 0000 0041 | 8ba8 8800 | 0000 448b | 411c 448b | 4920 418b 

  0x0000029239d00ea0: ;   {metadata('com/badlogic/gdx/backends/lwjgl/LwjglGL20')}
  0x0000029239d00ea0: 7cec 0881 | ff60 1202 | 010f 859d 

  0x0000029239d00eac: ;   {oop(a 'java/lang/Class'{0x0000000604c46a70} = 'org/lwjgl/opengl/GLContext')}
  0x0000029239d00eac: 0b00 0048 | bb70 6ac4 | 0406 0000 | 008b 5374 

  0x0000029239d00ebc: ; implicit exception: dispatches to 0x0000029239d028f8
  0x0000029239d00ebc: 418b 6cd4 | 0c48 8bfd | 48c1 e703 | 488b 5c24 | 0848 3bfb | 0f85 e60c | 0000 418b | 6cd4 1085 
  0x0000029239d00edc: ed0f 84c1 | 1100 0049 | 8bb4 ec58 | 2100 0048 | 85f6 0f84 | e011 0000 | 4889 5c24 | 1048 8be9 
  0x0000029239d00efc: 418b d341 | 8bfa 6690 

  0x0000029239d00f04: ;   {static_call}
  0x0000029239d00f04: c5f8 77e8 

  0x0000029239d00f08: ; ImmutableOopMap {rbp=Oop [4]=NarrowOop [16]=Oop [40]=Oop }
                      ;*invokestatic nglBlendFuncSeparate {reexecute=0 rethrow=0 return_oop=0}
                      ; - org.lwjgl.opengl.GL14::glBlendFuncSeparate@23 (line 241)
                      ; - com.badlogic.gdx.backends.lwjgl.LwjglGL20::glBlendFuncSeparate@5 (line 113)
                      ; - com.badlogic.gdx.graphics.g2d.SpriteBatch::flush@157 (line 974)
  0x0000029239d00f08: 54c5 f4ff 

  0x0000029239d00f0c: ;   {other}
  0x0000029239d00f0c: 0f1f 8400 | fc07 0003 | 4c8b d541 | 8b5a 5885 | db75 0441 | 8b5a 5444 | 8b0c 2445 | 85c9 0f84 
  0x0000029239d00f2c: ec11 0000 | 448b 4424 | 0443 0fb6 | 4cc4 0c85 | c90f 84f1 | 1100 0043 | 8b6c c410 

  0x0000029239d00f48: ; implicit exception: dispatches to 0x0000029239d02910
  0x0000029239d00f48: 458b 5cec 

  0x0000029239d00f4c: ;   {metadata('com/badlogic/gdx/graphics/glutils/VertexArray')}
  0x0000029239d00f4c: 0841 81fb | 5829 1001 | 0f85 220b | 0000 894c | 240c 4c89 | 5424 184c | 8bc3 49c1 | e003 895c 
  0x0000029239d00f6c: 2408 498d | 14ec 4533 | c948 8b6c | 2428 6690 

  0x0000029239d00f7c: ;   {optimized virtual_call}
  0x0000029239d00f7c: c5f8 77e8 

  0x0000029239d00f80: ; ImmutableOopMap {rbp=Oop [4]=NarrowOop [8]=NarrowOop [16]=Oop [24]=Oop [40]=Oop }
                      ;*invokeinterface bind {reexecute=0 rethrow=0 return_oop=0}
                      ; - com.badlogic.gdx.graphics.Mesh::bind@6 (line 391)
                      ; - com.badlogic.gdx.graphics.Mesh::bind@3 (line 382)
                      ; - com.badlogic.gdx.graphics.Mesh::render@13 (line 490)
                      ; - com.badlogic.gdx.graphics.Mesh::render@10 (line 460)
                      ; - com.badlogic.gdx.graphics.g2d.SpriteBatch::flush@184 (line 977)
  0x0000029239d00f80: 1cc1 f8ff 

  0x0000029239d00f84: ;   {other}
  0x0000029239d00f84: 0f1f 8400 | 7408 0004 | 448b 4424 | 0443 8b6c | c414 458b 

  0x0000029239d00f98: ;   {metadata('com/badlogic/gdx/graphics/glutils/IndexArray')}
  0x0000029239d00f98: 54ec 0841 | 81fa 402c | 1001 0f85 | 000b 0000 | 4d8d 14ec | 410f b66a | 0c85 ed0f | 85a3 1100 
  0x0000029239d00fb8: 0045 8b5a | 1047 8b54 | dc1c 4585 | d20f 8e25 | 0c00 0043 | 0fb6 6cc4 | 0d85 ed0f | 84a3 1100 
  0x0000029239d00fd8: 0047 8b4c | dc0c 438b | 5cdc 1845 | 85c9 0f8f | a811 0000 | 895c 2424 | 4489 5424 | 2047 8964 
  0x0000029239d00ff8: dc18 438b | 6cdc 2044 | 8b14 2444 | 3bd5 0f8f | bc11 0000 | 4789 54dc | 1c45 3bca | 0f8f de11 
  0x0000029239d01018: 0000 4489 

  0x0000029239d0101c: ;   {oop(a 'java/lang/Class'{0x0000000604c033a0} = 'com/badlogic/gdx/Gdx')}
  0x0000029239d0101c: 1c24 49bb | a033 c004 | 0600 0000 | 418b ab8c | 0000 0045 | 8b44 ec08 

  0x0000029239d01034: ;   {metadata('com/badlogic/gdx/backends/lwjgl/LwjglGL20')}
  0x0000029239d01034: 4181 f860 | 1202 010f | 8587 0a00 

  0x0000029239d01040: ;   {oop(a 'java/lang/Class'{0x0000000604c46a70} = 'org/lwjgl/opengl/GLContext')}
  0x0000029239d01040: 0049 bb70 | 6ac4 0406 | 0000 0045 | 8b43 7443 | 8b6c c40c | 4c8b dd49 | c1e3 034c | 8b4c 2410 
  0x0000029239d01060: 4d3b d90f | 85a7 0b00 | 0047 8b5c | c410 4585 | db0f 84dd | 1100 004b | 8b8c dc88 | 1a00 0048 
  0x0000029239d01080: 85c9 0f84 | 0012 0000 | 478b 84dc | ac3f 0000 

  0x0000029239d01090: ; implicit exception: dispatches to 0x0000029239d02988
  0x0000029239d01090: 478b 4cc4 | 1043 8b7c | cc10 438b | 6ccc 0c45 | 8b44 fc0c | 413b e80f | 8377 0800 | 004d 8d04 
  0x0000029239d010b0: fc45 8b44 | a810 438b | 6cc4 1885 | ed0f 8565 | 0b00 0043 | 8b6c c40c | 85ed 0f85 | 0c12 0000 
  0x0000029239d010d0: ;   {oop(a 'org/lwjgl/MemoryUtilSun$AccessorUnsafe'{0x0000000604c46628})}
  0x0000029239d010d0: 49bb 2866 | c404 0600 | 0000 4d8b | 4b10 4585 | d20f 8e88 | 0400 0045 | 8bc2 453b | 630c 0f84 
  0x0000029239d010f0: 7408 0000 | 448b 1c24 | 4b8d 2cdc | 4a8b 7c0d | 00ba 0400 | 0000 41b9 | 0314 0000 | 488b f190 
  0x0000029239d01110: ;   {static_call}
  0x0000029239d01110: c5f8 77e8 

  0x0000029239d01114: ; ImmutableOopMap {rbp=Oop [0]=NarrowOop [4]=NarrowOop [8]=NarrowOop [16]=Oop [24]=Oop [40]=Oop }
                      ;*invokestatic nglDrawElements {reexecute=0 rethrow=0 return_oop=0}
                      ; - org.lwjgl.opengl.GL11::glDrawElements@34 (line 1110)
                      ; - com.badlogic.gdx.backends.lwjgl.LwjglGL20::glDrawElements@21 (line 281)
                      ; - com.badlogic.gdx.graphics.Mesh::render@88 (line 499)
                      ; - com.badlogic.gdx.graphics.Mesh::render@10 (line 460)
                      ; - com.badlogic.gdx.graphics.g2d.SpriteBatch::flush@184 (line 977)
  0x0000029239d01114: 48c7 f4ff 

  0x0000029239d01118: ;   {other}
  0x0000029239d01118: 0f1f 8400 | 080a 0005 | 448b 0424 | 438b 6cc4 | 1c44 8b5c | 2424 443b | dd0f 8fdd | 1100 0045 
  0x0000029239d01138: 85db 0f8c | 4412 0000 | 478b 4cc4 | 0c45 3bcb | 0f8f a612 | 0000 4789 | 5cc4 1843 | 8b6c c420 
  0x0000029239d01158: 448b 5424 | 2044 3bd5 | 0f8f fe12 | 0000 4585 | d20f 8c51 | 1300 0047 | 8954 c41c | 453b da0f 
  0x0000029239d01178: 8f9f 1300 | 0045 3bca | 0f8f f213 | 0000 448b | 4c24 0443 | 8b6c cc10 

  0x0000029239d01190: ; implicit exception: dispatches to 0x0000029239d029e8
  0x0000029239d01190: 458b 5cec 

  0x0000029239d01194: ;   {metadata('com/badlogic/gdx/graphics/glutils/VertexArray')}
  0x0000029239d01194: 0841 81fb | 5829 1001 | 0f85 6209 | 0000 498d | 3cec 448b | 5710 478b | 5cd4 1847 | 8b5c dc0c 
  0x0000029239d011b4: 4585 db76 | 2244 8b44 | 2408 4585 | c00f 8475 | 0900 004b | 8d14 c433 | dbe9 ae02 | 0000 448b 
  0x0000029239d011d4: 4c24 0c48 | 8b3c 2444 | 8867 0c43 | 8b6c cc14 

  0x0000029239d011e4: ; implicit exception: dispatches to 0x0000029239d02a34
  0x0000029239d011e4: 458b 54ec 

  0x0000029239d011e8: ;   {metadata('com/badlogic/gdx/graphics/glutils/IndexArray')}
  0x0000029239d011e8: 0841 81fa | 402c 1001 | 0f85 2a09 | 0000 4d8d | 14ec 410f | b66a 0c85 | ed0f 85cd | 1300 0045 
  0x0000029239d01208: 8b52 1043 | 8b6c d41c | 85ed 0f8e | 540a 0000 | 4c8b 5424 | 1845 8962 | 0cc5 f877 | 4883 c470 
  0x0000029239d01228: ;   {poll_return}
  0x0000029239d01228: 5d49 3ba7 | 4804 0000 | 0f87 2e18 | 0000 c344 | 8b5c 2438 | 4389 44dc | 0c44 8bd0 | 0f1f 8400 
  0x0000029239d01248: 0000 0000 | 6666 6690 | 458b ca44 | 8b5c 2440 | 4723 4cdc | 2045 8bd9 | 448b 4424 | 4043 8b6c 
  0x0000029239d01268: c430 458b | 4cec 0c45 | 3bd9 0f83 | 6403 0000 | 4d8d 04ec | 438b 6c98 | 1044 8b4c | 2438 443b 
  0x0000029239d01288: cd0f 841e | 0100 0045 | 8b4c ec08 

  0x0000029239d01294: ;   {metadata('java/lang/String')}
  0x0000029239d01294: 4181 f940 | e700 000f | 859f 1300 | 0044 8b44 | 2438 470f | be4c c410 | 4d8d 04ec | 410f be58 
  0x0000029239d012b4: 1044 3bcb | 0f85 1604 | 0000 458b | 4814 8b4c | 2438 458b | 44cc 1443 | 8b7c cc0c | 438b 4cc4 
  0x0000029239d012d4: 0c3b cf0f | 85f7 0300 | 004b 8d1c | cc4b 8d74 | cc10 4f8d | 0cc4 4b8d | 7cc4 1085 | c90f 849d 
  0x0000029239d012f4: 0000 008b | c183 e01f | 83e1 e00f | 844b 0000 | 0048 8d3c | 0f48 8d34 | 0e48 f7d9 | c5fe 6f0c 
  0x0000029239d01314: 0fc5 fe6f | 040e c5f5 | efc8 c4e2 | 7d17 c90f | 8572 0000 | 0048 83c1 | 2075 e185 | c00f 845d 
  0x0000029239d01334: 0000 00c5 | fe6f 4c07 | e0c5 fe6f | 4406 e0c5 | f5ef c8c4 | e27d 17c9 | 754d eb44 | 8bc8 83e1 
  0x0000029239d01354: fc74 1948 | 8d3c 0f48 | 8d34 0e48 | f7d9 8b1c | 0f3b 1c0e | 7531 4883 | c104 75f2 | a802 7412 
  0x0000029239d01374: 0fb7 1f0f | b70e 3bd9 | 751d 488d | 7f02 488d | 7602 a801 | 740a 0fb6 | 1f0f b60e 

  0x0000029239d01390: ;   {no_reloc}
  0x0000029239d01390: 3bd9 7507 | b801 0000 | 00eb 0233 | c0c5 f5ef | c9c5 fdef | c085 c00f | 8427 0300 | 0044 8b54 
  0x0000029239d013b0: 2440 438b | 6cd4 3445 | 8b44 ec0c | 453b d80f | 837b 0200 | 004d 8d14 | ec47 8b4c | 9a10 4183 
  0x0000029239d013d0: f9fe 0f84 | f403 0000 | 4183 f9ff | 0f84 6e04 | 0000 448b | 5c24 3c47 | 8b54 dc08 

  0x0000029239d013ec: ;   {metadata('com/badlogic/gdx/backends/lwjgl/LwjglGL20')}
  0x0000029239d013ec: 4181 fa60 | 1202 010f | 858f 0200 

  0x0000029239d013f8: ;   {oop(a 'java/lang/Class'{0x0000000604c46a70} = 'org/lwjgl/opengl/GLContext')}
  0x0000029239d013f8: 0049 ba70 | 6ac4 0406 | 0000 0045 | 8b5a 7443 | 8b6c dc0c | 458b d14c | 8bc5 49c1 | e003 4c8b 
  0x0000029239d01418: 4c24 104d | 3bc1 0f85 | 4403 0000 | 438b 6cdc | 1085 ed0f | 846b 0400 | 004d 8b84 | ecf0 2300 
  0x0000029239d01438: 004d 85c0 | 0f84 9204 | 0000 418b | d266 6690 

  0x0000029239d01448: ;   {static_call}
  0x0000029239d01448: c5f8 77e8 

  0x0000029239d0144c: ; ImmutableOopMap {[0]=Oop [12]=NarrowOop [16]=Oop [24]=Oop [32]=NarrowOop [40]=Oop [48]=Oop }
                      ;*invokestatic nglDisableVertexAttribArray {reexecute=0 rethrow=0 return_oop=0}
                      ; - org.lwjgl.opengl.GL20::glDisableVertexAttribArray@15 (line 920)
                      ; - com.badlogic.gdx.backends.lwjgl.LwjglGL20::glDisableVertexAttribArray@1 (line 272)
                      ; - com.badlogic.gdx.graphics.glutils.ShaderProgram::disableVertexAttribute@22 (line 719)
                      ; - com.badlogic.gdx.graphics.glutils.VertexArray::unbind@34 (line 157)
                      ; - com.badlogic.gdx.graphics.Mesh::unbind@6 (line 409)
                      ; - com.badlogic.gdx.graphics.Mesh::unbind@3 (line 400)
                      ; - com.badlogic.gdx.graphics.Mesh::render@253 (line 518)
                      ; - com.badlogic.gdx.graphics.Mesh::render@10 (line 460)
                      ; - com.badlogic.gdx.graphics.g2d.SpriteBatch::flush@184 (line 977)
  0x0000029239d0144c: 105e f4ff 

  0x0000029239d01450: ;   {other}
  0x0000029239d01450: 0f1f 8400 | 400d 0006 | 8b5c 2408 | ffc3 3b5c | 2424 0f8d | 6afd ffff | 448b 4c24 | 0c44 8b44 
  0x0000029239d01470: 2420 488b | 3c24 448b | 5c24 2448 | 8b54 2430 | 8b4f 1045 | 8b54 cc18 

  0x0000029239d01488: ; implicit exception: dispatches to 0x0000029239d02700
  0x0000029239d01488: 438b 4cd4 | 0c3b d90f | 83f2 0000 | 0049 c1e2 | 0345 8b54 | 9a10 438b | 4cd4 2889 | 4c24 3889 
  0x0000029239d014a8: 5c24 0848 | 8954 2430 | 4489 5c24 | 2448 893c | 2444 894c | 240c 470f | b65c c41d | 4489 4424 
  0x0000029239d014c8: ;   {oop(a 'java/lang/Class'{0x0000000604c033a0} = 'com/badlogic/gdx/Gdx')}
  0x0000029239d014c8: 2049 baa0 | 33c0 0406 | 0000 0045 | 8b92 8c00 | 0000 4489 | 5424 3c45 | 85db 0f85 | 9c02 0000 
  0x0000029239d014e8: 478b 5cc4 | 3444 895c | 2440 4585 | db0f 84c9 | 0000 0045 | 8b54 cc0c | 4585 d20f | 8547 fdff 
  0x0000029239d01508: ff45 0fb6 | 54cc 1145 | 85d2 7563 | 450f be54 | cc10 4585 | d20f 85cd | 1000 0045 | 8b54 cc14 
  0x0000029239d01528: 448b 4424 | 404f 8d1c | c449 8bd2 | 48c1 e203 | 498d 2ccc | 4c89 5c24 | 5066 6690 

  0x0000029239d01544: ;   {static_call}
  0x0000029239d01544: c5f8 77e8 

  0x0000029239d01548: ; ImmutableOopMap {rbp=Oop [0]=Oop [12]=NarrowOop [16]=Oop [24]=Oop [32]=NarrowOop [40]=Oop [48]=Oop [56]=NarrowOop [60]=NarrowOop [64]=NarrowOop [80]=Oop }
                      ;*invokestatic hashCode {reexecute=0 rethrow=0 return_oop=0}
                      ; - java.lang.String::hashCode@27 (line 2369)
                      ; - com.badlogic.gdx.utils.ObjectIntMap::get@1 (line 279)
                      ; - com.badlogic.gdx.graphics.glutils.ShaderProgram::fetchAttributeLocation@11 (line 290)
                      ; - com.badlogic.gdx.graphics.glutils.ShaderProgram::disableVertexAttribute@10 (line 717)
                      ; - com.badlogic.gdx.graphics.glutils.VertexArray::unbind@34 (line 157)
                      ; - com.badlogic.gdx.graphics.Mesh::unbind@6 (line 409)
                      ; - com.badlogic.gdx.graphics.Mesh::unbind@3 (line 400)
                      ; - com.badlogic.gdx.graphics.Mesh::render@253 (line 518)
                      ; - com.badlogic.gdx.graphics.Mesh::render@10 (line 460)
                      ; - com.badlogic.gdx.graphics.g2d.SpriteBatch::flush@184 (line 977)
  0x0000029239d01548: 34e3 76ff 

  0x0000029239d0154c: ;   {other}
  0x0000029239d0154c: 0f1f 8400 | 3c0e 0007 | 85c0 0f85 | dbfc ffff | 448b 5424 | 3843 c644 | d411 0145 | 33d2 e9e1 
  0x0000029239d0156c: fcff ff45 | 33c0 e973 | fbff ff45 | 33d2 e9d1 | fcff ff89 | 4a34 e90b | f6ff ffba | e4ff ffff 
  0x0000029239d0158c: 488b ef44 | 8954 2404 | 895c 2408 | 48ff 7424 | 1848 8f44 | 2410 4489 | 4c24 0c44 | 895c 241c 
  0x0000029239d015ac: 4489 4424 | 2066 6690 

  0x0000029239d015b4: ;   {runtime_call UncommonTrapBlob}
  0x0000029239d015b4: c5f8 77e8 

  0x0000029239d015b8: ; ImmutableOopMap {rbp=Oop [4]=NarrowOop [12]=NarrowOop [16]=Oop [32]=NarrowOop }
                      ;*aaload {reexecute=0 rethrow=0 return_oop=0}
                      ; - com.badlogic.gdx.graphics.VertexAttributes::get@5 (line 109)
                      ; - com.badlogic.gdx.graphics.glutils.VertexArray::unbind@28 (line 157)
                      ; - com.badlogic.gdx.graphics.Mesh::unbind@6 (line 409)
                      ; - com.badlogic.gdx.graphics.Mesh::unbind@3 (line 400)
                      ; - com.badlogic.gdx.graphics.Mesh::render@253 (line 518)
                      ; - com.badlogic.gdx.graphics.Mesh::render@10 (line 460)
                      ; - com.badlogic.gdx.graphics.g2d.SpriteBatch::flush@184 (line 977)
  0x0000029239d015b8: 4467 77ff 

  0x0000029239d015bc: ;   {other}
  0x0000029239d015bc: 0f1f 8400 | ac0e 0008 | baf6 ffff | ff8b e990 

  0x0000029239d015cc: ;   {runtime_call UncommonTrapBlob}
  0x0000029239d015cc: c5f8 77e8 

  0x0000029239d015d0: ; ImmutableOopMap {rbp=NarrowOop }
                      ;*invokevirtual get {reexecute=0 rethrow=0 return_oop=0}
                      ; - com.badlogic.gdx.graphics.glutils.ShaderProgram::fetchAttributeLocation@11 (line 290)
                      ; - com.badlogic.gdx.graphics.glutils.ShaderProgram::disableVertexAttribute@10 (line 717)
                      ; - com.badlogic.gdx.graphics.glutils.VertexArray::unbind@34 (line 157)
                      ; - com.badlogic.gdx.graphics.Mesh::unbind@6 (line 409)
                      ; - com.badlogic.gdx.graphics.Mesh::unbind@3 (line 400)
                      ; - com.badlogic.gdx.graphics.Mesh::render@253 (line 518)
                      ; - com.badlogic.gdx.graphics.Mesh::render@10 (line 460)
                      ; - com.badlogic.gdx.graphics.g2d.SpriteBatch::flush@184 (line 977)
  0x0000029239d015d0: 2c67 77ff 

  0x0000029239d015d4: ;   {other}
  0x0000029239d015d4: 0f1f 8400 | c40e 0009 | bae4 ffff | ff48 ff74 | 2418 488f | 4424 1048 | 8944 24f8 | 8b44 2424 
  0x0000029239d015f4: 8944 241c | 488b 4424 | f848 8944 | 24f8 8b44 | 243c 8944 | 2424 488b | 4424 f848 | 8944 24f8 
  0x0000029239d01614: 8b44 2438 | 8944 2428 | 488b 4424 | f844 8944 | 2430 4489 | 5424 3c44 | 895c 2444 

  0x0000029239d01630: ;   {runtime_call UncommonTrapBlob}
  0x0000029239d01630: c5f8 77e8 

  0x0000029239d01634: ; ImmutableOopMap {rbp=NarrowOop [0]=Oop [12]=NarrowOop [16]=Oop [32]=NarrowOop [36]=NarrowOop [40]=NarrowOop [48]=NarrowOop }
                      ;*aaload {reexecute=0 rethrow=0 return_oop=0}
                      ; - com.badlogic.gdx.utils.ObjectIntMap::get@20 (line 281)
                      ; - com.badlogic.gdx.graphics.glutils.ShaderProgram::fetchAttributeLocation@11 (line 290)
                      ; - com.badlogic.gdx.graphics.glutils.ShaderProgram::disableVertexAttribute@10 (line 717)
                      ; - com.badlogic.gdx.graphics.glutils.VertexArray::unbind@34 (line 157)
                      ; - com.badlogic.gdx.graphics.Mesh::unbind@6 (line 409)
                      ; - com.badlogic.gdx.graphics.Mesh::unbind@3 (line 400)
                      ; - com.badlogic.gdx.graphics.Mesh::render@253 (line 518)
                      ; - com.badlogic.gdx.graphics.Mesh::render@10 (line 460)
                      ; - com.badlogic.gdx.graphics.g2d.SpriteBatch::flush@184 (line 977)
  0x0000029239d01634: c866 77ff 

  0x0000029239d01638: ;   {other}
  0x0000029239d01638: 0f1f 8400 | 280f 000a | bae4 ffff | ff48 ff74 | 2418 488f | 4424 1048 | 8944 24f8 | 8b44 2424 
  0x0000029239d01658: 8944 241c | 488b 4424 | f848 8944 | 24f8 8b44 | 243c 8944 | 2424 488b | 4424 f844 | 895c 2430 
  0x0000029239d01678: ;   {runtime_call UncommonTrapBlob}
  0x0000029239d01678: c5f8 77e8 

  0x0000029239d0167c: ; ImmutableOopMap {rbp=NarrowOop [0]=Oop [12]=NarrowOop [16]=Oop [32]=NarrowOop [36]=NarrowOop [56]=NarrowOop }
                      ;*iaload {reexecute=0 rethrow=0 return_oop=0}
                      ; - com.badlogic.gdx.utils.ObjectIntMap::get@82 (line 288)
                      ; - com.badlogic.gdx.graphics.glutils.ShaderProgram::fetchAttributeLocation@11 (line 290)
                      ; - com.badlogic.gdx.graphics.glutils.ShaderProgram::disableVertexAttribute@10 (line 717)
                      ; - com.badlogic.gdx.graphics.glutils.VertexArray::unbind@34 (line 157)
                      ; - com.badlogic.gdx.graphics.Mesh::unbind@6 (line 409)
                      ; - com.badlogic.gdx.graphics.Mesh::unbind@3 (line 400)
                      ; - com.badlogic.gdx.graphics.Mesh::render@253 (line 518)
                      ; - com.badlogic.gdx.graphics.Mesh::render@10 (line 460)
                      ; - com.badlogic.gdx.graphics.g2d.SpriteBatch::flush@184 (line 977)
  0x0000029239d0167c: 8066 77ff 

  0x0000029239d01680: ;   {other}
  0x0000029239d01680: 0f1f 8400 | 700f 000b | bade ffff | ff48 8b2c | 2448 8944 | 24f8 8b44 | 2408 8904 | 2448 8b44 
  0x0000029239d016a0: 24f8 48ff | 7424 1848 | 8f44 2410 | 4889 4424 | f88b 4424 | 0c89 4424 | 0448 8b44 | 24f8 4489 
  0x0000029239d016c0: 4c24 1c90 

  0x0000029239d016c4: ;   {runtime_call UncommonTrapBlob}
  0x0000029239d016c4: c5f8 77e8 

  0x0000029239d016c8: ; ImmutableOopMap {rbp=Oop [4]=NarrowOop [16]=Oop [32]=NarrowOop [60]=NarrowOop }
                      ;*invokeinterface glDisableVertexAttribArray {reexecute=0 rethrow=0 return_oop=0}
                      ; - com.badlogic.gdx.graphics.glutils.ShaderProgram::disableVertexAttribute@22 (line 719)
                      ; - com.badlogic.gdx.graphics.glutils.VertexArray::unbind@34 (line 157)
                      ; - com.badlogic.gdx.graphics.Mesh::unbind@6 (line 409)
                      ; - com.badlogic.gdx.graphics.Mesh::unbind@3 (line 400)
                      ; - com.badlogic.gdx.graphics.Mesh::render@253 (line 518)
                      ; - com.badlogic.gdx.graphics.Mesh::render@10 (line 460)
                      ; - com.badlogic.gdx.graphics.g2d.SpriteBatch::flush@184 (line 977)
  0x0000029239d016c8: 3466 77ff 

  0x0000029239d016cc: ;   {other}
  0x0000029239d016cc: 0f1f 8400 | bc0f 000c | ba45 ffff | ff48 8b2c | 2448 8944 | 24f8 8b44 | 2408 8904 | 2448 8b44 
  0x0000029239d016ec: 24f8 48ff | 7424 1848 | 8f44 2410 | 4889 4424 | f88b 4424 | 0c89 4424 | 0448 8b44 | 24f8 4889 
  0x0000029239d0170c: 4424 f88b | 4424 2089 | 4424 0848 | 8b44 24f8 | 4889 4424 | f88b 4424 | 2489 4424 | 0c48 8b44 
  0x0000029239d0172c: 24f8 4889 | 4424 f88b | 4424 3c89 | 4424 1848 | 8b44 24f8 | 4889 4424 | f88b 4424 | 3889 4424 
  0x0000029239d0174c: 2048 8b44 | 24f8 4489 | 5424 3090 

  0x0000029239d01758: ;   {runtime_call UncommonTrapBlob}
  0x0000029239d01758: c5f8 77e8 

  0x0000029239d0175c: ; ImmutableOopMap {rbp=Oop [4]=NarrowOop [8]=NarrowOop [16]=Oop [24]=NarrowOop [32]=NarrowOop [64]=NarrowOop }
                      ;*ifne {reexecute=1 rethrow=0 return_oop=0}
                      ; - (reexecute) com.badlogic.gdx.utils.ObjectIntMap::get@24 (line 281)
                      ; - com.badlogic.gdx.graphics.glutils.ShaderProgram::fetchAttributeLocation@11 (line 290)
                      ; - com.badlogic.gdx.graphics.glutils.ShaderProgram::disableVertexAttribute@10 (line 717)
                      ; - com.badlogic.gdx.graphics.glutils.VertexArray::unbind@34 (line 157)
                      ; - com.badlogic.gdx.graphics.Mesh::unbind@6 (line 409)
                      ; - com.badlogic.gdx.graphics.Mesh::unbind@3 (line 400)
                      ; - com.badlogic.gdx.graphics.Mesh::render@253 (line 518)
                      ; - com.badlogic.gdx.graphics.Mesh::render@10 (line 460)
                      ; - com.badlogic.gdx.graphics.g2d.SpriteBatch::flush@184 (line 977)
  0x0000029239d0175c: a065 77ff 

  0x0000029239d01760: ;   {other}
  0x0000029239d01760: 0f1f 8400 | 5010 000d | ba45 ffff | ff44 8954 | 2428 6690 

  0x0000029239d01774: ;   {runtime_call UncommonTrapBlob}
  0x0000029239d01774: c5f8 77e8 

  0x0000029239d01778: ; ImmutableOopMap {rbp=NarrowOop [0]=Oop [12]=NarrowOop [16]=Oop [24]=Oop [32]=NarrowOop }
                      ;*if_acmpne {reexecute=1 rethrow=0 return_oop=0}
                      ; - (reexecute) org.lwjgl.opengl.GLContext::getCapabilitiesImpl@11 (line 132)
                      ; - org.lwjgl.opengl.GLContext::getCapabilities@0 (line 122)
                      ; - org.lwjgl.opengl.GL20::glDisableVertexAttribArray@0 (line 917)
                      ; - com.badlogic.gdx.backends.lwjgl.LwjglGL20::glDisableVertexAttribArray@1 (line 272)
                      ; - com.badlogic.gdx.graphics.glutils.ShaderProgram::disableVertexAttribute@22 (line 719)
                      ; - com.badlogic.gdx.graphics.glutils.VertexArray::unbind@34 (line 157)
                      ; - com.badlogic.gdx.graphics.Mesh::unbind@6 (line 409)
                      ; - com.badlogic.gdx.graphics.Mesh::unbind@3 (line 400)
                      ; - com.badlogic.gdx.graphics.Mesh::render@253 (line 518)
                      ; - com.badlogic.gdx.graphics.Mesh::render@10 (line 460)
                      ; - com.badlogic.gdx.graphics.g2d.SpriteBatch::flush@184 (line 977)
  0x0000029239d01778: 8465 77ff 

  0x0000029239d0177c: ;   {other}
  0x0000029239d0177c: 0f1f 8400 | 6c10 000e | ba45 ffff | ff48 8bef | 891c 2448 | ff74 2418 | 488f 4424 | 1044 894c 
  0x0000029239d0179c: 2404 4889 | 4424 f88b | 4424 2489 | 4424 0c48 | 8b44 24f8 | 4489 4424 | 1844 895c | 2428 6690 
  0x0000029239d017bc: ;   {runtime_call UncommonTrapBlob}
  0x0000029239d017bc: c5f8 77e8 

  0x0000029239d017c0: ; ImmutableOopMap {rbp=Oop [4]=NarrowOop [16]=Oop [24]=NarrowOop [32]=NarrowOop [56]=NarrowOop [60]=NarrowOop }
                      ;*ifeq {reexecute=1 rethrow=0 return_oop=0}
                      ; - (reexecute) com.badlogic.gdx.graphics.glutils.ShaderProgram::checkManaged@4 (line 746)
                      ; - com.badlogic.gdx.graphics.glutils.ShaderProgram::disableVertexAttribute@5 (line 716)
                      ; - com.badlogic.gdx.graphics.glutils.VertexArray::unbind@34 (line 157)
                      ; - com.badlogic.gdx.graphics.Mesh::unbind@6 (line 409)
                      ; - com.badlogic.gdx.graphics.Mesh::unbind@3 (line 400)
                      ; - com.badlogic.gdx.graphics.Mesh::render@253 (line 518)
                      ; - com.badlogic.gdx.graphics.Mesh::render@10 (line 460)
                      ; - com.badlogic.gdx.graphics.g2d.SpriteBatch::flush@184 (line 977)
  0x0000029239d017c0: 3c65 77ff 

  0x0000029239d017c4: ;   {other}
  0x0000029239d017c4: 0f1f 8400 | b410 000f | ba45 ffff | ff48 8b2c | 2448 8944 | 24f8 8b44 | 2408 8904 | 2448 8b44 
  0x0000029239d017e4: 24f8 48ff | 7424 1848 | 8f44 2410 | 4889 4424 | f88b 4424 | 0c89 4424 | 0448 8b44 | 24f8 4889 
  0x0000029239d01804: 4424 f88b | 4424 2089 | 4424 0848 | 8b44 24f8 | 4889 4424 | f88b 4424 | 2489 4424 | 0c48 8b44 
  0x0000029239d01824: 24f8 4889 | 4424 f88b | 4424 3c89 | 4424 1848 | 8b44 24f8 | 4489 4c24 | 2866 6690 

  0x0000029239d01840: ;   {runtime_call UncommonTrapBlob}
  0x0000029239d01840: c5f8 77e8 

  0x0000029239d01844: ; ImmutableOopMap {rbp=Oop [4]=NarrowOop [8]=NarrowOop [16]=Oop [24]=NarrowOop [56]=NarrowOop }
                      ;*if_icmpne {reexecute=1 rethrow=0 return_oop=0}
                      ; - (reexecute) com.badlogic.gdx.graphics.glutils.ShaderProgram::fetchAttributeLocation@18 (line 290)
                      ; - com.badlogic.gdx.graphics.glutils.ShaderProgram::disableVertexAttribute@10 (line 717)
                      ; - com.badlogic.gdx.graphics.glutils.VertexArray::unbind@34 (line 157)
                      ; - com.badlogic.gdx.graphics.Mesh::unbind@6 (line 409)
                      ; - com.badlogic.gdx.graphics.Mesh::unbind@3 (line 400)
                      ; - com.badlogic.gdx.graphics.Mesh::render@253 (line 518)
                      ; - com.badlogic.gdx.graphics.Mesh::render@10 (line 460)
                      ; - com.badlogic.gdx.graphics.g2d.SpriteBatch::flush@184 (line 977)
  0x0000029239d01844: b864 77ff 

  0x0000029239d01848: ;   {other}
  0x0000029239d01848: 0f1f 8400 | 3811 0010 | ba45 ffff | ff48 8b2c | 2448 8944 | 24f8 8b44 | 2408 8904 | 2448 8b44 
  0x0000029239d01868: 24f8 48ff | 7424 1848 | 8f44 2410 | 4889 4424 | f88b 4424 | 0c89 4424 | 0448 8b44 | 24f8 4489 
  0x0000029239d01888: 4c24 1890 

  0x0000029239d0188c: ;   {runtime_call UncommonTrapBlob}
  0x0000029239d0188c: c5f8 77e8 

  0x0000029239d01890: ; ImmutableOopMap {rbp=Oop [4]=NarrowOop [16]=Oop [32]=NarrowOop }
                      ;*if_icmpne {reexecute=1 rethrow=0 return_oop=0}
                      ; - (reexecute) com.badlogic.gdx.graphics.glutils.ShaderProgram::disableVertexAttribute@16 (line 718)
                      ; - com.badlogic.gdx.graphics.glutils.VertexArray::unbind@34 (line 157)
                      ; - com.badlogic.gdx.graphics.Mesh::unbind@6 (line 409)
                      ; - com.badlogic.gdx.graphics.Mesh::unbind@3 (line 400)
                      ; - com.badlogic.gdx.graphics.Mesh::render@253 (line 518)
                      ; - com.badlogic.gdx.graphics.Mesh::render@10 (line 460)
                      ; - com.badlogic.gdx.graphics.g2d.SpriteBatch::flush@184 (line 977)
  0x0000029239d01890: 6c64 77ff 

  0x0000029239d01894: ;   {other}
  0x0000029239d01894: 0f1f 8400 | 8411 0011 | ba45 ffff | ff48 ff74 | 2418 488f | 4424 1048 | 8944 24f8 | 8b44 2420 
  0x0000029239d018b4: 8944 2418 | 488b 4424 | f844 8954 | 2420 6690 

  0x0000029239d018c4: ;   {runtime_call UncommonTrapBlob}
  0x0000029239d018c4: c5f8 77e8 

  0x0000029239d018c8: ; ImmutableOopMap {rbp=NarrowOop [0]=Oop [12]=NarrowOop [16]=Oop [24]=NarrowOop }
                      ;*ifnonnull {reexecute=1 rethrow=0 return_oop=0}
                      ; - (reexecute) org.lwjgl.opengl.GLContext::getCapabilities@5 (line 123)
                      ; - org.lwjgl.opengl.GL20::glDisableVertexAttribArray@0 (line 917)
                      ; - com.badlogic.gdx.backends.lwjgl.LwjglGL20::glDisableVertexAttribArray@1 (line 272)
                      ; - com.badlogic.gdx.graphics.glutils.ShaderProgram::disableVertexAttribute@22 (line 719)
                      ; - com.badlogic.gdx.graphics.glutils.VertexArray::unbind@34 (line 157)
                      ; - com.badlogic.gdx.graphics.Mesh::unbind@6 (line 409)
                      ; - com.badlogic.gdx.graphics.Mesh::unbind@3 (line 400)
                      ; - com.badlogic.gdx.graphics.Mesh::render@253 (line 518)
                      ; - com.badlogic.gdx.graphics.Mesh::render@10 (line 460)
                      ; - com.badlogic.gdx.graphics.g2d.SpriteBatch::flush@184 (line 977)
  0x0000029239d018c8: 3464 77ff 

  0x0000029239d018cc: ;   {other}
  0x0000029239d018cc: 0f1f 8400 | bc11 0012 | 4533 db4d | 3bc3 bdff | ffff ff7c | 0840 0f95 | c540 0fb6 | edba 45ff 
  0x0000029239d018ec: ffff 48ff | 7424 1848 | 8f44 2410 | 4889 4424 | f88b 4424 | 2089 4424 | 1848 8b44 | 24f8 4489 
  0x0000029239d0190c: 5424 204c | 8944 2428 

  0x0000029239d01914: ;   {runtime_call UncommonTrapBlob}
  0x0000029239d01914: c5f8 77e8 

  0x0000029239d01918: ; ImmutableOopMap {[0]=Oop [12]=NarrowOop [16]=Oop [24]=NarrowOop }
                      ;*ifne {reexecute=1 rethrow=0 return_oop=0}
                      ; - (reexecute) org.lwjgl.BufferChecks::checkFunctionAddress@9 (line 57)
                      ; - org.lwjgl.opengl.GL20::glDisableVertexAttribArray@10 (line 919)
                      ; - com.badlogic.gdx.backends.lwjgl.LwjglGL20::glDisableVertexAttribArray@1 (line 272)
                      ; - com.badlogic.gdx.graphics.glutils.ShaderProgram::disableVertexAttribute@22 (line 719)
                      ; - com.badlogic.gdx.graphics.glutils.VertexArray::unbind@34 (line 157)
                      ; - com.badlogic.gdx.graphics.Mesh::unbind@6 (line 409)
                      ; - com.badlogic.gdx.graphics.Mesh::unbind@3 (line 400)
                      ; - com.badlogic.gdx.graphics.Mesh::render@253 (line 518)
                      ; - com.badlogic.gdx.graphics.Mesh::render@10 (line 460)
                      ; - com.badlogic.gdx.graphics.g2d.SpriteBatch::flush@184 (line 977)
  0x0000029239d01918: e463 77ff 

  0x0000029239d0191c: ;   {other}
  0x0000029239d0191c: 0f1f 8400 | 0c12 0013 | bae4 ffff | ff48 ff74 | 2418 488f | 4424 1089 | 5c24 1848 | 8944 24f8 
  0x0000029239d0193c: 8b44 2420 | 8944 241c | 488b 4424 | f848 894c | 2428 4489 | 5c24 2489 | 7c24 3090 

  0x0000029239d01958: ;   {runtime_call UncommonTrapBlob}
  0x0000029239d01958: c5f8 77e8 

  0x0000029239d0195c: ; ImmutableOopMap {[0]=NarrowOop [4]=NarrowOop [8]=NarrowOop [16]=Oop [36]=NarrowOop [48]=NarrowOop }
                      ;*aaload {reexecute=0 rethrow=0 return_oop=0}
                      ; - org.lwjgl.opengl.ReferencesStack::getReferences@8 (line 41)
                      ; - org.lwjgl.opengl.StateTracker::getReferences@7 (line 85)
                      ; - org.lwjgl.opengl.StateTracker::getElementArrayBufferBound@1 (line 143)
                      ; - org.lwjgl.opengl.GLChecks::ensureElementVBOdisabled@7 (line 82)
                      ; - org.lwjgl.opengl.GL11::glDrawElements@14 (line 1108)
                      ; - com.badlogic.gdx.backends.lwjgl.LwjglGL20::glDrawElements@21 (line 281)
                      ; - com.badlogic.gdx.graphics.Mesh::render@88 (line 499)
                      ; - com.badlogic.gdx.graphics.Mesh::render@10 (line 460)
                      ; - com.badlogic.gdx.graphics.g2d.SpriteBatch::flush@184 (line 977)
  0x0000029239d0195c: a063 77ff 

  0x0000029239d01960: ;   {other}
  0x0000029239d01960: 0f1f 8400 | 5012 0014 | baf6 ffff | ff8b 2c24 | 4c89 0c24 

  0x0000029239d01974: ;   {runtime_call UncommonTrapBlob}
  0x0000029239d01974: c5f8 77e8 

  0x0000029239d01978: ; ImmutableOopMap {rbp=NarrowOop }
                      ;*invokevirtual getLong {reexecute=0 rethrow=0 return_oop=0}
                      ; - org.lwjgl.MemoryUtilSun$AccessorUnsafe::getAddress@9 (line 70)
                      ; - org.lwjgl.MemoryUtil::getAddress0@4 (line 113)
                      ; - org.lwjgl.MemoryUtil::getAddress@1 (line 129)
                      ; - org.lwjgl.MemoryUtil::getAddress@5 (line 127)
                      ; - org.lwjgl.opengl.GL11::glDrawElements@30 (line 1110)
                      ; - com.badlogic.gdx.backends.lwjgl.LwjglGL20::glDrawElements@21 (line 281)
                      ; - com.badlogic.gdx.graphics.Mesh::render@88 (line 499)
                      ; - com.badlogic.gdx.graphics.Mesh::render@10 (line 460)
                      ; - com.badlogic.gdx.graphics.g2d.SpriteBatch::flush@184 (line 977)
  0x0000029239d01978: 8463 77ff 

  0x0000029239d0197c: ;   {other}
  0x0000029239d0197c: 0f1f 8400 | 6c12 0015 | bade ffff | ff49 8be8 | 891c 2489 | 7424 0444 | 8954 2408 | 4489 4c24 
  0x0000029239d0199c: 0c66 6690 

  0x0000029239d019a0: ;   {runtime_call UncommonTrapBlob}
  0x0000029239d019a0: c5f8 77e8 

  0x0000029239d019a4: ; ImmutableOopMap {rbp=Oop [4]=NarrowOop }
                      ;*invokeinterface glBindTexture {reexecute=0 rethrow=0 return_oop=0}
                      ; - com.badlogic.gdx.graphics.GLTexture::bind@11 (line 66)
                      ; - com.badlogic.gdx.graphics.g2d.SpriteBatch::flush@58 (line 964)
  0x0000029239d019a4: 5863 77ff 

  0x0000029239d019a8: ;   {other}
  0x0000029239d019a8: 0f1f 8400 | 9812 0016 | bade ffff | ff48 894c | 2408 4489 | 4c24 1044 | 8944 2414 | 4489 5c24 
  0x0000029239d019c8: 1866 6690 

  0x0000029239d019cc: ;   {runtime_call UncommonTrapBlob}
  0x0000029239d019cc: c5f8 77e8 

  0x0000029239d019d0: ; ImmutableOopMap {rbp=NarrowOop [8]=Oop [16]=NarrowOop [20]=NarrowOop }
                      ;*invokeinterface setVertices {reexecute=0 rethrow=0 return_oop=0}
                      ; - com.badlogic.gdx.graphics.Mesh::setVertices@7 (line 208)
                      ; - com.badlogic.gdx.graphics.g2d.SpriteBatch::flush@76 (line 966)
  0x0000029239d019d0: 2c63 77ff 

  0x0000029239d019d4: ;   {other}
  0x0000029239d019d4: 0f1f 8400 | c412 0017 | bade ffff | ff48 8be9 | 4489 4c24 | 0848 895c | 2410 4489 | 4424 1844 
  0x0000029239d019f4: 895c 2420 | 8974 2424 | 4489 5424 | 2866 6690 

  0x0000029239d01a04: ;   {runtime_call UncommonTrapBlob}
  0x0000029239d01a04: c5f8 77e8 

  0x0000029239d01a08: ; ImmutableOopMap {rbp=Oop [8]=NarrowOop [16]=Oop [24]=NarrowOop [36]=NarrowOop }
                      ;*invokevirtual limit {reexecute=0 rethrow=0 return_oop=0}
                      ; - com.badlogic.gdx.utils.BufferUtils::copy@11 (line 51)
                      ; - com.badlogic.gdx.graphics.glutils.VertexArray::setVertices@7 (line 84)
                      ; - com.badlogic.gdx.graphics.Mesh::setVertices@7 (line 208)
                      ; - com.badlogic.gdx.graphics.g2d.SpriteBatch::flush@76 (line 966)
  0x0000029239d01a08: f462 77ff 

  0x0000029239d01a0c: ;   {other}
  0x0000029239d01a0c: 0f1f 8400 | fc12 0018 | bade ffff | ff66 6690 

  0x0000029239d01a1c: ;   {runtime_call UncommonTrapBlob}
  0x0000029239d01a1c: c5f8 77e8 

  0x0000029239d01a20: ; ImmutableOopMap {rbp=NarrowOop [4]=NarrowOop [16]=Oop }
                      ;*invokeinterface getBuffer {reexecute=0 rethrow=0 return_oop=0}
                      ; - com.badlogic.gdx.graphics.Mesh::getIndicesBuffer@4 (line 814)
                      ; - com.badlogic.gdx.graphics.g2d.SpriteBatch::flush@81 (line 967)
  0x0000029239d01a20: dc62 77ff 

  0x0000029239d01a24: ;   {other}
  0x0000029239d01a24: 0f1f 8400 | 1413 0019 | bade ffff | ff44 8954 | 2408 4489 | 5c24 0c90 

  0x0000029239d01a3c: ;   {runtime_call UncommonTrapBlob}
  0x0000029239d01a3c: c5f8 77e8 

  0x0000029239d01a40: ; ImmutableOopMap {rbp=NarrowOop [12]=NarrowOop [16]=Oop }
                      ;*invokeinterface glEnable {reexecute=0 rethrow=0 return_oop=0}
                      ; - com.badlogic.gdx.graphics.g2d.SpriteBatch::flush@125 (line 973)
  0x0000029239d01a40: bc62 77ff 

  0x0000029239d01a44: ;   {other}
  0x0000029239d01a44: 0f1f 8400 | 3413 001a | bade ffff | ff48 894c | 2408 4489 | 5c24 1044 | 8944 2414 | 4489 4c24 
  0x0000029239d01a64: 1844 8954 | 241c 6690 

  0x0000029239d01a6c: ;   {runtime_call UncommonTrapBlob}
  0x0000029239d01a6c: c5f8 77e8 

  0x0000029239d01a70: ; ImmutableOopMap {rbp=NarrowOop [4]=NarrowOop [8]=Oop }
                      ;*invokeinterface glBlendFuncSeparate {reexecute=0 rethrow=0 return_oop=0}
                      ; - com.badlogic.gdx.graphics.g2d.SpriteBatch::flush@157 (line 974)
  0x0000029239d01a70: 8c62 77ff 

  0x0000029239d01a74: ;   {other}
  0x0000029239d01a74: 0f1f 8400 | 6413 001b | bade ffff | ff4c 8914 | 2444 894c | 2410 894c | 2414 4489 | 4424 1889 
  0x0000029239d01a94: 5c24 1c90 

  0x0000029239d01a98: ;   {runtime_call UncommonTrapBlob}
  0x0000029239d01a98: c5f8 77e8 

  0x0000029239d01a9c: ; ImmutableOopMap {rbp=NarrowOop [0]=Oop [24]=NarrowOop [28]=NarrowOop }
                      ;*invokeinterface bind {reexecute=0 rethrow=0 return_oop=0}
                      ; - com.badlogic.gdx.graphics.Mesh::bind@6 (line 391)
                      ; - com.badlogic.gdx.graphics.Mesh::bind@3 (line 382)
                      ; - com.badlogic.gdx.graphics.Mesh::render@13 (line 490)
                      ; - com.badlogic.gdx.graphics.Mesh::render@10 (line 460)
                      ; - com.badlogic.gdx.graphics.g2d.SpriteBatch::flush@184 (line 977)
  0x0000029239d01a9c: 6062 77ff 

  0x0000029239d01aa0: ;   {other}
  0x0000029239d01aa0: 0f1f 8400 | 9013 001c | bade ffff | ff48 ff74 | 2418 488f | 4424 1090 

  0x0000029239d01ab8: ;   {runtime_call UncommonTrapBlob}
  0x0000029239d01ab8: c5f8 77e8 

  0x0000029239d01abc: ; ImmutableOopMap {rbp=NarrowOop [4]=NarrowOop [8]=NarrowOop [16]=Oop }
                      ;*invokeinterface getNumIndices {reexecute=0 rethrow=0 return_oop=0}
                      ; - com.badlogic.gdx.graphics.Mesh::bind@15 (line 392)
                      ; - com.badlogic.gdx.graphics.Mesh::bind@3 (line 382)
                      ; - com.badlogic.gdx.graphics.Mesh::render@13 (line 490)
                      ; - com.badlogic.gdx.graphics.Mesh::render@10 (line 460)
                      ; - com.badlogic.gdx.graphics.g2d.SpriteBatch::flush@184 (line 977)
  0x0000029239d01abc: 4062 77ff 

  0x0000029239d01ac0: ;   {other}
  0x0000029239d01ac0: 0f1f 8400 | b013 001d | bade ffff | ff48 ff74 | 2418 488f | 4424 1089 | 5c24 1848 | 8944 24f8 
  0x0000029239d01ae0: 8b44 2420 | 8944 241c | 488b 4424 | f844 8954 | 2420 6690 

  0x0000029239d01af4: ;   {runtime_call UncommonTrapBlob}
  0x0000029239d01af4: c5f8 77e8 

  0x0000029239d01af8: ; ImmutableOopMap {rbp=NarrowOop [0]=NarrowOop [4]=NarrowOop [8]=NarrowOop [16]=Oop }
                      ;*invokeinterface glDrawElements {reexecute=0 rethrow=0 return_oop=0}
                      ; - com.badlogic.gdx.graphics.Mesh::render@88 (line 499)
                      ; - com.badlogic.gdx.graphics.Mesh::render@10 (line 460)
                      ; - com.badlogic.gdx.graphics.g2d.SpriteBatch::flush@184 (line 977)
  0x0000029239d01af8: 0462 77ff 

  0x0000029239d01afc: ;   {other}
  0x0000029239d01afc: 0f1f 8400 | ec13 001e | bade ffff | ff44 894c | 240c 6690 

  0x0000029239d01b10: ;   {runtime_call UncommonTrapBlob}
  0x0000029239d01b10: c5f8 77e8 

  0x0000029239d01b14: ; ImmutableOopMap {rbp=NarrowOop [8]=NarrowOop [12]=NarrowOop [24]=Oop }
                      ;*invokeinterface unbind {reexecute=0 rethrow=0 return_oop=0}
                      ; - com.badlogic.gdx.graphics.Mesh::unbind@6 (line 409)
                      ; - com.badlogic.gdx.graphics.Mesh::unbind@3 (line 400)
                      ; - com.badlogic.gdx.graphics.Mesh::render@253 (line 518)
                      ; - com.badlogic.gdx.graphics.Mesh::render@10 (line 460)
                      ; - com.badlogic.gdx.graphics.g2d.SpriteBatch::flush@184 (line 977)
  0x0000029239d01b14: e861 77ff 

  0x0000029239d01b18: ;   {other}
  0x0000029239d01b18: 0f1f 8400 | 0814 001f | bade ffff | ff44 894c | 2408 6690 

  0x0000029239d01b2c: ;   {runtime_call UncommonTrapBlob}
  0x0000029239d01b2c: c5f8 77e8 

  0x0000029239d01b30: ; ImmutableOopMap {rbp=NarrowOop [8]=NarrowOop [24]=Oop }
                      ;*invokeinterface getNumIndices {reexecute=0 rethrow=0 return_oop=0}
                      ; - com.badlogic.gdx.graphics.Mesh::unbind@15 (line 410)
                      ; - com.badlogic.gdx.graphics.Mesh::unbind@3 (line 400)
                      ; - com.badlogic.gdx.graphics.Mesh::render@253 (line 518)
                      ; - com.badlogic.gdx.graphics.Mesh::render@10 (line 460)
                      ; - com.badlogic.gdx.graphics.g2d.SpriteBatch::flush@184 (line 977)
  0x0000029239d01b30: cc61 77ff 

  0x0000029239d01b34: ;   {other}
  0x0000029239d01b34: 0f1f 8400 | 2414 0020 | ba76 ffff | ff48 8bef | 4489 4c24 | 0844 8944 | 240c 4489 | 5c24 1490 
  0x0000029239d01b54: ;   {runtime_call UncommonTrapBlob}
  0x0000029239d01b54: c5f8 77e8 

  0x0000029239d01b58: ; ImmutableOopMap {rbp=Oop [8]=NarrowOop [12]=NarrowOop [24]=Oop }
                      ;*if_icmpge {reexecute=1 rethrow=0 return_oop=0}
                      ; - (reexecute) com.badlogic.gdx.graphics.glutils.VertexArray::unbind@18 (line 156)
                      ; - com.badlogic.gdx.graphics.Mesh::unbind@6 (line 409)
                      ; - com.badlogic.gdx.graphics.Mesh::unbind@3 (line 400)
                      ; - com.badlogic.gdx.graphics.Mesh::render@253 (line 518)
                      ; - com.badlogic.gdx.graphics.Mesh::render@10 (line 460)
                      ; - com.badlogic.gdx.graphics.g2d.SpriteBatch::flush@184 (line 977)
  0x0000029239d01b58: a461 77ff 

  0x0000029239d01b5c: ;   {other}
  0x0000029239d01b5c: 0f1f 8400 | 4c14 0021 | ba45 ffff | ff49 8be8 | 891c 2444 | 8954 2404 | 4489 4c24 | 0889 7c24 
  0x0000029239d01b7c: 0c48 8974 | 2410 6690 

  0x0000029239d01b84: ;   {runtime_call UncommonTrapBlob}
  0x0000029239d01b84: c5f8 77e8 

  0x0000029239d01b88: ; ImmutableOopMap {rbp=Oop [12]=NarrowOop [16]=Oop }
                      ;*if_acmpne {reexecute=1 rethrow=0 return_oop=0}
                      ; - (reexecute) org.lwjgl.opengl.GLContext::getCapabilitiesImpl@11 (line 132)
                      ; - org.lwjgl.opengl.GLContext::getCapabilities@0 (line 122)
                      ; - org.lwjgl.opengl.GL11::glBindTexture@0 (line 651)
                      ; - com.badlogic.gdx.backends.lwjgl.LwjglGL20::glBindTexture@2 (line 93)
                      ; - com.badlogic.gdx.graphics.GLTexture::bind@11 (line 66)
                      ; - com.badlogic.gdx.graphics.g2d.SpriteBatch::flush@58 (line 964)
  0x0000029239d01b88: 7461 77ff 

  0x0000029239d01b8c: ;   {other}
  0x0000029239d01b8c: 0f1f 8400 | 7c14 0022 | ba45 ffff | ff48 890c | 2444 8954 | 2408 4489 | 5c24 0c48 | 895c 2410 
  0x0000029239d01bac: ;   {runtime_call UncommonTrapBlob}
  0x0000029239d01bac: c5f8 77e8 

  0x0000029239d01bb0: ; ImmutableOopMap {rbp=NarrowOop [0]=Oop [12]=NarrowOop [16]=Oop }
                      ;*if_acmpne {reexecute=1 rethrow=0 return_oop=0}
                      ; - (reexecute) org.lwjgl.opengl.GLContext::getCapabilitiesImpl@11 (line 132)
                      ; - org.lwjgl.opengl.GLContext::getCapabilities@0 (line 122)
                      ; - org.lwjgl.opengl.GL11::glEnable@0 (line 1012)
                      ; - com.badlogic.gdx.backends.lwjgl.LwjglGL20::glEnable@1 (line 292)
                      ; - com.badlogic.gdx.graphics.g2d.SpriteBatch::flush@125 (line 973)
  0x0000029239d01bb0: 4c61 77ff 

  0x0000029239d01bb4: ;   {other}
  0x0000029239d01bb4: 0f1f 8400 | a414 0023 | ba45 ffff | ff48 894c | 2408 4489 | 5c24 1044 | 8944 2414 | 4489 4c24 
  0x0000029239d01bd4: 1844 8954 | 241c 4889 | 5c24 2090 

  0x0000029239d01be0: ;   {runtime_call UncommonTrapBlob}
  0x0000029239d01be0: c5f8 77e8 

  0x0000029239d01be4: ; ImmutableOopMap {rbp=NarrowOop [4]=NarrowOop [8]=Oop [32]=Oop }
                      ;*if_acmpne {reexecute=1 rethrow=0 return_oop=0}
                      ; - (reexecute) org.lwjgl.opengl.GLContext::getCapabilitiesImpl@11 (line 132)
                      ; - org.lwjgl.opengl.GLContext::getCapabilities@0 (line 122)
                      ; - org.lwjgl.opengl.GL14::glBlendFuncSeparate@0 (line 238)
                      ; - com.badlogic.gdx.backends.lwjgl.LwjglGL20::glBlendFuncSeparate@5 (line 113)
                      ; - com.badlogic.gdx.graphics.g2d.SpriteBatch::flush@157 (line 974)
  0x0000029239d01be4: 1861 77ff 

  0x0000029239d01be8: ;   {other}
  0x0000029239d01be8: 0f1f 8400 | d814 0024 | ba45 ffff | ff48 8b6c | 2418 4489 | 5424 1090 

  0x0000029239d01c00: ;   {runtime_call UncommonTrapBlob}
  0x0000029239d01c00: c5f8 77e8 

  0x0000029239d01c04: ; ImmutableOopMap {rbp=Oop [4]=NarrowOop [8]=NarrowOop }
                      ;*ifle {reexecute=1 rethrow=0 return_oop=0}
                      ; - (reexecute) com.badlogic.gdx.graphics.Mesh::bind@20 (line 392)
                      ; - com.badlogic.gdx.graphics.Mesh::bind@3 (line 382)
                      ; - com.badlogic.gdx.graphics.Mesh::render@13 (line 490)
                      ; - com.badlogic.gdx.graphics.Mesh::render@10 (line 460)
                      ; - com.badlogic.gdx.graphics.g2d.SpriteBatch::flush@184 (line 977)
  0x0000029239d01c04: f860 77ff 

  0x0000029239d01c08: ;   {other}
  0x0000029239d01c08: 0f1f 8400 | f814 0025 | ba45 ffff | ff66 6690 

  0x0000029239d01c18: ;   {runtime_call UncommonTrapBlob}
  0x0000029239d01c18: c5f8 77e8 

  0x0000029239d01c1c: ; ImmutableOopMap {rbp=NarrowOop [0]=NarrowOop [4]=NarrowOop [8]=NarrowOop [16]=Oop [24]=Oop }
                      ;*if_acmpne {reexecute=1 rethrow=0 return_oop=0}
                      ; - (reexecute) org.lwjgl.opengl.GLContext::getCapabilitiesImpl@11 (line 132)
                      ; - org.lwjgl.opengl.GLContext::getCapabilities@0 (line 122)
                      ; - org.lwjgl.opengl.GL11::glDrawElements@0 (line 1105)
                      ; - com.badlogic.gdx.backends.lwjgl.LwjglGL20::glDrawElements@21 (line 281)
                      ; - com.badlogic.gdx.graphics.Mesh::render@88 (line 499)
                      ; - com.badlogic.gdx.graphics.Mesh::render@10 (line 460)
                      ; - com.badlogic.gdx.graphics.g2d.SpriteBatch::flush@184 (line 977)
  0x0000029239d01c1c: e060 77ff 

  0x0000029239d01c20: ;   {other}
  0x0000029239d01c20: 0f1f 8400 | 1015 0026 | ba45 ffff | ff48 ff74 | 2418 488f | 4424 1089 | 5c24 1848 | 8944 24f8 
  0x0000029239d01c40: 8b44 2420 | 8944 241c | 488b 4424 | f848 894c | 2428 4489 | 5c24 2444 | 8944 2430 

  0x0000029239d01c5c: ;   {runtime_call UncommonTrapBlob}
  0x0000029239d01c5c: c5f8 77e8 

  0x0000029239d01c60: ; ImmutableOopMap {[0]=NarrowOop [4]=NarrowOop [8]=NarrowOop [16]=Oop [36]=NarrowOop [48]=NarrowOop }
                      ;*ifne {reexecute=1 rethrow=0 return_oop=0}
                      ; - (reexecute) org.lwjgl.opengl.StateTracker::getElementArrayBufferBound@9 (line 145)
                      ; - org.lwjgl.opengl.GLChecks::ensureElementVBOdisabled@7 (line 82)
                      ; - org.lwjgl.opengl.GL11::glDrawElements@14 (line 1108)
                      ; - com.badlogic.gdx.backends.lwjgl.LwjglGL20::glDrawElements@21 (line 281)
                      ; - com.badlogic.gdx.graphics.Mesh::render@88 (line 499)
                      ; - com.badlogic.gdx.graphics.Mesh::render@10 (line 460)
                      ; - com.badlogic.gdx.graphics.g2d.SpriteBatch::flush@184 (line 977)
  0x0000029239d01c60: 9c60 77ff 

  0x0000029239d01c64: ;   {other}
  0x0000029239d01c64: 0f1f 8400 | 5415 0027 | ba45 ffff | ff66 6690 

  0x0000029239d01c74: ;   {runtime_call UncommonTrapBlob}
  0x0000029239d01c74: c5f8 77e8 

  0x0000029239d01c78: ; ImmutableOopMap {[24]=Oop }
                      ;*ifle {reexecute=1 rethrow=0 return_oop=0}
                      ; - (reexecute) com.badlogic.gdx.graphics.Mesh::unbind@20 (line 410)
                      ; - com.badlogic.gdx.graphics.Mesh::unbind@3 (line 400)
                      ; - com.badlogic.gdx.graphics.Mesh::render@253 (line 518)
                      ; - com.badlogic.gdx.graphics.Mesh::render@10 (line 460)
                      ; - com.badlogic.gdx.graphics.g2d.SpriteBatch::flush@184 (line 977)
  0x0000029239d01c78: 8460 77ff 

  0x0000029239d01c7c: ;   {other}
  0x0000029239d01c7c: 0f1f 8400 | 6c15 0028 | ba45 ffff | ff4c 8904 | 2489 5c24 | 0844 8954 | 240c 4489 | 4c24 1090 
  0x0000029239d01c9c: ;   {runtime_call UncommonTrapBlob}
  0x0000029239d01c9c: c5f8 77e8 

  0x0000029239d01ca0: ; ImmutableOopMap {rbp=NarrowOop [0]=Oop }
                      ;*ifnonnull {reexecute=1 rethrow=0 return_oop=0}
                      ; - (reexecute) org.lwjgl.opengl.GLContext::getCapabilities@5 (line 123)
                      ; - org.lwjgl.opengl.GL11::glBindTexture@0 (line 651)
                      ; - com.badlogic.gdx.backends.lwjgl.LwjglGL20::glBindTexture@2 (line 93)
                      ; - com.badlogic.gdx.graphics.GLTexture::bind@11 (line 66)
                      ; - com.badlogic.gdx.graphics.g2d.SpriteBatch::flush@58 (line 964)
  0x0000029239d01ca0: 5c60 77ff 

  0x0000029239d01ca4: ;   {other}
  0x0000029239d01ca4: 0f1f 8400 | 9415 0029 | 4533 db49 | 3bcb bdff | ffff ff7c | 0840 0f95 | c540 0fb6 | edba 45ff 
  0x0000029239d01cc4: ffff 4c89 | 0424 895c | 2408 4489 | 5424 0c44 | 894c 2410 | 4889 4c24 | 1866 6690 

  0x0000029239d01ce0: ;   {runtime_call UncommonTrapBlob}
  0x0000029239d01ce0: c5f8 77e8 

  0x0000029239d01ce4: ; ImmutableOopMap {[0]=Oop }
                      ;*ifne {reexecute=1 rethrow=0 return_oop=0}
                      ; - (reexecute) org.lwjgl.BufferChecks::checkFunctionAddress@9 (line 57)
                      ; - org.lwjgl.opengl.GL11::glBindTexture@10 (line 653)
                      ; - com.badlogic.gdx.backends.lwjgl.LwjglGL20::glBindTexture@2 (line 93)
                      ; - com.badlogic.gdx.graphics.GLTexture::bind@11 (line 66)
                      ; - com.badlogic.gdx.graphics.g2d.SpriteBatch::flush@58 (line 964)
  0x0000029239d01ce4: 1860 77ff 

  0x0000029239d01ce8: ;   {other}
  0x0000029239d01ce8: 0f1f 8400 | d815 002a | ba45 ffff | ff48 894c | 2408 4489 | 4c24 1048 | 895c 2418 | 4489 4424 
  0x0000029239d01d08: 2044 895c | 2424 4889 | 7c24 3048 | 897c 2438 | 4489 5424 | 4c66 6690 

  0x0000029239d01d20: ;   {runtime_call UncommonTrapBlob}
  0x0000029239d01d20: c5f8 77e8 

  0x0000029239d01d24: ; ImmutableOopMap {[8]=Oop [16]=NarrowOop [24]=Oop [32]=NarrowOop [48]=Oop [56]=Oop }
                      ;*if_icmple {reexecute=1 rethrow=0 return_oop=0}
                      ; - (reexecute) java.nio.Buffer::limit@5 (line 379)
                      ; - java.nio.ByteBuffer::limit@2 (line 1565)
                      ; - java.nio.MappedByteBuffer::limit@2 (line 338)
                      ; - java.nio.MappedByteBuffer::limit@2 (line 73)
                      ; - com.badlogic.gdx.utils.BufferUtils::copy@11 (line 51)
                      ; - com.badlogic.gdx.graphics.glutils.VertexArray::setVertices@7 (line 84)
                      ; - com.badlogic.gdx.graphics.Mesh::setVertices@7 (line 208)
                      ; - com.badlogic.gdx.graphics.g2d.SpriteBatch::flush@76 (line 966)
  0x0000029239d01d24: d85f 77ff 

  0x0000029239d01d28: ;   {other}
  0x0000029239d01d28: 0f1f 8400 | 1816 002b | ba45 ffff | ff48 8be9 | 4489 4c24 | 0848 895c | 2410 4489 | 4424 1844 
  0x0000029239d01d48: 895c 241c | 4889 7c24 | 2848 897c | 2430 4489 | 5424 4490 

  0x0000029239d01d5c: ;   {runtime_call UncommonTrapBlob}
  0x0000029239d01d5c: c5f8 77e8 

  0x0000029239d01d60: ; ImmutableOopMap {rbp=Oop [8]=NarrowOop [16]=Oop [24]=NarrowOop [40]=Oop [48]=Oop }
                      ;*ifge {reexecute=1 rethrow=0 return_oop=0}
                      ; - (reexecute) java.nio.Buffer::limit@14 (line 379)
                      ; - java.nio.ByteBuffer::limit@2 (line 1565)
                      ; - java.nio.MappedByteBuffer::limit@2 (line 338)
                      ; - java.nio.MappedByteBuffer::limit@2 (line 73)
                      ; - com.badlogic.gdx.utils.BufferUtils::copy@11 (line 51)
                      ; - com.badlogic.gdx.graphics.glutils.VertexArray::setVertices@7 (line 84)
                      ; - com.badlogic.gdx.graphics.Mesh::setVertices@7 (line 208)
                      ; - com.badlogic.gdx.graphics.g2d.SpriteBatch::flush@76 (line 966)
  0x0000029239d01d60: 9c5f 77ff 

  0x0000029239d01d64: ;   {other}
  0x0000029239d01d64: 0f1f 8400 | 5416 002c | ba45 ffff | ff48 894c | 2408 4489 | 4c24 1048 | 895c 2418 | 4489 4424 
  0x0000029239d01d84: 2044 895c | 2424 4889 | 7c24 3048 | 897c 2438 | 4489 5424 | 4c66 6690 

  0x0000029239d01d9c: ;   {runtime_call UncommonTrapBlob}
  0x0000029239d01d9c: c5f8 77e8 

  0x0000029239d01da0: ; ImmutableOopMap {[8]=Oop [16]=NarrowOop [24]=Oop [32]=NarrowOop [48]=Oop [56]=Oop }
                      ;*if_icmple {reexecute=1 rethrow=0 return_oop=0}
                      ; - (reexecute) java.nio.Buffer::limit@42 (line 382)
                      ; - java.nio.ByteBuffer::limit@2 (line 1565)
                      ; - java.nio.MappedByteBuffer::limit@2 (line 338)
                      ; - java.nio.MappedByteBuffer::limit@2 (line 73)
                      ; - com.badlogic.gdx.utils.BufferUtils::copy@11 (line 51)
                      ; - com.badlogic.gdx.graphics.glutils.VertexArray::setVertices@7 (line 84)
                      ; - com.badlogic.gdx.graphics.Mesh::setVertices@7 (line 208)
                      ; - com.badlogic.gdx.graphics.g2d.SpriteBatch::flush@76 (line 966)
  0x0000029239d01da0: 5c5f 77ff 

  0x0000029239d01da4: ;   {other}
  0x0000029239d01da4: 0f1f 8400 | 9416 002d | ba45 ffff | ff48 894c | 2408 4489 | 4c24 1048 | 895c 2418 | 4489 4424 
  0x0000029239d01dc4: 2044 895c | 2424 4889 | 7c24 3048 | 897c 2438 | 4489 5424 | 4866 6690 

  0x0000029239d01ddc: ;   {runtime_call UncommonTrapBlob}
  0x0000029239d01ddc: c5f8 77e8 

  0x0000029239d01de0: ; ImmutableOopMap {[8]=Oop [16]=NarrowOop [24]=Oop [32]=NarrowOop [48]=Oop [56]=Oop }
                      ;*if_icmple {reexecute=1 rethrow=0 return_oop=0}
                      ; - (reexecute) java.nio.Buffer::limit@55 (line 383)
                      ; - java.nio.ByteBuffer::limit@2 (line 1565)
                      ; - java.nio.MappedByteBuffer::limit@2 (line 338)
                      ; - java.nio.MappedByteBuffer::limit@2 (line 73)
                      ; - com.badlogic.gdx.utils.BufferUtils::copy@11 (line 51)
                      ; - com.badlogic.gdx.graphics.glutils.VertexArray::setVertices@7 (line 84)
                      ; - com.badlogic.gdx.graphics.Mesh::setVertices@7 (line 208)
                      ; - com.badlogic.gdx.graphics.g2d.SpriteBatch::flush@76 (line 966)
  0x0000029239d01de0: 1c5f 77ff 

  0x0000029239d01de4: ;   {other}
  0x0000029239d01de4: 0f1f 8400 | d416 002e | ba45 ffff | ff48 ff74 | 2410 488f | 4424 0848 | 8944 24f8 | 8b44 2418 
  0x0000029239d01e04: 8944 2414 | 488b 4424 | f84c 8954 | 2428 4c89 | 5424 3090 

  0x0000029239d01e18: ;   {runtime_call UncommonTrapBlob}
  0x0000029239d01e18: c5f8 77e8 

  0x0000029239d01e1c: ; ImmutableOopMap {[4]=NarrowOop [8]=Oop [32]=Oop [40]=Oop [48]=Oop }
                      ;*if_icmple {reexecute=1 rethrow=0 return_oop=0}
                      ; - (reexecute) java.nio.Buffer::position@5 (line 326)
                      ; - java.nio.ByteBuffer::position@2 (line 1551)
                      ; - java.nio.MappedByteBuffer::position@2 (line 328)
                      ; - java.nio.MappedByteBuffer::position@2 (line 73)
                      ; - com.badlogic.gdx.utils.BufferUtils::copy@40 (line 55)
                      ; - com.badlogic.gdx.graphics.glutils.VertexArray::setVertices@7 (line 84)
                      ; - com.badlogic.gdx.graphics.Mesh::setVertices@7 (line 208)
                      ; - com.badlogic.gdx.graphics.g2d.SpriteBatch::flush@76 (line 966)
  0x0000029239d01e1c: e05e 77ff 

  0x0000029239d01e20: ;   {other}
  0x0000029239d01e20: 0f1f 8400 | 1017 002f | ba45 ffff | ff48 ff74 | 2410 488f | 4424 0848 | 8944 24f8 | 8b44 2418 
  0x0000029239d01e40: 8944 2414 | 488b 4424 | f84c 8954 | 2428 4c89 | 5424 3090 

  0x0000029239d01e54: ;   {runtime_call UncommonTrapBlob}
  0x0000029239d01e54: c5f8 77e8 

  0x0000029239d01e58: ; ImmutableOopMap {[4]=NarrowOop [8]=Oop [32]=Oop [40]=Oop [48]=Oop }
                      ;*if_icmple {reexecute=1 rethrow=0 return_oop=0}
                      ; - (reexecute) java.nio.Buffer::position@37 (line 328)
                      ; - java.nio.ByteBuffer::position@2 (line 1551)
                      ; - java.nio.MappedByteBuffer::position@2 (line 328)
                      ; - java.nio.MappedByteBuffer::position@2 (line 73)
                      ; - com.badlogic.gdx.utils.BufferUtils::copy@40 (line 55)
                      ; - com.badlogic.gdx.graphics.glutils.VertexArray::setVertices@7 (line 84)
                      ; - com.badlogic.gdx.graphics.Mesh::setVertices@7 (line 208)
                      ; - com.badlogic.gdx.graphics.g2d.SpriteBatch::flush@76 (line 966)
  0x0000029239d01e58: a45e 77ff 

  0x0000029239d01e5c: ;   {other}
  0x0000029239d01e5c: 0f1f 8400 | 4c17 0030 | ba45 ffff | ff48 ff74 | 2410 488f | 4424 0848 | 8944 24f8 | 8b44 2418 
  0x0000029239d01e7c: 8944 2414 | 488b 4424 | f844 8944 | 241c 6690 

  0x0000029239d01e8c: ;   {runtime_call UncommonTrapBlob}
  0x0000029239d01e8c: c5f8 77e8 

  0x0000029239d01e90: ; ImmutableOopMap {[4]=NarrowOop [8]=Oop [28]=NarrowOop [32]=Oop }
                      ;*if_icmple {reexecute=1 rethrow=0 return_oop=0}
                      ; - (reexecute) java.nio.Buffer::position@5 (line 326)
                      ; - java.nio.FloatBuffer::position@2 (line 1551)
                      ; - java.nio.FloatBuffer::position@2 (line 285)
                      ; - com.badlogic.gdx.graphics.glutils.VertexArray::setVertices@15 (line 85)
                      ; - com.badlogic.gdx.graphics.Mesh::setVertices@7 (line 208)
                      ; - com.badlogic.gdx.graphics.g2d.SpriteBatch::flush@76 (line 966)
  0x0000029239d01e90: 6c5e 77ff 

  0x0000029239d01e94: ;   {other}
  0x0000029239d01e94: 0f1f 8400 | 8417 0031 | ba45 ffff | ff48 8b6c | 2410 4c89 | 5424 1048 | 8944 24f8 | 8b44 2418 
  0x0000029239d01eb4: 8944 240c | 488b 4424 | f844 8944 | 241c 894c | 2420 6690 

  0x0000029239d01ec8: ;   {runtime_call UncommonTrapBlob}
  0x0000029239d01ec8: c5f8 77e8 

  0x0000029239d01ecc: ; ImmutableOopMap {rbp=Oop [4]=NarrowOop [16]=Oop [28]=NarrowOop }
                      ;*if_icmple {reexecute=1 rethrow=0 return_oop=0}
                      ; - (reexecute) java.nio.Buffer::position@37 (line 328)
                      ; - java.nio.FloatBuffer::position@2 (line 1551)
                      ; - java.nio.FloatBuffer::position@2 (line 285)
                      ; - com.badlogic.gdx.graphics.glutils.VertexArray::setVertices@15 (line 85)
                      ; - com.badlogic.gdx.graphics.Mesh::setVertices@7 (line 208)
                      ; - com.badlogic.gdx.graphics.g2d.SpriteBatch::flush@76 (line 966)
  0x0000029239d01ecc: 305e 77ff 

  0x0000029239d01ed0: ;   {other}
  0x0000029239d01ed0: 0f1f 8400 | c017 0032 | ba45 ffff | ff48 ff74 | 2410 488f | 4424 0844 | 8944 2418 | 4489 5c24 
  0x0000029239d01ef0: 2066 6690 

  0x0000029239d01ef4: ;   {runtime_call UncommonTrapBlob}
  0x0000029239d01ef4: c5f8 77e8 

  0x0000029239d01ef8: ; ImmutableOopMap {[4]=NarrowOop [8]=Oop [24]=NarrowOop }
                      ;*if_icmple {reexecute=1 rethrow=0 return_oop=0}
                      ; - (reexecute) java.nio.Buffer::limit@5 (line 379)
                      ; - java.nio.FloatBuffer::limit@2 (line 1565)
                      ; - java.nio.FloatBuffer::limit@2 (line 285)
                      ; - com.badlogic.gdx.graphics.glutils.VertexArray::setVertices@24 (line 86)
                      ; - com.badlogic.gdx.graphics.Mesh::setVertices@7 (line 208)
                      ; - com.badlogic.gdx.graphics.g2d.SpriteBatch::flush@76 (line 966)
  0x0000029239d01ef8: 045e 77ff 

  0x0000029239d01efc: ;   {other}
  0x0000029239d01efc: 0f1f 8400 | ec17 0033 | ba45 ffff | ff48 8b6c | 2410 4489 | 4424 1090 

  0x0000029239d01f14: ;   {runtime_call UncommonTrapBlob}
  0x0000029239d01f14: c5f8 77e8 

  0x0000029239d01f18: ; ImmutableOopMap {rbp=Oop [4]=NarrowOop [16]=NarrowOop }
                      ;*ifge {reexecute=1 rethrow=0 return_oop=0}
                      ; - (reexecute) java.nio.Buffer::limit@14 (line 379)
                      ; - java.nio.FloatBuffer::limit@2 (line 1565)
                      ; - java.nio.FloatBuffer::limit@2 (line 285)
                      ; - com.badlogic.gdx.graphics.glutils.VertexArray::setVertices@24 (line 86)
                      ; - com.badlogic.gdx.graphics.Mesh::setVertices@7 (line 208)
                      ; - com.badlogic.gdx.graphics.g2d.SpriteBatch::flush@76 (line 966)
  0x0000029239d01f18: e45d 77ff 

  0x0000029239d01f1c: ;   {other}
  0x0000029239d01f1c: 0f1f 8400 | 0c18 0034 | ba45 ffff | ff48 8b6c | 2410 4489 | 4424 1089 | 4c24 1490 

  0x0000029239d01f38: ;   {runtime_call UncommonTrapBlob}
  0x0000029239d01f38: c5f8 77e8 

  0x0000029239d01f3c: ; ImmutableOopMap {rbp=Oop [4]=NarrowOop [16]=NarrowOop }
                      ;*if_icmple {reexecute=1 rethrow=0 return_oop=0}
                      ; - (reexecute) java.nio.Buffer::limit@55 (line 383)
                      ; - java.nio.FloatBuffer::limit@2 (line 1565)
                      ; - java.nio.FloatBuffer::limit@2 (line 285)
                      ; - com.badlogic.gdx.graphics.glutils.VertexArray::setVertices@24 (line 86)
                      ; - com.badlogic.gdx.graphics.Mesh::setVertices@7 (line 208)
                      ; - com.badlogic.gdx.graphics.g2d.SpriteBatch::flush@76 (line 966)
  0x0000029239d01f3c: c05d 77ff 

  0x0000029239d01f40: ;   {other}
  0x0000029239d01f40: 0f1f 8400 | 3018 0035 | ba45 ffff | ff48 ff74 | 2410 488f | 4424 0844 | 8944 2414 

  0x0000029239d01f5c: ;   {runtime_call UncommonTrapBlob}
  0x0000029239d01f5c: c5f8 77e8 

  0x0000029239d01f60: ; ImmutableOopMap {[4]=NarrowOop [8]=Oop [20]=NarrowOop }
                      ;*if_icmple {reexecute=1 rethrow=0 return_oop=0}
                      ; - (reexecute) java.nio.Buffer::position@5 (line 326)
                      ; - java.nio.ShortBuffer::position@2 (line 1551)
                      ; - java.nio.ShortBuffer::position@2 (line 285)
                      ; - com.badlogic.gdx.graphics.g2d.SpriteBatch::flush@85 (line 967)
  0x0000029239d01f60: 9c5d 77ff 

  0x0000029239d01f64: ;   {other}
  0x0000029239d01f64: 0f1f 8400 | 5418 0036 | ba45 ffff | ff48 8b6c | 2410 4489 | 4424 0c89 | 4c24 1090 

  0x0000029239d01f80: ;   {runtime_call UncommonTrapBlob}
  0x0000029239d01f80: c5f8 77e8 

  0x0000029239d01f84: ; ImmutableOopMap {rbp=Oop [4]=NarrowOop [12]=NarrowOop }
                      ;*if_icmple {reexecute=1 rethrow=0 return_oop=0}
                      ; - (reexecute) java.nio.Buffer::position@37 (line 328)
                      ; - java.nio.ShortBuffer::position@2 (line 1551)
                      ; - java.nio.ShortBuffer::position@2 (line 285)
                      ; - com.badlogic.gdx.graphics.g2d.SpriteBatch::flush@85 (line 967)
  0x0000029239d01f84: 785d 77ff 

  0x0000029239d01f88: ;   {other}
  0x0000029239d01f88: 0f1f 8400 | 7818 0037 | ba45 ffff | ff48 ff74 | 2410 488f | 0424 4489 | 5c24 0c44 | 8944 2414 
  0x0000029239d01fa8: 4489 5424 | 1844 8954 | 241c 6690 

  0x0000029239d01fb4: ;   {runtime_call UncommonTrapBlob}
  0x0000029239d01fb4: c5f8 77e8 

  0x0000029239d01fb8: ; ImmutableOopMap {[0]=Oop [12]=NarrowOop [20]=NarrowOop }
                      ;*if_icmple {reexecute=1 rethrow=0 return_oop=0}
                      ; - (reexecute) java.nio.Buffer::limit@5 (line 379)
                      ; - java.nio.ShortBuffer::limit@2 (line 1565)
                      ; - java.nio.ShortBuffer::limit@2 (line 285)
                      ; - com.badlogic.gdx.graphics.g2d.SpriteBatch::flush@94 (line 968)
  0x0000029239d01fb8: 445d 77ff 

  0x0000029239d01fbc: ;   {other}
  0x0000029239d01fbc: 0f1f 8400 | ac18 0038 | ba45 ffff | ff48 8b6c | 2410 4489 | 4424 0c90 

  0x0000029239d01fd4: ;   {runtime_call UncommonTrapBlob}
  0x0000029239d01fd4: c5f8 77e8 

  0x0000029239d01fd8: ; ImmutableOopMap {rbp=Oop [4]=NarrowOop [12]=NarrowOop }
                      ;*ifge {reexecute=1 rethrow=0 return_oop=0}
                      ; - (reexecute) java.nio.Buffer::limit@14 (line 379)
                      ; - java.nio.ShortBuffer::limit@2 (line 1565)
                      ; - java.nio.ShortBuffer::limit@2 (line 285)
                      ; - com.badlogic.gdx.graphics.g2d.SpriteBatch::flush@94 (line 968)
  0x0000029239d01fd8: 245d 77ff 

  0x0000029239d01fdc: ;   {other}
  0x0000029239d01fdc: 0f1f 8400 | cc18 0039 | ba45 ffff | ff48 8b6c | 2410 4489 | 4424 0c89 | 4c24 1090 

  0x0000029239d01ff8: ;   {runtime_call UncommonTrapBlob}
  0x0000029239d01ff8: c5f8 77e8 

  0x0000029239d01ffc: ; ImmutableOopMap {rbp=Oop [4]=NarrowOop [12]=NarrowOop }
                      ;*if_icmple {reexecute=1 rethrow=0 return_oop=0}
                      ; - (reexecute) java.nio.Buffer::limit@55 (line 383)
                      ; - java.nio.ShortBuffer::limit@2 (line 1565)
                      ; - java.nio.ShortBuffer::limit@2 (line 285)
                      ; - com.badlogic.gdx.graphics.g2d.SpriteBatch::flush@94 (line 968)
  0x0000029239d01ffc: 005d 77ff 

  0x0000029239d02000: ;   {other}
  0x0000029239d02000: 0f1f 8400 | f018 003a | ba45 ffff | ff44 8954 | 2408 4489 | 5c24 0c90 

  0x0000029239d02018: ;   {runtime_call UncommonTrapBlob}
  0x0000029239d02018: c5f8 77e8 

  0x0000029239d0201c: ; ImmutableOopMap {[12]=NarrowOop [16]=Oop }
                      ;*ifeq {reexecute=1 rethrow=0 return_oop=0}
                      ; - (reexecute) com.badlogic.gdx.graphics.g2d.SpriteBatch::flush@102 (line 970)
  0x0000029239d0201c: e05c 77ff 

  0x0000029239d02020: ;   {other}
  0x0000029239d02020: 0f1f 8400 | 1019 003b | ba45 ffff | ff44 8954 | 2408 4489 | 5c24 0c90 

  0x0000029239d02038: ;   {runtime_call UncommonTrapBlob}
  0x0000029239d02038: c5f8 77e8 

  0x0000029239d0203c: ; ImmutableOopMap {rbp=NarrowOop [12]=NarrowOop [16]=Oop }
                      ;*ifnonnull {reexecute=1 rethrow=0 return_oop=0}
                      ; - (reexecute) org.lwjgl.opengl.GLContext::getCapabilities@5 (line 123)
                      ; - org.lwjgl.opengl.GL11::glEnable@0 (line 1012)
                      ; - com.badlogic.gdx.backends.lwjgl.LwjglGL20::glEnable@1 (line 292)
                      ; - com.badlogic.gdx.graphics.g2d.SpriteBatch::flush@125 (line 973)
  0x0000029239d0203c: c05c 77ff 

  0x0000029239d02040: ;   {other}
  0x0000029239d02040: 0f1f 8400 | 3019 003c | 4533 c94d | 3bc1 bdff | ffff ff7c | 0840 0f95 | c540 0fb6 | edba 45ff 
  0x0000029239d02060: ffff 4889 | 0c24 4489 | 5424 0844 | 895c 240c | 4c89 4424 | 1066 6690 

  0x0000029239d02078: ;   {runtime_call UncommonTrapBlob}
  0x0000029239d02078: c5f8 77e8 

  0x0000029239d0207c: ; ImmutableOopMap {[0]=Oop [12]=NarrowOop }
                      ;*ifne {reexecute=1 rethrow=0 return_oop=0}
                      ; - (reexecute) org.lwjgl.BufferChecks::checkFunctionAddress@9 (line 57)
                      ; - org.lwjgl.opengl.GL11::glEnable@10 (line 1014)
                      ; - com.badlogic.gdx.backends.lwjgl.LwjglGL20::glEnable@1 (line 292)
                      ; - com.badlogic.gdx.graphics.g2d.SpriteBatch::flush@125 (line 973)
  0x0000029239d0207c: 805c 77ff 

  0x0000029239d02080: ;   {other}
  0x0000029239d02080: 0f1f 8400 | 7019 003d | ba45 ffff | ff44 895c | 2408 6690 

  0x0000029239d02094: ;   {runtime_call UncommonTrapBlob}
  0x0000029239d02094: c5f8 77e8 

  0x0000029239d02098: ; ImmutableOopMap {rbp=Oop [4]=NarrowOop }
                      ;*if_icmpeq {reexecute=1 rethrow=0 return_oop=0}
                      ; - (reexecute) com.badlogic.gdx.graphics.g2d.SpriteBatch::flush@135 (line 974)
  0x0000029239d02098: 645c 77ff 

  0x0000029239d0209c: ;   {other}
  0x0000029239d0209c: 0f1f 8400 | 8c19 003e | ba45 ffff | ff48 894c | 2408 4489 | 5c24 1044 | 8944 2414 | 4489 4c24 
  0x0000029239d020bc: 1844 8954 | 241c 6690 

  0x0000029239d020c4: ;   {runtime_call UncommonTrapBlob}
  0x0000029239d020c4: c5f8 77e8 

  0x0000029239d020c8: ; ImmutableOopMap {rbp=NarrowOop [4]=NarrowOop [8]=Oop }
                      ;*ifnonnull {reexecute=1 rethrow=0 return_oop=0}
                      ; - (reexecute) org.lwjgl.opengl.GLContext::getCapabilities@5 (line 123)
                      ; - org.lwjgl.opengl.GL14::glBlendFuncSeparate@0 (line 238)
                      ; - com.badlogic.gdx.backends.lwjgl.LwjglGL20::glBlendFuncSeparate@5 (line 113)
                      ; - com.badlogic.gdx.graphics.g2d.SpriteBatch::flush@157 (line 974)
  0x0000029239d020c8: 345c 77ff 

  0x0000029239d020cc: ;   {other}
  0x0000029239d020cc: 0f1f 8400 | bc19 003f | 33db 483b | f3bd ffff | ffff 7c08 | 400f 95c5 | 400f b6ed | ba45 ffff 
  0x0000029239d020ec: ff48 894c | 2408 4489 | 5c24 1044 | 8944 2414 | 4489 4c24 | 1844 8954 | 241c 4889 | 7424 2090 
  0x0000029239d0210c: ;   {runtime_call UncommonTrapBlob}
  0x0000029239d0210c: c5f8 77e8 

  0x0000029239d02110: ; ImmutableOopMap {[4]=NarrowOop [8]=Oop }
                      ;*ifne {reexecute=1 rethrow=0 return_oop=0}
                      ; - (reexecute) org.lwjgl.BufferChecks::checkFunctionAddress@9 (line 57)
                      ; - org.lwjgl.opengl.GL14::glBlendFuncSeparate@14 (line 240)
                      ; - com.badlogic.gdx.backends.lwjgl.LwjglGL20::glBlendFuncSeparate@5 (line 113)
                      ; - com.badlogic.gdx.graphics.g2d.SpriteBatch::flush@157 (line 974)
  0x0000029239d02110: ec5b 77ff 

  0x0000029239d02114: ;   {other}
  0x0000029239d02114: 0f1f 8400 | 041a 0040 | ba45 ffff | ff66 6690 

  0x0000029239d02124: ;   {runtime_call UncommonTrapBlob}
  0x0000029239d02124: c5f8 77e8 

  0x0000029239d02128: ; ImmutableOopMap {rbp=Oop }
                      ;*ifne {reexecute=1 rethrow=0 return_oop=0}
                      ; - (reexecute) com.badlogic.gdx.graphics.Mesh::render@2 (line 488)
                      ; - com.badlogic.gdx.graphics.Mesh::render@10 (line 460)
                      ; - com.badlogic.gdx.graphics.g2d.SpriteBatch::flush@184 (line 977)
  0x0000029239d02128: d45b 77ff 

  0x0000029239d0212c: ;   {other}
  0x0000029239d0212c: 0f1f 8400 | 1c1a 0041 | ba45 ffff | ff44 8904 | 2489 5c24 | 0444 894c | 2408 894c | 2410 6690 
  0x0000029239d0214c: ;   {runtime_call UncommonTrapBlob}
  0x0000029239d0214c: c5f8 77e8 

  0x0000029239d02150: ; ImmutableOopMap {rbp=Oop [0]=NarrowOop [4]=NarrowOop }
                      ;*ifeq {reexecute=1 rethrow=0 return_oop=0}
                      ; - (reexecute) com.badlogic.gdx.graphics.Mesh::render@8 (line 490)
                      ; - com.badlogic.gdx.graphics.Mesh::render@10 (line 460)
                      ; - com.badlogic.gdx.graphics.g2d.SpriteBatch::flush@184 (line 977)
  0x0000029239d02150: ac5b 77ff 

  0x0000029239d02154: ;   {other}
  0x0000029239d02154: 0f1f 8400 | 441a 0042 | ba45 ffff | ff48 ff74 | 2418 488f | 4424 1090 

  0x0000029239d0216c: ;   {runtime_call UncommonTrapBlob}
  0x0000029239d0216c: c5f8 77e8 

  0x0000029239d02170: ; ImmutableOopMap {[4]=NarrowOop [8]=NarrowOop [16]=Oop }
                      ;*ifeq {reexecute=1 rethrow=0 return_oop=0}
                      ; - (reexecute) com.badlogic.gdx.graphics.glutils.IndexArray::getNumIndices@4 (line 49)
                      ; - com.badlogic.gdx.graphics.Mesh::bind@15 (line 392)
                      ; - com.badlogic.gdx.graphics.Mesh::bind@3 (line 382)
                      ; - com.badlogic.gdx.graphics.Mesh::render@13 (line 490)
                      ; - com.badlogic.gdx.graphics.Mesh::render@10 (line 460)
                      ; - com.badlogic.gdx.graphics.g2d.SpriteBatch::flush@184 (line 977)
  0x0000029239d02170: 8c5b 77ff 

  0x0000029239d02174: ;   {other}
  0x0000029239d02174: 0f1f 8400 | 641a 0043 | ba45 ffff | ff66 6690 

  0x0000029239d02184: ;   {runtime_call UncommonTrapBlob}
  0x0000029239d02184: c5f8 77e8 

  0x0000029239d02188: ; ImmutableOopMap {[4]=NarrowOop [8]=NarrowOop [24]=Oop }
                      ;*ifeq {reexecute=1 rethrow=0 return_oop=0}
                      ; - (reexecute) com.badlogic.gdx.graphics.Mesh::render@20 (line 492)
                      ; - com.badlogic.gdx.graphics.Mesh::render@10 (line 460)
                      ; - com.badlogic.gdx.graphics.g2d.SpriteBatch::flush@184 (line 977)
  0x0000029239d02188: 745b 77ff 

  0x0000029239d0218c: ;   {other}
  0x0000029239d0218c: 0f1f 8400 | 7c1a 0044 | ba45 ffff | ff48 8b6c | 2418 895c | 2414 4489 | 5424 1844 | 895c 241c 
  0x0000029239d021ac: 4489 5c24 | 2044 894c | 2424 6690 

  0x0000029239d021b8: ;   {runtime_call UncommonTrapBlob}
  0x0000029239d021b8: c5f8 77e8 

  0x0000029239d021bc: ; ImmutableOopMap {rbp=Oop [4]=NarrowOop [8]=NarrowOop [28]=NarrowOop [32]=NarrowOop }
                      ;*if_icmple {reexecute=1 rethrow=0 return_oop=0}
                      ; - (reexecute) java.nio.Buffer::position@37 (line 328)
                      ; - java.nio.ShortBuffer::position@2 (line 1551)
                      ; - java.nio.ShortBuffer::position@2 (line 285)
                      ; - com.badlogic.gdx.graphics.Mesh::render@63 (line 497)
                      ; - com.badlogic.gdx.graphics.Mesh::render@10 (line 460)
                      ; - com.badlogic.gdx.graphics.g2d.SpriteBatch::flush@184 (line 977)
  0x0000029239d021bc: 405b 77ff 

  0x0000029239d021c0: ;   {other}
  0x0000029239d021c0: 0f1f 8400 | b01a 0045 | ba45 ffff | ff48 ff74 | 2418 488f | 4424 1089 | 5c24 1c44 | 895c 2424 
  0x0000029239d021e0: 4489 5c24 | 2866 6690 

  0x0000029239d021e8: ;   {runtime_call UncommonTrapBlob}
  0x0000029239d021e8: c5f8 77e8 

  0x0000029239d021ec: ; ImmutableOopMap {[4]=NarrowOop [8]=NarrowOop [16]=Oop [36]=NarrowOop [40]=NarrowOop }
                      ;*if_icmple {reexecute=1 rethrow=0 return_oop=0}
                      ; - (reexecute) java.nio.Buffer::limit@5 (line 379)
                      ; - java.nio.ShortBuffer::limit@2 (line 1565)
                      ; - java.nio.ShortBuffer::limit@2 (line 285)
                      ; - com.badlogic.gdx.graphics.Mesh::render@73 (line 498)
                      ; - com.badlogic.gdx.graphics.Mesh::render@10 (line 460)
                      ; - com.badlogic.gdx.graphics.g2d.SpriteBatch::flush@184 (line 977)
  0x0000029239d021ec: 105b 77ff 

  0x0000029239d021f0: ;   {other}
  0x0000029239d021f0: 0f1f 8400 | e01a 0046 | ba45 ffff | ff48 8b6c | 2418 4489 | 0424 4889 | 4424 f88b | 4424 0889 
  0x0000029239d02210: 4424 0448 | 8b44 24f8 | 895c 2414 | 4889 4424 | f88b 4424 | 2089 4424 | 1848 8b44 | 24f8 4489 
  0x0000029239d02230: 5c24 1c44 | 895c 2420 | 4489 4c24 | 2444 8954 | 2428 6690 

  0x0000029239d02244: ;   {runtime_call UncommonTrapBlob}
  0x0000029239d02244: c5f8 77e8 

  0x0000029239d02248: ; ImmutableOopMap {rbp=Oop [0]=NarrowOop [4]=NarrowOop [28]=NarrowOop [32]=NarrowOop }
                      ;*if_icmple {reexecute=1 rethrow=0 return_oop=0}
                      ; - (reexecute) java.nio.Buffer::limit@55 (line 383)
                      ; - java.nio.ShortBuffer::limit@2 (line 1565)
                      ; - java.nio.ShortBuffer::limit@2 (line 285)
                      ; - com.badlogic.gdx.graphics.Mesh::render@73 (line 498)
                      ; - com.badlogic.gdx.graphics.Mesh::render@10 (line 460)
                      ; - com.badlogic.gdx.graphics.g2d.SpriteBatch::flush@184 (line 977)
  0x0000029239d02248: b45a 77ff 

  0x0000029239d0224c: ;   {other}
  0x0000029239d0224c: 0f1f 8400 | 3c1b 0047 | ba45 ffff | ff48 8b6c | 2418 4889 | 4424 f88b | 4424 2089 | 4424 1448 
  0x0000029239d0226c: 8b44 24f8 | 4489 5c24 | 2066 6690 

  0x0000029239d02278: ;   {runtime_call UncommonTrapBlob}
  0x0000029239d02278: c5f8 77e8 

  0x0000029239d0227c: ; ImmutableOopMap {rbp=Oop [0]=NarrowOop [4]=NarrowOop [8]=NarrowOop [32]=NarrowOop }
                      ;*ifnonnull {reexecute=1 rethrow=0 return_oop=0}
                      ; - (reexecute) org.lwjgl.opengl.GLContext::getCapabilities@5 (line 123)
                      ; - org.lwjgl.opengl.GL11::glDrawElements@0 (line 1105)
                      ; - com.badlogic.gdx.backends.lwjgl.LwjglGL20::glDrawElements@21 (line 281)
                      ; - com.badlogic.gdx.graphics.Mesh::render@88 (line 499)
                      ; - com.badlogic.gdx.graphics.Mesh::render@10 (line 460)
                      ; - com.badlogic.gdx.graphics.g2d.SpriteBatch::flush@184 (line 977)
  0x0000029239d0227c: 805a 77ff 

  0x0000029239d02280: ;   {other}
  0x0000029239d02280: 0f1f 8400 | 701b 0048 | 4533 d249 | 3bca bdff | ffff ff7c | 0840 0f95 | c540 0fb6 | edba 45ff 
  0x0000029239d022a0: ffff 48ff | 7424 1848 | 8f44 2410 | 895c 2418 | 4889 4424 | f88b 4424 | 2089 4424 | 1c48 8b44 
  0x0000029239d022c0: 24f8 4489 | 5c24 2448 | 894c 2428 

  0x0000029239d022cc: ;   {runtime_call UncommonTrapBlob}
  0x0000029239d022cc: c5f8 77e8 

  0x0000029239d022d0: ; ImmutableOopMap {[0]=NarrowOop [4]=NarrowOop [8]=NarrowOop [16]=Oop [36]=NarrowOop }
                      ;*ifne {reexecute=1 rethrow=0 return_oop=0}
                      ; - (reexecute) org.lwjgl.BufferChecks::checkFunctionAddress@9 (line 57)
                      ; - org.lwjgl.opengl.GL11::glDrawElements@10 (line 1107)
                      ; - com.badlogic.gdx.backends.lwjgl.LwjglGL20::glDrawElements@21 (line 281)
                      ; - com.badlogic.gdx.graphics.Mesh::render@88 (line 499)
                      ; - com.badlogic.gdx.graphics.Mesh::render@10 (line 460)
                      ; - com.badlogic.gdx.graphics.g2d.SpriteBatch::flush@184 (line 977)
  0x0000029239d022d0: 2c5a 77ff 

  0x0000029239d022d4: ;   {other}
  0x0000029239d022d4: 0f1f 8400 | c41b 0049 | ba45 ffff | ff48 ff74 | 2418 488f | 4424 1048 | 8944 24f8 | 8b44 2420 
  0x0000029239d022f4: 8944 241c | 488b 4424 | f848 894c | 2428 6690 

  0x0000029239d02304: ;   {runtime_call UncommonTrapBlob}
  0x0000029239d02304: c5f8 77e8 

  0x0000029239d02308: ; ImmutableOopMap {[0]=NarrowOop [4]=NarrowOop [8]=NarrowOop [16]=Oop }
                      ;*ifeq {reexecute=1 rethrow=0 return_oop=0}
                      ; - (reexecute) org.lwjgl.opengl.GLChecks::ensureElementVBOdisabled@10 (line 82)
                      ; - org.lwjgl.opengl.GL11::glDrawElements@14 (line 1108)
                      ; - com.badlogic.gdx.backends.lwjgl.LwjglGL20::glDrawElements@21 (line 281)
                      ; - com.badlogic.gdx.graphics.Mesh::render@88 (line 499)
                      ; - com.badlogic.gdx.graphics.Mesh::render@10 (line 460)
                      ; - com.badlogic.gdx.graphics.g2d.SpriteBatch::flush@184 (line 977)
  0x0000029239d02308: f459 77ff 

  0x0000029239d0230c: ;   {other}
  0x0000029239d0230c: 0f1f 8400 | fc1b 004a | ba45 ffff | ff48 ff74 | 2418 488f | 4424 1048 | 8944 24f8 | 8b44 2404 
  0x0000029239d0232c: 8904 2448 | 8b44 24f8 | 4889 4424 | f88b 4424 | 0889 4424 | 0448 8b44 | 24f8 4889 | 4424 f88b 
  0x0000029239d0234c: 4424 0c89 | 4424 0848 | 8b44 24f8 | 4889 4424 | f88b 4424 | 2089 4424 | 1848 8b44 | 24f8 4489 
  0x0000029239d0236c: 4424 1c44 | 8944 2420 

  0x0000029239d02374: ;   {runtime_call UncommonTrapBlob}
  0x0000029239d02374: c5f8 77e8 

  0x0000029239d02378: ; ImmutableOopMap {[0]=NarrowOop [4]=NarrowOop [16]=Oop [28]=NarrowOop [32]=NarrowOop }
                      ;*if_icmple {reexecute=1 rethrow=0 return_oop=0}
                      ; - (reexecute) java.nio.Buffer::position@5 (line 326)
                      ; - java.nio.ShortBuffer::position@2 (line 1551)
                      ; - java.nio.ShortBuffer::position@2 (line 285)
                      ; - com.badlogic.gdx.graphics.Mesh::render@97 (line 500)
                      ; - com.badlogic.gdx.graphics.Mesh::render@10 (line 460)
                      ; - com.badlogic.gdx.graphics.g2d.SpriteBatch::flush@184 (line 977)
  0x0000029239d02378: 8459 77ff 

  0x0000029239d0237c: ;   {other}
  0x0000029239d0237c: 0f1f 8400 | 6c1c 004b | ba45 ffff | ff48 8b6c | 2418 4889 | 4424 f88b | 4424 0489 | 0424 488b 
  0x0000029239d0239c: 4424 f848 | 8944 24f8 | 8b44 2408 | 8944 2404 | 488b 4424 | f848 8944 | 24f8 8b44 | 240c 8944 
  0x0000029239d023bc: 2408 488b | 4424 f848 | 8944 24f8 | 8b44 2420 | 8944 2410 | 488b 4424 | f844 8944 | 2414 4489 
  0x0000029239d023dc: 4424 1844 | 895c 2420 

  0x0000029239d023e4: ;   {runtime_call UncommonTrapBlob}
  0x0000029239d023e4: c5f8 77e8 

  0x0000029239d023e8: ; ImmutableOopMap {rbp=Oop [0]=NarrowOop [4]=NarrowOop [20]=NarrowOop [24]=NarrowOop }
                      ;*ifge {reexecute=1 rethrow=0 return_oop=0}
                      ; - (reexecute) java.nio.Buffer::position@14 (line 326)
                      ; - java.nio.ShortBuffer::position@2 (line 1551)
                      ; - java.nio.ShortBuffer::position@2 (line 285)
                      ; - com.badlogic.gdx.graphics.Mesh::render@97 (line 500)
                      ; - com.badlogic.gdx.graphics.Mesh::render@10 (line 460)
                      ; - com.badlogic.gdx.graphics.g2d.SpriteBatch::flush@184 (line 977)
  0x0000029239d023e8: 1459 77ff 

  0x0000029239d023ec: ;   {other}
  0x0000029239d023ec: 0f1f 8400 | dc1c 004c | ba45 ffff | ff48 8b6c | 2418 4889 | 4424 f88b | 4424 0489 | 0424 488b 
  0x0000029239d0240c: 4424 f848 | 8944 24f8 | 8b44 2408 | 8944 2404 | 488b 4424 | f848 8944 | 24f8 8b44 | 240c 8944 
  0x0000029239d0242c: 2408 488b | 4424 f848 | 8944 24f8 | 8b44 2420 | 8944 2410 | 488b 4424 | f844 8944 | 2414 4489 
  0x0000029239d0244c: 4424 1844 | 894c 2420 

  0x0000029239d02454: ;   {runtime_call UncommonTrapBlob}
  0x0000029239d02454: c5f8 77e8 

  0x0000029239d02458: ; ImmutableOopMap {rbp=Oop [0]=NarrowOop [4]=NarrowOop [20]=NarrowOop [24]=NarrowOop }
                      ;*if_icmple {reexecute=1 rethrow=0 return_oop=0}
                      ; - (reexecute) java.nio.Buffer::position@37 (line 328)
                      ; - java.nio.ShortBuffer::position@2 (line 1551)
                      ; - java.nio.ShortBuffer::position@2 (line 285)
                      ; - com.badlogic.gdx.graphics.Mesh::render@97 (line 500)
                      ; - com.badlogic.gdx.graphics.Mesh::render@10 (line 460)
                      ; - com.badlogic.gdx.graphics.g2d.SpriteBatch::flush@184 (line 977)
  0x0000029239d02458: a458 77ff 

  0x0000029239d0245c: ;   {other}
  0x0000029239d0245c: 0f1f 8400 | 4c1d 004d | ba45 ffff | ff48 ff74 | 2418 488f | 4424 1048 | 8944 24f8 | 8b44 2404 
  0x0000029239d0247c: 8904 2448 | 8b44 24f8 | 4889 4424 | f88b 4424 | 0889 4424 | 0448 8b44 | 24f8 4889 | 4424 f88b 
  0x0000029239d0249c: 4424 0c89 | 4424 0848 | 8b44 24f8 | 4489 4424 | 1866 6690 

  0x0000029239d024b0: ;   {runtime_call UncommonTrapBlob}
  0x0000029239d024b0: c5f8 77e8 

  0x0000029239d024b4: ; ImmutableOopMap {[0]=NarrowOop [4]=NarrowOop [16]=Oop [24]=NarrowOop }
                      ;*if_icmple {reexecute=1 rethrow=0 return_oop=0}
                      ; - (reexecute) java.nio.Buffer::limit@5 (line 379)
                      ; - java.nio.ShortBuffer::limit@2 (line 1565)
                      ; - java.nio.ShortBuffer::limit@2 (line 285)
                      ; - com.badlogic.gdx.graphics.Mesh::render@105 (line 501)
                      ; - com.badlogic.gdx.graphics.Mesh::render@10 (line 460)
                      ; - com.badlogic.gdx.graphics.g2d.SpriteBatch::flush@184 (line 977)
  0x0000029239d024b4: 4858 77ff 

  0x0000029239d024b8: ;   {other}
  0x0000029239d024b8: 0f1f 8400 | a81d 004e | ba45 ffff | ff48 8b6c | 2418 4889 | 4424 f88b | 4424 0489 | 0424 488b 
  0x0000029239d024d8: 4424 f848 | 8944 24f8 | 8b44 2408 | 8944 2404 | 488b 4424 | f848 8944 | 24f8 8b44 | 240c 8944 
  0x0000029239d024f8: 2408 488b | 4424 f844 | 8944 2410 | 4489 5424 | 1866 6690 

  0x0000029239d0250c: ;   {runtime_call UncommonTrapBlob}
  0x0000029239d0250c: c5f8 77e8 

  0x0000029239d02510: ; ImmutableOopMap {rbp=Oop [0]=NarrowOop [4]=NarrowOop [16]=NarrowOop }
                      ;*ifge {reexecute=1 rethrow=0 return_oop=0}
                      ; - (reexecute) java.nio.Buffer::limit@14 (line 379)
                      ; - java.nio.ShortBuffer::limit@2 (line 1565)
                      ; - java.nio.ShortBuffer::limit@2 (line 285)
                      ; - com.badlogic.gdx.graphics.Mesh::render@105 (line 501)
                      ; - com.badlogic.gdx.graphics.Mesh::render@10 (line 460)
                      ; - com.badlogic.gdx.graphics.g2d.SpriteBatch::flush@184 (line 977)
  0x0000029239d02510: ec57 77ff 

  0x0000029239d02514: ;   {other}
  0x0000029239d02514: 0f1f 8400 | 041e 004f | ba45 ffff | ff48 8b6c | 2418 4889 | 4424 f88b | 4424 0489 | 0424 488b 
  0x0000029239d02534: 4424 f848 | 8944 24f8 | 8b44 2408 | 8944 2404 | 488b 4424 | f848 8944 | 24f8 8b44 | 240c 8944 
  0x0000029239d02554: 2408 488b | 4424 f844 | 8944 2410 | 4489 5424 | 1c66 6690 

  0x0000029239d02568: ;   {runtime_call UncommonTrapBlob}
  0x0000029239d02568: c5f8 77e8 

  0x0000029239d0256c: ; ImmutableOopMap {rbp=Oop [0]=NarrowOop [4]=NarrowOop [16]=NarrowOop }
                      ;*if_icmple {reexecute=1 rethrow=0 return_oop=0}
                      ; - (reexecute) java.nio.Buffer::limit@42 (line 382)
                      ; - java.nio.ShortBuffer::limit@2 (line 1565)
                      ; - java.nio.ShortBuffer::limit@2 (line 285)
                      ; - com.badlogic.gdx.graphics.Mesh::render@105 (line 501)
                      ; - com.badlogic.gdx.graphics.Mesh::render@10 (line 460)
                      ; - com.badlogic.gdx.graphics.g2d.SpriteBatch::flush@184 (line 977)
  0x0000029239d0256c: 9057 77ff 

  0x0000029239d02570: ;   {other}
  0x0000029239d02570: 0f1f 8400 | 601e 0050 | ba45 ffff | ff48 8b6c | 2418 4889 | 4424 f88b | 4424 0489 | 0424 488b 
  0x0000029239d02590: 4424 f848 | 8944 24f8 | 8b44 2408 | 8944 2404 | 488b 4424 | f848 8944 | 24f8 8b44 | 240c 8944 
  0x0000029239d025b0: 2408 488b | 4424 f844 | 8944 2410 | 4489 4c24 | 1466 6690 

  0x0000029239d025c4: ;   {runtime_call UncommonTrapBlob}
  0x0000029239d025c4: c5f8 77e8 

  0x0000029239d025c8: ; ImmutableOopMap {rbp=Oop [0]=NarrowOop [4]=NarrowOop [16]=NarrowOop }
                      ;*if_icmple {reexecute=1 rethrow=0 return_oop=0}
                      ; - (reexecute) java.nio.Buffer::limit@55 (line 383)
                      ; - java.nio.ShortBuffer::limit@2 (line 1565)
                      ; - java.nio.ShortBuffer::limit@2 (line 285)
                      ; - com.badlogic.gdx.graphics.Mesh::render@105 (line 501)
                      ; - com.badlogic.gdx.graphics.Mesh::render@10 (line 460)
                      ; - com.badlogic.gdx.graphics.g2d.SpriteBatch::flush@184 (line 977)
  0x0000029239d025c8: 3457 77ff 

  0x0000029239d025cc: ;   {other}
  0x0000029239d025cc: 0f1f 8400 | bc1e 0051 | ba45 ffff | ff44 894c | 2408 6690 

  0x0000029239d025e0: ;   {runtime_call UncommonTrapBlob}
  0x0000029239d025e0: c5f8 77e8 

  0x0000029239d025e4: ; ImmutableOopMap {[8]=NarrowOop [24]=Oop }
                      ;*ifeq {reexecute=1 rethrow=0 return_oop=0}
                      ; - (reexecute) com.badlogic.gdx.graphics.glutils.IndexArray::getNumIndices@4 (line 49)
                      ; - com.badlogic.gdx.graphics.Mesh::unbind@15 (line 410)
                      ; - com.badlogic.gdx.graphics.Mesh::unbind@3 (line 400)
                      ; - com.badlogic.gdx.graphics.Mesh::render@253 (line 518)
                      ; - com.badlogic.gdx.graphics.Mesh::render@10 (line 460)
                      ; - com.badlogic.gdx.graphics.g2d.SpriteBatch::flush@184 (line 977)
  0x0000029239d025e4: 1857 77ff 

  0x0000029239d025e8: ;   {other}
  0x0000029239d025e8: 0f1f 8400 | d81e 0052 | 33ed 4585 | d240 0f94 | c5ba 45ff | ffff 48ff | 7424 1848 | 8f44 2410 
  0x0000029239d02608: 4889 4424 | f88b 4424 | 2489 4424 | 1c48 8b44 | 24f8 4889 | 4424 f88b | 4424 3c89 | 4424 2448 
  0x0000029239d02628: 8b44 24f8 | 894c 2434 

  0x0000029239d02630: ;   {runtime_call UncommonTrapBlob}
  0x0000029239d02630: c5f8 77e8 

  0x0000029239d02634: ; ImmutableOopMap {[0]=Oop [12]=NarrowOop [16]=Oop [32]=NarrowOop [36]=NarrowOop [52]=NarrowOop [56]=NarrowOop [64]=NarrowOop }
                      ;*ifeq {reexecute=1 rethrow=0 return_oop=0}
                      ; - (reexecute) java.lang.String::hashCode@20 (line 2369)
                      ; - com.badlogic.gdx.utils.ObjectIntMap::get@1 (line 279)
                      ; - com.badlogic.gdx.graphics.glutils.ShaderProgram::fetchAttributeLocation@11 (line 290)
                      ; - com.badlogic.gdx.graphics.glutils.ShaderProgram::disableVertexAttribute@10 (line 717)
                      ; - com.badlogic.gdx.graphics.glutils.VertexArray::unbind@34 (line 157)
                      ; - com.badlogic.gdx.graphics.Mesh::unbind@6 (line 409)
                      ; - com.badlogic.gdx.graphics.Mesh::unbind@3 (line 400)
                      ; - com.badlogic.gdx.graphics.Mesh::render@253 (line 518)
                      ; - com.badlogic.gdx.graphics.Mesh::render@10 (line 460)
                      ; - com.badlogic.gdx.graphics.g2d.SpriteBatch::flush@184 (line 977)
  0x0000029239d02634: c856 77ff 

  0x0000029239d02638: ;   {other}
  0x0000029239d02638: 0f1f 8400 | 281f 0053 | bade ffff | ff48 ff74 | 2418 488f | 4424 1048 | 8944 24f8 | 8b44 2424 
  0x0000029239d02658: 8944 241c | 488b 4424 | f848 8944 | 24f8 8b44 | 243c 8944 | 2424 488b | 4424 f848 | 8944 24f8 
  0x0000029239d02678: 8b44 2438 | 8944 2428 | 488b 4424 | f848 8944 | 24f8 8b44 | 2440 8944 | 2430 488b | 4424 f844 
  0x0000029239d02698: 8954 243c | 4489 5c24 | 4066 6690 

  0x0000029239d026a4: ;   {runtime_call UncommonTrapBlob}
  0x0000029239d026a4: c5f8 77e8 

  0x0000029239d026a8: ; ImmutableOopMap {rbp=NarrowOop [0]=Oop [12]=NarrowOop [16]=Oop [32]=NarrowOop [36]=NarrowOop [40]=NarrowOop [48]=NarrowOop }
                      ;*instanceof {reexecute=0 rethrow=0 return_oop=0}
                      ; - java.lang.String::equals@8 (line 1863)
                      ; - com.badlogic.gdx.utils.ObjectIntMap::get@21 (line 281)
                      ; - com.badlogic.gdx.graphics.glutils.ShaderProgram::fetchAttributeLocation@11 (line 290)
                      ; - com.badlogic.gdx.graphics.glutils.ShaderProgram::disableVertexAttribute@10 (line 717)
                      ; - com.badlogic.gdx.graphics.glutils.VertexArray::unbind@34 (line 157)
                      ; - com.badlogic.gdx.graphics.Mesh::unbind@6 (line 409)
                      ; - com.badlogic.gdx.graphics.Mesh::unbind@3 (line 400)
                      ; - com.badlogic.gdx.graphics.Mesh::render@253 (line 518)
                      ; - com.badlogic.gdx.graphics.Mesh::render@10 (line 460)
                      ; - com.badlogic.gdx.graphics.g2d.SpriteBatch::flush@184 (line 977)
  0x0000029239d026a8: 5456 77ff 

  0x0000029239d026ac: ;   {other}
  0x0000029239d026ac: 0f1f 8400 | 9c1f 0054 | 488b d0eb | 2148 8bd0 | eb1c 488b | d0eb 1748 | 8bd0 eb12 | 488b d0eb 
  0x0000029239d026cc: 0d48 8bd0 | eb08 488b | d0eb 0348 | 8bd0 c5f8 | 7748 83c4 

  0x0000029239d026e0: ;   {runtime_call _rethrow_Java}
  0x0000029239d026e0: 705d e999 | 5485 ffba | f6ff ffff | 8beb 6690 

  0x0000029239d026f0: ;   {runtime_call UncommonTrapBlob}
  0x0000029239d026f0: c5f8 77e8 

  0x0000029239d026f4: ; ImmutableOopMap {}
                      ;*invokevirtual get {reexecute=0 rethrow=0 return_oop=0}
                      ; - com.badlogic.gdx.graphics.glutils.VertexArray::unbind@28 (line 157)
                      ; - com.badlogic.gdx.graphics.Mesh::unbind@6 (line 409)
                      ; - com.badlogic.gdx.graphics.Mesh::unbind@3 (line 400)
                      ; - com.badlogic.gdx.graphics.Mesh::render@253 (line 518)
                      ; - com.badlogic.gdx.graphics.Mesh::render@10 (line 460)
                      ; - com.badlogic.gdx.graphics.g2d.SpriteBatch::flush@184 (line 977)
  0x0000029239d026f4: 0856 77ff 

  0x0000029239d026f8: ;   {other}
  0x0000029239d026f8: 0f1f 8400 | e81f 0055 | baf6 ffff | ff8b eb90 

  0x0000029239d02708: ;   {runtime_call UncommonTrapBlob}
  0x0000029239d02708: c5f8 77e8 

  0x0000029239d0270c: ; ImmutableOopMap {}
                      ;*aaload {reexecute=0 rethrow=0 return_oop=0}
                      ; - com.badlogic.gdx.graphics.VertexAttributes::get@5 (line 109)
                      ; - com.badlogic.gdx.graphics.glutils.VertexArray::unbind@28 (line 157)
                      ; - com.badlogic.gdx.graphics.Mesh::unbind@6 (line 409)
                      ; - com.badlogic.gdx.graphics.Mesh::unbind@3 (line 400)
                      ; - com.badlogic.gdx.graphics.Mesh::render@253 (line 518)
                      ; - com.badlogic.gdx.graphics.Mesh::render@10 (line 460)
                      ; - com.badlogic.gdx.graphics.g2d.SpriteBatch::flush@184 (line 977)
  0x0000029239d0270c: f055 77ff 

  0x0000029239d02710: ;   {other}
  0x0000029239d02710: 0f1f 8400 | 0020 0056 | baf6 ffff | ff66 6690 

  0x0000029239d02720: ;   {runtime_call UncommonTrapBlob}
  0x0000029239d02720: c5f8 77e8 

  0x0000029239d02724: ; ImmutableOopMap {}
                      ;*getfield alias {reexecute=1 rethrow=0 return_oop=0}
                      ; - (reexecute) com.badlogic.gdx.graphics.glutils.VertexArray::unbind@31 (line 157)
                      ; - com.badlogic.gdx.graphics.Mesh::unbind@6 (line 409)
                      ; - com.badlogic.gdx.graphics.Mesh::unbind@3 (line 400)
                      ; - com.badlogic.gdx.graphics.Mesh::render@253 (line 518)
                      ; - com.badlogic.gdx.graphics.Mesh::render@10 (line 460)
                      ; - com.badlogic.gdx.graphics.g2d.SpriteBatch::flush@184 (line 977)
  0x0000029239d02724: d855 77ff 

  0x0000029239d02728: ;   {other}
  0x0000029239d02728: 0f1f 8400 | 1820 0057 | baf6 ffff | ff66 6690 

  0x0000029239d02738: ;   {runtime_call UncommonTrapBlob}
  0x0000029239d02738: c5f8 77e8 

  0x0000029239d0273c: ; ImmutableOopMap {}
                      ;*invokevirtual hashCode {reexecute=0 rethrow=0 return_oop=0}
                      ; - com.badlogic.gdx.utils.ObjectIntMap::get@1 (line 279)
                      ; - com.badlogic.gdx.graphics.glutils.ShaderProgram::fetchAttributeLocation@11 (line 290)
                      ; - com.badlogic.gdx.graphics.glutils.ShaderProgram::disableVertexAttribute@10 (line 717)
                      ; - com.badlogic.gdx.graphics.glutils.VertexArray::unbind@34 (line 157)
                      ; - com.badlogic.gdx.graphics.Mesh::unbind@6 (line 409)
                      ; - com.badlogic.gdx.graphics.Mesh::unbind@3 (line 400)
                      ; - com.badlogic.gdx.graphics.Mesh::render@253 (line 518)
                      ; - com.badlogic.gdx.graphics.Mesh::render@10 (line 460)
                      ; - com.badlogic.gdx.graphics.g2d.SpriteBatch::flush@184 (line 977)
  0x0000029239d0273c: c055 77ff 

  0x0000029239d02740: ;   {other}
  0x0000029239d02740: 0f1f 8400 | 3020 0058 | baf6 ffff | ff41 8beb 

  0x0000029239d02750: ;   {runtime_call UncommonTrapBlob}
  0x0000029239d02750: c5f8 77e8 

  0x0000029239d02754: ; ImmutableOopMap {}
                      ;*aaload {reexecute=0 rethrow=0 return_oop=0}
                      ; - com.badlogic.gdx.utils.ObjectIntMap::get@20 (line 281)
                      ; - com.badlogic.gdx.graphics.glutils.ShaderProgram::fetchAttributeLocation@11 (line 290)
                      ; - com.badlogic.gdx.graphics.glutils.ShaderProgram::disableVertexAttribute@10 (line 717)
                      ; - com.badlogic.gdx.graphics.glutils.VertexArray::unbind@34 (line 157)
                      ; - com.badlogic.gdx.graphics.Mesh::unbind@6 (line 409)
                      ; - com.badlogic.gdx.graphics.Mesh::unbind@3 (line 400)
                      ; - com.badlogic.gdx.graphics.Mesh::render@253 (line 518)
                      ; - com.badlogic.gdx.graphics.Mesh::render@10 (line 460)
                      ; - com.badlogic.gdx.graphics.g2d.SpriteBatch::flush@184 (line 977)
  0x0000029239d02754: a855 77ff 

  0x0000029239d02758: ;   {other}
  0x0000029239d02758: 0f1f 8400 | 4820 0059 | baf6 ffff | ff41 8beb 

  0x0000029239d02768: ;   {runtime_call UncommonTrapBlob}
  0x0000029239d02768: c5f8 77e8 

  0x0000029239d0276c: ; ImmutableOopMap {}
                      ;*iaload {reexecute=0 rethrow=0 return_oop=0}
                      ; - com.badlogic.gdx.utils.ObjectIntMap::get@82 (line 288)
                      ; - com.badlogic.gdx.graphics.glutils.ShaderProgram::fetchAttributeLocation@11 (line 290)
                      ; - com.badlogic.gdx.graphics.glutils.ShaderProgram::disableVertexAttribute@10 (line 717)
                      ; - com.badlogic.gdx.graphics.glutils.VertexArray::unbind@34 (line 157)
                      ; - com.badlogic.gdx.graphics.Mesh::unbind@6 (line 409)
                      ; - com.badlogic.gdx.graphics.Mesh::unbind@3 (line 400)
                      ; - com.badlogic.gdx.graphics.Mesh::render@253 (line 518)
                      ; - com.badlogic.gdx.graphics.Mesh::render@10 (line 460)
                      ; - com.badlogic.gdx.graphics.g2d.SpriteBatch::flush@184 (line 977)
  0x0000029239d0276c: 9055 77ff 

  0x0000029239d02770: ;   {other}
  0x0000029239d02770: 0f1f 8400 | 6020 005a | baf6 ffff | ff41 8be9 

  0x0000029239d02780: ;   {runtime_call UncommonTrapBlob}
  0x0000029239d02780: c5f8 77e8 

  0x0000029239d02784: ; ImmutableOopMap {}
                      ;*invokeinterface glDisableVertexAttribArray {reexecute=0 rethrow=0 return_oop=0}
                      ; - com.badlogic.gdx.graphics.glutils.ShaderProgram::disableVertexAttribute@22 (line 719)
                      ; - com.badlogic.gdx.graphics.glutils.VertexArray::unbind@34 (line 157)
                      ; - com.badlogic.gdx.graphics.Mesh::unbind@6 (line 409)
                      ; - com.badlogic.gdx.graphics.Mesh::unbind@3 (line 400)
                      ; - com.badlogic.gdx.graphics.Mesh::render@253 (line 518)
                      ; - com.badlogic.gdx.graphics.Mesh::render@10 (line 460)
                      ; - com.badlogic.gdx.graphics.g2d.SpriteBatch::flush@184 (line 977)
  0x0000029239d02784: 7855 77ff 

  0x0000029239d02788: ;   {other}
  0x0000029239d02788: 0f1f 8400 | 7820 005b | baf6 ffff | ff66 6690 

  0x0000029239d02798: ;   {runtime_call UncommonTrapBlob}
  0x0000029239d02798: c5f8 77e8 

  0x0000029239d0279c: ; ImmutableOopMap {}
                      ;*getfield owner {reexecute=1 rethrow=0 return_oop=0}
                      ; - (reexecute) org.lwjgl.opengl.GLContext::getCapabilitiesImpl@5 (line 132)
                      ; - org.lwjgl.opengl.GLContext::getCapabilities@0 (line 122)
                      ; - org.lwjgl.opengl.GL20::glDisableVertexAttribArray@0 (line 917)
                      ; - com.badlogic.gdx.backends.lwjgl.LwjglGL20::glDisableVertexAttribArray@1 (line 272)
                      ; - com.badlogic.gdx.graphics.glutils.ShaderProgram::disableVertexAttribute@22 (line 719)
                      ; - com.badlogic.gdx.graphics.glutils.VertexArray::unbind@34 (line 157)
                      ; - com.badlogic.gdx.graphics.Mesh::unbind@6 (line 409)
                      ; - com.badlogic.gdx.graphics.Mesh::unbind@3 (line 400)
                      ; - com.badlogic.gdx.graphics.Mesh::render@253 (line 518)
                      ; - com.badlogic.gdx.graphics.Mesh::render@10 (line 460)
                      ; - com.badlogic.gdx.graphics.g2d.SpriteBatch::flush@184 (line 977)
  0x0000029239d0279c: 6055 77ff 

  0x0000029239d027a0: ;   {other}
  0x0000029239d027a0: 0f1f 8400 | 9020 005c | baf6 ffff | ff66 6690 

  0x0000029239d027b0: ;   {runtime_call UncommonTrapBlob}
  0x0000029239d027b0: c5f8 77e8 

  0x0000029239d027b4: ; ImmutableOopMap {}
                      ;*invokevirtual bind {reexecute=0 rethrow=0 return_oop=0}
                      ; - com.badlogic.gdx.graphics.g2d.SpriteBatch::flush@58 (line 964)
  0x0000029239d027b4: 4855 77ff 

  0x0000029239d027b8: ;   {other}
  0x0000029239d027b8: 0f1f 8400 | a820 005d | baf6 ffff | ff41 8bea | 4489 0c24 

  0x0000029239d027cc: ;   {runtime_call UncommonTrapBlob}
  0x0000029239d027cc: c5f8 77e8 

  0x0000029239d027d0: ; ImmutableOopMap {}
                      ;*invokeinterface glBindTexture {reexecute=0 rethrow=0 return_oop=0}
                      ; - com.badlogic.gdx.graphics.GLTexture::bind@11 (line 66)
                      ; - com.badlogic.gdx.graphics.g2d.SpriteBatch::flush@58 (line 964)
  0x0000029239d027d0: 2c55 77ff 

  0x0000029239d027d4: ;   {other}
  0x0000029239d027d4: 0f1f 8400 | c420 005e | baf6 ffff | ff66 6690 

  0x0000029239d027e4: ;   {runtime_call UncommonTrapBlob}
  0x0000029239d027e4: c5f8 77e8 

  0x0000029239d027e8: ; ImmutableOopMap {}
                      ;*getfield owner {reexecute=1 rethrow=0 return_oop=0}
                      ; - (reexecute) org.lwjgl.opengl.GLContext::getCapabilitiesImpl@5 (line 132)
                      ; - org.lwjgl.opengl.GLContext::getCapabilities@0 (line 122)
                      ; - org.lwjgl.opengl.GL11::glBindTexture@0 (line 651)
                      ; - com.badlogic.gdx.backends.lwjgl.LwjglGL20::glBindTexture@2 (line 93)
                      ; - com.badlogic.gdx.graphics.GLTexture::bind@11 (line 66)
                      ; - com.badlogic.gdx.graphics.g2d.SpriteBatch::flush@58 (line 964)
  0x0000029239d027e8: 1455 77ff 

  0x0000029239d027ec: ;   {other}
  0x0000029239d027ec: 0f1f 8400 | dc20 005f | baf6 ffff | ff41 8be8 | 4489 1c24 

  0x0000029239d02800: ;   {runtime_call UncommonTrapBlob}
  0x0000029239d02800: c5f8 77e8 

  0x0000029239d02804: ; ImmutableOopMap {rbp=NarrowOop }
                      ;*invokevirtual setVertices {reexecute=0 rethrow=0 return_oop=0}
                      ; - com.badlogic.gdx.graphics.g2d.SpriteBatch::flush@76 (line 966)
  0x0000029239d02804: f854 77ff 

  0x0000029239d02808: ;   {other}
  0x0000029239d02808: 0f1f 8400 | f820 0060 | baf6 ffff | ff41 8be8 | 4489 1c24 

  0x0000029239d0281c: ;   {runtime_call UncommonTrapBlob}
  0x0000029239d0281c: c5f8 77e8 

  0x0000029239d02820: ; ImmutableOopMap {rbp=NarrowOop }
                      ;*invokeinterface setVertices {reexecute=0 rethrow=0 return_oop=0}
                      ; - com.badlogic.gdx.graphics.Mesh::setVertices@7 (line 208)
                      ; - com.badlogic.gdx.graphics.g2d.SpriteBatch::flush@76 (line 966)
  0x0000029239d02820: dc54 77ff 

  0x0000029239d02824: ;   {other}
  0x0000029239d02824: 0f1f 8400 | 1421 0061 | baf4 ffff | ff48 8be9 | 4489 4c24 | 0848 895c | 2410 4489 | 4424 1844 
  0x0000029239d02844: 895c 241c 

  0x0000029239d02848: ;   {runtime_call UncommonTrapBlob}
  0x0000029239d02848: c5f8 77e8 

  0x0000029239d0284c: ; ImmutableOopMap {rbp=Oop [8]=NarrowOop [16]=Oop [24]=NarrowOop }
                      ;*instanceof {reexecute=0 rethrow=0 return_oop=0}
                      ; - com.badlogic.gdx.utils.BufferUtils::copy@1 (line 50)
                      ; - com.badlogic.gdx.graphics.glutils.VertexArray::setVertices@7 (line 84)
                      ; - com.badlogic.gdx.graphics.Mesh::setVertices@7 (line 208)
                      ; - com.badlogic.gdx.graphics.g2d.SpriteBatch::flush@76 (line 966)
  0x0000029239d0284c: b054 77ff 

  0x0000029239d02850: ;   {other}
  0x0000029239d02850: 0f1f 8400 | 4021 0062 | baf6 ffff | ff66 6690 

  0x0000029239d02860: ;   {runtime_call UncommonTrapBlob}
  0x0000029239d02860: c5f8 77e8 

  0x0000029239d02864: ; ImmutableOopMap {}
                      ;*invokevirtual position {reexecute=0 rethrow=0 return_oop=0}
                      ; - com.badlogic.gdx.graphics.glutils.VertexArray::setVertices@15 (line 85)
                      ; - com.badlogic.gdx.graphics.Mesh::setVertices@7 (line 208)
                      ; - com.badlogic.gdx.graphics.g2d.SpriteBatch::flush@76 (line 966)
  0x0000029239d02864: 9854 77ff 

  0x0000029239d02868: ;   {other}
  0x0000029239d02868: 0f1f 8400 | 5821 0063 | baf6 ffff | ff66 6690 

  0x0000029239d02878: ;   {runtime_call UncommonTrapBlob}
  0x0000029239d02878: c5f8 77e8 

  0x0000029239d0287c: ; ImmutableOopMap {}
                      ;*invokeinterface getBuffer {reexecute=0 rethrow=0 return_oop=0}
                      ; - com.badlogic.gdx.graphics.Mesh::getIndicesBuffer@4 (line 814)
                      ; - com.badlogic.gdx.graphics.g2d.SpriteBatch::flush@81 (line 967)
  0x0000029239d0287c: 8054 77ff 

  0x0000029239d02880: ;   {other}
  0x0000029239d02880: 0f1f 8400 | 7021 0064 | baf6 ffff | ff66 6690 

  0x0000029239d02890: ;   {runtime_call UncommonTrapBlob}
  0x0000029239d02890: c5f8 77e8 

  0x0000029239d02894: ; ImmutableOopMap {}
                      ;*invokevirtual position {reexecute=0 rethrow=0 return_oop=0}
                      ; - com.badlogic.gdx.graphics.g2d.SpriteBatch::flush@85 (line 967)
  0x0000029239d02894: 6854 77ff 

  0x0000029239d02898: ;   {other}
  0x0000029239d02898: 0f1f 8400 | 8821 0065 | baf6 ffff | ff66 6690 

  0x0000029239d028a8: ;   {runtime_call UncommonTrapBlob}
  0x0000029239d028a8: c5f8 77e8 

  0x0000029239d028ac: ; ImmutableOopMap {}
                      ;*invokeinterface glEnable {reexecute=0 rethrow=0 return_oop=0}
                      ; - com.badlogic.gdx.graphics.g2d.SpriteBatch::flush@125 (line 973)
  0x0000029239d028ac: 5054 77ff 

  0x0000029239d028b0: ;   {other}
  0x0000029239d028b0: 0f1f 8400 | a021 0066 | baf6 ffff | ff66 6690 

  0x0000029239d028c0: ;   {runtime_call UncommonTrapBlob}
  0x0000029239d028c0: c5f8 77e8 

  0x0000029239d028c4: ; ImmutableOopMap {}
                      ;*getfield owner {reexecute=1 rethrow=0 return_oop=0}
                      ; - (reexecute) org.lwjgl.opengl.GLContext::getCapabilitiesImpl@5 (line 132)
                      ; - org.lwjgl.opengl.GLContext::getCapabilities@0 (line 122)
                      ; - org.lwjgl.opengl.GL11::glEnable@0 (line 1012)
                      ; - com.badlogic.gdx.backends.lwjgl.LwjglGL20::glEnable@1 (line 292)
                      ; - com.badlogic.gdx.graphics.g2d.SpriteBatch::flush@125 (line 973)
  0x0000029239d028c4: 3854 77ff 

  0x0000029239d028c8: ;   {other}
  0x0000029239d028c8: 0f1f 8400 | b821 0067 | baf6 ffff | ff41 8beb | 4489 0424 | 4489 4c24 | 0444 8954 | 2408 6690 
  0x0000029239d028e8: ;   {runtime_call UncommonTrapBlob}
  0x0000029239d028e8: c5f8 77e8 

  0x0000029239d028ec: ; ImmutableOopMap {}
                      ;*invokeinterface glBlendFuncSeparate {reexecute=0 rethrow=0 return_oop=0}
                      ; - com.badlogic.gdx.graphics.g2d.SpriteBatch::flush@157 (line 974)
  0x0000029239d028ec: 1054 77ff 

  0x0000029239d028f0: ;   {other}
  0x0000029239d028f0: 0f1f 8400 | e021 0068 | baf6 ffff | ff66 6690 

  0x0000029239d02900: ;   {runtime_call UncommonTrapBlob}
  0x0000029239d02900: c5f8 77e8 

  0x0000029239d02904: ; ImmutableOopMap {}
                      ;*getfield owner {reexecute=1 rethrow=0 return_oop=0}
                      ; - (reexecute) org.lwjgl.opengl.GLContext::getCapabilitiesImpl@5 (line 132)
                      ; - org.lwjgl.opengl.GLContext::getCapabilities@0 (line 122)
                      ; - org.lwjgl.opengl.GL14::glBlendFuncSeparate@0 (line 238)
                      ; - com.badlogic.gdx.backends.lwjgl.LwjglGL20::glBlendFuncSeparate@5 (line 113)
                      ; - com.badlogic.gdx.graphics.g2d.SpriteBatch::flush@157 (line 974)
  0x0000029239d02904: f853 77ff 

  0x0000029239d02908: ;   {other}
  0x0000029239d02908: 0f1f 8400 | f821 0069 | baf6 ffff | ff8b eb90 

  0x0000029239d02918: ;   {runtime_call UncommonTrapBlob}
  0x0000029239d02918: c5f8 77e8 

  0x0000029239d0291c: ; ImmutableOopMap {rbp=NarrowOop }
                      ;*invokeinterface bind {reexecute=0 rethrow=0 return_oop=0}
                      ; - com.badlogic.gdx.graphics.Mesh::bind@6 (line 391)
                      ; - com.badlogic.gdx.graphics.Mesh::bind@3 (line 382)
                      ; - com.badlogic.gdx.graphics.Mesh::render@13 (line 490)
                      ; - com.badlogic.gdx.graphics.Mesh::render@10 (line 460)
                      ; - com.badlogic.gdx.graphics.g2d.SpriteBatch::flush@184 (line 977)
  0x0000029239d0291c: e053 77ff 

  0x0000029239d02920: ;   {other}
  0x0000029239d02920: 0f1f 8400 | 1022 006a | baf6 ffff | ff66 6690 

  0x0000029239d02930: ;   {runtime_call UncommonTrapBlob}
  0x0000029239d02930: c5f8 77e8 

  0x0000029239d02934: ; ImmutableOopMap {}
                      ;*invokeinterface getNumIndices {reexecute=0 rethrow=0 return_oop=0}
                      ; - com.badlogic.gdx.graphics.Mesh::bind@15 (line 392)
                      ; - com.badlogic.gdx.graphics.Mesh::bind@3 (line 382)
                      ; - com.badlogic.gdx.graphics.Mesh::render@13 (line 490)
                      ; - com.badlogic.gdx.graphics.Mesh::render@10 (line 460)
                      ; - com.badlogic.gdx.graphics.g2d.SpriteBatch::flush@184 (line 977)
  0x0000029239d02934: c853 77ff 

  0x0000029239d02938: ;   {other}
  0x0000029239d02938: 0f1f 8400 | 2822 006b | baf6 ffff | ff66 6690 

  0x0000029239d02948: ;   {runtime_call UncommonTrapBlob}
  0x0000029239d02948: c5f8 77e8 

  0x0000029239d0294c: ; ImmutableOopMap {}
                      ;*invokevirtual limit {reexecute=0 rethrow=0 return_oop=0}
                      ; - com.badlogic.gdx.graphics.glutils.IndexArray::getNumIndices@15 (line 49)
                      ; - com.badlogic.gdx.graphics.Mesh::bind@15 (line 392)
                      ; - com.badlogic.gdx.graphics.Mesh::bind@3 (line 382)
                      ; - com.badlogic.gdx.graphics.Mesh::render@13 (line 490)
                      ; - com.badlogic.gdx.graphics.Mesh::render@10 (line 460)
                      ; - com.badlogic.gdx.graphics.g2d.SpriteBatch::flush@184 (line 977)
  0x0000029239d0294c: b053 77ff 

  0x0000029239d02950: ;   {other}
  0x0000029239d02950: 0f1f 8400 | 4022 006c | baf6 ffff | ff41 8bea 

  0x0000029239d02960: ;   {runtime_call UncommonTrapBlob}
  0x0000029239d02960: c5f8 77e8 

  0x0000029239d02964: ; ImmutableOopMap {[0]=NarrowOop }
                      ;*invokeinterface glDrawElements {reexecute=0 rethrow=0 return_oop=0}
                      ; - com.badlogic.gdx.graphics.Mesh::render@88 (line 499)
                      ; - com.badlogic.gdx.graphics.Mesh::render@10 (line 460)
                      ; - com.badlogic.gdx.graphics.g2d.SpriteBatch::flush@184 (line 977)
  0x0000029239d02964: 9853 77ff 

  0x0000029239d02968: ;   {other}
  0x0000029239d02968: 0f1f 8400 | 5822 006d | baf6 ffff | ff66 6690 

  0x0000029239d02978: ;   {runtime_call UncommonTrapBlob}
  0x0000029239d02978: c5f8 77e8 

  0x0000029239d0297c: ; ImmutableOopMap {}
                      ;*getfield owner {reexecute=1 rethrow=0 return_oop=0}
                      ; - (reexecute) org.lwjgl.opengl.GLContext::getCapabilitiesImpl@5 (line 132)
                      ; - org.lwjgl.opengl.GLContext::getCapabilities@0 (line 122)
                      ; - org.lwjgl.opengl.GL11::glDrawElements@0 (line 1105)
                      ; - com.badlogic.gdx.backends.lwjgl.LwjglGL20::glDrawElements@21 (line 281)
                      ; - com.badlogic.gdx.graphics.Mesh::render@88 (line 499)
                      ; - com.badlogic.gdx.graphics.Mesh::render@10 (line 460)
                      ; - com.badlogic.gdx.graphics.g2d.SpriteBatch::flush@184 (line 977)
  0x0000029239d0297c: 8053 77ff 

  0x0000029239d02980: ;   {other}
  0x0000029239d02980: 0f1f 8400 | 7022 006e | baf6 ffff | ff66 6690 

  0x0000029239d02990: ;   {runtime_call UncommonTrapBlob}
  0x0000029239d02990: c5f8 77e8 

  0x0000029239d02994: ; ImmutableOopMap {}
                      ;*getfield references_stack {reexecute=1 rethrow=0 return_oop=0}
                      ; - (reexecute) org.lwjgl.opengl.StateTracker::getReferences@4 (line 85)
                      ; - org.lwjgl.opengl.StateTracker::getElementArrayBufferBound@1 (line 143)
                      ; - org.lwjgl.opengl.GLChecks::ensureElementVBOdisabled@7 (line 82)
                      ; - org.lwjgl.opengl.GL11::glDrawElements@14 (line 1108)
                      ; - com.badlogic.gdx.backends.lwjgl.LwjglGL20::glDrawElements@21 (line 281)
                      ; - com.badlogic.gdx.graphics.Mesh::render@88 (line 499)
                      ; - com.badlogic.gdx.graphics.Mesh::render@10 (line 460)
                      ; - com.badlogic.gdx.graphics.g2d.SpriteBatch::flush@184 (line 977)
  0x0000029239d02994: 6853 77ff 

  0x0000029239d02998: ;   {other}
  0x0000029239d02998: 0f1f 8400 | 8822 006f | baf6 ffff | ff66 6690 

  0x0000029239d029a8: ;   {runtime_call UncommonTrapBlob}
  0x0000029239d029a8: c5f8 77e8 

  0x0000029239d029ac: ; ImmutableOopMap {}
                      ;*invokevirtual getReferences {reexecute=0 rethrow=0 return_oop=0}
                      ; - org.lwjgl.opengl.StateTracker::getReferences@7 (line 85)
                      ; - org.lwjgl.opengl.StateTracker::getElementArrayBufferBound@1 (line 143)
                      ; - org.lwjgl.opengl.GLChecks::ensureElementVBOdisabled@7 (line 82)
                      ; - org.lwjgl.opengl.GL11::glDrawElements@14 (line 1108)
                      ; - com.badlogic.gdx.backends.lwjgl.LwjglGL20::glDrawElements@21 (line 281)
                      ; - com.badlogic.gdx.graphics.Mesh::render@88 (line 499)
                      ; - com.badlogic.gdx.graphics.Mesh::render@10 (line 460)
                      ; - com.badlogic.gdx.graphics.g2d.SpriteBatch::flush@184 (line 977)
  0x0000029239d029ac: 5053 77ff 

  0x0000029239d029b0: ;   {other}
  0x0000029239d029b0: 0f1f 8400 | a022 0070 | baf6 ffff | ff66 6690 

  0x0000029239d029c0: ;   {runtime_call UncommonTrapBlob}
  0x0000029239d029c0: c5f8 77e8 

  0x0000029239d029c4: ; ImmutableOopMap {}
                      ;*aaload {reexecute=0 rethrow=0 return_oop=0}
                      ; - org.lwjgl.opengl.ReferencesStack::getReferences@8 (line 41)
                      ; - org.lwjgl.opengl.StateTracker::getReferences@7 (line 85)
                      ; - org.lwjgl.opengl.StateTracker::getElementArrayBufferBound@1 (line 143)
                      ; - org.lwjgl.opengl.GLChecks::ensureElementVBOdisabled@7 (line 82)
                      ; - org.lwjgl.opengl.GL11::glDrawElements@14 (line 1108)
                      ; - com.badlogic.gdx.backends.lwjgl.LwjglGL20::glDrawElements@21 (line 281)
                      ; - com.badlogic.gdx.graphics.Mesh::render@88 (line 499)
                      ; - com.badlogic.gdx.graphics.Mesh::render@10 (line 460)
                      ; - com.badlogic.gdx.graphics.g2d.SpriteBatch::flush@184 (line 977)
  0x0000029239d029c4: 3853 77ff 

  0x0000029239d029c8: ;   {other}
  0x0000029239d029c8: 0f1f 8400 | b822 0071 | baf6 ffff | ff66 6690 

  0x0000029239d029d8: ;   {runtime_call UncommonTrapBlob}
  0x0000029239d029d8: c5f8 77e8 

  0x0000029239d029dc: ; ImmutableOopMap {}
                      ;*getfield vertexArrayObject {reexecute=1 rethrow=0 return_oop=0}
                      ; - (reexecute) org.lwjgl.opengl.StateTracker::getElementArrayBufferBound@6 (line 145)
                      ; - org.lwjgl.opengl.GLChecks::ensureElementVBOdisabled@7 (line 82)
                      ; - org.lwjgl.opengl.GL11::glDrawElements@14 (line 1108)
                      ; - com.badlogic.gdx.backends.lwjgl.LwjglGL20::glDrawElements@21 (line 281)
                      ; - com.badlogic.gdx.graphics.Mesh::render@88 (line 499)
                      ; - com.badlogic.gdx.graphics.Mesh::render@10 (line 460)
                      ; - com.badlogic.gdx.graphics.g2d.SpriteBatch::flush@184 (line 977)
  0x0000029239d029dc: 2053 77ff 

  0x0000029239d029e0: ;   {other}
  0x0000029239d029e0: 0f1f 8400 | d022 0072 | baf6 ffff | ff8b 6c24 | 0866 6690 

  0x0000029239d029f4: ;   {runtime_call UncommonTrapBlob}
  0x0000029239d029f4: c5f8 77e8 

  0x0000029239d029f8: ; ImmutableOopMap {rbp=NarrowOop }
                      ;*invokeinterface unbind {reexecute=0 rethrow=0 return_oop=0}
                      ; - com.badlogic.gdx.graphics.Mesh::unbind@6 (line 409)
                      ; - com.badlogic.gdx.graphics.Mesh::unbind@3 (line 400)
                      ; - com.badlogic.gdx.graphics.Mesh::render@253 (line 518)
                      ; - com.badlogic.gdx.graphics.Mesh::render@10 (line 460)
                      ; - com.badlogic.gdx.graphics.g2d.SpriteBatch::flush@184 (line 977)
  0x0000029239d029f8: 0453 77ff 

  0x0000029239d029fc: ;   {other}
  0x0000029239d029fc: 0f1f 8400 | ec22 0073 | baf6 ffff | ff66 6690 

  0x0000029239d02a0c: ;   {runtime_call UncommonTrapBlob}
  0x0000029239d02a0c: c5f8 77e8 

  0x0000029239d02a10: ; ImmutableOopMap {}
                      ;*invokevirtual size {reexecute=0 rethrow=0 return_oop=0}
                      ; - com.badlogic.gdx.graphics.glutils.VertexArray::unbind@4 (line 154)
                      ; - com.badlogic.gdx.graphics.Mesh::unbind@6 (line 409)
                      ; - com.badlogic.gdx.graphics.Mesh::unbind@3 (line 400)
                      ; - com.badlogic.gdx.graphics.Mesh::render@253 (line 518)
                      ; - com.badlogic.gdx.graphics.Mesh::render@10 (line 460)
                      ; - com.badlogic.gdx.graphics.g2d.SpriteBatch::flush@184 (line 977)
  0x0000029239d02a10: ec52 77ff 

  0x0000029239d02a14: ;   {other}
  0x0000029239d02a14: 0f1f 8400 | 0423 0074 | baf6 ffff | ff66 6690 

  0x0000029239d02a24: ;   {runtime_call UncommonTrapBlob}
  0x0000029239d02a24: c5f8 77e8 

  0x0000029239d02a28: ; ImmutableOopMap {}
                      ;*arraylength {reexecute=0 rethrow=0 return_oop=0}
                      ; - com.badlogic.gdx.graphics.VertexAttributes::size@4 (line 103)
                      ; - com.badlogic.gdx.graphics.glutils.VertexArray::unbind@4 (line 154)
                      ; - com.badlogic.gdx.graphics.Mesh::unbind@6 (line 409)
                      ; - com.badlogic.gdx.graphics.Mesh::unbind@3 (line 400)
                      ; - com.badlogic.gdx.graphics.Mesh::render@253 (line 518)
                      ; - com.badlogic.gdx.graphics.Mesh::render@10 (line 460)
                      ; - com.badlogic.gdx.graphics.g2d.SpriteBatch::flush@184 (line 977)
  0x0000029239d02a28: d452 77ff 

  0x0000029239d02a2c: ;   {other}
  0x0000029239d02a2c: 0f1f 8400 | 1c23 0075 | baf6 ffff | ff66 6690 

  0x0000029239d02a3c: ;   {runtime_call UncommonTrapBlob}
  0x0000029239d02a3c: c5f8 77e8 

  0x0000029239d02a40: ; ImmutableOopMap {}
                      ;*invokeinterface getNumIndices {reexecute=0 rethrow=0 return_oop=0}
                      ; - com.badlogic.gdx.graphics.Mesh::unbind@15 (line 410)
                      ; - com.badlogic.gdx.graphics.Mesh::unbind@3 (line 400)
                      ; - com.badlogic.gdx.graphics.Mesh::render@253 (line 518)
                      ; - com.badlogic.gdx.graphics.Mesh::render@10 (line 460)
                      ; - com.badlogic.gdx.graphics.g2d.SpriteBatch::flush@184 (line 977)
  0x0000029239d02a40: bc52 77ff 

  0x0000029239d02a44: ;   {other}
  0x0000029239d02a44: 0f1f 8400 | 3423 0076 | baf6 ffff | ff66 6690 

  0x0000029239d02a54: ;   {runtime_call UncommonTrapBlob}
  0x0000029239d02a54: c5f8 77e8 

  0x0000029239d02a58: ; ImmutableOopMap {}
                      ;*invokevirtual limit {reexecute=0 rethrow=0 return_oop=0}
                      ; - com.badlogic.gdx.graphics.glutils.IndexArray::getNumIndices@15 (line 49)
                      ; - com.badlogic.gdx.graphics.Mesh::unbind@15 (line 410)
                      ; - com.badlogic.gdx.graphics.Mesh::unbind@3 (line 400)
                      ; - com.badlogic.gdx.graphics.Mesh::render@253 (line 518)
                      ; - com.badlogic.gdx.graphics.Mesh::render@10 (line 460)
                      ; - com.badlogic.gdx.graphics.g2d.SpriteBatch::flush@184 (line 977)
  0x0000029239d02a58: a452 77ff 

  0x0000029239d02a5c: ;   {other}
  0x0000029239d02a5c: 0f1f 8400 | 4c23 0077 

  0x0000029239d02a64: ;   {internal_word}
  0x0000029239d02a64: 49ba 2912 | d039 9202 | 0000 4d89 | 9760 0400 

  0x0000029239d02a74: ;   {runtime_call SafepointBlob}
  0x0000029239d02a74: 00e9 0641 

  0x0000029239d02a78: ;   {runtime_call StubRoutines (final stubs)}
  0x0000029239d02a78: 77ff e841 | 3275 ffe9 | d6e0 ffff | f4f4 f4f4 
[Stub Code]
  0x0000029239d02a88: ;   {no_reloc}
  0x0000029239d02a88: 48bb 0000 | 0000 0000 

  0x0000029239d02a90: ;   {runtime_call nmethod}
  0x0000029239d02a90: 0000 e9fb 

  0x0000029239d02a94: ;   {static_stub}
  0x0000029239d02a94: ffff ff48 | bb00 0000 | 0000 0000 

  0x0000029239d02aa0: ;   {runtime_call nmethod}
  0x0000029239d02aa0: 00e9 fbff 

  0x0000029239d02aa4: ;   {static_stub}
  0x0000029239d02aa4: ffff 48bb | 0000 0000 | 0000 0000 

  0x0000029239d02ab0: ;   {runtime_call nmethod}
  0x0000029239d02ab0: e9fb ffff 

  0x0000029239d02ab4: ;   {static_stub}
  0x0000029239d02ab4: ff48 bb00 | 0000 0000 

  0x0000029239d02abc: ;   {runtime_call nmethod}
  0x0000029239d02abc: 0000 00e9 | fbff ffff 

  0x0000029239d02ac4: ;   {static_stub}
  0x0000029239d02ac4: 48bb 0000 | 0000 0000 

  0x0000029239d02acc: ;   {runtime_call nmethod}
  0x0000029239d02acc: 0000 e9fb 

  0x0000029239d02ad0: ;   {static_stub}
  0x0000029239d02ad0: ffff ff48 | bb00 0000 | 0000 0000 

  0x0000029239d02adc: ;   {runtime_call nmethod}
  0x0000029239d02adc: 00e9 fbff 

  0x0000029239d02ae0: ;   {static_stub}
  0x0000029239d02ae0: ffff 48bb | 0000 0000 | 0000 0000 

  0x0000029239d02aec: ;   {runtime_call nmethod}
  0x0000029239d02aec: e9fb ffff 

  0x0000029239d02af0: ;   {static_stub}
  0x0000029239d02af0: ff48 bb00 | 0000 0000 

  0x0000029239d02af8: ;   {runtime_call nmethod}
  0x0000029239d02af8: 0000 00e9 | fbff ffff 
[Exception Handler]
  0x0000029239d02b00: ;   {runtime_call ExceptionBlob}
  0x0000029239d02b00: e9fb d584 | ffe8 0000 | 0000 4883 

  0x0000029239d02b0c: ;   {runtime_call DeoptimizationBlob}
  0x0000029239d02b0c: 2c24 05e9 | 0c55 77ff | f4f4 f4f4 
[/MachCode]


Compiled method (c2) 658748 3226       4       com.badlogic.gdx.graphics.g2d.SpriteBatch::draw (619 bytes)
 total in heap  [0x0000029239d28a10,0x0000029239d298e8] = 3800
 relocation     [0x0000029239d28b70,0x0000029239d28c30] = 192
 constants      [0x0000029239d28c40,0x0000029239d28c60] = 32
 main code      [0x0000029239d28c60,0x0000029239d293a0] = 1856
 stub code      [0x0000029239d293a0,0x0000029239d293c8] = 40
 oops           [0x0000029239d293c8,0x0000029239d293d0] = 8
 metadata       [0x0000029239d293d0,0x0000029239d29408] = 56
 scopes data    [0x0000029239d29408,0x0000029239d29780] = 888
 scopes pcs     [0x0000029239d29780,0x0000029239d29860] = 224
 dependencies   [0x0000029239d29860,0x0000029239d29878] = 24
 handler table  [0x0000029239d29878,0x0000029239d298c0] = 72
 nul chk table  [0x0000029239d298c0,0x0000029239d298e8] = 40


[Constant Pool]
             Address          hex4                    hex8      
  0x0000029239d28c40:   0x3f800000      0x000000003f800000      
  0x0000029239d28c44:   0x00000000                              
  0x0000029239d28c48:   0x42360b61      0x42b4000042360b61      
  0x0000029239d28c4c:   0x42b40000                              
  0x0000029239d28c50:   0xf4f4f4f4      0xf4f4f4f4f4f4f4f4      
  0x0000029239d28c54:   0xf4f4f4f4                              
  0x0000029239d28c58:   0xf4f4f4f4      0xf4f4f4f4f4f4f4f4      
  0x0000029239d28c5c:   0xf4f4f4f4                              

[MachCode]
[Entry Point]
  # {method} {0x0000029290985a98} 'draw' '(Lcom/badlogic/gdx/graphics/g2d/TextureRegion;FFFFFFFFF)V' in 'com/badlogic/gdx/graphics/g2d/SpriteBatch'
  # this:     rdx:rdx   = 'com/badlogic/gdx/graphics/g2d/SpriteBatch'
  # parm0:    r8:r8     = 'com/badlogic/gdx/graphics/g2d/TextureRegion'
  # parm1:    xmm0      = float
  # parm2:    xmm1      = float
  # parm3:    xmm2      = float
  # parm4:    xmm3      = float
  # parm5:    xmm4      = float
  # parm6:    xmm5      = float
  # parm7:    xmm6      = float
  # parm8:    xmm7      = float
  # parm9:    [sp+0x90]   = float  (sp of caller)
  0x0000029239d28c60: ;   {no_reloc}
  0x0000029239d28c60: 448b 5208 | 49bb 0000 | 004f 9202 | 0000 4d03 | d349 3bc2 

  0x0000029239d28c74: ;   {runtime_call ic_miss_stub}
  0x0000029239d28c74: 0f85 065d | 74ff 6690 | 0f1f 4000 
[Verified Entry Point]
  0x0000029239d28c80: 8984 2400 | 80ff ff55 | 4881 ec80 | 0000 0090 | 4181 7f20 | 0100 0000 | 0f85 f206 | 0000 c5fa 
  0x0000029239d28ca0: 117c 244c | c5fa 1174 | 2448 c5fa | 116c 2444 | c5fa 1164 | 2440 c5fa | 115c 243c | c5fa 1154 
  0x0000029239d28cc0: 2438 c5fa | 114c 2434 | c5fa 1144 | 2430 4889 | 5424 2044 | 0fb6 5238 | 4585 d20f | 844f 0500 
  0x0000029239d28ce0: 0045 8b48 | 2444 8b5a | 4044 3b4a | 4475 3547 | 8b54 dc0c | 8b6a 0c41 | 3bea 0f85 | 2301 0000 
  0x0000029239d28d00: ba45 ffff | ff4c 8944 | 2428 4489 | 5c24 5044 | 8954 2454 

  0x0000029239d28d14: ;   {runtime_call UncommonTrapBlob}
  0x0000029239d28d14: 6666 90e8 

  0x0000029239d28d18: ; ImmutableOopMap {[32]=Oop [40]=Oop [80]=NarrowOop }
                      ;*if_icmpne {reexecute=1 rethrow=0 return_oop=0}
                      ; - (reexecute) com.badlogic.gdx.graphics.g2d.SpriteBatch::draw@54 (line 652)
  0x0000029239d28d18: e4ef 74ff 

  0x0000029239d28d1c: ;   {other}
  0x0000029239d28d1c: 0f1f 8400 | 0c03 0000 | 4489 5c24 | 544c 8944 | 2428 498b | e948 c1e5 | 0344 894c 

  0x0000029239d28d38: ;   {optimized virtual_call}
  0x0000029239d28d38: 2450 90e8 

  0x0000029239d28d3c: ; ImmutableOopMap {rbp=Oop [32]=Oop [40]=Oop [80]=NarrowOop [84]=NarrowOop }
                      ;*invokevirtual flush {reexecute=0 rethrow=0 return_oop=0}
                      ; - com.badlogic.gdx.graphics.g2d.SpriteBatch::switchTexture@1 (line 1073)
                      ; - com.badlogic.gdx.graphics.g2d.SpriteBatch::draw@41 (line 651)
  0x0000029239d28d3c: 007e fdff 

  0x0000029239d28d40: ;   {other}
  0x0000029239d28d40: 0f1f 8400 | 3003 0001 | 4180 7f40 | 000f 8574 | 0300 0048 | 8b5c 2420 | 8b7c 2450 | 897b 444c 
  0x0000029239d28d60: 8bd5 4c8b | db4d 33d3 | 49c1 ea16 | 4d85 d274 | 1e85 ff74 | 1a49 c1eb | 0948 b900 | e081 3f92 
  0x0000029239d28d80: 0200 0049 | 03cb 8039 | 020f 8574 | 0300 0045 | 8b5c fc24 | 4889 5c24 | 2049 8d2c | fc49 8bd3 
  0x0000029239d28da0: 48c1 e203 | 9048 b880 | 3299 9592 

  0x0000029239d28dac: ;   {virtual_call}
  0x0000029239d28dac: 0200 00e8 

  0x0000029239d28db0: ; ImmutableOopMap {rbp=Oop [32]=Oop [40]=Oop [80]=NarrowOop [84]=NarrowOop }
                      ;*invokeinterface getWidth {reexecute=0 rethrow=0 return_oop=0}
                      ; - com.badlogic.gdx.graphics.Texture::getWidth@4 (line 169)
                      ; - com.badlogic.gdx.graphics.g2d.SpriteBatch::switchTexture@12 (line 1075)
                      ; - com.badlogic.gdx.graphics.g2d.SpriteBatch::draw@41 (line 651)
  0x0000029239d28db0: dc76 82ff 

  0x0000029239d28db4: ;   {other}
  0x0000029239d28db4: 0f1f 8400 | a403 0002 | 448b 5c24 | 5047 8b5c | dc24 c5fa | 2ac0 498b | d348 c1e2 

  0x0000029239d28dd0: ;   {section_word}
  0x0000029239d28dd0: 03c5 fa10 | 0d67 feff | ffc5 f25e | c04c 8b54 | 2420 c4c1 | 7a11 4210 | 498b ea66 | 9048 b8b0 
  0x0000029239d28df0: 3599 9592 

  0x0000029239d28df4: ;   {virtual_call}
  0x0000029239d28df4: 0200 00e8 

  0x0000029239d28df8: ; ImmutableOopMap {rbp=Oop [32]=Oop [40]=Oop [84]=NarrowOop }
                      ;*invokeinterface getHeight {reexecute=0 rethrow=0 return_oop=0}
                      ; - com.badlogic.gdx.graphics.Texture::getHeight@4 (line 174)
                      ; - com.badlogic.gdx.graphics.g2d.SpriteBatch::switchTexture@23 (line 1076)
                      ; - com.badlogic.gdx.graphics.g2d.SpriteBatch::draw@41 (line 651)
  0x0000029239d28df8: 247d 82ff 

  0x0000029239d28dfc: ;   {other}
  0x0000029239d28dfc: 0f1f 8400 | ec03 0003 | c5fa 2ac0 

  0x0000029239d28e08: ;   {section_word}
  0x0000029239d28e08: c5fa 1015 | 30fe ffff | c5ea 5ec8 | c5fa 114d | 144c 8b44 | 2428 448b | 5c24 54c5 | fa10 4c24 
  0x0000029239d28e28: 44c5 f25c | 7c24 3cc5 | fa10 4424 | 30c5 7a58 | 4c24 38c5 | fa10 4c24 | 40c5 725c | 5c24 38c5 
  0x0000029239d28e48: fa10 4424 | 34c5 7a58 | 6424 3cc5 | fa10 5c24 | 38c5 fa10 | 6424 3cc5 | fa10 5424 

  0x0000029239d28e64: ;   {section_word}
  0x0000029239d28e64: 48c5 f82e | 15d3 fdff | ff7a 060f | 8423 0200 | 00c5 fa10 | 4c24 4cc5 

  0x0000029239d28e7c: ;   {external_word}
  0x0000029239d28e7c: f259 ffc5 | e057 1db9 | 856f ffc5 | 6a59 ebc4 | 416a 59db 

  0x0000029239d28e90: ;   {external_word}
  0x0000029239d28e90: c5d8 5715 | a885 6fff | c572 59c2 | c5fa 1094 | 2490 0000 

  0x0000029239d28ea4: ;   {section_word}
  0x0000029239d28ea4: 00c5 f82e | 1597 fdff | ff7a 060f | 84ac 0000 

  0x0000029239d28eb4: ;   {section_word}
  0x0000029239d28eb4: 00c5 ea59 | 0d8b fdff 

  0x0000029239d28ebc: ;   {section_word}
  0x0000029239d28ebc: ffc5 ea58 | 0587 fdff 

  0x0000029239d28ec4: ;   {section_word}
  0x0000029239d28ec4: ffc5 fa59 | 157b fdff | ffc5 7a2c | d141 81fa | 0000 0080 | 0f84 9d04 | 0000 c57a | 2cca 4181 
  0x0000029239d28ee4: f900 0000 | 800f 8477 | 0400 0041 | 81e2 ff3f | 0000 4181 | e1ff 3f00 

  0x0000029239d28efc: ;   {oop([F{0x000000062012f170})}
  0x0000029239d28efc: 0048 b970 | f112 2006 | 0000 00c4 | a17a 1044 | 8910 c4a1 | 7a10 5491 | 10c5 a259 | c8c5 a259 
  0x0000029239d28f1c: e2c5 c259 | dac5 9259 | f2c5 725c | dbc5 ba59 | cac5 c259 | e8c5 ba59 | d0c5 5a58 | fdc5 6a58 
  0x0000029239d28f3c: c6c5 ca58 | fdc5 9259 | d0c4 c142 | 5cc0 c5ea | 5ce3 c582 | 5cd8 c5a2 | 5cec c56a | 5ce9 c4c1 
  0x0000029239d28f5c: 5258 d5eb | 13c4 c178 | 28d8 c4c1 | 7828 d3c5 | 7828 ffc4 | c178 28e5 | 4c8b 5424 | 2041 8b7a 
  0x0000029239d28f7c: 0cc4 4112 | 58d1 478b | 54dc 0c4c | 8b4c 2420 | c4c1 7a10 | 6928 c441 | 3a58 c4c4 | c142 58f4 
  0x0000029239d28f9c: c4c1 5a58 | f9c4 4122 | 58f1 c441 | 6a58 c9c4 | 4102 58dc | c441 6258 | ecc4 417a | 1060 0cc4 
  0x0000029239d28fbc: 417a 1078 | 18c4 c17a | 1040 14c4 | c17a 1050 | 1041 3bfa | 0f83 7b01 | 0000 448d | 4713 4f8d 
  0x0000029239d28fdc: 0cdc c441 | 7a11 54b9 | 1045 3bc2 | 0f83 da01 | 0000 4c63 | d7c4 017a | 1144 9114 | c481 7a11 
  0x0000029239d28ffc: ;   {no_reloc}
  0x0000029239d28ffc: 6c91 18c4 | 017a 1164 | 911c c401 | 7a11 7c91 | 20c4 817a | 117c 9124 | c481 7a11 | 7491 28c4 
  0x0000029239d2901c: 817a 116c | 912c c401 | 7a11 6491 | 30c4 817a | 1154 9134 | c401 7a11 | 7491 38c4 | 017a 115c 
  0x0000029239d2903c: 913c c481 | 7a11 6c91 | 40c4 817a | 1144 9144 | c481 7a11 | 5491 48c4 | 017a 114c | 914c c401 
  0x0000029239d2905c: 7a11 6c91 | 50c4 817a | 116c 9154 | c481 7a11 | 4491 58c4 | 017a 117c | 915c 83c7 | 144c 8b54 
  0x0000029239d2907c: 2420 4189 | 7a0c 4881 | c480 0000 

  0x0000029239d29088: ;   {poll_return}
  0x0000029239d29088: 005d 493b | a748 0400 | 000f 87b9 | 0200 00c3 | c5fa 1044 

  0x0000029239d2909c: ;   {section_word}
  0x0000029239d2909c: 244c c5f8 | 2e05 9afb | ffff 0f8a | b901 0000 | 0f85 b301 

  0x0000029239d290b0: ;   {external_word}
  0x0000029239d290b0: 0000 c560 | 572d 8683 

  0x0000029239d290b8: ;   {external_word}
  0x0000029239d290b8: 6fff c558 | 5705 7e83 | 6fff e9d5 | fdff ff48 | 8b5c 2420 | 448b 5b44 | 4585 db0f | 847f fcff 
  0x0000029239d290d8: ff4d 8b57 | 2849 8bcb | 48c1 e103 | 4d85 d20f | 845b 0100 | 004d 8b5f | 384b 894c | 13f8 4983 
  0x0000029239d290f8: c2f8 4d89 | 5728 e955 | fcff ff4d | 8b57 484d | 8b5f 58f0 | 8344 24c0 | 0080 3900 | 0f84 75fc 
  0x0000029239d29118: ffff 4488 | 214d 85d2 | 751d 498b | d749 ba10 | a140 94fe | 7f00 0041 

  0x0000029239d29130: ;   {other}
  0x0000029239d29130: ffd2 0f1f | 8400 0000 | 0000 e950 | fcff ff4b | 894c 13f8 | 4983 c2f8 | 4d89 5748 | e93e fcff 
  0x0000029239d29150: ffc5 f828 | e2c5 f828 | c8ba e4ff | ffff 488b | 6c24 20c5 | 7a11 4424 | 20c5 fa11 | 7c24 24c5 
  0x0000029239d29170: fa11 7424 | 28c5 7a11 | 7424 2cc5 | 7a11 5c24 | 30c5 7a11 | 4c24 34c5 | 7a11 6c24 | 38c5 7a11 
  0x0000029239d29190: 6424 3cc5 | 7a11 7c24 | 40c5 fa11 | 4c24 44c5 | fa11 6424 | 48c5 fa11 | 6c24 4c44 | 895c 2454 
  0x0000029239d291b0: 897c 2458 | c57a 1154 

  0x0000029239d291b8: ;   {runtime_call UncommonTrapBlob}
  0x0000029239d291b8: 245c 90e8 

  0x0000029239d291bc: ; ImmutableOopMap {rbp=Oop [84]=NarrowOop }
                      ;*fastore {reexecute=0 rethrow=0 return_oop=0}
                      ; - com.badlogic.gdx.graphics.g2d.SpriteBatch::draw@423 (line 736)
  0x0000029239d291bc: 40eb 74ff 

  0x0000029239d291c0: ;   {other}
  0x0000029239d291c0: 0f1f 8400 | b007 0004 | 8d6f 01ba | e4ff ffff | c5fa 117c | 2428 c5fa | 1174 242c | c57a 1174 
  0x0000029239d291e0: 2430 c57a | 115c 2434 | c57a 114c | 2438 c57a | 116c 243c | c57a 1164 | 2440 c57a | 117c 2444 
  0x0000029239d29200: c5fa 1144 | 2448 c5fa | 1154 244c | c5fa 116c | 2450 897c | 2454 4489 | 5c24 58c5 | 7a11 4424 
  0x0000029239d29220: ;   {runtime_call UncommonTrapBlob}
  0x0000029239d29220: 5c66 90e8 

  0x0000029239d29224: ; ImmutableOopMap {[32]=Oop [88]=NarrowOop }
                      ;*fastore {reexecute=0 rethrow=0 return_oop=0}
                      ; - com.badlogic.gdx.graphics.g2d.SpriteBatch::draw@432 (line 737)
  0x0000029239d29224: d8ea 74ff 

  0x0000029239d29228: ;   {other}
  0x0000029239d29228: 0f1f 8400 | 1808 0005 | ba45 ffff | ff41 8bea 

  0x0000029239d29238: ;   {runtime_call UncommonTrapBlob}
  0x0000029239d29238: 6666 90e8 

  0x0000029239d2923c: ; ImmutableOopMap {}
                      ;*ifne {reexecute=1 rethrow=0 return_oop=0}
                      ; - (reexecute) com.badlogic.gdx.graphics.g2d.SpriteBatch::draw@4 (line 645)
  0x0000029239d2923c: c0ea 74ff 

  0x0000029239d29240: ;   {other}
  0x0000029239d29240: 0f1f 8400 | 3008 0006 | 498b d749 | ba30 a140 | 94fe 7f00 | 0041 ffd2 

  0x0000029239d29258: ;   {other}
  0x0000029239d29258: 0f1f 8400 | 0000 0000 | e9f3 faff 

  0x0000029239d29264: ;   {section_word}
  0x0000029239d29264: ffc5 f82e | 05d3 f9ff | ffbd ffff | ffff 0f8a | 0e00 0000 | 0f82 0800 | 0000 400f | 95c5 400f 
  0x0000029239d29284: b6ed ba45 | ffff ff4c | 8944 2428 | c5fa 1144 | 2430 4489 | 5c24 34c5 | 7a11 4c24 | 38c5 7a11 
  0x0000029239d292a4: ;   {external_word}
  0x0000029239d292a4: 6424 3cc5 | e057 0591 | 816f ffc5 | fa11 4424 

  0x0000029239d292b4: ;   {external_word}
  0x0000029239d292b4: 40c5 d857 | 0d83 816f | ffc5 fa11 | 4c24 44c5 | 7a11 5c24 | 48c5 fa11 

  0x0000029239d292cc: ;   {runtime_call UncommonTrapBlob}
  0x0000029239d292cc: 7c24 4ce8 

  0x0000029239d292d0: ; ImmutableOopMap {[32]=Oop [40]=Oop [52]=NarrowOop }
                      ;*ifeq {reexecute=1 rethrow=0 return_oop=0}
                      ; - (reexecute) com.badlogic.gdx.graphics.g2d.SpriteBatch::draw@108 (line 664)
  0x0000029239d292d0: 2cea 74ff 

  0x0000029239d292d4: ;   {other}
  0x0000029239d292d4: 0f1f 8400 | c408 0007 | 488b d0eb | 0848 8bd0 | eb03 488b | d048 81c4 | 8000 0000 

  0x0000029239d292f0: ;   {runtime_call _rethrow_Java}
  0x0000029239d292f0: 5de9 8ae8 | 82ff baf6 

  0x0000029239d292f8: ;   {runtime_call UncommonTrapBlob}
  0x0000029239d292f8: ffff ffe8 

  0x0000029239d292fc: ; ImmutableOopMap {}
                      ;*getfield texture {reexecute=1 rethrow=0 return_oop=0}
                      ; - (reexecute) com.badlogic.gdx.graphics.g2d.SpriteBatch::draw@24 (line 649)
  0x0000029239d292fc: 00ea 74ff 

  0x0000029239d29300: ;   {other}
  0x0000029239d29300: 0f1f 8400 | f008 0008 | baf6 ffff | ff8b efc5 | 7a11 9424 | 9000 0000 

  0x0000029239d29318: ;   {runtime_call UncommonTrapBlob}
  0x0000029239d29318: 6666 90e8 

  0x0000029239d2931c: ; ImmutableOopMap {}
                      ;*fastore {reexecute=0 rethrow=0 return_oop=0}
                      ; - com.badlogic.gdx.graphics.g2d.SpriteBatch::draw@423 (line 736)
  0x0000029239d2931c: e0e9 74ff 

  0x0000029239d29320: ;   {other}
  0x0000029239d29320: 0f1f 8400 | 1009 0009 | baf6 ffff 

  0x0000029239d2932c: ;   {runtime_call UncommonTrapBlob}
  0x0000029239d2932c: ff66 90e8 

  0x0000029239d29330: ; ImmutableOopMap {}
                      ;*invokevirtual getWidth {reexecute=0 rethrow=0 return_oop=0}
                      ; - com.badlogic.gdx.graphics.g2d.SpriteBatch::switchTexture@12 (line 1075)
                      ; - com.badlogic.gdx.graphics.g2d.SpriteBatch::draw@41 (line 651)
  0x0000029239d29330: cce9 74ff 

  0x0000029239d29334: ;   {other}
  0x0000029239d29334: 0f1f 8400 | 2409 000a | baf6 ffff 

  0x0000029239d29340: ;   {runtime_call UncommonTrapBlob}
  0x0000029239d29340: ff66 90e8 

  0x0000029239d29344: ; ImmutableOopMap {}
                      ;*arraylength {reexecute=0 rethrow=0 return_oop=0}
                      ; - com.badlogic.gdx.graphics.g2d.SpriteBatch::draw@53 (line 652)
  0x0000029239d29344: b8e9 74ff 

  0x0000029239d29348: ;   {other}
  0x0000029239d29348: 0f1f 8400 | 3809 000b 

  0x0000029239d29350: ;   {internal_word}
  0x0000029239d29350: 49ba 8a90 | d239 9202 | 0000 4d89 | 9760 0400 

  0x0000029239d29360: ;   {runtime_call SafepointBlob}
  0x0000029239d29360: 00e9 1ad8 | 74ff 4883 | ec08 c5fb 

  0x0000029239d2936c: ;   {runtime_call StubRoutines (initial stubs)}
  0x0000029239d2936c: 1114 24e8 | 4a7f 6fff | 4159 e974 | fbff ff48 | 83ec 08c5 | fb11 0c24 

  0x0000029239d29384: ;   {runtime_call StubRoutines (initial stubs)}
  0x0000029239d29384: e835 7f6f | ff41 5ae9 | 4efb ffff 

  0x0000029239d29390: ;   {runtime_call StubRoutines (final stubs)}
  0x0000029239d29390: e82b c972 | ffe9 04f9 | ffff f4f4 | f4f4 f4f4 
[Stub Code]
  0x0000029239d293a0: ;   {no_reloc}
  0x0000029239d293a0: 48bb 0000 | 0000 0000 

  0x0000029239d293a8: ;   {runtime_call nmethod}
  0x0000029239d293a8: 0000 e9fb 

  0x0000029239d293ac: ;   {runtime_call ExceptionBlob}
  0x0000029239d293ac: ffff ffe9 | 4c6d 82ff 
[Deopt Handler Code]
  0x0000029239d293b4: e800 0000 | 0048 832c 

  0x0000029239d293bc: ;   {runtime_call DeoptimizationBlob}
  0x0000029239d293bc: 2405 e95d | ec74 fff4 | f4f4 f4f4 
[/MachCode]


---------------  P R O C E S S  ---------------

Threads class SMR info:
_java_thread_list=0x000002929f713870, length=20, elements={
0x000002924e84bf40, 0x000002924e84e5b0, 0x000002924e84fa70, 0x000002924e852860,
0x000002924e850e20, 0x000002924e84f3e0, 0x000002924e868010, 0x000002924e86dbc0,
0x000002924e8514b0, 0x000002924e851b40, 0x000002924e8521d0, 0x000002924e850100,
0x000002924e850790, 0x000002929ea82060, 0x000002929ea83410, 0x000002929ed070d0,
0x000002929ed05000, 0x000002929ed0b900, 0x000002929ed091a0, 0x000002929ea83aa0
}

Java Threads: ( => current thread )
  0x000002924e84bf40 JavaThread "Reference Handler"          daemon [_thread_blocked, id=24896, stack(0x000000a0d6a00000,0x000000a0d6b00000) (1024K)]
  0x000002924e84e5b0 JavaThread "Finalizer"                  daemon [_thread_blocked, id=9812, stack(0x000000a0d6b00000,0x000000a0d6c00000) (1024K)]
  0x000002924e84fa70 JavaThread "Signal Dispatcher"          daemon [_thread_blocked, id=8916, stack(0x000000a0d6c00000,0x000000a0d6d00000) (1024K)]
  0x000002924e852860 JavaThread "Attach Listener"            daemon [_thread_blocked, id=25860, stack(0x000000a0d6d00000,0x000000a0d6e00000) (1024K)]
  0x000002924e850e20 JavaThread "Service Thread"             daemon [_thread_blocked, id=14532, stack(0x000000a0d6e00000,0x000000a0d6f00000) (1024K)]
  0x000002924e84f3e0 JavaThread "Monitor Deflation Thread"   daemon [_thread_blocked, id=12192, stack(0x000000a0d6f00000,0x000000a0d7000000) (1024K)]
  0x000002924e868010 JavaThread "C2 CompilerThread0"         daemon [_thread_blocked, id=30212, stack(0x000000a0d7000000,0x000000a0d7100000) (1024K)]
  0x000002924e86dbc0 JavaThread "C1 CompilerThread0"         daemon [_thread_blocked, id=20744, stack(0x000000a0d7100000,0x000000a0d7200000) (1024K)]
  0x000002924e8514b0 JavaThread "Notification Thread"        daemon [_thread_blocked, id=6428, stack(0x000000a0d7400000,0x000000a0d7500000) (1024K)]
  0x000002924e851b40 JavaThread "Common-Cleaner"             daemon [_thread_blocked, id=27132, stack(0x000000a0d7500000,0x000000a0d7600000) (1024K)]
=>0x000002924e8521d0 JavaThread "LWJGL Application"                 [_thread_in_native, id=6592, stack(0x000000a0d7300000,0x000000a0d7400000) (1024K)]
  0x000002924e850100 JavaThread "DestroyJavaVM"                     [_thread_blocked, id=14284, stack(0x000000a0d6200000,0x000000a0d6300000) (1024K)]
  0x000002924e850790 JavaThread "AsynchExecutor-Thread"      daemon [_thread_blocked, id=34896, stack(0x000000a0d8000000,0x000000a0d8100000) (1024K)]
  0x000002929ea82060 JavaThread "RxIoScheduler-1 (Evictor)"  daemon [_thread_blocked, id=16288, stack(0x000000a0d8f00000,0x000000a0d9000000) (1024K)]
  0x000002929ea83410 JavaThread "RxComputationScheduler-1"   daemon [_thread_blocked, id=16244, stack(0x000000a0d9200000,0x000000a0d9300000) (1024K)]
  0x000002929ed070d0 JavaThread "RxIoScheduler-44"           daemon [_thread_blocked, id=24688, stack(0x000000a0dbb00000,0x000000a0dbc00000) (1024K)]
  0x000002929ed05000 JavaThread "LWJGL Timer"                daemon [_thread_blocked, id=34572, stack(0x000000a0d8100000,0x000000a0d8200000) (1024K)]
  0x000002929ed0b900 JavaThread "RxComputationScheduler-2"   daemon [_thread_blocked, id=29668, stack(0x000000a0d8200000,0x000000a0d8300000) (1024K)]
  0x000002929ed091a0 JavaThread "Timer"                      daemon [_thread_blocked, id=31588, stack(0x000000a0d7e00000,0x000000a0d7f00000) (1024K)]
  0x000002929ea83aa0 JavaThread "RxIoScheduler-51"           daemon [_thread_blocked, id=28104, stack(0x000000a0d5f00000,0x000000a0d6000000) (1024K)]
Total: 20

Other Threads:
  0x000002924b8ff2f0 VMThread "VM Thread"                           [id=1280, stack(0x000000a0d6900000,0x000000a0d6a00000) (1024K)]
  0x000002924e841920 WatcherThread "VM Periodic Task Thread"        [id=22212, stack(0x000000a0d6800000,0x000000a0d6900000) (1024K)]
  0x00000292299aeae0 WorkerThread "GC Thread#0"                     [id=25928, stack(0x000000a0d6300000,0x000000a0d6400000) (1024K)]
  0x000002929596d830 WorkerThread "GC Thread#1"                     [id=6012, stack(0x000000a0d8400000,0x000000a0d8500000) (1024K)]
  0x000002929597a860 WorkerThread "GC Thread#2"                     [id=34064, stack(0x000000a0d8500000,0x000000a0d8600000) (1024K)]
  0x0000029295830220 WorkerThread "GC Thread#3"                     [id=17488, stack(0x000000a0d8600000,0x000000a0d8700000) (1024K)]
  0x0000029295676be0 WorkerThread "GC Thread#4"                     [id=20600, stack(0x000000a0d8700000,0x000000a0d8800000) (1024K)]
  0x0000029295677320 WorkerThread "GC Thread#5"                     [id=27376, stack(0x000000a0d8800000,0x000000a0d8900000) (1024K)]
  0x00000292956776c0 WorkerThread "GC Thread#6"                     [id=12656, stack(0x000000a0d8900000,0x000000a0d8a00000) (1024K)]
  0x00000292956764a0 WorkerThread "GC Thread#7"                     [id=21956, stack(0x000000a0d8a00000,0x000000a0d8b00000) (1024K)]
  0x0000029295677a60 WorkerThread "GC Thread#8"                     [id=14036, stack(0x000000a0d8b00000,0x000000a0d8c00000) (1024K)]
  0x0000029295676840 WorkerThread "GC Thread#9"                     [id=34104, stack(0x000000a0d8c00000,0x000000a0d8d00000) (1024K)]
  0x0000029295676f80 WorkerThread "GC Thread#10"                    [id=6224, stack(0x000000a0d8d00000,0x000000a0d8e00000) (1024K)]
  0x0000029295677e00 WorkerThread "GC Thread#11"                    [id=22508, stack(0x000000a0d8e00000,0x000000a0d8f00000) (1024K)]
  0x00000292958641e0 WorkerThread "GC Thread#12"                    [id=31560, stack(0x000000a0d8300000,0x000000a0d8400000) (1024K)]
  0x000002924b769830 ConcurrentGCThread "G1 Main Marker"            [id=30884, stack(0x000000a0d6400000,0x000000a0d6500000) (1024K)]
  0x000002924b76a240 WorkerThread "G1 Conc#0"                       [id=18220, stack(0x000000a0d6500000,0x000000a0d6600000) (1024K)]
  0x000002924b837ab0 ConcurrentGCThread "G1 Refine#0"               [id=31328, stack(0x000000a0d6600000,0x000000a0d6700000) (1024K)]
  0x000002924b8383d0 ConcurrentGCThread "G1 Service"                [id=16896, stack(0x000000a0d6700000,0x000000a0d6800000) (1024K)]
Total: 19

Threads with active compile tasks:
Total: 0

VM state: not at safepoint (normal execution)

VM Mutex/Monitor currently owned by a thread: None

Heap address: 0x0000000604400000, size: 8124 MB, Compressed Oops mode: Zero based, Oop shift amount: 3

CDS archive(s) mapped at: [0x000002924f000000-0x000002924fc80000-0x000002924fc80000), size 13107200, SharedBaseAddress: 0x000002924f000000, ArchiveRelocationMode: 1.
Compressed class space mapped at: 0x0000029250000000-0x0000029290000000, reserved size: 1073741824
Narrow klass base: 0x000002924f000000, Narrow klass shift: 0, Narrow klass range: 0x100000000

GC Precious Log:
 CardTable entry size: 512
 Card Set container configuration: InlinePtr #cards 4 size 8 Array Of Cards #cards 32 size 80 Howl #buckets 8 coarsen threshold 7372 Howl Bitmap #cards 1024 size 144 coarsen threshold 921 Card regions per heap region 1 cards per card region 8192
 CPUs: 16 total, 16 available
 Memory: 32490M
 Large Page Support: Disabled
 NUMA Support: Disabled
 Compressed Oops: Enabled (Zero based)
 Heap Region Size: 4M
 Heap Min Capacity: 8M
 Heap Initial Capacity: 508M
 Heap Max Capacity: 8124M
 Pre-touch: Disabled
 Parallel Workers: 13
 Concurrent Workers: 3
 Concurrent Refinement Workers: 13
 Periodic GC: Disabled

Heap:
 garbage-first heap   total 520192K, used 108134K [0x0000000604400000, 0x0000000800000000)
  region size 4096K, 26 young (106496K), 2 survivors (8192K)
 Metaspace       used 20867K, committed 21248K, reserved 1114112K
  class space    used 2782K, committed 2944K, reserved 1048576K

Heap Regions: E=young(eden), S=young(survivor), O=old, HS=humongous(starts), HC=humongous(continues), CS=collection set, F=free, TAMS=top-at-mark-start, PB=parsable bottom
|   0|0x0000000604400000, 0x0000000604800000, 0x0000000604800000|100%| O|  |TAMS 0x0000000604400000| PB 0x0000000604400000| Untracked 
|   1|0x0000000604800000, 0x0000000604c00000, 0x0000000604c00000|100%|HS|  |TAMS 0x0000000604800000| PB 0x0000000604800000| Complete 
|   2|0x0000000604c00000, 0x0000000604ce97a8, 0x0000000605000000| 22%| O|  |TAMS 0x0000000604c00000| PB 0x0000000604c00000| Untracked 
|   3|0x0000000605000000, 0x0000000605400000, 0x0000000605400000|100%|HS|  |TAMS 0x0000000605000000| PB 0x0000000605000000| Complete 
|   4|0x0000000605400000, 0x0000000605400000, 0x0000000605800000|  0%| F|  |TAMS 0x0000000605400000| PB 0x0000000605400000| Untracked 
|   5|0x0000000605800000, 0x0000000605800000, 0x0000000605c00000|  0%| F|  |TAMS 0x0000000605800000| PB 0x0000000605800000| Untracked 
|   6|0x0000000605c00000, 0x0000000605c00000, 0x0000000606000000|  0%| F|  |TAMS 0x0000000605c00000| PB 0x0000000605c00000| Untracked 
|   7|0x0000000606000000, 0x0000000606000000, 0x0000000606400000|  0%| F|  |TAMS 0x0000000606000000| PB 0x0000000606000000| Untracked 
|   8|0x0000000606400000, 0x0000000606400000, 0x0000000606800000|  0%| F|  |TAMS 0x0000000606400000| PB 0x0000000606400000| Untracked 
|   9|0x0000000606800000, 0x0000000606800000, 0x0000000606c00000|  0%| F|  |TAMS 0x0000000606800000| PB 0x0000000606800000| Untracked 
|  10|0x0000000606c00000, 0x0000000606c00000, 0x0000000607000000|  0%| F|  |TAMS 0x0000000606c00000| PB 0x0000000606c00000| Untracked 
|  11|0x0000000607000000, 0x0000000607000000, 0x0000000607400000|  0%| F|  |TAMS 0x0000000607000000| PB 0x0000000607000000| Untracked 
|  12|0x0000000607400000, 0x0000000607400000, 0x0000000607800000|  0%| F|  |TAMS 0x0000000607400000| PB 0x0000000607400000| Untracked 
|  13|0x0000000607800000, 0x0000000607800000, 0x0000000607c00000|  0%| F|  |TAMS 0x0000000607800000| PB 0x0000000607800000| Untracked 
|  14|0x0000000607c00000, 0x0000000607c00000, 0x0000000608000000|  0%| F|  |TAMS 0x0000000607c00000| PB 0x0000000607c00000| Untracked 
|  15|0x0000000608000000, 0x0000000608000000, 0x0000000608400000|  0%| F|  |TAMS 0x0000000608000000| PB 0x0000000608000000| Untracked 
|  16|0x0000000608400000, 0x0000000608400000, 0x0000000608800000|  0%| F|  |TAMS 0x0000000608400000| PB 0x0000000608400000| Untracked 
|  17|0x0000000608800000, 0x0000000608800000, 0x0000000608c00000|  0%| F|  |TAMS 0x0000000608800000| PB 0x0000000608800000| Untracked 
|  18|0x0000000608c00000, 0x0000000608c00000, 0x0000000609000000|  0%| F|  |TAMS 0x0000000608c00000| PB 0x0000000608c00000| Untracked 
|  19|0x0000000609000000, 0x0000000609000000, 0x0000000609400000|  0%| F|  |TAMS 0x0000000609000000| PB 0x0000000609000000| Untracked 
|  20|0x0000000609400000, 0x0000000609400000, 0x0000000609800000|  0%| F|  |TAMS 0x0000000609400000| PB 0x0000000609400000| Untracked 
|  21|0x0000000609800000, 0x0000000609800000, 0x0000000609c00000|  0%| F|  |TAMS 0x0000000609800000| PB 0x0000000609800000| Untracked 
|  22|0x0000000609c00000, 0x0000000609c00000, 0x000000060a000000|  0%| F|  |TAMS 0x0000000609c00000| PB 0x0000000609c00000| Untracked 
|  23|0x000000060a000000, 0x000000060a000000, 0x000000060a400000|  0%| F|  |TAMS 0x000000060a000000| PB 0x000000060a000000| Untracked 
|  24|0x000000060a400000, 0x000000060a400000, 0x000000060a800000|  0%| F|  |TAMS 0x000000060a400000| PB 0x000000060a400000| Untracked 
|  25|0x000000060a800000, 0x000000060a800000, 0x000000060ac00000|  0%| F|  |TAMS 0x000000060a800000| PB 0x000000060a800000| Untracked 
|  26|0x000000060ac00000, 0x000000060ac00000, 0x000000060b000000|  0%| F|  |TAMS 0x000000060ac00000| PB 0x000000060ac00000| Untracked 
|  27|0x000000060b000000, 0x000000060b000000, 0x000000060b400000|  0%| F|  |TAMS 0x000000060b000000| PB 0x000000060b000000| Untracked 
|  28|0x000000060b400000, 0x000000060b400000, 0x000000060b800000|  0%| F|  |TAMS 0x000000060b400000| PB 0x000000060b400000| Untracked 
|  29|0x000000060b800000, 0x000000060b800000, 0x000000060bc00000|  0%| F|  |TAMS 0x000000060b800000| PB 0x000000060b800000| Untracked 
|  30|0x000000060bc00000, 0x000000060bc00000, 0x000000060c000000|  0%| F|  |TAMS 0x000000060bc00000| PB 0x000000060bc00000| Untracked 
|  31|0x000000060c000000, 0x000000060c000000, 0x000000060c400000|  0%| F|  |TAMS 0x000000060c000000| PB 0x000000060c000000| Untracked 
|  32|0x000000060c400000, 0x000000060c400000, 0x000000060c800000|  0%| F|  |TAMS 0x000000060c400000| PB 0x000000060c400000| Untracked 
|  33|0x000000060c800000, 0x000000060c800000, 0x000000060cc00000|  0%| F|  |TAMS 0x000000060c800000| PB 0x000000060c800000| Untracked 
|  34|0x000000060cc00000, 0x000000060cc00000, 0x000000060d000000|  0%| F|  |TAMS 0x000000060cc00000| PB 0x000000060cc00000| Untracked 
|  35|0x000000060d000000, 0x000000060d000000, 0x000000060d400000|  0%| F|  |TAMS 0x000000060d000000| PB 0x000000060d000000| Untracked 
|  36|0x000000060d400000, 0x000000060d400000, 0x000000060d800000|  0%| F|  |TAMS 0x000000060d400000| PB 0x000000060d400000| Untracked 
|  37|0x000000060d800000, 0x000000060d800000, 0x000000060dc00000|  0%| F|  |TAMS 0x000000060d800000| PB 0x000000060d800000| Untracked 
|  38|0x000000060dc00000, 0x000000060dc00000, 0x000000060e000000|  0%| F|  |TAMS 0x000000060dc00000| PB 0x000000060dc00000| Untracked 
|  39|0x000000060e000000, 0x000000060e000000, 0x000000060e400000|  0%| F|  |TAMS 0x000000060e000000| PB 0x000000060e000000| Untracked 
|  40|0x000000060e400000, 0x000000060e400000, 0x000000060e800000|  0%| F|  |TAMS 0x000000060e400000| PB 0x000000060e400000| Untracked 
|  41|0x000000060e800000, 0x000000060e800000, 0x000000060ec00000|  0%| F|  |TAMS 0x000000060e800000| PB 0x000000060e800000| Untracked 
|  42|0x000000060ec00000, 0x000000060ec00000, 0x000000060f000000|  0%| F|  |TAMS 0x000000060ec00000| PB 0x000000060ec00000| Untracked 
|  43|0x000000060f000000, 0x000000060f000000, 0x000000060f400000|  0%| F|  |TAMS 0x000000060f000000| PB 0x000000060f000000| Untracked 
|  44|0x000000060f400000, 0x000000060f400000, 0x000000060f800000|  0%| F|  |TAMS 0x000000060f400000| PB 0x000000060f400000| Untracked 
|  45|0x000000060f800000, 0x000000060f800000, 0x000000060fc00000|  0%| F|  |TAMS 0x000000060f800000| PB 0x000000060f800000| Untracked 
|  46|0x000000060fc00000, 0x000000060fc00000, 0x0000000610000000|  0%| F|  |TAMS 0x000000060fc00000| PB 0x000000060fc00000| Untracked 
|  47|0x0000000610000000, 0x0000000610000000, 0x0000000610400000|  0%| F|  |TAMS 0x0000000610000000| PB 0x0000000610000000| Untracked 
|  48|0x0000000610400000, 0x0000000610400000, 0x0000000610800000|  0%| F|  |TAMS 0x0000000610400000| PB 0x0000000610400000| Untracked 
|  49|0x0000000610800000, 0x0000000610800000, 0x0000000610c00000|  0%| F|  |TAMS 0x0000000610800000| PB 0x0000000610800000| Untracked 
|  50|0x0000000610c00000, 0x0000000610c00000, 0x0000000611000000|  0%| F|  |TAMS 0x0000000610c00000| PB 0x0000000610c00000| Untracked 
|  51|0x0000000611000000, 0x0000000611000000, 0x0000000611400000|  0%| F|  |TAMS 0x0000000611000000| PB 0x0000000611000000| Untracked 
|  52|0x0000000611400000, 0x0000000611400000, 0x0000000611800000|  0%| F|  |TAMS 0x0000000611400000| PB 0x0000000611400000| Untracked 
|  53|0x0000000611800000, 0x0000000611800000, 0x0000000611c00000|  0%| F|  |TAMS 0x0000000611800000| PB 0x0000000611800000| Untracked 
|  54|0x0000000611c00000, 0x0000000611c00000, 0x0000000612000000|  0%| F|  |TAMS 0x0000000611c00000| PB 0x0000000611c00000| Untracked 
|  55|0x0000000612000000, 0x0000000612000000, 0x0000000612400000|  0%| F|  |TAMS 0x0000000612000000| PB 0x0000000612000000| Untracked 
|  56|0x0000000612400000, 0x0000000612400000, 0x0000000612800000|  0%| F|  |TAMS 0x0000000612400000| PB 0x0000000612400000| Untracked 
|  57|0x0000000612800000, 0x0000000612800000, 0x0000000612c00000|  0%| F|  |TAMS 0x0000000612800000| PB 0x0000000612800000| Untracked 
|  58|0x0000000612c00000, 0x0000000612c00000, 0x0000000613000000|  0%| F|  |TAMS 0x0000000612c00000| PB 0x0000000612c00000| Untracked 
|  59|0x0000000613000000, 0x0000000613000000, 0x0000000613400000|  0%| F|  |TAMS 0x0000000613000000| PB 0x0000000613000000| Untracked 
|  60|0x0000000613400000, 0x0000000613400000, 0x0000000613800000|  0%| F|  |TAMS 0x0000000613400000| PB 0x0000000613400000| Untracked 
|  61|0x0000000613800000, 0x0000000613800000, 0x0000000613c00000|  0%| F|  |TAMS 0x0000000613800000| PB 0x0000000613800000| Untracked 
|  62|0x0000000613c00000, 0x0000000613c00000, 0x0000000614000000|  0%| F|  |TAMS 0x0000000613c00000| PB 0x0000000613c00000| Untracked 
|  63|0x0000000614000000, 0x0000000614000000, 0x0000000614400000|  0%| F|  |TAMS 0x0000000614000000| PB 0x0000000614000000| Untracked 
|  64|0x0000000614400000, 0x0000000614400000, 0x0000000614800000|  0%| F|  |TAMS 0x0000000614400000| PB 0x0000000614400000| Untracked 
|  65|0x0000000614800000, 0x0000000614800000, 0x0000000614c00000|  0%| F|  |TAMS 0x0000000614800000| PB 0x0000000614800000| Untracked 
|  66|0x0000000614c00000, 0x0000000614c00000, 0x0000000615000000|  0%| F|  |TAMS 0x0000000614c00000| PB 0x0000000614c00000| Untracked 
|  67|0x0000000615000000, 0x0000000615000000, 0x0000000615400000|  0%| F|  |TAMS 0x0000000615000000| PB 0x0000000615000000| Untracked 
|  68|0x0000000615400000, 0x0000000615400000, 0x0000000615800000|  0%| F|  |TAMS 0x0000000615400000| PB 0x0000000615400000| Untracked 
|  69|0x0000000615800000, 0x0000000615800000, 0x0000000615c00000|  0%| F|  |TAMS 0x0000000615800000| PB 0x0000000615800000| Untracked 
|  70|0x0000000615c00000, 0x0000000615c00000, 0x0000000616000000|  0%| F|  |TAMS 0x0000000615c00000| PB 0x0000000615c00000| Untracked 
|  71|0x0000000616000000, 0x0000000616000000, 0x0000000616400000|  0%| F|  |TAMS 0x0000000616000000| PB 0x0000000616000000| Untracked 
|  72|0x0000000616400000, 0x0000000616400000, 0x0000000616800000|  0%| F|  |TAMS 0x0000000616400000| PB 0x0000000616400000| Untracked 
|  73|0x0000000616800000, 0x0000000616800000, 0x0000000616c00000|  0%| F|  |TAMS 0x0000000616800000| PB 0x0000000616800000| Untracked 
|  74|0x0000000616c00000, 0x0000000616c00000, 0x0000000617000000|  0%| F|  |TAMS 0x0000000616c00000| PB 0x0000000616c00000| Untracked 
|  75|0x0000000617000000, 0x0000000617000000, 0x0000000617400000|  0%| F|  |TAMS 0x0000000617000000| PB 0x0000000617000000| Untracked 
|  76|0x0000000617400000, 0x0000000617400000, 0x0000000617800000|  0%| F|  |TAMS 0x0000000617400000| PB 0x0000000617400000| Untracked 
|  77|0x0000000617800000, 0x0000000617800000, 0x0000000617c00000|  0%| F|  |TAMS 0x0000000617800000| PB 0x0000000617800000| Untracked 
|  78|0x0000000617c00000, 0x0000000617c00000, 0x0000000618000000|  0%| F|  |TAMS 0x0000000617c00000| PB 0x0000000617c00000| Untracked 
|  79|0x0000000618000000, 0x0000000618000000, 0x0000000618400000|  0%| F|  |TAMS 0x0000000618000000| PB 0x0000000618000000| Untracked 
|  80|0x0000000618400000, 0x0000000618400000, 0x0000000618800000|  0%| F|  |TAMS 0x0000000618400000| PB 0x0000000618400000| Untracked 
|  81|0x0000000618800000, 0x0000000618800000, 0x0000000618c00000|  0%| F|  |TAMS 0x0000000618800000| PB 0x0000000618800000| Untracked 
|  82|0x0000000618c00000, 0x0000000618c00000, 0x0000000619000000|  0%| F|  |TAMS 0x0000000618c00000| PB 0x0000000618c00000| Untracked 
|  83|0x0000000619000000, 0x0000000619000000, 0x0000000619400000|  0%| F|  |TAMS 0x0000000619000000| PB 0x0000000619000000| Untracked 
|  84|0x0000000619400000, 0x0000000619400000, 0x0000000619800000|  0%| F|  |TAMS 0x0000000619400000| PB 0x0000000619400000| Untracked 
|  85|0x0000000619800000, 0x0000000619800000, 0x0000000619c00000|  0%| F|  |TAMS 0x0000000619800000| PB 0x0000000619800000| Untracked 
|  86|0x0000000619c00000, 0x0000000619c00000, 0x000000061a000000|  0%| F|  |TAMS 0x0000000619c00000| PB 0x0000000619c00000| Untracked 
|  87|0x000000061a000000, 0x000000061a000000, 0x000000061a400000|  0%| F|  |TAMS 0x000000061a000000| PB 0x000000061a000000| Untracked 
|  88|0x000000061a400000, 0x000000061a400000, 0x000000061a800000|  0%| F|  |TAMS 0x000000061a400000| PB 0x000000061a400000| Untracked 
|  89|0x000000061a800000, 0x000000061a800000, 0x000000061ac00000|  0%| F|  |TAMS 0x000000061a800000| PB 0x000000061a800000| Untracked 
|  90|0x000000061ac00000, 0x000000061ac00000, 0x000000061b000000|  0%| F|  |TAMS 0x000000061ac00000| PB 0x000000061ac00000| Untracked 
|  91|0x000000061b000000, 0x000000061b000000, 0x000000061b400000|  0%| F|  |TAMS 0x000000061b000000| PB 0x000000061b000000| Untracked 
|  92|0x000000061b400000, 0x000000061b400000, 0x000000061b800000|  0%| F|  |TAMS 0x000000061b400000| PB 0x000000061b400000| Untracked 
|  93|0x000000061b800000, 0x000000061b800000, 0x000000061bc00000|  0%| F|  |TAMS 0x000000061b800000| PB 0x000000061b800000| Untracked 
|  94|0x000000061bc00000, 0x000000061bc00000, 0x000000061c000000|  0%| F|  |TAMS 0x000000061bc00000| PB 0x000000061bc00000| Untracked 
|  95|0x000000061c000000, 0x000000061c000000, 0x000000061c400000|  0%| F|  |TAMS 0x000000061c000000| PB 0x000000061c000000| Untracked 
|  96|0x000000061c400000, 0x000000061c400000, 0x000000061c800000|  0%| F|  |TAMS 0x000000061c400000| PB 0x000000061c400000| Untracked 
|  97|0x000000061c800000, 0x000000061c800000, 0x000000061cc00000|  0%| F|  |TAMS 0x000000061c800000| PB 0x000000061c800000| Untracked 
|  98|0x000000061cc00000, 0x000000061cc00000, 0x000000061d000000|  0%| F|  |TAMS 0x000000061cc00000| PB 0x000000061cc00000| Untracked 
|  99|0x000000061d000000, 0x000000061d000000, 0x000000061d400000|  0%| F|  |TAMS 0x000000061d000000| PB 0x000000061d000000| Untracked 
| 100|0x000000061d400000, 0x000000061d400000, 0x000000061d800000|  0%| F|  |TAMS 0x000000061d400000| PB 0x000000061d400000| Untracked 
| 101|0x000000061d800000, 0x000000061dc00000, 0x000000061dc00000|100%| E|  |TAMS 0x000000061d800000| PB 0x000000061d800000| Complete 
| 102|0x000000061dc00000, 0x000000061e000000, 0x000000061e000000|100%| E|CS|TAMS 0x000000061dc00000| PB 0x000000061dc00000| Complete 
| 103|0x000000061e000000, 0x000000061e400000, 0x000000061e400000|100%| E|CS|TAMS 0x000000061e000000| PB 0x000000061e000000| Complete 
| 104|0x000000061e400000, 0x000000061e800000, 0x000000061e800000|100%| E|CS|TAMS 0x000000061e400000| PB 0x000000061e400000| Complete 
| 105|0x000000061e800000, 0x000000061ec00000, 0x000000061ec00000|100%| E|CS|TAMS 0x000000061e800000| PB 0x000000061e800000| Complete 
| 106|0x000000061ec00000, 0x000000061f000000, 0x000000061f000000|100%| E|CS|TAMS 0x000000061ec00000| PB 0x000000061ec00000| Complete 
| 107|0x000000061f000000, 0x000000061f400000, 0x000000061f400000|100%| E|CS|TAMS 0x000000061f000000| PB 0x000000061f000000| Complete 
| 108|0x000000061f400000, 0x000000061f800000, 0x000000061f800000|100%| E|CS|TAMS 0x000000061f400000| PB 0x000000061f400000| Complete 
| 109|0x000000061f800000, 0x000000061fc00000, 0x000000061fc00000|100%| E|CS|TAMS 0x000000061f800000| PB 0x000000061f800000| Complete 
| 110|0x000000061fc00000, 0x000000061fcb0288, 0x0000000620000000| 17%| S|CS|TAMS 0x000000061fc00000| PB 0x000000061fc00000| Complete 
| 111|0x0000000620000000, 0x0000000620400000, 0x0000000620400000|100%| S|CS|TAMS 0x0000000620000000| PB 0x0000000620000000| Complete 
| 112|0x0000000620400000, 0x0000000620800000, 0x0000000620800000|100%| E|CS|TAMS 0x0000000620400000| PB 0x0000000620400000| Complete 
| 113|0x0000000620800000, 0x0000000620c00000, 0x0000000620c00000|100%| E|CS|TAMS 0x0000000620800000| PB 0x0000000620800000| Complete 
| 114|0x0000000620c00000, 0x0000000621000000, 0x0000000621000000|100%| E|CS|TAMS 0x0000000620c00000| PB 0x0000000620c00000| Complete 
| 115|0x0000000621000000, 0x0000000621400000, 0x0000000621400000|100%| E|CS|TAMS 0x0000000621000000| PB 0x0000000621000000| Complete 
| 116|0x0000000621400000, 0x0000000621800000, 0x0000000621800000|100%| E|CS|TAMS 0x0000000621400000| PB 0x0000000621400000| Complete 
| 117|0x0000000621800000, 0x0000000621c00000, 0x0000000621c00000|100%| E|CS|TAMS 0x0000000621800000| PB 0x0000000621800000| Complete 
| 118|0x0000000621c00000, 0x0000000622000000, 0x0000000622000000|100%| E|CS|TAMS 0x0000000621c00000| PB 0x0000000621c00000| Complete 
| 119|0x0000000622000000, 0x0000000622400000, 0x0000000622400000|100%| E|CS|TAMS 0x0000000622000000| PB 0x0000000622000000| Complete 
| 120|0x0000000622400000, 0x0000000622800000, 0x0000000622800000|100%| E|CS|TAMS 0x0000000622400000| PB 0x0000000622400000| Complete 
| 121|0x0000000622800000, 0x0000000622c00000, 0x0000000622c00000|100%| E|CS|TAMS 0x0000000622800000| PB 0x0000000622800000| Complete 
| 122|0x0000000622c00000, 0x0000000623000000, 0x0000000623000000|100%| E|  |TAMS 0x0000000622c00000| PB 0x0000000622c00000| Complete 
| 123|0x0000000623000000, 0x0000000623400000, 0x0000000623400000|100%| E|CS|TAMS 0x0000000623000000| PB 0x0000000623000000| Complete 
| 124|0x0000000623400000, 0x0000000623800000, 0x0000000623800000|100%| E|CS|TAMS 0x0000000623400000| PB 0x0000000623400000| Complete 
| 125|0x0000000623800000, 0x0000000623c00000, 0x0000000623c00000|100%| E|CS|TAMS 0x0000000623800000| PB 0x0000000623800000| Complete 
| 126|0x0000000623c00000, 0x0000000624000000, 0x0000000624000000|100%| E|CS|TAMS 0x0000000623c00000| PB 0x0000000623c00000| Complete 

Card table byte_map: [0x0000029242840000,0x0000029243820000] _byte_map_base: 0x000002923f81e000

Marking Bits: (CMBitMap*) 0x000002924b758970
 Bits: [0x0000029243820000, 0x000002924b710000)

Polling page: 0x00000292290b0000

Metaspace:

Usage:
  Non-class:     17.66 MB used.
      Class:      2.72 MB used.
       Both:     20.38 MB used.

Virtual space:
  Non-class space:       64.00 MB reserved,      17.88 MB ( 28%) committed,  1 nodes.
      Class space:        1.00 GB reserved,       2.88 MB ( <1%) committed,  1 nodes.
             Both:        1.06 GB reserved,      20.75 MB (  2%) committed. 

Chunk freelists:
   Non-Class:  13.94 MB
       Class:  12.94 MB
        Both:  26.88 MB

MaxMetaspaceSize: unlimited
CompressedClassSpaceSize: 1.00 GB
Initial GC threshold: 21.00 MB
Current GC threshold: 21.00 MB
CDS: on
 - commit_granule_bytes: 65536.
 - commit_granule_words: 8192.
 - virtual_space_node_default_size: 8388608.
 - enlarge_chunks_in_place: 1.
 - use_allocation_guard: 0.


Internal statistics:

num_allocs_failed_limit: 0.
num_arena_births: 384.
num_arena_deaths: 0.
num_vsnodes_births: 2.
num_vsnodes_deaths: 0.
num_space_committed: 330.
num_space_uncommitted: 0.
num_chunks_returned_to_freelist: 0.
num_chunks_taken_from_freelist: 1118.
num_chunk_merges: 0.
num_chunk_splits: 767.
num_chunks_enlarged: 590.
num_inconsistent_stats: 0.

CodeHeap 'non-profiled nmethods': size=119168Kb used=4415Kb max_used=4415Kb free=114752Kb
 bounds [0x0000029239b70000, 0x0000029239fc0000, 0x0000029240fd0000]
CodeHeap 'profiled nmethods': size=119104Kb used=10928Kb max_used=10928Kb free=108175Kb
 bounds [0x0000029231fd0000, 0x0000029232a80000, 0x0000029239420000]
CodeHeap 'non-nmethods': size=7488Kb used=1890Kb max_used=3550Kb free=5598Kb
 bounds [0x0000029239420000, 0x00000292397a0000, 0x0000029239b70000]
 total_blobs=6196 nmethods=5469 adapters=630
 compilation: enabled
              stopped_count=0, restarted_count=0
 full_count=0

Compilation events (20 events):
Event: 638.491 Thread 0x000002924e86dbc0 5460       3       rx.internal.util.ActionSubscriber::onNext (11 bytes)
Event: 638.491 Thread 0x000002924e86dbc0 nmethod 5460 0x0000029232a75710 code [0x0000029232a758c0, 0x0000029232a75aa0]
Event: 638.951 Thread 0x000002924e86dbc0 5461       3       com.badlogic.gdx.scenes.scene2d.actions.Actions::color (7 bytes)
Event: 638.951 Thread 0x000002924e86dbc0 nmethod 5461 0x0000029232a75b90 code [0x0000029232a75dc0, 0x0000029232a76800]
Event: 638.951 Thread 0x000002924e86dbc0 5462       3       com.badlogic.gdx.scenes.scene2d.actions.Actions::color (26 bytes)
Event: 638.952 Thread 0x000002924e86dbc0 nmethod 5462 0x0000029232a76b10 code [0x0000029232a76d40, 0x0000029232a77750]
Event: 639.834 Thread 0x000002924e868010 5463       4       com.badlogic.gdx.scenes.scene2d.actions.DelegateAction::setActor (21 bytes)
Event: 639.838 Thread 0x000002924e868010 nmethod 5463 0x0000029239fbf310 code [0x0000029239fbf520, 0x0000029239fbfb88]
Event: 641.018 Thread 0x000002924e86dbc0 5464       3       rx.subscriptions.SerialSubscription::isUnsubscribed (8 bytes)
Event: 641.018 Thread 0x000002924e86dbc0 nmethod 5464 0x0000029232a77a90 code [0x0000029232a77c40, 0x0000029232a77e38]
Event: 641.018 Thread 0x000002924e86dbc0 5465       3       rx.internal.subscriptions.SequentialSubscription::isUnsubscribed (16 bytes)
Event: 641.018 Thread 0x000002924e86dbc0 nmethod 5465 0x0000029232a77f10 code [0x0000029232a780c0, 0x0000029232a78248]
Event: 641.035 Thread 0x000002924e86dbc0 5466       3       com.badlogic.gdx.scenes.scene2d.actions.ColorAction::reset (10 bytes)
Event: 641.035 Thread 0x000002924e86dbc0 nmethod 5466 0x0000029232a78310 code [0x0000029232a784c0, 0x0000029232a78878]
Event: 642.087 Thread 0x000002924e86dbc0 5467       3       java.lang.Math::clamp (89 bytes)
Event: 642.088 Thread 0x000002924e86dbc0 nmethod 5467 0x0000029232a78990 code [0x0000029232a78ce0, 0x0000029232a79fc8]
Event: 642.088 Thread 0x000002924e86dbc0 5468       3       jdk.internal.math.FDBigInteger::<init> (194 bytes)
Event: 642.088 Thread 0x000002924e86dbc0 nmethod 5468 0x0000029232a7a690 code [0x0000029232a7a8a0, 0x0000029232a7afd0]
Event: 642.088 Thread 0x000002924e86dbc0 5469       3       jdk.internal.math.FDBigInteger::multByPow52 (154 bytes)
Event: 642.088 Thread 0x000002924e86dbc0 nmethod 5469 0x0000029232a7b390 code [0x0000029232a7b5e0, 0x0000029232a7bed8]

GC Heap History (6 events):
Event: 6.446 GC heap before
{Heap before GC invocations=0 (full 0):
 garbage-first heap   total 520192K, used 24576K [0x0000000604400000, 0x0000000800000000)
  region size 4096K, 6 young (24576K), 0 survivors (0K)
 Metaspace       used 6498K, committed 6656K, reserved 1114112K
  class space    used 549K, committed 640K, reserved 1048576K
}
Event: 6.450 GC heap after
{Heap after GC invocations=1 (full 0):
 garbage-first heap   total 520192K, used 5061K [0x0000000604400000, 0x0000000800000000)
  region size 4096K, 1 young (4096K), 1 survivors (4096K)
 Metaspace       used 6498K, committed 6656K, reserved 1114112K
  class space    used 549K, committed 640K, reserved 1048576K
}
Event: 6.968 GC heap before
{Heap before GC invocations=1 (full 0):
 garbage-first heap   total 520192K, used 25541K [0x0000000604400000, 0x0000000800000000)
  region size 4096K, 6 young (24576K), 1 survivors (4096K)
 Metaspace       used 11427K, committed 11584K, reserved 1114112K
  class space    used 1171K, committed 1216K, reserved 1048576K
}
Event: 6.971 GC heap after
{Heap after GC invocations=2 (full 0):
 garbage-first heap   total 520192K, used 7144K [0x0000000604400000, 0x0000000800000000)
  region size 4096K, 1 young (4096K), 1 survivors (4096K)
 Metaspace       used 11427K, committed 11584K, reserved 1114112K
  class space    used 1171K, committed 1216K, reserved 1048576K
}
Event: 26.972 GC heap before
{Heap before GC invocations=2 (full 0):
 garbage-first heap   total 520192K, used 150504K [0x0000000604400000, 0x0000000800000000)
  region size 4096K, 15 young (61440K), 1 survivors (4096K)
 Metaspace       used 16228K, committed 16512K, reserved 1114112K
  class space    used 2025K, committed 2176K, reserved 1048576K
}
Event: 26.975 GC heap after
{Heap after GC invocations=3 (full 0):
 garbage-first heap   total 520192K, used 9830K [0x0000000604400000, 0x0000000800000000)
  region size 4096K, 2 young (8192K), 2 survivors (8192K)
 Metaspace       used 16228K, committed 16512K, reserved 1114112K
  class space    used 2025K, committed 2176K, reserved 1048576K
}

Dll operation events (10 events):
Event: 0.025 Loaded shared library C:\Users\matus.sivak\.jdks\corretto-21.0.6\bin\java.dll
Event: 0.060 Loaded shared library C:\Users\matus.sivak\.jdks\corretto-21.0.6\bin\jsvml.dll
Event: 0.156 Loaded shared library C:\Users\matus.sivak\.jdks\corretto-21.0.6\bin\net.dll
Event: 0.158 Loaded shared library C:\Users\matus.sivak\.jdks\corretto-21.0.6\bin\nio.dll
Event: 0.448 Loaded shared library C:\Users\matus.sivak\.jdks\corretto-21.0.6\bin\zip.dll
Event: 4.891 Loaded shared library C:\Users\matus.sivak\.jdks\corretto-21.0.6\bin\jimage.dll
Event: 4.901 Loaded shared library C:\Users\matus.sivak\AppData\Local\Temp\libgdxmatus.sivak\12dfaa03\gdx64.dll
Event: 4.971 Loaded shared library C:\Users\matus.sivak\.jdks\corretto-21.0.6\bin\verify.dll
Event: 4.979 Loaded shared library C:\Users\matus.sivak\AppData\Local\Temp\libgdxmatus.sivak\dc0f0009\lwjgl64.dll
Event: 6.262 Loaded shared library C:\Users\matus.sivak\AppData\Local\Temp\libgdxmatus.sivak\a04a55a\gdx-freetype64.dll

Deoptimization events (20 events):
Event: 471.586 Thread 0x000002924e8521d0 Uncommon trap: trap_request=0xffffff6e fr.pc=0x0000029239f619d0 relative=0x0000000000004b30
Event: 471.586 Thread 0x000002924e8521d0 Uncommon trap: reason=loop_limit_check action=maybe_recompile pc=0x0000029239f619d0 method=com.badlogic.gdx.scenes.scene2d.ui.Table.endRow()V @ 15 c2
Event: 471.586 Thread 0x000002924e8521d0 DEOPT PACKING pc=0x0000029239f619d0 sp=0x000000a0d73fe5e0
Event: 471.586 Thread 0x000002924e8521d0 DEOPT UNPACKING pc=0x0000029239477da2 sp=0x000000a0d73fe4c0 mode 2
Event: 477.967 Thread 0x000002924e8521d0 Uncommon trap: trap_request=0xffffff45 fr.pc=0x0000029239d96788 relative=0x0000000000000308
Event: 477.967 Thread 0x000002924e8521d0 Uncommon trap: reason=unstable_if action=reinterpret pc=0x0000029239d96788 method=com.badlogic.gdx.scenes.scene2d.ui.Image.layout()V @ 78 c2
Event: 477.967 Thread 0x000002924e8521d0 DEOPT PACKING pc=0x0000029239d96788 sp=0x000000a0d73fed40
Event: 477.967 Thread 0x000002924e8521d0 DEOPT UNPACKING pc=0x0000029239477da2 sp=0x000000a0d73fecc0 mode 2
Event: 637.984 Thread 0x000002924e8521d0 Uncommon trap: trap_request=0xffffff6e fr.pc=0x0000029239fbe9ec relative=0x000000000000028c
Event: 637.984 Thread 0x000002924e8521d0 Uncommon trap: reason=loop_limit_check action=maybe_recompile pc=0x0000029239fbe9ec method=com.badlogic.gdx.scenes.scene2d.Actor.clearActions()V @ 11 c2
Event: 637.984 Thread 0x000002924e8521d0 DEOPT PACKING pc=0x0000029239fbe9ec sp=0x000000a0d73fefe0
Event: 637.984 Thread 0x000002924e8521d0 DEOPT UNPACKING pc=0x0000029239477da2 sp=0x000000a0d73fef90 mode 2
Event: 657.739 Thread 0x000002924e8521d0 Uncommon trap: trap_request=0xffffff45 fr.pc=0x0000029239edd824 relative=0x00000000000018e4
Event: 657.739 Thread 0x000002924e8521d0 Uncommon trap: reason=unstable_if action=reinterpret pc=0x0000029239edd824 method=org.lwjgl.opengl.WindowsDisplay.doHandleMessage(JIJJJ)J @ 71 c2
Event: 657.739 Thread 0x000002924e8521d0 DEOPT PACKING pc=0x0000029239edd824 sp=0x000000a0d73fd430
Event: 657.739 Thread 0x000002924e8521d0 DEOPT UNPACKING pc=0x0000029239477da2 sp=0x000000a0d73fd3e8 mode 2
Event: 658.225 Thread 0x000002924e8521d0 Uncommon trap: trap_request=0xffffff45 fr.pc=0x0000029239e2f9f0 relative=0x0000000000000ad0
Event: 658.225 Thread 0x000002924e8521d0 Uncommon trap: reason=unstable_if action=reinterpret pc=0x0000029239e2f9f0 method=org.lwjgl.opengl.WindowsDisplay.wasResized()Z @ 4 c2
Event: 658.225 Thread 0x000002924e8521d0 DEOPT PACKING pc=0x0000029239e2f9f0 sp=0x000000a0d73ff290
Event: 658.225 Thread 0x000002924e8521d0 DEOPT UNPACKING pc=0x0000029239477da2 sp=0x000000a0d73ff218 mode 2

Classes loaded (20 events):
Event: 26.538 Loading class java/text/MessageFormat
Event: 26.538 Loading class java/text/MessageFormat done
Event: 26.539 Loading class java/text/MessageFormat$Field
Event: 26.539 Loading class java/text/MessageFormat$Field done
Event: 32.694 Loading class java/lang/Math$RandomNumberGeneratorHolder
Event: 32.694 Loading class java/lang/Math$RandomNumberGeneratorHolder done
Event: 34.553 Loading class sun/text/resources/cldr/FormatData_en_US
Event: 34.553 Loading class sun/text/resources/cldr/FormatData_en_US done
Event: 34.553 Loading class java/text/FieldPosition$Delegate
Event: 34.553 Loading class java/text/FieldPosition$Delegate done
Event: 36.616 Loading class jdk/internal/math/FDBigInteger
Event: 36.617 Loading class jdk/internal/math/FDBigInteger done
Event: 57.061 Loading class java/util/regex/Pattern$SliceI
Event: 57.061 Loading class java/util/regex/Pattern$SliceI done
Event: 66.621 Loading class java/util/concurrent/ConcurrentLinkedQueue$Itr
Event: 66.621 Loading class java/util/concurrent/ConcurrentLinkedQueue$Itr done
Event: 250.015 Loading class java/util/concurrent/PriorityBlockingQueue
Event: 250.015 Loading class java/util/concurrent/PriorityBlockingQueue done
Event: 275.859 Loading class java/util/ArrayList$SubList$1
Event: 275.861 Loading class java/util/ArrayList$SubList$1 done

Classes unloaded (0 events):
No events

Classes redefined (0 events):
No events

Internal exceptions (20 events):
Event: 139.622 Thread 0x000002924e8521d0 Exception <a 'java/lang/NoSuchMethodError'{0x0000000621efc4f8}: 'java.lang.Object java.lang.invoke.Invokers$Holder.linkToTargetMethod(java.lang.Object, java.lang.Object, int, java.lang.Object, java.lang.Object)'> (0x0000000621efc4f8) 
thrown [s\src\hotspot\share\interpreter\linkResolver.cpp, line 773]
Event: 166.591 Thread 0x000002924e8521d0 Exception <a 'java/lang/NoSuchMethodError'{0x0000000621ba4338}: 'int java.lang.invoke.Invokers$Holder.invokeExact_MT(java.lang.Object, java.lang.Object, java.lang.Object)'> (0x0000000621ba4338) 
thrown [s\src\hotspot\share\interpreter\linkResolver.cpp, line 773]
Event: 166.658 Thread 0x000002924e8521d0 Exception <a 'java/lang/NoSuchMethodError'{0x000000062141ea10}: 'void java.lang.invoke.DirectMethodHandle$Holder.invokeSpecial(java.lang.Object, java.lang.Object, int)'> (0x000000062141ea10) 
thrown [s\src\hotspot\share\interpreter\linkResolver.cpp, line 773]
Event: 178.754 Thread 0x000002924e8521d0 Exception <a 'java/lang/NoSuchMethodError'{0x00000006215a0d20}: 'java.lang.Object java.lang.invoke.DirectMethodHandle$Holder.newInvokeSpecial(java.lang.Object, java.lang.Object, int, int)'> (0x00000006215a0d20) 
thrown [s\src\hotspot\share\interpreter\linkResolver.cpp, line 773]
Event: 178.754 Thread 0x000002924e8521d0 Exception <a 'java/lang/NoSuchMethodError'{0x00000006215a4cc0}: 'java.lang.Object java.lang.invoke.DirectMethodHandle$Holder.invokeSpecial(java.lang.Object, java.lang.Object, java.lang.Object, int, int)'> (0x00000006215a4cc0) 
thrown [s\src\hotspot\share\interpreter\linkResolver.cpp, line 773]
Event: 183.500 Thread 0x000002924e8521d0 Exception <a 'java/lang/NoSuchMethodError'{0x00000006216067b0}: 'java.lang.Object java.lang.invoke.DirectMethodHandle$Holder.newInvokeSpecial(java.lang.Object, java.lang.Object, java.lang.Object, int, int)'> (0x00000006216067b0) 
thrown [s\src\hotspot\share\interpreter\linkResolver.cpp, line 773]
Event: 188.331 Thread 0x000002924e8521d0 Implicit null exception at 0x0000029239dfa4c2 to 0x0000029239dfa748
Event: 188.331 Thread 0x000002924e8521d0 Implicit null exception at 0x0000029239cdace6 to 0x0000029239cdad8a
Event: 188.331 Thread 0x000002924e8521d0 Implicit null exception at 0x0000029239c344c2 to 0x0000029239c34748
Event: 213.626 Thread 0x000002924e8521d0 Exception <a 'java/lang/NoSuchMethodError'{0x000000062102a1e0}: 'int java.lang.invoke.DirectMethodHandle$Holder.invokeStatic(java.lang.Object, java.lang.Object, java.lang.Object, java.lang.Object)'> (0x000000062102a1e0) 
thrown [s\src\hotspot\share\interpreter\linkResolver.cpp, line 773]
Event: 218.776 Thread 0x000002924e8521d0 Exception <a 'java/lang/NoSuchMethodError'{0x000000062113bd58}: 'java.lang.Object java.lang.invoke.DirectMethodHandle$Holder.newInvokeSpecial(java.lang.Object, java.lang.Object, java.lang.Object, java.lang.Object, int)'> (0x000000062113bd58) 
thrown [s\src\hotspot\share\interpreter\linkResolver.cpp, line 773]
Event: 218.776 Thread 0x000002924e8521d0 Exception <a 'java/lang/NoSuchMethodError'{0x000000062113fe40}: 'java.lang.Object java.lang.invoke.DirectMethodHandle$Holder.invokeSpecial(java.lang.Object, java.lang.Object, java.lang.Object, java.lang.Object, java.lang.Object, int)'> (0x000000062113fe40) 
thrown [s\src\hotspot\share\interpreter\linkResolver.cpp, line 773]
Event: 218.776 Thread 0x000002924e8521d0 Exception <a 'java/lang/NoSuchMethodError'{0x00000006211438c0}: 'java.lang.Object java.lang.invoke.Invokers$Holder.linkToTargetMethod(java.lang.Object, java.lang.Object, java.lang.Object, int, java.lang.Object)'> (0x00000006211438c0) 
thrown [s\src\hotspot\share\interpreter\linkResolver.cpp, line 773]
Event: 239.448 Thread 0x000002924e8521d0 Exception <a 'java/lang/NoSuchMethodError'{0x0000000621301018}: 'void java.lang.invoke.DirectMethodHandle$Holder.invokeSpecial(java.lang.Object, java.lang.Object, float)'> (0x0000000621301018) 
thrown [s\src\hotspot\share\interpreter\linkResolver.cpp, line 773]
Event: 257.726 Thread 0x000002924e8521d0 Exception <a 'java/lang/NoSuchMethodError'{0x0000000620d83398}: 'void java.lang.invoke.DirectMethodHandle$Holder.invokeSpecial(java.lang.Object, java.lang.Object, java.lang.Object, java.lang.Object, int, java.lang.Object)'> (0x0000000620d83398) 
thrown [s\src\hotspot\share\interpreter\linkResolver.cpp, line 773]
Event: 269.475 Thread 0x000002924e8521d0 Exception <a 'java/lang/NoSuchMethodError'{0x0000000620f6dba0}: 'void java.lang.invoke.DirectMethodHandle$Holder.invokeStatic(java.lang.Object, java.lang.Object, float)'> (0x0000000620f6dba0) 
thrown [s\src\hotspot\share\interpreter\linkResolver.cpp, line 773]
Event: 440.301 Thread 0x000002924e8521d0 Exception <a 'java/lang/NoSuchMethodError'{0x000000061f3f2d30}: 'java.lang.Object java.lang.invoke.DirectMethodHandle$Holder.newInvokeSpecial(java.lang.Object, java.lang.Object, float, java.lang.Object)'> (0x000000061f3f2d30) 
thrown [s\src\hotspot\share\interpreter\linkResolver.cpp, line 773]
Event: 446.552 Thread 0x000002924e8521d0 Exception <a 'java/lang/NoSuchMethodError'{0x000000061ecbb780}: 'java.lang.Object java.lang.invoke.DirectMethodHandle$Holder.newInvokeSpecial(java.lang.Object, java.lang.Object, java.lang.Object, java.lang.Object, java.lang.Object, int)'> (0x000000061ecbb780) 
thrown [s\src\hotspot\share\interpreter\linkResolver.cpp, line 773]
Event: 446.552 Thread 0x000002924e8521d0 Exception <a 'java/lang/NoSuchMethodError'{0x000000061ecbf998}: 'java.lang.Object java.lang.invoke.DirectMethodHandle$Holder.invokeSpecial(java.lang.Object, java.lang.Object, java.lang.Object, java.lang.Object, java.lang.Object, java.lang.Object, int)'> (0x000000061ecbf998) 
thrown [s\src\hotspot\share\interpreter\linkResolver.cpp, line 773]
Event: 446.552 Thread 0x000002924e8521d0 Exception <a 'java/lang/NoSuchMethodError'{0x000000061ecc3520}: 'java.lang.Object java.lang.invoke.Invokers$Holder.linkToTargetMethod(java.lang.Object, java.lang.Object, java.lang.Object, java.lang.Object, int, java.lang.Object)'> (0x000000061ecc3520) 
thrown [s\src\hotspot\share\interpreter\linkResolver.cpp, line 773]

ZGC Phase Switch (0 events):
No events

VM Operations (20 events):
Event: 615.240 Executing VM operation: Cleanup
Event: 615.240 Executing VM operation: Cleanup done
Event: 623.243 Executing VM operation: Cleanup
Event: 623.243 Executing VM operation: Cleanup done
Event: 624.243 Executing VM operation: Cleanup
Event: 624.243 Executing VM operation: Cleanup done
Event: 628.245 Executing VM operation: Cleanup
Event: 628.245 Executing VM operation: Cleanup done
Event: 630.247 Executing VM operation: Cleanup
Event: 630.247 Executing VM operation: Cleanup done
Event: 632.247 Executing VM operation: Cleanup
Event: 632.247 Executing VM operation: Cleanup done
Event: 634.248 Executing VM operation: Cleanup
Event: 634.248 Executing VM operation: Cleanup done
Event: 640.252 Executing VM operation: Cleanup
Event: 640.252 Executing VM operation: Cleanup done
Event: 641.252 Executing VM operation: Cleanup
Event: 641.252 Executing VM operation: Cleanup done
Event: 642.253 Executing VM operation: Cleanup
Event: 642.253 Executing VM operation: Cleanup done

Memory protections (0 events):
No events

Nmethod flushes (0 events):
No events

Events (20 events):
Event: 247.111 Thread 0x000002924ea74710 Thread exited: 0x000002924ea74710
Event: 248.395 Thread 0x000002929ea9ed80 Thread exited: 0x000002929ea9ed80
Event: 248.395 Thread 0x00000292946eb5b0 Thread exited: 0x00000292946eb5b0
Event: 266.308 Thread 0x000002924e8521d0 Thread added: 0x000002929ea847c0
Event: 284.953 Thread 0x000002924e8521d0 Thread added: 0x000002929ea83aa0
Event: 284.954 Thread 0x000002924e8521d0 Thread added: 0x000002929ea82d80
Event: 285.035 Thread 0x000002924e8521d0 Thread added: 0x000002929ea826f0
Event: 360.927 Thread 0x000002924e868010 Thread added: 0x00000292e59c1880
Event: 362.306 Thread 0x00000292e59c1880 Thread exited: 0x00000292e59c1880
Event: 366.626 Thread 0x000002929ea80cb0 Thread exited: 0x000002929ea80cb0
Event: 366.626 Thread 0x000002929ea84130 Thread exited: 0x000002929ea84130
Event: 366.626 Thread 0x000002929ea826f0 Thread exited: 0x000002929ea826f0
Event: 426.627 Thread 0x000002929ea82d80 Thread exited: 0x000002929ea82d80
Event: 426.627 Thread 0x000002929ea83aa0 Thread exited: 0x000002929ea83aa0
Event: 426.627 Thread 0x000002929ea847c0 Thread exited: 0x000002929ea847c0
Event: 434.338 Thread 0x000002924e8521d0 Thread added: 0x000002929ea83aa0
Event: 537.836 Thread 0x000002924e8521d0 Thread added: 0x000002929ea81340
Event: 537.836 Thread 0x000002924e8521d0 Thread added: 0x000002929ea819d0
Event: 606.628 Thread 0x000002929ea81340 Thread exited: 0x000002929ea81340
Event: 606.628 Thread 0x000002929ea819d0 Thread exited: 0x000002929ea819d0


Dynamic libraries:
0x00007ff6e8820000 - 0x00007ff6e882e000 	C:\Users\matus.sivak\.jdks\corretto-21.0.6\bin\java.exe
0x00007fff943c0000 - 0x00007fff94626000 	C:\WINDOWS\SYSTEM32\ntdll.dll
0x00007fff932c0000 - 0x00007fff93389000 	C:\WINDOWS\System32\KERNEL32.DLL
0x00007fff918b0000 - 0x00007fff91caf000 	C:\WINDOWS\System32\KERNELBASE.dll
0x00007fff915d0000 - 0x00007fff9171c000 	C:\WINDOWS\System32\ucrtbase.dll
0x00007fff63f70000 - 0x00007fff63f88000 	C:\Users\matus.sivak\.jdks\corretto-21.0.6\bin\jli.dll
0x00007fff63f10000 - 0x00007fff63f2b000 	C:\Users\matus.sivak\.jdks\corretto-21.0.6\bin\VCRUNTIME140.dll
0x00007fff941b0000 - 0x00007fff94376000 	C:\WINDOWS\System32\USER32.dll
0x00007fff68660000 - 0x00007fff688f1000 	C:\WINDOWS\WinSxS\amd64_microsoft.windows.common-controls_6595b64144ccf1df_6.0.26100.8972_none_3e0da176e32f9d4b\COMCTL32.dll
0x00007fff91880000 - 0x00007fff918a7000 	C:\WINDOWS\System32\win32u.dll
0x00007fff924a0000 - 0x00007fff92549000 	C:\WINDOWS\System32\msvcrt.dll
0x00007fff92650000 - 0x00007fff9267b000 	C:\WINDOWS\System32\GDI32.dll
0x00007fff91fc0000 - 0x00007fff920e9000 	C:\WINDOWS\System32\gdi32full.dll
0x00007fff91f10000 - 0x00007fff91fb3000 	C:\WINDOWS\System32\msvcp_win.dll
0x00007fff93590000 - 0x00007fff935c2000 	C:\WINDOWS\System32\IMM32.DLL
0x00007fff910f0000 - 0x00007fff91249000 	C:\Program Files\Avecto\Privilege Guard Client\PGHook.dll
0x00007fff931f0000 - 0x00007fff932ac000 	C:\WINDOWS\System32\ADVAPI32.dll
0x00007fff92680000 - 0x00007fff9272a000 	C:\WINDOWS\System32\sechost.dll
0x00007fff93b10000 - 0x00007fff93c28000 	C:\WINDOWS\System32\RPCRT4.dll
0x0000000062420000 - 0x0000000062493000 	C:\WINDOWS\System32\QIPCAP64.dll
0x00007fff92a60000 - 0x00007fff931e8000 	C:\WINDOWS\System32\SHELL32.dll
0x00007fff94010000 - 0x00007fff941a9000 	C:\WINDOWS\System32\ole32.dll
0x00007fff920f0000 - 0x00007fff92475000 	C:\WINDOWS\System32\combase.dll
0x00007fff93390000 - 0x00007fff93469000 	C:\WINDOWS\System32\OLEAUT32.dll
0x00007fff8f870000 - 0x00007fff8f9c8000 	C:\WINDOWS\SYSTEM32\DNSAPI.dll
0x00007fff90460000 - 0x00007fff9046d000 	C:\WINDOWS\SYSTEM32\DSPARSE.dll
0x00007fff8f830000 - 0x00007fff8f863000 	C:\WINDOWS\SYSTEM32\IPHLPAPI.DLL
0x00007fff93ea0000 - 0x00007fff93eaa000 	C:\WINDOWS\System32\NSI.dll
0x00007fff7e950000 - 0x00007fff7e95c000 	C:\Users\matus.sivak\.jdks\corretto-21.0.6\bin\vcruntime140_1.dll
0x00007fff63700000 - 0x00007fff6378d000 	C:\Users\matus.sivak\.jdks\corretto-21.0.6\bin\msvcp140.dll
0x00007ffe940e0000 - 0x00007ffe94e7f000 	C:\Users\matus.sivak\.jdks\corretto-21.0.6\bin\server\jvm.dll
0x00007fff928a0000 - 0x00007fff92922000 	C:\WINDOWS\System32\WS2_32.dll
0x00007fff91380000 - 0x00007fff913de000 	C:\WINDOWS\SYSTEM32\POWRPROF.dll
0x00007fff85870000 - 0x00007fff858a6000 	C:\WINDOWS\SYSTEM32\WINMM.dll
0x00007fff8e660000 - 0x00007fff8e66b000 	C:\WINDOWS\SYSTEM32\VERSION.dll
0x00007fff91360000 - 0x00007fff91375000 	C:\WINDOWS\SYSTEM32\UMPDC.dll
0x00007fff8fff0000 - 0x00007fff9000b000 	C:\WINDOWS\SYSTEM32\kernel.appcore.dll
0x00007fff7e740000 - 0x00007fff7e74a000 	C:\Users\matus.sivak\.jdks\corretto-21.0.6\bin\jimage.dll
0x00007fff8de70000 - 0x00007fff8e0b2000 	C:\WINDOWS\SYSTEM32\DBGHELP.DLL
0x00007fff62d90000 - 0x00007fff62dcb000 	C:\WINDOWS\SYSTEM32\dbgcore.DLL
0x0000029228ff0000 - 0x000002922909c000 	C:\WINDOWS\System32\bcryptPrimitives.dll
0x00007fff63eb0000 - 0x00007fff63ecf000 	C:\Users\matus.sivak\.jdks\corretto-21.0.6\bin\java.dll
0x00007fff8e830000 - 0x00007fff8f0cb000 	C:\WINDOWS\SYSTEM32\windows.storage.dll
0x00007fff93490000 - 0x00007fff93589000 	C:\WINDOWS\System32\SHCORE.dll
0x00007fff92980000 - 0x00007fff929e6000 	C:\WINDOWS\System32\shlwapi.dll
0x00007fff914f0000 - 0x00007fff91519000 	C:\WINDOWS\SYSTEM32\profapi.dll
0x00007fff63420000 - 0x00007fff634f7000 	C:\Users\matus.sivak\.jdks\corretto-21.0.6\bin\jsvml.dll
0x00007fff68c60000 - 0x00007fff68c70000 	C:\Users\matus.sivak\.jdks\corretto-21.0.6\bin\net.dll
0x00007fff90010000 - 0x00007fff90138000 	C:\WINDOWS\SYSTEM32\WINHTTP.dll
0x00007fff906b0000 - 0x00007fff9071c000 	C:\WINDOWS\system32\mswsock.dll
0x00007fff63de0000 - 0x00007fff63df6000 	C:\Users\matus.sivak\.jdks\corretto-21.0.6\bin\nio.dll
0x00007fff63e40000 - 0x00007fff63e58000 	C:\Users\matus.sivak\.jdks\corretto-21.0.6\bin\zip.dll
0x0000000065580000 - 0x0000000065616000 	C:\Users\matus.sivak\AppData\Local\Temp\libgdxmatus.sivak\12dfaa03\gdx64.dll
0x00007fff90ad0000 - 0x00007fff90aeb000 	C:\WINDOWS\SYSTEM32\CRYPTSP.dll
0x00007fff8ff50000 - 0x00007fff8ff89000 	C:\WINDOWS\system32\rsaenh.dll
0x00007fff90760000 - 0x00007fff90792000 	C:\WINDOWS\SYSTEM32\USERENV.dll
0x00007fff914c0000 - 0x00007fff914ea000 	C:\WINDOWS\SYSTEM32\bcrypt.dll
0x00007fff90aa0000 - 0x00007fff90aac000 	C:\WINDOWS\SYSTEM32\CRYPTBASE.dll
0x00007fff63f60000 - 0x00007fff63f70000 	C:\Users\matus.sivak\.jdks\corretto-21.0.6\bin\verify.dll
0x0000000180000000 - 0x0000000180053000 	C:\Users\matus.sivak\AppData\Local\Temp\libgdxmatus.sivak\dc0f0009\lwjgl64.dll
0x00007fff452c0000 - 0x00007fff453cc000 	C:\WINDOWS\SYSTEM32\OPENGL32.dll
0x00007fff45280000 - 0x00007fff452ad000 	C:\WINDOWS\SYSTEM32\GLU32.dll
0x00007fff8ac40000 - 0x00007fff8ac85000 	C:\WINDOWS\SYSTEM32\dxcore.dll
0x000002924ebc0000 - 0x000002924ec24000 	C:\Users\MATUS~1.SIV\AppData\Local\Temp\libgdxmatus.sivak\dc0f0009\OpenAL64.dll
0x00007fff8ab60000 - 0x00007fff8ac08000 	C:\WINDOWS\system32\uxtheme.dll
0x00007fff93eb0000 - 0x00007fff93f5e000 	C:\WINDOWS\System32\clbcatq.dll
0x00007fff3c8f0000 - 0x00007fff3c984000 	C:\WINDOWS\SYSTEM32\dsound.dll
0x00007fff37110000 - 0x00007fff371c7000 	C:\WINDOWS\SYSTEM32\ResampleDmo.DLL
0x00007fff62ec0000 - 0x00007fff62ef7000 	C:\WINDOWS\SYSTEM32\winmmbase.dll
0x00007ffeb2030000 - 0x00007ffeb203e000 	C:\WINDOWS\SYSTEM32\msdmo.dll
0x00007fff91040000 - 0x00007fff91092000 	C:\WINDOWS\SYSTEM32\cfgmgr32.dll
0x00007fff65a90000 - 0x00007fff65b36000 	C:\WINDOWS\System32\MMDevApi.dll
0x00007fff91000000 - 0x00007fff9102f000 	C:\WINDOWS\System32\DEVOBJ.dll
0x00007fff657a0000 - 0x00007fff65957000 	C:\WINDOWS\SYSTEM32\AUDIOSES.DLL
0x00007fff8d730000 - 0x00007fff8d744000 	C:\WINDOWS\SYSTEM32\resourcepolicyclient.dll
0x00007fff7fa80000 - 0x00007fff7fb3f000 	C:\WINDOWS\SYSTEM32\mscms.dll
0x00007fff7d0c0000 - 0x00007fff7d152000 	C:\Windows\System32\Windows.Internal.Graphics.Display.DisplayColorManagement.dll
0x00007fff92730000 - 0x00007fff9288d000 	C:\WINDOWS\System32\MSCTF.dll
0x00007fff76b90000 - 0x00007fff76cd6000 	C:\WINDOWS\SYSTEM32\textinputframework.dll
0x00007fff8a5a0000 - 0x00007fff8a6cb000 	C:\WINDOWS\SYSTEM32\CoreMessaging.dll
0x00007fff87950000 - 0x00007fff87c34000 	C:\WINDOWS\SYSTEM32\CoreUIComponents.dll
0x00007fff87690000 - 0x00007fff877fa000 	C:\WINDOWS\SYSTEM32\wintypes.dll
0x00007fff88140000 - 0x00007fff8819f000 	C:\WINDOWS\SYSTEM32\directxdatabasehelper.dll
0x00007fff76940000 - 0x00007fff7695f000 	C:\WINDOWS\SYSTEM32\windows.staterepositorycore.dll
0x00007ffe76640000 - 0x00007ffe77b92000 	C:\WINDOWS\System32\DriverStore\FileRepository\iigd_dch.inf_amd64_b20bdb7dfb36a7ef\igxelpicd64.dll
0x00007fff8ac90000 - 0x00007fff8adca000 	C:\WINDOWS\SYSTEM32\dxgi.dll
0x00007fff196f0000 - 0x00007fff19713000 	C:\WINDOWS\SYSTEM32\d3d12.dll
0x00007fff8adf0000 - 0x00007fff8ae1f000 	C:\WINDOWS\system32\dwmapi.dll
0x00007ffea2630000 - 0x00007ffea27d1000 	C:\WINDOWS\System32\DriverStore\FileRepository\iigd_dch.inf_amd64_b20bdb7dfb36a7ef\igdml64.dll
0x00007fff851c0000 - 0x00007fff8576b000 	C:\WINDOWS\System32\DriverStore\FileRepository\iigd_dch.inf_amd64_b20bdb7dfb36a7ef\igdgmm64.dll
0x00007ffebb1d0000 - 0x00007ffebb21b000 	C:\WINDOWS\SYSTEM32\icm32.dll
0x00007fff7fd40000 - 0x00007fff84ff4000 	C:\WINDOWS\System32\DriverStore\FileRepository\iigd_dch.inf_amd64_b20bdb7dfb36a7ef\igc64.dll
0x000000006a740000 - 0x000000006a7f1000 	C:\Users\matus.sivak\AppData\Local\Temp\libgdxmatus.sivak\a04a55a\gdx-freetype64.dll
0x00007fff6a060000 - 0x00007fff6a116000 	C:\WINDOWS\SYSTEM32\TextShaping.dll

dbghelp: loaded successfully - version: 4.0.5 - missing functions: none
symbol engine: initialized successfully - sym options: 0x614 - pdb path: .;C:\Users\matus.sivak\.jdks\corretto-21.0.6\bin;C:\WINDOWS\SYSTEM32;C:\WINDOWS\WinSxS\amd64_microsoft.windows.common-controls_6595b64144ccf1df_6.0.26100.8972_none_3e0da176e32f9d4b;C:\Program Files\Avecto\Privilege Guard Client;C:\Users\matus.sivak\.jdks\corretto-21.0.6\bin\server;C:\Users\matus.sivak\AppData\Local\Temp\libgdxmatus.sivak\12dfaa03;C:\Users\matus.sivak\AppData\Local\Temp\libgdxmatus.sivak\dc0f0009;C:\Users\MATUS~1.SIV\AppData\Local\Temp\libgdxmatus.sivak\dc0f0009;C:\WINDOWS\System32\DriverStore\FileRepository\iigd_dch.inf_amd64_b20bdb7dfb36a7ef;C:\Users\matus.sivak\AppData\Local\Temp\libgdxmatus.sivak\a04a55a

VM Arguments:
jvm_args: -Dfile.encoding=UTF-8 -Duser.country=US -Duser.language=en -Duser.variant 
java_command: sk.sivak.eldritchhorror.GameDesktop
java_class_path (initial): C:\WORK\Projects\Ancient Terror\desktop\build\classes\java\main;C:\WORK\Projects\Ancient Terror\desktop\build\resources\main;C:\WORK\Projects\Ancient Terror\core\entry\build\libs\Entry-1.0.jar;C:\Users\matus.sivak\.gradle\caches\modules-2\files-2.1\org.springframework.boot\spring-boot-starter-web\2.7.18\dd62ea85098187b4604e78dc15a7ff87dba173d\spring-boot-starter-web-2.7.18.jar;C:\Users\matus.sivak\.gradle\caches\modules-2\files-2.1\com.badlogicgames.gdx\gdx-backend-lwjgl\1.9.8\b7c138f14ed67ad830ae7597da3d86ae02b20eee\gdx-backend-lwjgl-1.9.8.jar;C:\Users\matus.sivak\.gradle\caches\modules-2\files-2.1\com.badlogicgames.gdx\gdx-platform\1.9.8\604a2ef2c7c92a5900114757cbd3fb4dcbb8270c\gdx-platform-1.9.8-natives-desktop.jar;C:\Users\matus.sivak\.gradle\caches\modules-2\files-2.1\com.badlogicgames.gdx\gdx-freetype-platform\1.9.8\b21a8def0c70ec49ea5e2658e788b7a9177399f8\gdx-freetype-platform-1.9.8-natives-desktop.jar;C:\WORK\Projects\Ancient Terror\core\initializer\build\libs\initializer-1.0.jar;C:\WORK\Projects\Ancient Terror\core\binder\binder-view-controller\build\libs\binder-view-controller-1.0.jar;C:\WORK\Projects\Ancient Terror\core\view\view-provider\view-provider-impl\build\libs\view-provider-impl-1.0.jar;C:\WORK\Projects\Ancient Terror\core\view\view-provider\view-provider-interface\build\libs\view-provider-interface-1.0.jar;C:\WORK\Projects\Ancient Terror\core\view\view-impl\build\libs\view-impl-1.0.jar;C:\WORK\Projects\Ancient Terror\core\skin-composer\build\libs\skin-composer-1.0.jar;C:\Users\matus.sivak\.gradle\caches\modules-2\files-2.1\com.badlogicgames.gdx\gdx-ai\1.8.1\a52367e373fe52f0d20f162cbf8711c38f002a25\gdx-ai-1.8.1.jar;C:\Users\matus.sivak\.gradle\caches\modules-2\files-2.1\com.badlogicgames.gdx\gdx-freetype\1.9.8\d92b5b8beab10e3b3c0dd836d4fc186f95e7ea4b\gdx-freetype-1.9.8.jar;C:\Users\matus.sivak\.gradle\caches\modules-2\files-2.1\com.kotcrab.vis\vis-ui\1.3.0\639741faa66a560197ee06a9412949402c831796\vis-ui-1.3.0.jar;C:\WORK\Projects\Ancient Terror\core\binder\binder-action\build\libs\binder-action-1.0.jar;C:\WORK\Projects\Ancient Terror\core\action\action-provider\action-provider-impl\build\libs\action-provider-impl-1.0.jar;C:\WORK\Projects\Ancient Terror\core\action\action-impl\build\libs\action-impl-1.0.jar;C:\WORK\Projects\Ancient Terror\core\binder\binder-controller-model\build\libs\binder-controller-model-1.0.jar;C:\WORK\Projects\Ancient Terror\core\controller\controller-provider\controller-provider-impl\build\libs\controller-provider-impl-1.0.jar;C:\WORK\Projects\Ancient Terror\core\controller\controller-provider\controller-provider-interface\build\libs\controller-provider-interface-1.0.jar;C:\WORK\Projects\Ancient Terror\core\controller\controller-impl\build\libs\controller-impl-1.0.jar;C:\WORK\Projects\Ancient Terror\core\controller\controller-interface\build\libs\controller-interface-1.0.jar;C:\WORK\Projects\Ancient Terror\core\view\view-interface\build\libs\view-interface-1.0.jar;C:\WORK\Projects\Ancient Terror\core\model\model-provider\model-provider-impl\build\libs\model-provider-impl-1.0.jar;C:\WORK\Projects\Ancient Terror\core\model\model-provider\model-provider-interface\build\libs\model-provider-interface-1.0.jar;C:\WORK\Projects\Ancient Terror\core\model\model-impl\build\libs\model-impl-1.0.jar;C:\WORK\Projects\Ancient Terror\core\model\model-write\build\libs\model-write-1.0.jar;C:\WORK\Projects\Ancient Terror\core\binder\binder-event-listener\build\libs\binder-event-listener-1.0.jar;C:\WORK\Projects\Ancient Terror\core\event-listener\event-listener-provider\event-listener-provider-impl\build\libs\event-listener-provider-impl-1.0.jar;C:\WORK\Projects\Ancient Terror\core\event-listener\event-listener-provider\event-listener-provider-interface\build\libs\event-listener-provider-interface-1.0.jar;C:\WORK\Projects\Ancient Terror\core\event-listener\event-listener-impl\build\libs\event-listener-impl-1.0.jar;C:\WORK\Projects\Ancient Terror\core\model\model-read\build\libs\model-read-1.0.jar;C:\WORK\Projects\Ancient Terror\core\binder\binder-service\build\libs\binder-service-1.0.jar;C:\WORK\Projects\Ancient Terror\core\service\service-provider\service-provider-impl\build\libs\service-provider-impl-1.0.jar;C:\WORK\Projects\Ancient Terror\core\service\service-provider\service-provider-interface\build\libs\service-provider-interface-1.0.jar;C:\WORK\Projects\Ancient Terror\core\service\service-impl\build\libs\service-impl-1.0.jar;C:\WORK\Projects\Ancient Terror\core\action\action-provider\action-provider-interface\build\libs\action-provider-interface-1.0.jar;C:\WORK\Projects\Ancient Terror\core\action\action-interface\build\libs\action-interface-1.0.jar;C:\WORK\Projects\Ancient Terror\core\event-queue\event-queue-provider\event-queue-provider-impl\build\libs\event-queue-provider-impl-1.0.jar;C:\WORK\Projects\Ancient Terror\core\event-queue\event-queue-provider\event-queue-provider-interface\build\libs\event-queue-provider-interface-1.0.jar;C:\WORK\Projects\Ancient Terror\core\event-queue\event-queue-impl\build\libs\event-queue-impl-1.0.jar;C:\WORK\Projects\Ancient Terror\core\event-queue\event-queue-write\build\libs\event-queue-write-1.0.jar;C:\WORK\Projects\Ancient Terror\core\event-queue\event-queue-read\build\libs\event-queue-read-1.0.jar;C:\WORK\Projects\Ancient Terror\core\service\service-interface\build\libs\service-interface-1.0.jar;C:\WORK\Projects\Ancient Terror\core\event-type\build\libs\event-type-1.0.jar;C:\WORK\Projects\Ancient Terror\core\constants\build\libs\constants-1.0.jar;C:\Users\matus.sivak\.gradle\caches\modules-2\files-2.1\com.badlogicgames.gdxpay\gdx-pay-client\1.3.13\7ee97c4ea70bb172bd7d7ae80d79d50abe94e4da\gdx-pay-client-1.3.13.jar;C:\Users\matus.sivak\.gradle\caches\modules-2\files-2.1\com.badlogicgames.gdx\gdx\1.9.8\a35a0076fbce873f9c2d5a1a1c8066244231bb3c\gdx-1.9.8.jar;C:\Users\matus.sivak\.gradle\caches\modules-2\files-2.1\javax.mail\mail\1.5.0-b01\c128515e42609622ce3f7dc0b431026d80bdb688\mail-1.5.0-b01.jar;C:\Users\matus.sivak\.gradle\caches\modules-2\files-2.1\org.springframework.boot\spring-boot-starter-json\2.7.18\b6d9ed5cae0c1929a9e561bf4799a3dc93a10db1\spring-boot-starter-json-2.7.18.jar;C:\Users\matus.sivak\.gradle\caches\modules-2\files-2.1\org.springframework.boot\spring-boot-starter\2.7.18\e56b75105f9ace6df154fd47eeeeadc2f5791e56\spring-boot-starter-2.7.18.jar;C:\Users\matus.sivak\.gradle\caches\modules-2\files-2.1\org.springframework.boot\spring-boot-starter-tomcat\2.7.18\c56e50e006448e75a8bde595dbc754ba294389af\spring-boot-starter-tomcat-2.7.18.jar;C:\Users\matus.sivak\.gradle\caches\modules-2\files-2.1\org.springframework\spring-webmvc\5.3.31\45754d056effe8257a012f6b98ed5454cf1e8960\spring-webmvc-5.3.31.jar;C:\Users\matus.sivak\.gradle\caches\modules-2\files-2.1\org.springframework\spring-web\5.3.31\3bf73c385a1f2f4a0d482149d6a205e854cec497\spring-web-5.3.31.jar;C:\Users\matus.sivak\.gradle\caches\modules-2\files-2.1\org.lwjgl.lwjgl\lwjgl_util\2.9.2\4b9e37300a87799856e0bd15ed81663cdb6b0947\lwjgl_util-2.9.2.jar;C:\Users\matus.sivak\.gradle\caches\modules-2\files-2.1\org.lwjgl.lwjgl\lwjgl\2.9.2\a9d80fe5935c7a9149f6584d9777cfd471f65489\lwjgl-2.9.2.jar;C:\Users\matus.sivak\.gradle\caches\modules-2\files-2.1\com.badlogicgames.jlayer\jlayer\1.0.1-gdx\7cca83cec5c1b2f011362f4d85aabd71a73b049d\jlayer-1.0.1-gdx.jar;C:\Users\matus.sivak\.gradle\caches\modules-2\files-2.1\org.jcraft\jorbis\0.0.17\8872d22b293e8f5d7d56ff92be966e6dc28ebdc6\jorbis-0.0.17.jar;C:\WORK\Projects\Ancient Terror\core\command-queue\command-queue-impl\build\libs\command-queue-impl-1.0.jar;C:\Users\matus.sivak\.gradle\caches\modules-2\files-2.1\javax.activation\activation\1.1\e6cb541461c2834bdea3eb920f1884d1eb508b50\activation-1.1.jar;C:\Users\matus.sivak\.gradle\caches\modules-2\files-2.1\org.springframework.boot\spring-boot-autoconfigure\2.7.18\9cf147c6ca274c75b32556acdcba5a1de081ebcd\spring-boot-autoconfigure-2.7.18.jar;C:\Users\matus.sivak\.gradle\caches\modules-2\files-2.1\org.springframework.boot\spring-boot\2.7.18\f6dbdd8da7c2bded63dff9b1f48d01a4923f20a0\spring-boot-2.7.18.jar;C:\Users\matus.sivak\.gradle\caches\modules-2\files-2.1\org.springframework.boot\spring-boot-starter-logging\2.7.18\19f7c255ba5255116f58c3bbaf52c7b88ea6af3e\spring-boot-starter-logging-2.7.18.jar;C:\Users\matus.sivak\.gradle\caches\modules-2\files-2.1\jakarta.annotation\jakarta.annotation-api\1.3.5\59eb84ee0d616332ff44aba065f3888cf002cd2d\jakarta.annotation-api-1.3.5.jar;C:\Users\matus.sivak\.gradle\caches\modules-2\files-2.1\org.springframework\spring-context\5.3.31\a2d6e76507f037ad835e8c2288dfedf28981999f\spring-context-5.3.31.jar;C:\Users\matus.sivak\.gradle\caches\modules-2\files-2.1\org.springframework\spring-aop\5.3.31\3be929dbdb5f4516919ad09a3d3720d779bb65d9\spring-aop-5.3.31.jar;C:\Users\matus.sivak\.gradle\caches\modules-2\files-2.1\org.springframework\spring-beans\5.3.31\d27258849071b3b268ecc388eca35bbfcc586448\spring-beans-5.3.31.jar;C:\Users\matus.sivak\.gradle\caches\modules-2\files-2.1\org.springframework\spring-expression\5.3.31\55637af1b186d1008890980c2876c5fc83599756\spring-expression-5.3.31.jar;C:\Users\matus.sivak\.gradle\caches\modules-2\files-2.1\org.springframework\spring-core\5.3.31\368e76f732a3c331b970f69cafec1525d27b34d3\spring-core-5.3.31.jar;C:\Users\matus.sivak\.gradle\caches\modules-2\files-2.1\org.yaml\snakeyaml\1.30\8fde7fe2586328ac3c68db92045e1c8759125000\snakeyaml-1.30.jar;C:\Users\matus.sivak\.gradle\caches\modules-2\files-2.1\com.fasterxml.jackson.datatype\jackson-datatype-jsr310\2.13.5\8ba3b868e81d7fc6ead686bd2353859b111d9eaf\jackson-datatype-jsr310-2.13.5.jar;C:\Users\matus.sivak\.gradle\caches\modules-2\files-2.1\com.fasterxml.jackson.module\jackson-module-parameter-names\2.13.5\a401a99e7a45450fd3ef76e82ba39005fd1a8c22\jackson-module-parameter-names-2.13.5.jar;C:\Users\matus.sivak\.gradle\caches\modules-2\files-2.1\com.fasterxml.jackson.core\jackson-annotations\2.13.5\136f77ab424f302c9e27230b4482e8000e142edf\jackson-annotations-2.13.5.jar;C:\Users\matus.sivak\.gradle\caches\modules-2\files-2.1\com.fasterxml.jackson.core\jackson-core\2.13.5\d07c97d3de9ea658caf1ff1809fd9de930a286a\jackson-core-2.13.5.jar;C:\Users\matus.sivak\.gradle\caches\modules-2\files-2.1\com.fasterxml.jackson.datatype\jackson-datatype-jdk8\2.13.5\1278f38160812811c56eb77f67213662ed1c7a2e\jackson-datatype-jdk8-2.13.5.jar;C:\Users\matus.sivak\.gradle\caches\modules-2\files-2.1\com.fasterxml.jackson.core\jackson-databind\2.13.5\aa95e46dbc32454f3983221d420e78ef19ddf844\jackson-databind-2.13.5.jar;C:\Users\matus.sivak\.gradle\caches\modules-2\files-2.1\org.apache.tomcat.embed\tomcat-embed-websocket\9.0.83\9af4b7450296bb4eff93b2ee3e52ab69d07512e4\tomcat-embed-websocket-9.0.83.jar;C:\Users\matus.sivak\.gradle\caches\modules-2\files-2.1\org.apache.tomcat.embed\tomcat-embed-core\9.0.83\d771e4343b0515c67dab2a09fe02f5d47550153f\tomcat-embed-core-9.0.83.jar;C:\Users\matus.sivak\.gradle\caches\modules-2\files-2.1\org.apache.tomcat.embed\tomcat-embed-el\9.0.83\b0cdada70099c25f45fceb48e1ebce60d138a5ce\tomcat-embed-el-9.0.83.jar;C:\Users\matus.sivak\.gradle\caches\modules-2\files-2.1\org.lwjgl.lwjgl\lwjgl-platform\2.9.2\510c7d317f5e9e700b9cfaac5fd38bdebf0702e0\lwjgl-platform-2.9.2-natives-windows.jar;C:\Users\matus.sivak\.gradle\caches\modules-2\files-2.1\org.lwjgl.lwjgl\lwjgl-platform\2.9.2\d276cdf61fe2b516c7b7f4aa1b8dea91dbdc8d56\lwjgl-platform-2.9.2-natives-linux.jar;C:\Users\matus.sivak\.gradle\caches\modules-2\files-2.1\org.lwjgl.lwjgl\lwjgl-platform\2.9.2\d55b46b40b40249d627a83a7f7f22649709d70c3\lwjgl-platform-2.9.2-natives-osx.jar;C:\Users\matus.sivak\.gradle\caches\modules-2\files-2.1\net.java.jinput\jinput\2.0.5\39c7796b469a600f72380316f6b1f11db6c2c7c4\jinput-2.0.5.jar;C:\WORK\Projects\Ancient Terror\core\command-queue\command-queue-interface\build\libs\command-queue-interface-1.0.jar;C:\Users\matus.sivak\.gradle\caches\modules-2\files-2.1\ch.qos.reload4j\reload4j\1.2.26\f9a29cea570c15844d2ec98bf8e2e523017a6a53\reload4j-1.2.26.jar;C:\Users\matus.sivak\.gradle\caches\modules-2\files-2.1\ch.qos.logback\logback-classic\1.2.12\d4dee19148dccb177a0736eb2027bd195341da78\logback-classic-1.2.12.jar;C:\Users\matus.sivak\.gradle\caches\modules-2\files-2.1\org.apache.logging.log4j\log4j-to-slf4j\2.17.2\17dd0fae2747d9a28c67bc9534108823d2376b46\log4j-to-slf4j-2.17.2.jar;C:\Users\matus.sivak\.gradle\caches\modules-2\files-2.1\org.slf4j\jul-to-slf4j\1.7.36\ed46d81cef9c412a88caef405b58f93a678ff2ca\jul-to-slf4j-1.7.36.jar;C:\Users\matus.sivak\.gradle\caches\modules-2\files-2.1\org.springframework\spring-jcl\5.3.31\e7ab9ee590a195415dd6b898440d776b4c8db78c\spring-jcl-5.3.31.jar;C:\Users\matus.sivak\.gradle\caches\modules-2\files-2.1\net.java.jutils\jutils\1.0.0\e12fe1fda814bd348c1579329c86943d2cd3c6a6\jutils-1.0.0.jar;C:\Users\matus.sivak\.gradle\caches\modules-2\files-2.1\net.java.jinput\jinput-platform\2.0.5\7ff832a6eb9ab6a767f1ade2b548092d0fa64795\jinput-platform-2.0.5-natives-linux.jar;C:\Users\matus.sivak\.gradle\caches\modules-2\files-2.1\net.java.jinput\jinput-platform\2.0.5\385ee093e01f587f30ee1c8a2ee7d408fd732e16\jinput-platform-2.0.5-natives-windows.jar;C:\Users\matus.sivak\.gradle\caches\modules-2\files-2.1\net.java.jinput\jinput-platform\2.0.5\53f9c919f34d2ca9de8c51fc4e1e8282029a9232\jinput-platform-2.0.5-natives-osx.jar;C:\WORK\Projects\Ancient Terror\java8-features\build\libs\java8-features-1.0.jar;C:\Users\matus.sivak\.gradle\caches\modules-2\files-2.1\io.reactivex\rxjava\1.3.0\af000bec2036a2a9d07197c4b03b8966bfc60b03\rxjava-1.3.0.jar;C:\Users\matus.sivak\.gradle\caches\modules-2\files-2.1\junit\junit\4.12\2973d150c0dc1fefe998f834810d68f278ea58ec\junit-4.12.jar;C:\Users\matus.sivak\.gradle\caches\modules-2\files-2.1\ch.qos.logback\logback-core\1.2.12\1d8e51a698b138065d73baefb4f94531faa323cb\logback-core-1.2.12.jar;C:\Users\matus.sivak\.m2\repository\org\slf4j\slf4j-api\1.7.36\slf4j-api-1.7.36.jar;C:\Users\matus.sivak\.gradle\caches\modules-2\files-2.1\org.apache.logging.log4j\log4j-api\2.17.2\f42d6afa111b4dec5d2aea0fe2197240749a4ea6\log4j-api-2.17.2.jar;C:\Users\matus.sivak\.gradle\caches\modules-2\files-2.1\com.rafaskoberg.gdx\typing-label\1.0.4\45dddf6ddba01c056f1742133c4030ce34dde488\typing-label-1.0.4.jar;C:\Users\matus.sivak\.m2\repository\org\hamcrest\hamcrest-core\1.3\hamcrest-core-1.3.jar;C:\Users\matus.sivak\.gradle\caches\modules-2\files-2.1\com.badlogicgames.gdxpay\gdx-pay\1.3.13\a0bd1fbf1489e66ab2681529ccad389762ad6f95\gdx-pay-1.3.13.jar;C:\Users\matus.sivak\.m2\repository\com\google\code\findbugs\jsr305\3.0.2\jsr305-3.0.2.jar
Launcher Type: SUN_STANDARD

[Global flags]
     intx CICompilerCount                          = 12                                        {product} {ergonomic}
     uint ConcGCThreads                            = 3                                         {product} {ergonomic}
     uint G1ConcRefinementThreads                  = 13                                        {product} {ergonomic}
   size_t G1HeapRegionSize                         = 4194304                                   {product} {ergonomic}
    uintx GCDrainStackTargetSize                   = 64                                        {product} {ergonomic}
   size_t InitialHeapSize                          = 532676608                                 {product} {ergonomic}
   size_t MarkStackSize                            = 4194304                                   {product} {ergonomic}
   size_t MaxHeapSize                              = 8518631424                                {product} {ergonomic}
   size_t MaxNewSize                               = 5108662272                                {product} {ergonomic}
   size_t MinHeapDeltaBytes                        = 4194304                                   {product} {ergonomic}
   size_t MinHeapSize                              = 8388608                                   {product} {ergonomic}
    uintx NonNMethodCodeHeapSize                   = 7602480                                {pd product} {ergonomic}
    uintx NonProfiledCodeHeapSize                  = 122027880                              {pd product} {ergonomic}
    uintx ProfiledCodeHeapSize                     = 122027880                              {pd product} {ergonomic}
    uintx ReservedCodeCacheSize                    = 251658240                              {pd product} {ergonomic}
     bool SegmentedCodeCache                       = true                                      {product} {ergonomic}
   size_t SoftMaxHeapSize                          = 8518631424                             {manageable} {ergonomic}
     bool UseCompressedOops                        = true                           {product lp64_product} {ergonomic}
     bool UseG1GC                                  = true                                      {product} {ergonomic}
     bool UseLargePagesIndividualAllocation        = false                                  {pd product} {ergonomic}

Logging:
Log output configuration:
 #0: stdout all=warning uptime,level,tags foldmultilines=false
 #1: stderr all=off uptime,level,tags foldmultilines=false

Environment Variables:
JAVA_HOME=C:\Users\matus.sivak\.jdks\corretto-21.0.6
PATH=C:\Program Files\Microsoft SDKs\Azure\CLI2\wbin;C:\windows\system32;C:\windows;C:\windows\System32\Wbem;C:\windows\System32\WindowsPowerShell\v1.0\;C:\windows\System32\OpenSSH\;C:\Program Files (x86)\Pulse Secure\VC142.CRT\X64\;C:\Program Files (x86)\Pulse Secure\VC142.CRT\X86\;C:\Users\matus.sivak\.jdks\openjdk-25.0.2\bin;C:\WORK\Tools\apache-maven-3.9.1\bin;C:\Program Files\PuTTY\;C:\Program Files (x86)\Microsoft SQL Server\160\DTS\Binn\;C:\Program Files\Azure Data Studio\bin;C:\Program Files (x86)\NVIDIA Corporation\PhysX\Common;C:\WINDOWS\system32;C:\WINDOWS;C:\WINDOWS\System32\Wbem;C:\WINDOWS\System32\WindowsPowerShell\v1.0\;C:\WINDOWS\System32\OpenSSH\;C:\Program Files\dotnet\;C:\Users\matus.sivak\AppData\Local\Programs\Python\Python314\Scripts\;C:\Users\matus.sivak\AppData\Local\Programs\Python\Python314\;C:\Users\matus.sivak\AppData\Local\Programs\Python\Launcher\;C:\Users\matus.sivak\AppData\Local\Microsoft\WindowsApps;C:\Users\matus.sivak\AppData\Local\Programs\IntelliJ IDEA 2025.3.1.1\bin;C:\Program Files\Azure Data Studio\bin;C:\Users\matus.sivak\.dotnet\tools;C:\WORK\Projects\EntriX\docker;C:\Program Files (x86)\Nmap;C:\Users\matus.sivak\AppData\Local\Programs\Git\cmd;
USERNAME=matus.sivak
OS=Windows_NT
PROCESSOR_IDENTIFIER=Intel64 Family 6 Model 141 Stepping 1, GenuineIntel
TMP=C:\Users\MATUS~1.SIV\AppData\Local\Temp
TEMP=C:\Users\MATUS~1.SIV\AppData\Local\Temp




Periodic native trim disabled

---------------  S Y S T E M  ---------------

OS:
 Windows 11 , 64 bit Build 26100 (10.0.26100.9168)
OS uptime: 0 days 5:11 hours
Hyper-V role detected

CPU: total 16 (initial active 16) (8 cores per cpu, 2 threads per core) family 6 model 141 stepping 1 microcode 0x56, cx8, cmov, fxsr, ht, mmx, 3dnowpref, sse, sse2, sse3, ssse3, sse4.1, sse4.2, popcnt, lzcnt, tsc, tscinvbit, avx, avx2, aes, erms, clmul, bmi1, bmi2, adx, avx512f, avx512dq, avx512cd, avx512bw, avx512vl, sha, fma, vzeroupper, avx512_vpopcntdq, avx512_vpclmulqdq, avx512_vaes, avx512_vnni, clflush, clflushopt, clwb, avx512_vbmi2, avx512_vbmi, hv, rdtscp, rdpid, fsrm, gfni, avx512_bitalg, f16c, cet_ibt, cet_ss, avx512_ifma
Processor Information for the first 16 processors :
  Max Mhz: 2496, Current Mhz: 2496, Mhz Limit: 2496

Memory: 4k page, system-wide physical 32490M (9751M free)
TotalPageFile size 47338M (AvailPageFile size 19714M)
current process WorkingSet (physical memory assigned to process): 1304M, peak: 1355M
current process commit charge ("private bytes"): 1650M, peak: 1778M

vm_info: OpenJDK 64-Bit Server VM (21.0.6+7-LTS) for windows-amd64 JRE (21.0.6+7-LTS), built on 2025-01-07T23:42:01Z by "Administrator" with MS VC++ 16.10 / 16.11 (VS2019)

END.
