#
# A fatal error has been detected by the Java Runtime Environment:
#
#  EXCEPTION_ACCESS_VIOLATION (0xc0000005) at pc=0x00007ffe02324982, pid=38276, tid=36032
#
# JRE version: OpenJDK Runtime Environment Corretto-21.0.6.7.1 (21.0.6+7) (build 21.0.6+7-LTS)
# Java VM: OpenJDK 64-Bit Server VM Corretto-21.0.6.7.1 (21.0.6+7-LTS, mixed mode, sharing, tiered, compressed oops, compressed class ptrs, g1 gc, windows-amd64)
# Problematic frame:
# C  [igxelpicd64.dll+0x324982]
#
# No core dump will be written. Minidumps are not enabled by default on client versions of Windows
#
# If you would like to submit a bug report, please visit:
#   https://github.com/corretto/corretto-21/issues/
# The crash happened outside the Java Virtual Machine in native code.
# See problematic frame for where to report the bug.
#

---------------  S U M M A R Y ------------

Command Line: -Dfile.encoding=UTF-8 -Duser.country=US -Duser.language=en -Duser.variant sk.sivak.eldritchhorror.GameDesktop

Host: 11th Gen Intel(R) Core(TM) i7-11850H @ 2.50GHz, 16 cores, 31G,  Windows 11 , 64 bit Build 26100 (10.0.26100.9168)
Time: Fri Sep 11 13:47:25 2026 Central Europe Daylight Time elapsed time: 671.104389 seconds (0d 0h 11m 11s)

---------------  T H R E A D  ---------------

Current thread (0x0000020cd1563450):  JavaThread "LWJGL Application"        [_thread_in_native, id=36032, stack(0x000000538ae00000,0x000000538af00000) (1024K)]

Stack: [0x000000538ae00000,0x000000538af00000],  sp=0x000000538aef88c0,  free space=994k
Native frames: (J=compiled Java code, j=interpreted, Vv=VM code, C=native code)
C  [igxelpicd64.dll+0x324982]

Java frames: (J=compiled Java code, j=interpreted, Vv=VM code)
J 2124  org.lwjgl.opengl.GL11.nglDrawElements(IIIJJ)V (0 bytes) @ 0x0000020cf6c7afaf [0x0000020cf6c7af40+0x000000000000006f]
J 2785 c2 com.badlogic.gdx.graphics.g2d.SpriteBatch.flush()V (193 bytes) @ 0x0000020cf6cedea0 [0x0000020cf6ced8a0+0x0000000000000600]
J 4273 c2 com.badlogic.gdx.scenes.scene2d.ui.Image.draw(Lcom/badlogic/gdx/graphics/g2d/Batch;F)V (200 bytes) @ 0x0000020cf6e4a114 [0x0000020cf6e49e20+0x00000000000002f4]
J 4330 c2 com.badlogic.gdx.scenes.scene2d.Group.drawChildren(Lcom/badlogic/gdx/graphics/g2d/Batch;F)V (551 bytes) @ 0x0000020cf6e5cd28 [0x0000020cf6e5cb60+0x00000000000001c8]
J 3918 c2 com.badlogic.gdx.scenes.scene2d.Stage.draw()V (70 bytes) @ 0x0000020cf6dc48fc [0x0000020cf6dc42c0+0x000000000000063c]
J 4477 c2 sk.sivak.eldritchhorror.core.Game.render()V (47 bytes) @ 0x0000020cf6e99a6c [0x0000020cf6e99840+0x000000000000022c]
j  com.badlogic.gdx.backends.lwjgl.LwjglApplication.mainLoop()V+698
j  com.badlogic.gdx.backends.lwjgl.LwjglApplication$1.run()V+27
v  ~StubRoutines::call_stub 0x0000020cf64410e7

siginfo: EXCEPTION_ACCESS_VIOLATION (0xc0000005), writing address 0x0000000000000018


Registers:
RAX=0x0000000078080003, RBX=0x0000020cd1aea280, RCX=0x0000000000000000, RDX=0x0000000000000034
RSP=0x000000538aef88c0, RBP=0x000000538aef89c0, RSI=0x0000000000000000, RDI=0x0000000000000018
R8 =0x0000020cd1ded1b0, R9 =0x0000000000000000, R10=0x0000000000000003, R11=0x0000000000000003
R12=0x0000000000000003, R13=0x0000000000000000, R14=0x0000000000000000, R15=0x0000020cd1dda150
RIP=0x00007ffe02324982, EFLAGS=0x0000000000010202

XMM[0]=0x0000000000000000 0x0000000000000000
XMM[1]=0x0000000000000000 0x00007f0000000018
XMM[2]=0x0000000000000000 0x0000000000000000
XMM[3]=0x0000000000000000 0x0000000000000000
XMM[4]=0x3f8000003f800000 0x4278000041e00000
XMM[5]=0x0000000000000000 0x0000000044070000
XMM[6]=0x0000000000000000 0x000000003f800000
XMM[7]=0x0000000000000000 0x000000003f800000
XMM[8]=0x0000000000000000 0x0000000000000000
XMM[9]=0x0000000000000000 0x0000000044700000
XMM[10]=0x0000000000000000 0x0000000000000000
XMM[11]=0x0000000000000000 0x000000004417e000
XMM[12]=0x0000000000000000 0x0000000000000000
XMM[13]=0x0000000000000000 0x00000000c2870000
XMM[14]=0x0000000000000000 0x0000000044870000
XMM[15]=0x0000000000000000 0x000000003f800000
  MXCSR=0x00001fa7


Register to memory mapping:

RAX=0x0000000078080003 is an unknown value
RBX=0x0000020cd1aea280 points into unknown readable memory: 0x0000020cd1a9b200 | 00 b2 a9 d1 0c 02 00 00
RCX=0x0 is null
RDX=0x0000000000000034 is an unknown value
RSP=0x000000538aef88c0 is pointing into the stack for thread: 0x0000020cd1563450
RBP=0x000000538aef89c0 is pointing into the stack for thread: 0x0000020cd1563450
RSI=0x0 is null
RDI=0x0000000000000018 is an unknown value
R8 =0x0000020cd1ded1b0 points into unknown readable memory: 0x02c7000078090005 | 05 00 09 78 00 00 c7 02
R9 =0x0 is null
R10=0x0000000000000003 is an unknown value
R11=0x0000000000000003 is an unknown value
R12=0x0000000000000003 is an unknown value
R13=0x0 is null
R14=0x0 is null
R15=0x0000020cd1dda150 points into unknown readable memory: 0x0000b13411000001 | 01 00 00 11 34 b1 00 00

Top of Stack: (sp=0x000000538aef88c0)
0x000000538aef88c0:   0000020cd1aea280 0000020cd1b19f68
0x000000538aef88d0:   0000020cd1aea280 0000000000000000
0x000000538aef88e0:   000000538aef9d00 0000020cd1563450
0x000000538aef88f0:   000000538aef9c80 0000000000000000
0x000000538aef8900:   00007ffe259c00e6 0000020ccd4da878
0x000000538aef8910:   000000048aef0100 0000020c00000000
0x000000538aef8920:   ffffffff00000003 0000020040000000
0x000000538aef8930:   00000003ffffffff 0000000300000000
0x000000538aef8940:   00000000d1563400 0000020c00000008
0x000000538aef8950:   0000020cd1dda150 0000020cd1ded1c4
0x000000538aef8960:   000000538aefe301 0000000000000018
0x000000538aef8970:   ffffffff00000000 000000538aefbfd0
0x000000538aef8980:   0000020cd1b19f68 0000000000009807
0x000000538aef8990:   112300000a850000 0000020cd28ee110
0x000000538aef89a0:   0000020cd1e21598 000000000000003c
0x000000538aef89b0:   0000020cd1b19f01 0000020cd1aea280
0x000000538aef89c0:   000000538aefbca0 0000020cd1ded1c4
0x000000538aef89d0:   0000020cd1ded1b0 000000538aef9dc0
0x000000538aef89e0:   0000020cd1563450 0000020c8d01b2a8
0x000000538aef89f0:   0000020cd1ded1cc 0000020c00000018
0x000000538aef8a00:   0000020c8b904d28 0000020ccd4d1f00
0x000000538aef8a10:   00007ffe25788c95 0000020cd6250000
0x000000538aef8a20:   0000000000000114 0000020ccd4d1f28
0x000000538aef8a30:   00007ffe253e9d6e 00000000000000b1
0x000000538aef8a40:   000000538aef9e88 00000000000000b1
0x000000538aef8a50:   000000538aefb290 0000020cd1563450
0x000000538aef8a60:   00007ffe25653e02 0000020ccd4d1f28
0x000000538aef8a70:   00007ffe25788c95 0000020cd1563450
0x000000538aef8a80:   0000000000000114 0000020ccd4d1f28
0x000000538aef8a90:   0000020cd1563450 000000538aef9dc0
0x000000538aef8aa0:   00007ffe259bc4ea 0000d77cce4f7ed8
0x000000538aef8ab0:   0000020ccd4d1f28 000000538aefb234 

Instructions: (pc=0x00007ffe02324982)
0x00007ffe02324882:   01 00 89 44 24 64 41 0f be bf 99 31 01 00 89 7c
0x00007ffe02324892:   24 70 45 85 d2 0f 85 ab 00 00 00 49 8b 8f 80 31
0x00007ffe023248a2:   01 00 49 39 48 04 74 0e 49 89 48 04 81 8b b0 54
0x00007ffe023248b2:   04 00 00 00 00 02 45 33 f6 44 89 74 24 64 45 39
0x00007ffe023248c2:   b7 28 2f 01 00 75 09 45 39 b7 2c 2f 01 00 74 6d
0x00007ffe023248d2:   41 8b c5 48 8d 0c 40 f2 0f 10 05 2f 76 d9 00 f2
0x00007ffe023248e2:   0f 11 84 8d a0 02 00 00 8b 05 28 76 d9 00 89 84
0x00007ffe023248f2:   8d a8 02 00 00 8b 84 8d a4 02 00 00 44 33 d0 41
0x00007ffe02324902:   83 e2 3f 44 33 d0 41 0f ba f2 08 44 89 94 8d a4
0x00007ffe02324912:   02 00 00 44 89 b4 8d a8 02 00 00 4d 89 b7 28 2f
0x00007ffe02324922:   01 00 49 8b 87 40 30 01 00 48 0f ba e8 00 49 89
0x00007ffe02324932:   87 40 30 01 00 41 ff c5 44 89 6c 24 78 44 88 b3
0x00007ffe02324942:   21 fc 02 00 eb 03 45 33 f6 80 bb 21 fc 02 00 00
0x00007ffe02324952:   0f 85 6b 0d 00 00 48 c7 83 14 fc 02 00 00 00 00
0x00007ffe02324962:   00 45 85 e4 0f 84 d3 05 00 00 0f ae e8 41 8b d4
0x00007ffe02324972:   c1 e2 04 83 c2 04 8b 05 d2 91 04 01 48 8b 7d a8
0x00007ffe02324982:   89 07 8b c2 c1 e8 02 2c 02 88 07 48 8d 8d c0 05
0x00007ffe02324992:   00 00 e8 83 3e d4 ff 48 8d 8d c0 05 00 00 e8 97
0x00007ffe023249a2:   60 d0 ff 4c 8b c8 48 8b 95 f0 09 00 00 48 8b 8d
0x00007ffe023249b2:   c0 05 00 00 80 b9 c0 df 04 00 00 48 0f 45 95 e0
0x00007ffe023249c2:   09 00 00 44 0f b6 83 b4 62 04 00 48 8b 0d cc 85
0x00007ffe023249d2:   01 01 83 b9 60 0a 00 00 00 74 63 45 84 c0 0f 84
0x00007ffe023249e2:   aa 00 00 00 83 bb fc 63 04 00 00 0f 85 9d 00 00
0x00007ffe023249f2:   00 80 bb ac 61 04 00 00 74 32 8b 83 a8 61 04 00
0x00007ffe02324a02:   ff c0 3b 83 48 61 04 00 75 22 80 bb 68 66 04 00
0x00007ffe02324a12:   00 74 19 81 8b 98 61 04 00 00 80 00 00 8b 8b 98
0x00007ffe02324a22:   61 04 00 48 8b 83 a0 61 04 00 89 08 48 89 93 a0
0x00007ffe02324a32:   61 04 00 41 8b 01 89 83 98 61 04 00 eb 44 45 84
0x00007ffe02324a42:   c0 74 4b 83 bb fc 63 04 00 00 75 42 80 bb ac 61
0x00007ffe02324a52:   04 00 00 74 26 8b 83 a8 61 04 00 ff c0 3b 83 48
0x00007ffe02324a62:   61 04 00 75 16 80 bb 68 66 04 00 00 74 0d 48 8b
0x00007ffe02324a72:   83 a0 61 04 00 81 08 00 80 00 00 48 89 93 a0 61 


Stack slot to memory mapping:

stack at sp + 0 slots: 0x0000020cd1aea280 points into unknown readable memory: 0x0000020cd1a9b200 | 00 b2 a9 d1 0c 02 00 00
stack at sp + 1 slots: 0x0000020cd1b19f68 points into unknown readable memory: 0x0000000000000000 | 00 00 00 00 00 00 00 00
stack at sp + 2 slots: 0x0000020cd1aea280 points into unknown readable memory: 0x0000020cd1a9b200 | 00 b2 a9 d1 0c 02 00 00
stack at sp + 3 slots: 0x0 is null
stack at sp + 4 slots: 0x000000538aef9d00 is pointing into the stack for thread: 0x0000020cd1563450
stack at sp + 5 slots: 0x0000020cd1563450 is a thread
stack at sp + 6 slots: 0x000000538aef9c80 is pointing into the stack for thread: 0x0000020cd1563450
stack at sp + 7 slots: 0x0 is null


Compiled method (n/a) 671164 2124     n 0       org.lwjgl.opengl.GL11::nglDrawElements (native)
 total in heap  [0x0000020cf6c7ad90,0x0000020cf6c7b178] = 1000
 relocation     [0x0000020cf6c7aef0,0x0000020cf6c7af28] = 56
 main code      [0x0000020cf6c7af40,0x0000020cf6c7b16e] = 558
 stub code      [0x0000020cf6c7b16e,0x0000020cf6c7b170] = 2
 oops           [0x0000020cf6c7b170,0x0000020cf6c7b178] = 8

[Constant Pool (empty)]

[MachCode]
[Entry Point]
  # {method} {0x0000020ccd53c3a0} 'nglDrawElements' '(IIIJJ)V' in 'org/lwjgl/opengl/GL11'
  # parm0:    rdx       = int
  # parm1:    r8        = int
  # parm2:    r9        = int
  # parm3:    rdi:rdi   = long
  # parm4:    rsi:rsi   = long
  #           [sp+0x90]  (sp of caller)
  0x0000020cf6c7af40: 448b 5208 | 49bb 0000 | 008c 0c02 | 0000 4d03 | d349 3bc2 | 0f84 0600 

  0x0000020cf6c7af58: ;   {runtime_call ic_miss_stub}
  0x0000020cf6c7af58: 0000 e921 | 3a81 ff90 
[Verified Entry Point]
  0x0000020cf6c7af60: 8984 2400 | 80ff ff55 | 488b ec48 | 81ec 8000 | 0000 6690 | 4181 7f20 | 0100 0000 

  0x0000020cf6c7af7c: ;   {runtime_call StubRoutines (final stubs)}
  0x0000020cf6c7af7c: 7405 e83d | ad7f ff48 | 8974 2430 | 4889 7c24 | 284c 894c | 2420 4d8b | c84c 8bc2 

  0x0000020cf6c7af98: ;   {oop(a 'java/lang/Class'{0x0000000604400000} = 'org/lwjgl/opengl/GL11')}
  0x0000020cf6c7af98: 49be 0000 | 4004 0600 | 0000 4c89 | 7424 684c | 8d74 2468 | 498b d6c5 

  0x0000020cf6c7afb0: ;   {internal_word}
  0x0000020cf6c7afb0: f877 49ba | afaf c7f6 | 0c02 0000 | 4d89 97a0 | 0300 0049 | 89a7 9803 

  0x0000020cf6c7afc8: ;   {external_word}
  0x0000020cf6c7afc8: 0000 49ba | c75a 0826 | fe7f 0000 | 4180 3a00 | 0f84 4e00 | 0000 5241 

  0x0000020cf6c7afe0: ;   {metadata({method} {0x0000020ccd53c3a0} 'nglDrawElements' '(IIIJJ)V' in 'org/lwjgl/opengl/GL11')}
  0x0000020cf6c7afe0: 5041 5148 | ba98 c353 | cd0c 0200 | 0049 8bcf | 4883 ec20 | 40f6 c40f | 0f84 1900 | 0000 4883 
  0x0000020cf6c7b000: ;   {runtime_call}
  0x0000020cf6c7b000: ec08 48b8 | d010 b225 | fe7f 0000 | ffd0 4883 | c408 e90c 

  0x0000020cf6c7b014: ;   {runtime_call}
  0x0000020cf6c7b014: 0000 0048 | b8d0 10b2 | 25fe 7f00 | 00ff d048 | 83c4 2041 | 5941 585a | 498d 8fb8 | 0300 0041 
  0x0000020cf6c7b034: c787 4404 | 0000 0400 

  0x0000020cf6c7b03c: ;   {runtime_call}
  0x0000020cf6c7b03c: 0000 48b8 | d0d8 0080 | 0100 0000 | ffd0 c5f8 | 7741 c787 | 4404 0000 | 0500 0000 | f083 4424 
  0x0000020cf6c7b05c: c000 493b | af48 0400 | 000f 870e | 0000 0041 | 83bf 4004 | 0000 000f | 8423 0000 | 00c5 f877 
  0x0000020cf6c7b07c: 498b cf4c | 8be4 4883 | ec20 4883 

  0x0000020cf6c7b088: ;   {runtime_call}
  0x0000020cf6c7b088: e4f0 48b8 | 407a 7d25 | fe7f 0000 | ffd0 498b | e44d 33e4 | 41c7 8744 | 0400 0008 | 0000 0041 
  0x0000020cf6c7b0a8: 83bf c004 | 0000 020f | 8494 0000 

  0x0000020cf6c7b0b4: ;   {external_word}
  0x0000020cf6c7b0b4: 0049 bac7 | 5a08 26fe | 7f00 0041 | 803a 000f | 8444 0000 

  0x0000020cf6c7b0c8: ;   {metadata({method} {0x0000020ccd53c3a0} 'nglDrawElements' '(IIIJJ)V' in 'org/lwjgl/opengl/GL11')}
  0x0000020cf6c7b0c8: 0048 ba98 | c353 cd0c | 0200 0049 | 8bcf 4883 | ec20 40f6 | c40f 0f84 | 1900 0000 | 4883 ec08 
  0x0000020cf6c7b0e8: ;   {runtime_call}
  0x0000020cf6c7b0e8: 48b8 d010 | b225 fe7f | 0000 ffd0 | 4883 c408 | e90c 0000 

  0x0000020cf6c7b0fc: ;   {runtime_call}
  0x0000020cf6c7b0fc: 0048 b8d0 | 10b2 25fe | 7f00 00ff | d048 83c4 | 2049 c787 | 9803 0000 | 0000 0000 | 49c7 87a0 
  0x0000020cf6c7b11c: 0300 0000 | 0000 00c5 | f877 498b | 8f28 0400 | 00c7 8100 | 0100 0000 | 0000 00c9 | 4983 7f08 
  0x0000020cf6c7b13c: 000f 8501 | 0000 00c3 

  0x0000020cf6c7b144: ;   {runtime_call StubRoutines (initial stubs)}
  0x0000020cf6c7b144: e9b7 5d7c | ffc5 f877 | 4c8b e448 | 83ec 2048 

  0x0000020cf6c7b154: ;   {runtime_call}
  0x0000020cf6c7b154: 83e4 f048 | b870 48b2 | 25fe 7f00 | 00ff d049 | 8be4 4d33 | e4e9 47ff | ffff f4f4 
[/MachCode]


Compiled method (c2) 671177 2785       4       com.badlogic.gdx.graphics.g2d.SpriteBatch::flush (193 bytes)
 total in heap  [0x0000020cf6ced490,0x0000020cf6cf1628] = 16792
 relocation     [0x0000020cf6ced5f0,0x0000020cf6ced890] = 672
 main code      [0x0000020cf6ced8a0,0x0000020cf6cef798] = 7928
 stub code      [0x0000020cf6cef798,0x0000020cf6cef838] = 160
 oops           [0x0000020cf6cef838,0x0000020cf6cef840] = 8
 metadata       [0x0000020cf6cef840,0x0000020cf6cefab8] = 632
 scopes data    [0x0000020cf6cefab8,0x0000020cf6cf0c28] = 4464
 scopes pcs     [0x0000020cf6cf0c28,0x0000020cf6cf13c8] = 1952
 dependencies   [0x0000020cf6cf13c8,0x0000020cf6cf1428] = 96
 handler table  [0x0000020cf6cf1428,0x0000020cf6cf1500] = 216
 nul chk table  [0x0000020cf6cf1500,0x0000020cf6cf1628] = 296

[Constant Pool (empty)]

[MachCode]
[Entry Point]
  # {method} {0x0000020ccd9874e8} 'flush' '()V' in 'com/badlogic/gdx/graphics/g2d/SpriteBatch'
  #           [sp+0x80]  (sp of caller)
  0x0000020cf6ced8a0: 448b 5208 | 49bb 0000 | 008c 0c02 | 0000 4d03 | d349 3bc2 

  0x0000020cf6ced8b4: ;   {runtime_call ic_miss_stub}
  0x0000020cf6ced8b4: 0f85 c610 | 7aff 6690 | 0f1f 4000 
[Verified Entry Point]
  0x0000020cf6ced8c0: 8984 2400 | 80ff ff55 | 4883 ec70 | 4181 7f20 | 0100 0000 | 0f85 b11e | 0000 4c8b | c244 8b52 
  0x0000020cf6ced8e0: 0c45 85d2 | 0f84 7409 | 0000 448b | 5a34 458b | ca41 c1f9 | 1f4d 63d2 | 4d69 d267 | 6666 6649 
  0x0000020cf6ced900: c1fa 2341 | 8bca 412b | c941 3bcb | 0f8f d409 | 0000 ff42 | 3044 8b5a | 44ff 422c 

  0x0000020cf6ced91c: ; implicit exception: dispatches to 0x0000020cf6cef484
  0x0000020cf6ced91c: 478b 54dc | 0c47 8b4c 

  0x0000020cf6ced924: ;   {oop(a 'java/lang/Class'{0x00000006046f94d0} = 'com/badlogic/gdx/Gdx')}
  0x0000020cf6ced924: dc10 49bb | d094 6f04 | 0600 0000 | 418b b388 | 0000 0045 | 8b5c f408 | 8d1c 8d00 | 0000 008d 
  0x0000020cf6ced944: ;   {metadata('com/badlogic/gdx/backends/lwjgl/LwjglGL20')}
  0x0000020cf6ced944: 1c4b 4181 | fb60 1202 | 010f 85c5 

  0x0000020cf6ced950: ;   {oop(a 'java/lang/Class'{0x00000006046fe0e8} = 'org/lwjgl/opengl/GLContext')}
  0x0000020cf6ced950: 0d00 0049 | bbe8 e06f | 0406 0000 | 0041 8b4b | 7441 8b7c | cc0c 4c8b | df49 c1e3 | 0349 8b97 
  0x0000020cf6ced970: 8003 0000 | 488b 324c | 3bde 0f85 | 700f 0000 | 418b 6ccc | 1085 ed0f | 8493 1000 | 0049 8b8c 
  0x0000020cf6ced990: ec30 1900 | 0048 85c9 | 0f84 aa10 | 0000 4889 | 7424 0889 | 1c24 498b | e841 8bd2 | 458b c14c 
  0x0000020cf6ced9b0: 8bc9 6690 

  0x0000020cf6ced9b4: ;   {static_call}
  0x0000020cf6ced9b4: c5f8 77e8 

  0x0000020cf6ced9b8: ; ImmutableOopMap {rbp=Oop [8]=Oop }
                      ;*invokestatic nglBindTexture {reexecute=0 rethrow=0 return_oop=0}
                      ; - org.lwjgl.opengl.GL11::glBindTexture@16 (line 654)
                      ; - com.badlogic.gdx.backends.lwjgl.LwjglGL20::glBindTexture@2 (line 93)
                      ; - com.badlogic.gdx.graphics.GLTexture::bind@11 (line 66)
                      ; - com.badlogic.gdx.graphics.g2d.SpriteBatch::flush@58 (line 964)
  0x0000020cf6ced9b8: 2491 f7ff 

  0x0000020cf6ced9bc: ;   {other}
  0x0000020cf6ced9bc: 0f1f 8400 | 2c05 0000 | 4c8b cd41 | 8b71 3c45 | 8b41 4045 | 8b59 0c41 | 8b6c f410 

  0x0000020cf6ced9d8: ; implicit exception: dispatches to 0x0000020cf6cef4ec
  0x0000020cf6ced9d8: 458b 54ec 

  0x0000020cf6ced9dc: ;   {metadata('com/badlogic/gdx/graphics/glutils/VertexArray')}
  0x0000020cf6ced9dc: 0841 81fa | 0827 1001 | 0f85 5a0d | 0000 498d | 0cec 8b79 | 1841 8b54 | fc08 468d | 149d 0000 
  0x0000020cf6ced9fc: ;   {metadata('java/nio/DirectByteBuffer')}
  0x0000020cf6ced9fc: 0000 81fa | e8ea 1b00 | 0f85 620d | 0000 498d | 1cfc 8b6b | 2044 3bd5 | 0f8f 7210 | 0000 4585 
  0x0000020cf6ceda1c: d20f 8ca5 | 1000 0044 | 8953 1c8b | 6b18 413b | ea0f 8fd1 | 1000 008b | 6b0c 413b | ea0f 8f01 
  0x0000020cf6ceda3c: 1100 0048 | 8beb 4889 | 4c24 2044 | 895c 2418 | 4c89 4c24 | 1049 8bd0 | 48c1 e203 | 4d8d 14f4 
  0x0000020cf6ceda5c: 4c89 5424 | 2889 7424 | 0433 ff4c | 8bc3 458b | cb66 6690 

  0x0000020cf6ceda70: ;   {static_call}
  0x0000020cf6ceda70: c5f8 77e8 

  0x0000020cf6ceda74: ; ImmutableOopMap {rbp=Oop [4]=NarrowOop [8]=Oop [16]=Oop [32]=Oop [40]=Oop }
                      ;*invokestatic copyJni {reexecute=0 rethrow=0 return_oop=0}
                      ; - com.badlogic.gdx.utils.BufferUtils::copy@35 (line 54)
                      ; - com.badlogic.gdx.graphics.glutils.VertexArray::setVertices@7 (line 84)
                      ; - com.badlogic.gdx.graphics.Mesh::setVertices@7 (line 208)
                      ; - com.badlogic.gdx.graphics.g2d.SpriteBatch::flush@76 (line 966)
  0x0000020cf6ceda74: e8a1 f8ff 

  0x0000020cf6ceda78: ;   {other}
  0x0000020cf6ceda78: 0f1f 8400 | e805 0001 | 4c8b d541 | 8b6a 1c85 | ed0f 8ced | 1000 0041 | 8b6a 0c85 | ed0f 8f1d 
  0x0000020cf6ceda98: 1100 0045 | 8962 184c | 8b54 2420 | 458b 4214 

  0x0000020cf6cedaa8: ; implicit exception: dispatches to 0x0000020cf6cef534
  0x0000020cf6cedaa8: 438b 6cc4 | 1c85 ed0f | 8c3f 1100 | 0043 8b4c | c40c 85c9 | 0f8f 6a11 | 0000 4789 | 64c4 1843 
  0x0000020cf6cedac8: 8b6c c420 | 448b 5c24 | 1844 3bdd | 0f8f 8e11 | 0000 4585 | db0f 8cb1 | 1100 0047 | 895c c41c 
  0x0000020cf6cedae8: 413b cb0f | 8fc3 1100 | 0044 8b5c | 2404 438b | 6cdc 1445 | 8b54 ec08 

  0x0000020cf6cedb00: ;   {metadata('com/badlogic/gdx/graphics/glutils/IndexArray')}
  0x0000020cf6cedb00: 4181 faf0 | 2910 010f | 8593 0c00 | 004d 8d14 | ec45 8b42 | 1043 8b6c | c41c 85ed | 0f8c b611 
  0x0000020cf6cedb20: 0000 438b | 4cc4 0c85 | c90f 8fcd | 1100 0047 | 8964 c418 | 438b 6cc4 | 2044 8b14 | 2444 3bd5 
  0x0000020cf6cedb40: 0f8f da11 | 0000 4585 | d20f 8c05 | 1200 0047 | 8954 c41c | 413b ca0f | 8f17 1200 | 0048 8b4c 
  0x0000020cf6cedb60: 2410 0fb6 | 6939 85ed | 0f85 2a12 

  0x0000020cf6cedb6c: ;   {oop(a 'java/lang/Class'{0x00000006046f94d0} = 'com/badlogic/gdx/Gdx')}
  0x0000020cf6cedb6c: 0000 49b8 | d094 6f04 | 0600 0000 | 418b a888 | 0000 0045 | 8b44 ec08 

  0x0000020cf6cedb84: ;   {metadata('com/badlogic/gdx/backends/lwjgl/LwjglGL20')}
  0x0000020cf6cedb84: 4181 f860 | 1202 010f | 8527 0c00 

  0x0000020cf6cedb90: ;   {oop(a 'java/lang/Class'{0x00000006046fe0e8} = 'org/lwjgl/opengl/GLContext')}
  0x0000020cf6cedb90: 0049 b8e8 | e06f 0406 | 0000 0045 | 8b48 7443 | 8b6c cc0c | 4c8b c549 | c1e0 0348 | 8b5c 2408 
  0x0000020cf6cedbb0: 4c3b c30f | 8567 0d00 | 0043 8b6c | cc10 85ed | 0f84 f211 | 0000 4d8b | 84ec 601a | 0000 4d85 
  0x0000020cf6cedbd0: c00f 8401 | 1200 0048 | 8be9 bae2 | 0b00 0090 

  0x0000020cf6cedbe0: ;   {static_call}
  0x0000020cf6cedbe0: c5f8 77e8 

  0x0000020cf6cedbe4: ; ImmutableOopMap {rbp=Oop [4]=NarrowOop [8]=Oop [40]=Oop }
                      ;*invokestatic nglEnable {reexecute=0 rethrow=0 return_oop=0}
                      ; - org.lwjgl.opengl.GL11::glEnable@15 (line 1015)
                      ; - com.badlogic.gdx.backends.lwjgl.LwjglGL20::glEnable@1 (line 292)
                      ; - com.badlogic.gdx.graphics.g2d.SpriteBatch::flush@125 (line 973)
  0x0000020cf6cedbe4: 78cb f8ff 

  0x0000020cf6cedbe8: ;   {other}
  0x0000020cf6cedbe8: 0f1f 8400 | 5807 0002 | 488b cd44 | 8b59 1841 | 83fb ff0f | 8417 1200 | 0044 8b51 

  0x0000020cf6cedc04: ;   {oop(a 'java/lang/Class'{0x00000006046f94d0} = 'com/badlogic/gdx/Gdx')}
  0x0000020cf6cedc04: 2449 b8d0 | 946f 0406 | 0000 0041 | 8ba8 8800 | 0000 448b | 411c 448b | 4920 418b 

  0x0000020cf6cedc20: ;   {metadata('com/badlogic/gdx/backends/lwjgl/LwjglGL20')}
  0x0000020cf6cedc20: 7cec 0881 | ff60 1202 | 010f 85a9 

  0x0000020cf6cedc2c: ;   {oop(a 'java/lang/Class'{0x00000006046fe0e8} = 'org/lwjgl/opengl/GLContext')}
  0x0000020cf6cedc2c: 0b00 0048 | bbe8 e06f | 0406 0000 | 008b 5374 

  0x0000020cf6cedc3c: ; implicit exception: dispatches to 0x0000020cf6cef5d4
  0x0000020cf6cedc3c: 418b 6cd4 | 0c48 8bfd | 48c1 e703 | 488b 5c24 | 0848 3bfb | 0f85 f20c | 0000 418b | 6cd4 1085 
  0x0000020cf6cedc5c: ed0f 84d1 | 1100 0049 | 8bb4 ec58 | 2100 0048 | 85f6 0f84 | f011 0000 | 4889 5c24 | 1048 8be9 
  0x0000020cf6cedc7c: 418b d341 | 8bfa 6690 

  0x0000020cf6cedc84: ;   {static_call}
  0x0000020cf6cedc84: c5f8 77e8 

  0x0000020cf6cedc88: ; ImmutableOopMap {rbp=Oop [4]=NarrowOop [16]=Oop [40]=Oop }
                      ;*invokestatic nglBlendFuncSeparate {reexecute=0 rethrow=0 return_oop=0}
                      ; - org.lwjgl.opengl.GL14::glBlendFuncSeparate@23 (line 241)
                      ; - com.badlogic.gdx.backends.lwjgl.LwjglGL20::glBlendFuncSeparate@5 (line 113)
                      ; - com.badlogic.gdx.graphics.g2d.SpriteBatch::flush@157 (line 974)
  0x0000020cf6cedc88: d4ce f8ff 

  0x0000020cf6cedc8c: ;   {other}
  0x0000020cf6cedc8c: 0f1f 8400 | fc07 0003 | 4c8b d541 | 8b5a 5885 | db75 0441 | 8b5a 5444 | 8b04 2445 | 85c0 0f84 
  0x0000020cf6cedcac: fc11 0000 | 8b4c 2404 | 450f b64c | cc0c 4585 | c90f 8401 | 1200 0041 | 8b6c cc10 

  0x0000020cf6cedcc8: ; implicit exception: dispatches to 0x0000020cf6cef5ec
  0x0000020cf6cedcc8: 458b 5cec 

  0x0000020cf6cedccc: ;   {metadata('com/badlogic/gdx/graphics/glutils/VertexArray')}
  0x0000020cf6cedccc: 0841 81fb | 0827 1001 | 0f85 2e0b | 0000 4489 | 4c24 0c4c | 8954 2418 | 4c8b c349 | c1e0 0389 
  0x0000020cf6cedcec: 5c24 0849 | 8d14 ec45 | 33c9 488b | 6c24 2890 

  0x0000020cf6cedcfc: ;   {optimized virtual_call}
  0x0000020cf6cedcfc: c5f8 77e8 

  0x0000020cf6cedd00: ; ImmutableOopMap {rbp=Oop [4]=NarrowOop [8]=NarrowOop [16]=Oop [24]=Oop [40]=Oop }
                      ;*invokeinterface bind {reexecute=0 rethrow=0 return_oop=0}
                      ; - com.badlogic.gdx.graphics.Mesh::bind@6 (line 391)
                      ; - com.badlogic.gdx.graphics.Mesh::bind@3 (line 382)
                      ; - com.badlogic.gdx.graphics.Mesh::render@13 (line 490)
                      ; - com.badlogic.gdx.graphics.Mesh::render@10 (line 460)
                      ; - com.badlogic.gdx.graphics.g2d.SpriteBatch::flush@184 (line 977)
  0x0000020cf6cedd00: bc6b 0000 

  0x0000020cf6cedd04: ;   {other}
  0x0000020cf6cedd04: 0f1f 8400 | 7408 0004 | 8b4c 2404 | 418b 6ccc | 1445 8b54 

  0x0000020cf6cedd18: ;   {metadata('com/badlogic/gdx/graphics/glutils/IndexArray')}
  0x0000020cf6cedd18: ec08 4181 | faf0 2910 | 010f 850d | 0b00 004d | 8d14 ec41 | 0fb6 6a0c | 85ed 0f85 | b411 0000 
  0x0000020cf6cedd38: 458b 4210 

  0x0000020cf6cedd3c: ; implicit exception: dispatches to 0x0000020cf6cef61c
  0x0000020cf6cedd3c: 438b 5cc4 | 1c85 db0f | 8e33 0c00 | 0041 0fb6 | 6ccc 0d85 | ed0f 84b5 | 1100 0047 | 8b5c c418 
  0x0000020cf6cedd5c: 85db 0f8c | c011 0000 | 478b 4cc4 | 0c45 85c9 | 0f8f e211 | 0000 4489 | 5c24 2489 | 5c24 2047 
  0x0000020cf6cedd7c: 8964 c418 | 438b 6cc4 | 2044 8b1c | 2444 3bdd | 0f8f f611 | 0000 458b | d347 8954 | c41c 453b 
  0x0000020cf6cedd9c: ca0f 8f21 | 1200 0044 

  0x0000020cf6cedda4: ;   {oop(a 'java/lang/Class'{0x00000006046f94d0} = 'com/badlogic/gdx/Gdx')}
  0x0000020cf6cedda4: 8904 2449 | bbd0 946f | 0406 0000 | 0041 8bab | 8c00 0000 

  0x0000020cf6ceddb8: ; implicit exception: dispatches to 0x0000020cf6cef634
  0x0000020cf6ceddb8: 458b 5cec 

  0x0000020cf6ceddbc: ;   {metadata('com/badlogic/gdx/backends/lwjgl/LwjglGL20')}
  0x0000020cf6ceddbc: 0841 81fb | 6012 0201 | 0f85 8a0a 

  0x0000020cf6ceddc8: ;   {oop(a 'java/lang/Class'{0x00000006046fe0e8} = 'org/lwjgl/opengl/GLContext')}
  0x0000020cf6ceddc8: 0000 49bb | e8e0 6f04 | 0600 0000 | 458b 5b74 

  0x0000020cf6ceddd8: ; implicit exception: dispatches to 0x0000020cf6cef64c
  0x0000020cf6ceddd8: 438b 6cdc | 0c4c 8bc5 | 49c1 e003 | 4c8b 4c24 | 104d 3bc1 | 0f85 aa0b | 0000 478b | 5cdc 1045 
  0x0000020cf6ceddf8: 85db 0f84 | 2012 0000 | 4b8b 8cdc | 881a 0000 | 4885 c90f | 8433 1200 | 0047 8b8c | dcac 3f00 
  0x0000020cf6cede18: 0047 8b44 | cc10 438b | 5cc4 1043 | 8b6c c40c 

  0x0000020cf6cede28: ; implicit exception: dispatches to 0x0000020cf6cef694
  0x0000020cf6cede28: 458b 4cdc | 0c41 3be9 | 0f83 7208 | 0000 4d8d | 04dc 458b | 4ca8 1043 | 8b6c cc18 | 85ed 0f85 
  0x0000020cf6cede48: 680b 0000 | 438b 6ccc | 0c85 ed0f | 853f 1200 

  0x0000020cf6cede58: ;   {oop(a 'org/lwjgl/MemoryUtilSun$AccessorUnsafe'{0x00000006047c4538})}
  0x0000020cf6cede58: 0049 bb38 | 457c 0406 | 0000 004d | 8b4b 1045 | 85d2 0f8e | 6604 0000 | 458b c245 | 3b63 0c0f 
  0x0000020cf6cede78: 847f 0800 | 0044 8b14 | 244b 8d2c | d44a 8b7c | 0d00 ba04 | 0000 0041 | b903 1400 | 0048 8bf1 
  0x0000020cf6cede98: ;   {static_call}
  0x0000020cf6cede98: c5f8 77e8 

  0x0000020cf6cede9c: ; ImmutableOopMap {rbp=Oop [0]=NarrowOop [4]=NarrowOop [8]=NarrowOop [16]=Oop [24]=Oop [40]=Oop }
                      ;*invokestatic nglDrawElements {reexecute=0 rethrow=0 return_oop=0}
                      ; - org.lwjgl.opengl.GL11::glDrawElements@34 (line 1110)
                      ; - com.badlogic.gdx.backends.lwjgl.LwjglGL20::glDrawElements@21 (line 281)
                      ; - com.badlogic.gdx.graphics.Mesh::render@88 (line 499)
                      ; - com.badlogic.gdx.graphics.Mesh::render@10 (line 460)
                      ; - com.badlogic.gdx.graphics.g2d.SpriteBatch::flush@184 (line 977)
  0x0000020cf6cede9c: c0d0 f8ff 

  0x0000020cf6cedea0: ;   {other}
  0x0000020cf6cedea0: 0f1f 8400 | 100a 0005 | 448b 1c24 | 438b 6cdc | 1c44 8b4c | 2424 443b | cd0f 8f11 | 1200 0045 
  0x0000020cf6cedec0: 85c9 0f8c | 7812 0000 | 478b 44dc | 0c45 3bc1 | 0f8f da12 | 0000 4789 | 4cdc 1843 | 8b6c dc20 
  0x0000020cf6cedee0: 448b 5424 | 2044 3bd5 | 0f8f 3213 | 0000 4789 | 54dc 1c45 | 3bca 0f8f | 8013 0000 | 453b c20f 
  0x0000020cf6cedf00: 8fd3 1300 | 008b 4c24 | 0441 8b6c | cc10 458b 

  0x0000020cf6cedf10: ;   {metadata('com/badlogic/gdx/graphics/glutils/VertexArray')}
  0x0000020cf6cedf10: 5cec 0841 | 81fb 0827 | 1001 0f85 | 7009 0000 | 498d 3cec | 448b 5710 

  0x0000020cf6cedf28: ; implicit exception: dispatches to 0x0000020cf6cef6e0
  0x0000020cf6cedf28: 478b 5cd4 | 1847 8b44 | dc0c 4585 | c00f 86dd | 0200 0044 | 8b4c 2408 | 4585 c90f | 847f 0900 
  0x0000020cf6cedf48: 004b 8d14 | cc33 dbeb | 178b 4c24 | 0c44 8b4c | 2420 488b | 3c24 448b | 4424 2448 | 8b54 2430 
  0x0000020cf6cedf68: 448b 5f10 

  0x0000020cf6cedf6c: ; implicit exception: dispatches to 0x0000020cf6cef3c4
  0x0000020cf6cedf6c: 478b 54dc | 1847 8b5c | d40c 413b | db0f 839b | 0300 0049 | c1e2 0345 | 8b54 9a10 

  0x0000020cf6cedf88: ; implicit exception: dispatches to 0x0000020cf6cef3f4
  0x0000020cf6cedf88: 478b 5cd4 | 2844 895c | 2438 895c | 2408 4889 | 5424 3044 | 8944 2424 | 4889 3c24 | 894c 240c 
  0x0000020cf6cedfa8: 470f b654 | cc1d 4489 

  0x0000020cf6cedfb0: ;   {oop(a 'java/lang/Class'{0x00000006046f94d0} = 'com/badlogic/gdx/Gdx')}
  0x0000020cf6cedfb0: 4c24 2049 | bbd0 946f | 0406 0000 | 0045 8b9b | 8c00 0000 | 4489 5c24 | 3c45 85d2 | 0f85 4605 
  0x0000020cf6cedfd0: 0000 478b | 5ccc 3444 | 895c 2440 | 4585 db0f | 846f 0300 | 0044 8b54 | 2438 478b | 54d4 0c45 
  0x0000020cf6cedff0: 85d2 0f84 | 7c02 0000 | 458b ca44 | 8b5c 2440 | 4723 4cdc | 2045 8bd9 | 448b 4424 | 4043 8b6c 
  0x0000020cf6cee010: c430 458b | 4cec 0c45 | 3bd9 0f83 | 5003 0000 | 4d8d 04ec | 438b 6c98 | 1044 8b4c | 2438 443b 
  0x0000020cf6cee030: cd0f 841e | 0100 0045 | 8b4c ec08 

  0x0000020cf6cee03c: ;   {metadata('java/lang/String')}
  0x0000020cf6cee03c: 4181 f940 | e700 000f | 8507 1300 | 0044 8b44 | 2438 470f | be4c c410 | 4d8d 04ec | 410f be58 
  0x0000020cf6cee05c: 1044 3bcb | 0f85 0204 | 0000 458b | 4814 8b4c | 2438 458b | 44cc 1443 | 8b7c cc0c | 438b 4cc4 
  0x0000020cf6cee07c: 0c3b cf0f | 85e3 0300 | 004b 8d1c | cc4b 8d74 | cc10 4f8d | 0cc4 4b8d | 7cc4 1085 | c90f 849d 
  0x0000020cf6cee09c: 0000 008b | c183 e01f | 83e1 e00f | 844b 0000 | 0048 8d3c | 0f48 8d34 | 0e48 f7d9 | c5fe 6f0c 
  0x0000020cf6cee0bc: 0fc5 fe6f | 040e c5f5 | efc8 c4e2 | 7d17 c90f | 8572 0000 | 0048 83c1 | 2075 e185 | c00f 845d 
  0x0000020cf6cee0dc: 0000 00c5 | fe6f 4c07 | e0c5 fe6f | 4406 e0c5 | f5ef c8c4 | e27d 17c9 | 754d eb44 | 8bc8 83e1 
  0x0000020cf6cee0fc: fc74 1948 | 8d3c 0f48 | 8d34 0e48 | f7d9 8b1c | 0f3b 1c0e | 7531 4883 | c104 75f2 | a802 7412 
  0x0000020cf6cee11c: 0fb7 1f0f | b70e 3bd9 | 751d 488d | 7f02 488d | 7602 a801 | 740a 0fb6 | 1f0f b60e 

  0x0000020cf6cee138: ;   {no_reloc}
  0x0000020cf6cee138: 3bd9 7507 | b801 0000 | 00eb 0233 | c0c5 f5ef | c9c5 fdef | c085 c00f | 8413 0300 | 0044 8b54 
  0x0000020cf6cee158: 2440 438b | 6cd4 3445 | 8b44 ec0c | 453b d80f | 8367 0200 | 004d 8d14 | ec47 8b4c | 9a10 4183 
  0x0000020cf6cee178: f9fe 0f84 | d003 0000 | 4183 f9ff | 0f84 4a04 | 0000 448b | 5c24 3c47 | 8b54 dc08 

  0x0000020cf6cee194: ;   {metadata('com/badlogic/gdx/backends/lwjgl/LwjglGL20')}
  0x0000020cf6cee194: 4181 fa60 | 1202 010f | 857b 0200 

  0x0000020cf6cee1a0: ;   {oop(a 'java/lang/Class'{0x00000006046fe0e8} = 'org/lwjgl/opengl/GLContext')}
  0x0000020cf6cee1a0: 0049 bae8 | e06f 0406 | 0000 0045 | 8b5a 7443 | 8b6c dc0c | 458b d14c | 8bc5 49c1 | e003 4c8b 
  0x0000020cf6cee1c0: 4c24 104d | 3bc1 0f85 | 3003 0000 | 438b 6cdc | 1085 ed0f | 8447 0400 | 004d 8b84 | ecf0 2300 
  0x0000020cf6cee1e0: 004d 85c0 | 0f84 6e04 | 0000 418b | d266 6690 

  0x0000020cf6cee1f0: ;   {static_call}
  0x0000020cf6cee1f0: c5f8 77e8 

  0x0000020cf6cee1f4: ; ImmutableOopMap {[0]=Oop [12]=NarrowOop [16]=Oop [24]=Oop [32]=NarrowOop [40]=Oop [48]=Oop }
                      ;*invokestatic nglDisableVertexAttribArray {reexecute=0 rethrow=0 return_oop=0}
                      ; - org.lwjgl.opengl.GL20::glDisableVertexAttribArray@15 (line 920)
                      ; - com.badlogic.gdx.backends.lwjgl.LwjglGL20::glDisableVertexAttribArray@1 (line 272)
                      ; - com.badlogic.gdx.graphics.glutils.ShaderProgram::disableVertexAttribute@22 (line 719)
                      ; - com.badlogic.gdx.graphics.glutils.VertexArray::unbind@34 (line 157)
                      ; - com.badlogic.gdx.graphics.Mesh::unbind@6 (line 409)
                      ; - com.badlogic.gdx.graphics.Mesh::unbind@3 (line 400)
                      ; - com.badlogic.gdx.graphics.Mesh::render@253 (line 518)
                      ; - com.badlogic.gdx.graphics.Mesh::render@10 (line 460)
                      ; - com.badlogic.gdx.graphics.g2d.SpriteBatch::flush@184 (line 977)
  0x0000020cf6cee1f4: 6833 f8ff 

  0x0000020cf6cee1f8: ;   {other}
  0x0000020cf6cee1f8: 0f1f 8400 | 680d 0006 | 8b5c 2408 | ffc3 3b5c | 2424 0f8c | 41fd ffff | 8b4c 240c | 488b 3c24 
  0x0000020cf6cee218: 4488 670c | 418b 6ccc | 1445 8b54 

  0x0000020cf6cee224: ;   {metadata('com/badlogic/gdx/graphics/glutils/IndexArray')}
  0x0000020cf6cee224: ec08 4181 | faf0 2910 | 010f 8579 | 0600 004d | 8d14 ec41 | 0fb6 6a0c | 85ed 0f85 | f010 0000 
  0x0000020cf6cee244: 458b 5210 

  0x0000020cf6cee248: ; implicit exception: dispatches to 0x0000020cf6cef728
  0x0000020cf6cee248: 438b 6cd4 | 1c85 ed0f | 8eb3 0700 | 004c 8b54 | 2418 4589 | 620c c5f8 | 7748 83c4 

  0x0000020cf6cee264: ;   {poll_return}
  0x0000020cf6cee264: 705d 493b | a748 0400 | 000f 8702 | 1500 00c3 | 448b 5c24 | 3847 0fb6 | 54dc 1145 | 85d2 755a 
  0x0000020cf6cee284: 478b 54dc | 1444 8b44 | 2440 4f8d | 1cc4 498b | d248 c1e2 | 0344 8b54 | 2438 4b8d | 2cd4 4380 
  0x0000020cf6cee2a4: 7cd4 1000 | 7557 4c89 | 5c24 5090 

  0x0000020cf6cee2b0: ;   {static_call}
  0x0000020cf6cee2b0: c5f8 77e8 

  0x0000020cf6cee2b4: ; ImmutableOopMap {rbp=Oop [0]=Oop [12]=NarrowOop [16]=Oop [24]=Oop [32]=NarrowOop [40]=Oop [48]=Oop [56]=NarrowOop [60]=NarrowOop [64]=NarrowOop [80]=Oop }
                      ;*invokestatic hashCode {reexecute=0 rethrow=0 return_oop=0}
                      ; - java.lang.String::hashCode@27 (line 2369)
                      ; - com.badlogic.gdx.utils.ObjectIntMap::get@1 (line 279)
                      ; - com.badlogic.gdx.graphics.glutils.ShaderProgram::fetchAttributeLocation@11 (line 290)
                      ; - com.badlogic.gdx.graphics.glutils.ShaderProgram::disableVertexAttribute@10 (line 717)
                      ; - com.badlogic.gdx.graphics.glutils.VertexArray::unbind@34 (line 157)
                      ; - com.badlogic.gdx.graphics.Mesh::unbind@6 (line 409)
                      ; - com.badlogic.gdx.graphics.Mesh::unbind@3 (line 400)
                      ; - com.badlogic.gdx.graphics.Mesh::render@253 (line 518)
                      ; - com.badlogic.gdx.graphics.Mesh::render@10 (line 460)
                      ; - com.badlogic.gdx.graphics.g2d.SpriteBatch::flush@184 (line 977)
  0x0000020cf6cee2b4: c815 7aff 

  0x0000020cf6cee2b8: ;   {other}
  0x0000020cf6cee2b8: 0f1f 8400 | 280e 0007 | 85c0 742a | 448b 5424 | 3843 8944 | d40c 448b | d0e9 22fd | ffff 4533 
  0x0000020cf6cee2d8: c0e9 95fb | ffff 4533 | d2e9 12fd | ffff 894a | 34e9 24f6 | ffff 448b | 5c24 3843 | c644 dc11 
  0x0000020cf6cee2f8: 0145 33d2 | e9f7 fcff | ff4c 895c | 2450 6690 

  0x0000020cf6cee308: ;   {static_call}
  0x0000020cf6cee308: c5f8 77e8 

  0x0000020cf6cee30c: ; ImmutableOopMap {rbp=Oop [0]=Oop [12]=NarrowOop [16]=Oop [24]=Oop [32]=NarrowOop [40]=Oop [48]=Oop [56]=NarrowOop [60]=NarrowOop [64]=NarrowOop [80]=Oop }
                      ;*invokestatic hashCode {reexecute=0 rethrow=0 return_oop=0}
                      ; - java.lang.String::hashCode@37 (line 2370)
                      ; - com.badlogic.gdx.utils.ObjectIntMap::get@1 (line 279)
                      ; - com.badlogic.gdx.graphics.glutils.ShaderProgram::fetchAttributeLocation@11 (line 290)
                      ; - com.badlogic.gdx.graphics.glutils.ShaderProgram::disableVertexAttribute@10 (line 717)
                      ; - com.badlogic.gdx.graphics.glutils.VertexArray::unbind@34 (line 157)
                      ; - com.badlogic.gdx.graphics.Mesh::unbind@6 (line 409)
                      ; - com.badlogic.gdx.graphics.Mesh::unbind@3 (line 400)
                      ; - com.badlogic.gdx.graphics.Mesh::render@253 (line 518)
                      ; - com.badlogic.gdx.graphics.Mesh::render@10 (line 460)
                      ; - com.badlogic.gdx.graphics.g2d.SpriteBatch::flush@184 (line 977)
  0x0000020cf6cee30c: 7015 7aff 

  0x0000020cf6cee310: ;   {other}
  0x0000020cf6cee310: 0f1f 8400 | 800e 0008 | eba6 bae4 | ffff ff48 | 8bef 4489 | 5424 0489 | 5c24 0848 | ff74 2418 
  0x0000020cf6cee330: 488f 4424 | 1089 4c24 | 0c44 8944 | 241c 4489 | 4c24 2090 

  0x0000020cf6cee344: ;   {runtime_call UncommonTrapBlob}
  0x0000020cf6cee344: c5f8 77e8 

  0x0000020cf6cee348: ; ImmutableOopMap {rbp=Oop [4]=NarrowOop [12]=NarrowOop [16]=Oop [32]=NarrowOop }
                      ;*aaload {reexecute=0 rethrow=0 return_oop=0}
                      ; - com.badlogic.gdx.graphics.VertexAttributes::get@5 (line 109)
                      ; - com.badlogic.gdx.graphics.glutils.VertexArray::unbind@28 (line 157)
                      ; - com.badlogic.gdx.graphics.Mesh::unbind@6 (line 409)
                      ; - com.badlogic.gdx.graphics.Mesh::unbind@3 (line 400)
                      ; - com.badlogic.gdx.graphics.Mesh::render@253 (line 518)
                      ; - com.badlogic.gdx.graphics.Mesh::render@10 (line 460)
                      ; - com.badlogic.gdx.graphics.g2d.SpriteBatch::flush@184 (line 977)
  0x0000020cf6cee348: b499 7aff 

  0x0000020cf6cee34c: ;   {other}
  0x0000020cf6cee34c: 0f1f 8400 | bc0e 0009 | baf6 ffff | ff8b 6c24 | 3866 6690 

  0x0000020cf6cee360: ;   {runtime_call UncommonTrapBlob}
  0x0000020cf6cee360: c5f8 77e8 

  0x0000020cf6cee364: ; ImmutableOopMap {rbp=NarrowOop }
                      ;*invokevirtual get {reexecute=0 rethrow=0 return_oop=0}
                      ; - com.badlogic.gdx.graphics.glutils.ShaderProgram::fetchAttributeLocation@11 (line 290)
                      ; - com.badlogic.gdx.graphics.glutils.ShaderProgram::disableVertexAttribute@10 (line 717)
                      ; - com.badlogic.gdx.graphics.glutils.VertexArray::unbind@34 (line 157)
                      ; - com.badlogic.gdx.graphics.Mesh::unbind@6 (line 409)
                      ; - com.badlogic.gdx.graphics.Mesh::unbind@3 (line 400)
                      ; - com.badlogic.gdx.graphics.Mesh::render@253 (line 518)
                      ; - com.badlogic.gdx.graphics.Mesh::render@10 (line 460)
                      ; - com.badlogic.gdx.graphics.g2d.SpriteBatch::flush@184 (line 977)
  0x0000020cf6cee364: 9899 7aff 

  0x0000020cf6cee368: ;   {other}
  0x0000020cf6cee368: 0f1f 8400 | d80e 000a | bae4 ffff | ff48 ff74 | 2418 488f | 4424 1048 | 8944 24f8 | 8b44 2424 
  0x0000020cf6cee388: 8944 241c | 488b 4424 | f848 8944 | 24f8 8b44 | 243c 8944 | 2424 488b | 4424 f848 | 8944 24f8 
  0x0000020cf6cee3a8: 8b44 2438 | 8944 2428 | 488b 4424 | f844 8944 | 2430 4489 | 5424 3c44 | 895c 2444 

  0x0000020cf6cee3c4: ;   {runtime_call UncommonTrapBlob}
  0x0000020cf6cee3c4: c5f8 77e8 

  0x0000020cf6cee3c8: ; ImmutableOopMap {rbp=NarrowOop [0]=Oop [12]=NarrowOop [16]=Oop [32]=NarrowOop [36]=NarrowOop [40]=NarrowOop [48]=NarrowOop }
                      ;*aaload {reexecute=0 rethrow=0 return_oop=0}
                      ; - com.badlogic.gdx.utils.ObjectIntMap::get@20 (line 281)
                      ; - com.badlogic.gdx.graphics.glutils.ShaderProgram::fetchAttributeLocation@11 (line 290)
                      ; - com.badlogic.gdx.graphics.glutils.ShaderProgram::disableVertexAttribute@10 (line 717)
                      ; - com.badlogic.gdx.graphics.glutils.VertexArray::unbind@34 (line 157)
                      ; - com.badlogic.gdx.graphics.Mesh::unbind@6 (line 409)
                      ; - com.badlogic.gdx.graphics.Mesh::unbind@3 (line 400)
                      ; - com.badlogic.gdx.graphics.Mesh::render@253 (line 518)
                      ; - com.badlogic.gdx.graphics.Mesh::render@10 (line 460)
                      ; - com.badlogic.gdx.graphics.g2d.SpriteBatch::flush@184 (line 977)
  0x0000020cf6cee3c8: 3499 7aff 

  0x0000020cf6cee3cc: ;   {other}
  0x0000020cf6cee3cc: 0f1f 8400 | 3c0f 000b | bae4 ffff | ff48 ff74 | 2418 488f | 4424 1048 | 8944 24f8 | 8b44 2424 
  0x0000020cf6cee3ec: 8944 241c | 488b 4424 | f848 8944 | 24f8 8b44 | 243c 8944 | 2424 488b | 4424 f844 | 895c 2430 
  0x0000020cf6cee40c: ;   {runtime_call UncommonTrapBlob}
  0x0000020cf6cee40c: c5f8 77e8 

  0x0000020cf6cee410: ; ImmutableOopMap {rbp=NarrowOop [0]=Oop [12]=NarrowOop [16]=Oop [32]=NarrowOop [36]=NarrowOop [56]=NarrowOop }
                      ;*iaload {reexecute=0 rethrow=0 return_oop=0}
                      ; - com.badlogic.gdx.utils.ObjectIntMap::get@82 (line 288)
                      ; - com.badlogic.gdx.graphics.glutils.ShaderProgram::fetchAttributeLocation@11 (line 290)
                      ; - com.badlogic.gdx.graphics.glutils.ShaderProgram::disableVertexAttribute@10 (line 717)
                      ; - com.badlogic.gdx.graphics.glutils.VertexArray::unbind@34 (line 157)
                      ; - com.badlogic.gdx.graphics.Mesh::unbind@6 (line 409)
                      ; - com.badlogic.gdx.graphics.Mesh::unbind@3 (line 400)
                      ; - com.badlogic.gdx.graphics.Mesh::render@253 (line 518)
                      ; - com.badlogic.gdx.graphics.Mesh::render@10 (line 460)
                      ; - com.badlogic.gdx.graphics.g2d.SpriteBatch::flush@184 (line 977)
  0x0000020cf6cee410: ec98 7aff 

  0x0000020cf6cee414: ;   {other}
  0x0000020cf6cee414: 0f1f 8400 | 840f 000c | bade ffff | ff48 8b2c | 2448 8944 | 24f8 8b44 | 2408 8904 | 2448 8b44 
  0x0000020cf6cee434: 24f8 48ff | 7424 1848 | 8f44 2410 | 4889 4424 | f88b 4424 | 0c89 4424 | 0448 8b44 | 24f8 4489 
  0x0000020cf6cee454: 4c24 1c90 

  0x0000020cf6cee458: ;   {runtime_call UncommonTrapBlob}
  0x0000020cf6cee458: c5f8 77e8 

  0x0000020cf6cee45c: ; ImmutableOopMap {rbp=Oop [4]=NarrowOop [16]=Oop [32]=NarrowOop [60]=NarrowOop }
                      ;*invokeinterface glDisableVertexAttribArray {reexecute=0 rethrow=0 return_oop=0}
                      ; - com.badlogic.gdx.graphics.glutils.ShaderProgram::disableVertexAttribute@22 (line 719)
                      ; - com.badlogic.gdx.graphics.glutils.VertexArray::unbind@34 (line 157)
                      ; - com.badlogic.gdx.graphics.Mesh::unbind@6 (line 409)
                      ; - com.badlogic.gdx.graphics.Mesh::unbind@3 (line 400)
                      ; - com.badlogic.gdx.graphics.Mesh::render@253 (line 518)
                      ; - com.badlogic.gdx.graphics.Mesh::render@10 (line 460)
                      ; - com.badlogic.gdx.graphics.g2d.SpriteBatch::flush@184 (line 977)
  0x0000020cf6cee45c: a098 7aff 

  0x0000020cf6cee460: ;   {other}
  0x0000020cf6cee460: 0f1f 8400 | d00f 000d | ba45 ffff | ff48 8b2c | 2448 8944 | 24f8 8b44 | 2408 8904 | 2448 8b44 
  0x0000020cf6cee480: 24f8 48ff | 7424 1848 | 8f44 2410 | 4889 4424 | f88b 4424 | 0c89 4424 | 0448 8b44 | 24f8 4889 
  0x0000020cf6cee4a0: 4424 f88b | 4424 2089 | 4424 0848 | 8b44 24f8 | 4889 4424 | f88b 4424 | 2489 4424 | 0c48 8b44 
  0x0000020cf6cee4c0: 24f8 4889 | 4424 f88b | 4424 3c89 | 4424 1848 | 8b44 24f8 | 4889 4424 | f88b 4424 | 3889 4424 
  0x0000020cf6cee4e0: 2048 8b44 | 24f8 4489 | 5424 3090 

  0x0000020cf6cee4ec: ;   {runtime_call UncommonTrapBlob}
  0x0000020cf6cee4ec: c5f8 77e8 

  0x0000020cf6cee4f0: ; ImmutableOopMap {rbp=Oop [4]=NarrowOop [8]=NarrowOop [16]=Oop [24]=NarrowOop [32]=NarrowOop [64]=NarrowOop }
                      ;*ifne {reexecute=1 rethrow=0 return_oop=0}
                      ; - (reexecute) com.badlogic.gdx.utils.ObjectIntMap::get@24 (line 281)
                      ; - com.badlogic.gdx.graphics.glutils.ShaderProgram::fetchAttributeLocation@11 (line 290)
                      ; - com.badlogic.gdx.graphics.glutils.ShaderProgram::disableVertexAttribute@10 (line 717)
                      ; - com.badlogic.gdx.graphics.glutils.VertexArray::unbind@34 (line 157)
                      ; - com.badlogic.gdx.graphics.Mesh::unbind@6 (line 409)
                      ; - com.badlogic.gdx.graphics.Mesh::unbind@3 (line 400)
                      ; - com.badlogic.gdx.graphics.Mesh::render@253 (line 518)
                      ; - com.badlogic.gdx.graphics.Mesh::render@10 (line 460)
                      ; - com.badlogic.gdx.graphics.g2d.SpriteBatch::flush@184 (line 977)
  0x0000020cf6cee4f0: 0c98 7aff 

  0x0000020cf6cee4f4: ;   {other}
  0x0000020cf6cee4f4: 0f1f 8400 | 6410 000e | ba45 ffff | ff44 8954 | 2428 6690 

  0x0000020cf6cee508: ;   {runtime_call UncommonTrapBlob}
  0x0000020cf6cee508: c5f8 77e8 

  0x0000020cf6cee50c: ; ImmutableOopMap {rbp=NarrowOop [0]=Oop [12]=NarrowOop [16]=Oop [24]=Oop [32]=NarrowOop }
                      ;*if_acmpne {reexecute=1 rethrow=0 return_oop=0}
                      ; - (reexecute) org.lwjgl.opengl.GLContext::getCapabilitiesImpl@11 (line 132)
                      ; - org.lwjgl.opengl.GLContext::getCapabilities@0 (line 122)
                      ; - org.lwjgl.opengl.GL20::glDisableVertexAttribArray@0 (line 917)
                      ; - com.badlogic.gdx.backends.lwjgl.LwjglGL20::glDisableVertexAttribArray@1 (line 272)
                      ; - com.badlogic.gdx.graphics.glutils.ShaderProgram::disableVertexAttribute@22 (line 719)
                      ; - com.badlogic.gdx.graphics.glutils.VertexArray::unbind@34 (line 157)
                      ; - com.badlogic.gdx.graphics.Mesh::unbind@6 (line 409)
                      ; - com.badlogic.gdx.graphics.Mesh::unbind@3 (line 400)
                      ; - com.badlogic.gdx.graphics.Mesh::render@253 (line 518)
                      ; - com.badlogic.gdx.graphics.Mesh::render@10 (line 460)
                      ; - com.badlogic.gdx.graphics.g2d.SpriteBatch::flush@184 (line 977)
  0x0000020cf6cee50c: f097 7aff 

  0x0000020cf6cee510: ;   {other}
  0x0000020cf6cee510: 0f1f 8400 | 8010 000f | ba45 ffff | ff48 8bef | 891c 2448 | ff74 2418 | 488f 4424 | 1089 4c24 
  0x0000020cf6cee530: 0444 8944 | 240c 4489 | 4c24 1844 | 8954 2428 

  0x0000020cf6cee540: ;   {runtime_call UncommonTrapBlob}
  0x0000020cf6cee540: c5f8 77e8 

  0x0000020cf6cee544: ; ImmutableOopMap {rbp=Oop [4]=NarrowOop [16]=Oop [24]=NarrowOop [32]=NarrowOop [56]=NarrowOop [60]=NarrowOop }
                      ;*ifeq {reexecute=1 rethrow=0 return_oop=0}
                      ; - (reexecute) com.badlogic.gdx.graphics.glutils.ShaderProgram::checkManaged@4 (line 746)
                      ; - com.badlogic.gdx.graphics.glutils.ShaderProgram::disableVertexAttribute@5 (line 716)
                      ; - com.badlogic.gdx.graphics.glutils.VertexArray::unbind@34 (line 157)
                      ; - com.badlogic.gdx.graphics.Mesh::unbind@6 (line 409)
                      ; - com.badlogic.gdx.graphics.Mesh::unbind@3 (line 400)
                      ; - com.badlogic.gdx.graphics.Mesh::render@253 (line 518)
                      ; - com.badlogic.gdx.graphics.Mesh::render@10 (line 460)
                      ; - com.badlogic.gdx.graphics.g2d.SpriteBatch::flush@184 (line 977)
  0x0000020cf6cee544: b897 7aff 

  0x0000020cf6cee548: ;   {other}
  0x0000020cf6cee548: 0f1f 8400 | b810 0010 | ba45 ffff | ff48 8b2c | 2448 8944 | 24f8 8b44 | 2408 8904 | 2448 8b44 
  0x0000020cf6cee568: 24f8 48ff | 7424 1848 | 8f44 2410 | 4889 4424 | f88b 4424 | 0c89 4424 | 0448 8b44 | 24f8 4889 
  0x0000020cf6cee588: 4424 f88b | 4424 2089 | 4424 0848 | 8b44 24f8 | 4889 4424 | f88b 4424 | 2489 4424 | 0c48 8b44 
  0x0000020cf6cee5a8: 24f8 4889 | 4424 f88b | 4424 3c89 | 4424 1848 | 8b44 24f8 | 4489 4c24 | 2866 6690 

  0x0000020cf6cee5c4: ;   {runtime_call UncommonTrapBlob}
  0x0000020cf6cee5c4: c5f8 77e8 

  0x0000020cf6cee5c8: ; ImmutableOopMap {rbp=Oop [4]=NarrowOop [8]=NarrowOop [16]=Oop [24]=NarrowOop [56]=NarrowOop }
                      ;*if_icmpne {reexecute=1 rethrow=0 return_oop=0}
                      ; - (reexecute) com.badlogic.gdx.graphics.glutils.ShaderProgram::fetchAttributeLocation@18 (line 290)
                      ; - com.badlogic.gdx.graphics.glutils.ShaderProgram::disableVertexAttribute@10 (line 717)
                      ; - com.badlogic.gdx.graphics.glutils.VertexArray::unbind@34 (line 157)
                      ; - com.badlogic.gdx.graphics.Mesh::unbind@6 (line 409)
                      ; - com.badlogic.gdx.graphics.Mesh::unbind@3 (line 400)
                      ; - com.badlogic.gdx.graphics.Mesh::render@253 (line 518)
                      ; - com.badlogic.gdx.graphics.Mesh::render@10 (line 460)
                      ; - com.badlogic.gdx.graphics.g2d.SpriteBatch::flush@184 (line 977)
  0x0000020cf6cee5c8: 3497 7aff 

  0x0000020cf6cee5cc: ;   {other}
  0x0000020cf6cee5cc: 0f1f 8400 | 3c11 0011 | ba45 ffff | ff48 8b2c | 2448 8944 | 24f8 8b44 | 2408 8904 | 2448 8b44 
  0x0000020cf6cee5ec: 24f8 48ff | 7424 1848 | 8f44 2410 | 4889 4424 | f88b 4424 | 0c89 4424 | 0448 8b44 | 24f8 4489 
  0x0000020cf6cee60c: 4c24 1890 

  0x0000020cf6cee610: ;   {runtime_call UncommonTrapBlob}
  0x0000020cf6cee610: c5f8 77e8 

  0x0000020cf6cee614: ; ImmutableOopMap {rbp=Oop [4]=NarrowOop [16]=Oop [32]=NarrowOop }
                      ;*if_icmpne {reexecute=1 rethrow=0 return_oop=0}
                      ; - (reexecute) com.badlogic.gdx.graphics.glutils.ShaderProgram::disableVertexAttribute@16 (line 718)
                      ; - com.badlogic.gdx.graphics.glutils.VertexArray::unbind@34 (line 157)
                      ; - com.badlogic.gdx.graphics.Mesh::unbind@6 (line 409)
                      ; - com.badlogic.gdx.graphics.Mesh::unbind@3 (line 400)
                      ; - com.badlogic.gdx.graphics.Mesh::render@253 (line 518)
                      ; - com.badlogic.gdx.graphics.Mesh::render@10 (line 460)
                      ; - com.badlogic.gdx.graphics.g2d.SpriteBatch::flush@184 (line 977)
  0x0000020cf6cee614: e896 7aff 

  0x0000020cf6cee618: ;   {other}
  0x0000020cf6cee618: 0f1f 8400 | 8811 0012 | ba45 ffff | ff48 ff74 | 2418 488f | 4424 1048 | 8944 24f8 | 8b44 2420 
  0x0000020cf6cee638: 8944 2418 | 488b 4424 | f844 8954 | 2420 6690 

  0x0000020cf6cee648: ;   {runtime_call UncommonTrapBlob}
  0x0000020cf6cee648: c5f8 77e8 

  0x0000020cf6cee64c: ; ImmutableOopMap {rbp=NarrowOop [0]=Oop [12]=NarrowOop [16]=Oop [24]=NarrowOop }
                      ;*ifnonnull {reexecute=1 rethrow=0 return_oop=0}
                      ; - (reexecute) org.lwjgl.opengl.GLContext::getCapabilities@5 (line 123)
                      ; - org.lwjgl.opengl.GL20::glDisableVertexAttribArray@0 (line 917)
                      ; - com.badlogic.gdx.backends.lwjgl.LwjglGL20::glDisableVertexAttribArray@1 (line 272)
                      ; - com.badlogic.gdx.graphics.glutils.ShaderProgram::disableVertexAttribute@22 (line 719)
                      ; - com.badlogic.gdx.graphics.glutils.VertexArray::unbind@34 (line 157)
                      ; - com.badlogic.gdx.graphics.Mesh::unbind@6 (line 409)
                      ; - com.badlogic.gdx.graphics.Mesh::unbind@3 (line 400)
                      ; - com.badlogic.gdx.graphics.Mesh::render@253 (line 518)
                      ; - com.badlogic.gdx.graphics.Mesh::render@10 (line 460)
                      ; - com.badlogic.gdx.graphics.g2d.SpriteBatch::flush@184 (line 977)
  0x0000020cf6cee64c: b096 7aff 

  0x0000020cf6cee650: ;   {other}
  0x0000020cf6cee650: 0f1f 8400 | c011 0013 | 4533 db4d | 3bc3 bdff | ffff ff7c | 0840 0f95 | c540 0fb6 | edba 45ff 
  0x0000020cf6cee670: ffff 48ff | 7424 1848 | 8f44 2410 | 4889 4424 | f88b 4424 | 2089 4424 | 1848 8b44 | 24f8 4489 
  0x0000020cf6cee690: 5424 204c | 8944 2428 

  0x0000020cf6cee698: ;   {runtime_call UncommonTrapBlob}
  0x0000020cf6cee698: c5f8 77e8 

  0x0000020cf6cee69c: ; ImmutableOopMap {[0]=Oop [12]=NarrowOop [16]=Oop [24]=NarrowOop }
                      ;*ifne {reexecute=1 rethrow=0 return_oop=0}
                      ; - (reexecute) org.lwjgl.BufferChecks::checkFunctionAddress@9 (line 57)
                      ; - org.lwjgl.opengl.GL20::glDisableVertexAttribArray@10 (line 919)
                      ; - com.badlogic.gdx.backends.lwjgl.LwjglGL20::glDisableVertexAttribArray@1 (line 272)
                      ; - com.badlogic.gdx.graphics.glutils.ShaderProgram::disableVertexAttribute@22 (line 719)
                      ; - com.badlogic.gdx.graphics.glutils.VertexArray::unbind@34 (line 157)
                      ; - com.badlogic.gdx.graphics.Mesh::unbind@6 (line 409)
                      ; - com.badlogic.gdx.graphics.Mesh::unbind@3 (line 400)
                      ; - com.badlogic.gdx.graphics.Mesh::render@253 (line 518)
                      ; - com.badlogic.gdx.graphics.Mesh::render@10 (line 460)
                      ; - com.badlogic.gdx.graphics.g2d.SpriteBatch::flush@184 (line 977)
  0x0000020cf6cee69c: 6096 7aff 

  0x0000020cf6cee6a0: ;   {other}
  0x0000020cf6cee6a0: 0f1f 8400 | 1012 0014 | bae4 ffff | ff48 ff74 | 2418 488f | 4424 1048 | 8944 24f8 | 8b44 2424 
  0x0000020cf6cee6c0: 8944 2418 | 488b 4424 | f848 8944 | 24f8 8b44 | 2420 8944 | 241c 488b | 4424 f848 | 894c 2428 
  0x0000020cf6cee6e0: 4489 5c24 | 2489 5c24 | 3066 6690 

  0x0000020cf6cee6ec: ;   {runtime_call UncommonTrapBlob}
  0x0000020cf6cee6ec: c5f8 77e8 

  0x0000020cf6cee6f0: ; ImmutableOopMap {[0]=NarrowOop [4]=NarrowOop [8]=NarrowOop [16]=Oop [36]=NarrowOop [48]=NarrowOop }
                      ;*aaload {reexecute=0 rethrow=0 return_oop=0}
                      ; - org.lwjgl.opengl.ReferencesStack::getReferences@8 (line 41)
                      ; - org.lwjgl.opengl.StateTracker::getReferences@7 (line 85)
                      ; - org.lwjgl.opengl.StateTracker::getElementArrayBufferBound@1 (line 143)
                      ; - org.lwjgl.opengl.GLChecks::ensureElementVBOdisabled@7 (line 82)
                      ; - org.lwjgl.opengl.GL11::glDrawElements@14 (line 1108)
                      ; - com.badlogic.gdx.backends.lwjgl.LwjglGL20::glDrawElements@21 (line 281)
                      ; - com.badlogic.gdx.graphics.Mesh::render@88 (line 499)
                      ; - com.badlogic.gdx.graphics.Mesh::render@10 (line 460)
                      ; - com.badlogic.gdx.graphics.g2d.SpriteBatch::flush@184 (line 977)
  0x0000020cf6cee6f0: 0c96 7aff 

  0x0000020cf6cee6f4: ;   {other}
  0x0000020cf6cee6f4: 0f1f 8400 | 6412 0015 | baf6 ffff | ff8b 2c24 | 4c89 0c24 

  0x0000020cf6cee708: ;   {runtime_call UncommonTrapBlob}
  0x0000020cf6cee708: c5f8 77e8 

  0x0000020cf6cee70c: ; ImmutableOopMap {rbp=NarrowOop }
                      ;*invokevirtual getLong {reexecute=0 rethrow=0 return_oop=0}
                      ; - org.lwjgl.MemoryUtilSun$AccessorUnsafe::getAddress@9 (line 70)
                      ; - org.lwjgl.MemoryUtil::getAddress0@4 (line 113)
                      ; - org.lwjgl.MemoryUtil::getAddress@1 (line 129)
                      ; - org.lwjgl.MemoryUtil::getAddress@5 (line 127)
                      ; - org.lwjgl.opengl.GL11::glDrawElements@30 (line 1110)
                      ; - com.badlogic.gdx.backends.lwjgl.LwjglGL20::glDrawElements@21 (line 281)
                      ; - com.badlogic.gdx.graphics.Mesh::render@88 (line 499)
                      ; - com.badlogic.gdx.graphics.Mesh::render@10 (line 460)
                      ; - com.badlogic.gdx.graphics.g2d.SpriteBatch::flush@184 (line 977)
  0x0000020cf6cee70c: f095 7aff 

  0x0000020cf6cee710: ;   {other}
  0x0000020cf6cee710: 0f1f 8400 | 8012 0016 | bade ffff | ff49 8be8 | 891c 2489 | 7424 0444 | 8954 2408 | 4489 4c24 
  0x0000020cf6cee730: 0c66 6690 

  0x0000020cf6cee734: ;   {runtime_call UncommonTrapBlob}
  0x0000020cf6cee734: c5f8 77e8 

  0x0000020cf6cee738: ; ImmutableOopMap {rbp=Oop [4]=NarrowOop }
                      ;*invokeinterface glBindTexture {reexecute=0 rethrow=0 return_oop=0}
                      ; - com.badlogic.gdx.graphics.GLTexture::bind@11 (line 66)
                      ; - com.badlogic.gdx.graphics.g2d.SpriteBatch::flush@58 (line 964)
  0x0000020cf6cee738: c495 7aff 

  0x0000020cf6cee73c: ;   {other}
  0x0000020cf6cee73c: 0f1f 8400 | ac12 0017 | bade ffff | ff4c 894c | 2408 8974 | 2410 4489 | 4424 1444 | 895c 2418 
  0x0000020cf6cee75c: ;   {runtime_call UncommonTrapBlob}
  0x0000020cf6cee75c: c5f8 77e8 

  0x0000020cf6cee760: ; ImmutableOopMap {rbp=NarrowOop [8]=Oop [16]=NarrowOop [20]=NarrowOop }
                      ;*invokeinterface setVertices {reexecute=0 rethrow=0 return_oop=0}
                      ; - com.badlogic.gdx.graphics.Mesh::setVertices@7 (line 208)
                      ; - com.badlogic.gdx.graphics.g2d.SpriteBatch::flush@76 (line 966)
  0x0000020cf6cee760: 9c95 7aff 

  0x0000020cf6cee764: ;   {other}
  0x0000020cf6cee764: 0f1f 8400 | d412 0018 | bade ffff | ff49 8be9 | 8974 2408 | 4889 4c24 | 1044 8944 | 2418 4489 
  0x0000020cf6cee784: 5c24 2089 | 7c24 2444 | 8954 2428 

  0x0000020cf6cee790: ;   {runtime_call UncommonTrapBlob}
  0x0000020cf6cee790: c5f8 77e8 

  0x0000020cf6cee794: ; ImmutableOopMap {rbp=Oop [8]=NarrowOop [16]=Oop [24]=NarrowOop [36]=NarrowOop }
                      ;*invokevirtual limit {reexecute=0 rethrow=0 return_oop=0}
                      ; - com.badlogic.gdx.utils.BufferUtils::copy@11 (line 51)
                      ; - com.badlogic.gdx.graphics.glutils.VertexArray::setVertices@7 (line 84)
                      ; - com.badlogic.gdx.graphics.Mesh::setVertices@7 (line 208)
                      ; - com.badlogic.gdx.graphics.g2d.SpriteBatch::flush@76 (line 966)
  0x0000020cf6cee794: 6895 7aff 

  0x0000020cf6cee798: ;   {other}
  0x0000020cf6cee798: 0f1f 8400 | 0813 0019 | bade ffff | ff66 6690 

  0x0000020cf6cee7a8: ;   {runtime_call UncommonTrapBlob}
  0x0000020cf6cee7a8: c5f8 77e8 

  0x0000020cf6cee7ac: ; ImmutableOopMap {rbp=NarrowOop [4]=NarrowOop [16]=Oop }
                      ;*invokeinterface getBuffer {reexecute=0 rethrow=0 return_oop=0}
                      ; - com.badlogic.gdx.graphics.Mesh::getIndicesBuffer@4 (line 814)
                      ; - com.badlogic.gdx.graphics.g2d.SpriteBatch::flush@81 (line 967)
  0x0000020cf6cee7ac: 5095 7aff 

  0x0000020cf6cee7b0: ;   {other}
  0x0000020cf6cee7b0: 0f1f 8400 | 2013 001a | bade ffff | ff44 8954 | 2408 4489 | 5c24 0c90 

  0x0000020cf6cee7c8: ;   {runtime_call UncommonTrapBlob}
  0x0000020cf6cee7c8: c5f8 77e8 

  0x0000020cf6cee7cc: ; ImmutableOopMap {rbp=NarrowOop [12]=NarrowOop [16]=Oop }
                      ;*invokeinterface glEnable {reexecute=0 rethrow=0 return_oop=0}
                      ; - com.badlogic.gdx.graphics.g2d.SpriteBatch::flush@125 (line 973)
  0x0000020cf6cee7cc: 3095 7aff 

  0x0000020cf6cee7d0: ;   {other}
  0x0000020cf6cee7d0: 0f1f 8400 | 4013 001b | bade ffff | ff48 894c | 2408 4489 | 5c24 1044 | 8944 2414 | 4489 4c24 
  0x0000020cf6cee7f0: 1844 8954 | 241c 6690 

  0x0000020cf6cee7f8: ;   {runtime_call UncommonTrapBlob}
  0x0000020cf6cee7f8: c5f8 77e8 

  0x0000020cf6cee7fc: ; ImmutableOopMap {rbp=NarrowOop [4]=NarrowOop [8]=Oop }
                      ;*invokeinterface glBlendFuncSeparate {reexecute=0 rethrow=0 return_oop=0}
                      ; - com.badlogic.gdx.graphics.g2d.SpriteBatch::flush@157 (line 974)
  0x0000020cf6cee7fc: 0095 7aff 

  0x0000020cf6cee800: ;   {other}
  0x0000020cf6cee800: 0f1f 8400 | 7013 001c | bade ffff | ff4c 8914 | 2444 8944 | 2410 4489 | 4c24 1489 | 4c24 1889 
  0x0000020cf6cee820: 5c24 1c90 

  0x0000020cf6cee824: ;   {runtime_call UncommonTrapBlob}
  0x0000020cf6cee824: c5f8 77e8 

  0x0000020cf6cee828: ; ImmutableOopMap {rbp=NarrowOop [0]=Oop [24]=NarrowOop [28]=NarrowOop }
                      ;*invokeinterface bind {reexecute=0 rethrow=0 return_oop=0}
                      ; - com.badlogic.gdx.graphics.Mesh::bind@6 (line 391)
                      ; - com.badlogic.gdx.graphics.Mesh::bind@3 (line 382)
                      ; - com.badlogic.gdx.graphics.Mesh::render@13 (line 490)
                      ; - com.badlogic.gdx.graphics.Mesh::render@10 (line 460)
                      ; - com.badlogic.gdx.graphics.g2d.SpriteBatch::flush@184 (line 977)
  0x0000020cf6cee828: d494 7aff 

  0x0000020cf6cee82c: ;   {other}
  0x0000020cf6cee82c: 0f1f 8400 | 9c13 001d | bade ffff | ff48 ff74 | 2418 488f | 4424 1090 

  0x0000020cf6cee844: ;   {runtime_call UncommonTrapBlob}
  0x0000020cf6cee844: c5f8 77e8 

  0x0000020cf6cee848: ; ImmutableOopMap {rbp=NarrowOop [4]=NarrowOop [8]=NarrowOop [16]=Oop }
                      ;*invokeinterface getNumIndices {reexecute=0 rethrow=0 return_oop=0}
                      ; - com.badlogic.gdx.graphics.Mesh::bind@15 (line 392)
                      ; - com.badlogic.gdx.graphics.Mesh::bind@3 (line 382)
                      ; - com.badlogic.gdx.graphics.Mesh::render@13 (line 490)
                      ; - com.badlogic.gdx.graphics.Mesh::render@10 (line 460)
                      ; - com.badlogic.gdx.graphics.g2d.SpriteBatch::flush@184 (line 977)
  0x0000020cf6cee848: b494 7aff 

  0x0000020cf6cee84c: ;   {other}
  0x0000020cf6cee84c: 0f1f 8400 | bc13 001e | bade ffff | ff48 ff74 | 2418 488f | 4424 1048 | 8944 24f8 | 8b44 2424 
  0x0000020cf6cee86c: 8944 2418 | 488b 4424 | f889 5c24 | 1c44 8954 | 2420 6690 

  0x0000020cf6cee880: ;   {runtime_call UncommonTrapBlob}
  0x0000020cf6cee880: c5f8 77e8 

  0x0000020cf6cee884: ; ImmutableOopMap {rbp=NarrowOop [0]=NarrowOop [4]=NarrowOop [8]=NarrowOop [16]=Oop }
                      ;*invokeinterface glDrawElements {reexecute=0 rethrow=0 return_oop=0}
                      ; - com.badlogic.gdx.graphics.Mesh::render@88 (line 499)
                      ; - com.badlogic.gdx.graphics.Mesh::render@10 (line 460)
                      ; - com.badlogic.gdx.graphics.g2d.SpriteBatch::flush@184 (line 977)
  0x0000020cf6cee884: 7894 7aff 

  0x0000020cf6cee888: ;   {other}
  0x0000020cf6cee888: 0f1f 8400 | f813 001f | bade ffff | ff89 4c24 | 0c66 6690 

  0x0000020cf6cee89c: ;   {runtime_call UncommonTrapBlob}
  0x0000020cf6cee89c: c5f8 77e8 

  0x0000020cf6cee8a0: ; ImmutableOopMap {rbp=NarrowOop [8]=NarrowOop [12]=NarrowOop [24]=Oop }
                      ;*invokeinterface unbind {reexecute=0 rethrow=0 return_oop=0}
                      ; - com.badlogic.gdx.graphics.Mesh::unbind@6 (line 409)
                      ; - com.badlogic.gdx.graphics.Mesh::unbind@3 (line 400)
                      ; - com.badlogic.gdx.graphics.Mesh::render@253 (line 518)
                      ; - com.badlogic.gdx.graphics.Mesh::render@10 (line 460)
                      ; - com.badlogic.gdx.graphics.g2d.SpriteBatch::flush@184 (line 977)
  0x0000020cf6cee8a0: 5c94 7aff 

  0x0000020cf6cee8a4: ;   {other}
  0x0000020cf6cee8a4: 0f1f 8400 | 1414 0020 | bade ffff | ff89 4c24 | 0866 6690 

  0x0000020cf6cee8b8: ;   {runtime_call UncommonTrapBlob}
  0x0000020cf6cee8b8: c5f8 77e8 

  0x0000020cf6cee8bc: ; ImmutableOopMap {rbp=NarrowOop [8]=NarrowOop [24]=Oop }
                      ;*invokeinterface getNumIndices {reexecute=0 rethrow=0 return_oop=0}
                      ; - com.badlogic.gdx.graphics.Mesh::unbind@15 (line 410)
                      ; - com.badlogic.gdx.graphics.Mesh::unbind@3 (line 400)
                      ; - com.badlogic.gdx.graphics.Mesh::render@253 (line 518)
                      ; - com.badlogic.gdx.graphics.Mesh::render@10 (line 460)
                      ; - com.badlogic.gdx.graphics.g2d.SpriteBatch::flush@184 (line 977)
  0x0000020cf6cee8bc: 4094 7aff 

  0x0000020cf6cee8c0: ;   {other}
  0x0000020cf6cee8c0: 0f1f 8400 | 3014 0021 | ba76 ffff | ff48 8bef | 894c 2408 | 4489 4c24 | 0c44 8944 | 2414 6690 
  0x0000020cf6cee8e0: ;   {runtime_call UncommonTrapBlob}
  0x0000020cf6cee8e0: c5f8 77e8 

  0x0000020cf6cee8e4: ; ImmutableOopMap {rbp=Oop [8]=NarrowOop [12]=NarrowOop [24]=Oop }
                      ;*if_icmpge {reexecute=1 rethrow=0 return_oop=0}
                      ; - (reexecute) com.badlogic.gdx.graphics.glutils.VertexArray::unbind@18 (line 156)
                      ; - com.badlogic.gdx.graphics.Mesh::unbind@6 (line 409)
                      ; - com.badlogic.gdx.graphics.Mesh::unbind@3 (line 400)
                      ; - com.badlogic.gdx.graphics.Mesh::render@253 (line 518)
                      ; - com.badlogic.gdx.graphics.Mesh::render@10 (line 460)
                      ; - com.badlogic.gdx.graphics.g2d.SpriteBatch::flush@184 (line 977)
  0x0000020cf6cee8e4: 1894 7aff 

  0x0000020cf6cee8e8: ;   {other}
  0x0000020cf6cee8e8: 0f1f 8400 | 5814 0022 | ba45 ffff | ff49 8be8 | 891c 2444 | 8954 2404 | 4489 4c24 | 0889 7c24 
  0x0000020cf6cee908: 0c48 8974 | 2410 6690 

  0x0000020cf6cee910: ;   {runtime_call UncommonTrapBlob}
  0x0000020cf6cee910: c5f8 77e8 

  0x0000020cf6cee914: ; ImmutableOopMap {rbp=Oop [12]=NarrowOop [16]=Oop }
                      ;*if_acmpne {reexecute=1 rethrow=0 return_oop=0}
                      ; - (reexecute) org.lwjgl.opengl.GLContext::getCapabilitiesImpl@11 (line 132)
                      ; - org.lwjgl.opengl.GLContext::getCapabilities@0 (line 122)
                      ; - org.lwjgl.opengl.GL11::glBindTexture@0 (line 651)
                      ; - com.badlogic.gdx.backends.lwjgl.LwjglGL20::glBindTexture@2 (line 93)
                      ; - com.badlogic.gdx.graphics.GLTexture::bind@11 (line 66)
                      ; - com.badlogic.gdx.graphics.g2d.SpriteBatch::flush@58 (line 964)
  0x0000020cf6cee914: e893 7aff 

  0x0000020cf6cee918: ;   {other}
  0x0000020cf6cee918: 0f1f 8400 | 8814 0023 | ba45 ffff | ff48 890c | 2444 8954 | 2408 4489 | 5c24 0c48 | 895c 2410 
  0x0000020cf6cee938: ;   {runtime_call UncommonTrapBlob}
  0x0000020cf6cee938: c5f8 77e8 

  0x0000020cf6cee93c: ; ImmutableOopMap {rbp=NarrowOop [0]=Oop [12]=NarrowOop [16]=Oop }
                      ;*if_acmpne {reexecute=1 rethrow=0 return_oop=0}
                      ; - (reexecute) org.lwjgl.opengl.GLContext::getCapabilitiesImpl@11 (line 132)
                      ; - org.lwjgl.opengl.GLContext::getCapabilities@0 (line 122)
                      ; - org.lwjgl.opengl.GL11::glEnable@0 (line 1012)
                      ; - com.badlogic.gdx.backends.lwjgl.LwjglGL20::glEnable@1 (line 292)
                      ; - com.badlogic.gdx.graphics.g2d.SpriteBatch::flush@125 (line 973)
  0x0000020cf6cee93c: c093 7aff 

  0x0000020cf6cee940: ;   {other}
  0x0000020cf6cee940: 0f1f 8400 | b014 0024 | ba45 ffff | ff48 894c | 2408 4489 | 5c24 1044 | 8944 2414 | 4489 4c24 
  0x0000020cf6cee960: 1844 8954 | 241c 4889 | 5c24 2090 

  0x0000020cf6cee96c: ;   {runtime_call UncommonTrapBlob}
  0x0000020cf6cee96c: c5f8 77e8 

  0x0000020cf6cee970: ; ImmutableOopMap {rbp=NarrowOop [4]=NarrowOop [8]=Oop [32]=Oop }
                      ;*if_acmpne {reexecute=1 rethrow=0 return_oop=0}
                      ; - (reexecute) org.lwjgl.opengl.GLContext::getCapabilitiesImpl@11 (line 132)
                      ; - org.lwjgl.opengl.GLContext::getCapabilities@0 (line 122)
                      ; - org.lwjgl.opengl.GL14::glBlendFuncSeparate@0 (line 238)
                      ; - com.badlogic.gdx.backends.lwjgl.LwjglGL20::glBlendFuncSeparate@5 (line 113)
                      ; - com.badlogic.gdx.graphics.g2d.SpriteBatch::flush@157 (line 974)
  0x0000020cf6cee970: 8c93 7aff 

  0x0000020cf6cee974: ;   {other}
  0x0000020cf6cee974: 0f1f 8400 | e414 0025 | ba45 ffff | ff48 8b6c | 2418 895c | 2410 6690 

  0x0000020cf6cee98c: ;   {runtime_call UncommonTrapBlob}
  0x0000020cf6cee98c: c5f8 77e8 

  0x0000020cf6cee990: ; ImmutableOopMap {rbp=Oop [4]=NarrowOop [8]=NarrowOop }
                      ;*ifle {reexecute=1 rethrow=0 return_oop=0}
                      ; - (reexecute) com.badlogic.gdx.graphics.Mesh::bind@20 (line 392)
                      ; - com.badlogic.gdx.graphics.Mesh::bind@3 (line 382)
                      ; - com.badlogic.gdx.graphics.Mesh::render@13 (line 490)
                      ; - com.badlogic.gdx.graphics.Mesh::render@10 (line 460)
                      ; - com.badlogic.gdx.graphics.g2d.SpriteBatch::flush@184 (line 977)
  0x0000020cf6cee990: 6c93 7aff 

  0x0000020cf6cee994: ;   {other}
  0x0000020cf6cee994: 0f1f 8400 | 0415 0026 | ba45 ffff | ff66 6690 

  0x0000020cf6cee9a4: ;   {runtime_call UncommonTrapBlob}
  0x0000020cf6cee9a4: c5f8 77e8 

  0x0000020cf6cee9a8: ; ImmutableOopMap {rbp=NarrowOop [0]=NarrowOop [4]=NarrowOop [8]=NarrowOop [16]=Oop [24]=Oop }
                      ;*if_acmpne {reexecute=1 rethrow=0 return_oop=0}
                      ; - (reexecute) org.lwjgl.opengl.GLContext::getCapabilitiesImpl@11 (line 132)
                      ; - org.lwjgl.opengl.GLContext::getCapabilities@0 (line 122)
                      ; - org.lwjgl.opengl.GL11::glDrawElements@0 (line 1105)
                      ; - com.badlogic.gdx.backends.lwjgl.LwjglGL20::glDrawElements@21 (line 281)
                      ; - com.badlogic.gdx.graphics.Mesh::render@88 (line 499)
                      ; - com.badlogic.gdx.graphics.Mesh::render@10 (line 460)
                      ; - com.badlogic.gdx.graphics.g2d.SpriteBatch::flush@184 (line 977)
  0x0000020cf6cee9a8: 5493 7aff 

  0x0000020cf6cee9ac: ;   {other}
  0x0000020cf6cee9ac: 0f1f 8400 | 1c15 0027 | ba45 ffff | ff48 ff74 | 2418 488f | 4424 1048 | 8944 24f8 | 8b44 2424 
  0x0000020cf6cee9cc: 8944 2418 | 488b 4424 | f848 8944 | 24f8 8b44 | 2420 8944 | 241c 488b | 4424 f848 | 894c 2428 
  0x0000020cf6cee9ec: 4489 5c24 | 2444 894c | 2430 6690 

  0x0000020cf6cee9f8: ;   {runtime_call UncommonTrapBlob}
  0x0000020cf6cee9f8: c5f8 77e8 

  0x0000020cf6cee9fc: ; ImmutableOopMap {[0]=NarrowOop [4]=NarrowOop [8]=NarrowOop [16]=Oop [36]=NarrowOop [48]=NarrowOop }
                      ;*ifne {reexecute=1 rethrow=0 return_oop=0}
                      ; - (reexecute) org.lwjgl.opengl.StateTracker::getElementArrayBufferBound@9 (line 145)
                      ; - org.lwjgl.opengl.GLChecks::ensureElementVBOdisabled@7 (line 82)
                      ; - org.lwjgl.opengl.GL11::glDrawElements@14 (line 1108)
                      ; - com.badlogic.gdx.backends.lwjgl.LwjglGL20::glDrawElements@21 (line 281)
                      ; - com.badlogic.gdx.graphics.Mesh::render@88 (line 499)
                      ; - com.badlogic.gdx.graphics.Mesh::render@10 (line 460)
                      ; - com.badlogic.gdx.graphics.g2d.SpriteBatch::flush@184 (line 977)
  0x0000020cf6cee9fc: 0093 7aff 

  0x0000020cf6ceea00: ;   {other}
  0x0000020cf6ceea00: 0f1f 8400 | 7015 0028 | ba45 ffff | ff66 6690 

  0x0000020cf6ceea10: ;   {runtime_call UncommonTrapBlob}
  0x0000020cf6ceea10: c5f8 77e8 

  0x0000020cf6ceea14: ; ImmutableOopMap {[24]=Oop }
                      ;*ifle {reexecute=1 rethrow=0 return_oop=0}
                      ; - (reexecute) com.badlogic.gdx.graphics.Mesh::unbind@20 (line 410)
                      ; - com.badlogic.gdx.graphics.Mesh::unbind@3 (line 400)
                      ; - com.badlogic.gdx.graphics.Mesh::render@253 (line 518)
                      ; - com.badlogic.gdx.graphics.Mesh::render@10 (line 460)
                      ; - com.badlogic.gdx.graphics.g2d.SpriteBatch::flush@184 (line 977)
  0x0000020cf6ceea14: e892 7aff 

  0x0000020cf6ceea18: ;   {other}
  0x0000020cf6ceea18: 0f1f 8400 | 8815 0029 | ba45 ffff | ff4c 8904 | 2489 5c24 | 0844 8954 | 240c 4489 | 4c24 1090 
  0x0000020cf6ceea38: ;   {runtime_call UncommonTrapBlob}
  0x0000020cf6ceea38: c5f8 77e8 

  0x0000020cf6ceea3c: ; ImmutableOopMap {rbp=NarrowOop [0]=Oop }
                      ;*ifnonnull {reexecute=1 rethrow=0 return_oop=0}
                      ; - (reexecute) org.lwjgl.opengl.GLContext::getCapabilities@5 (line 123)
                      ; - org.lwjgl.opengl.GL11::glBindTexture@0 (line 651)
                      ; - com.badlogic.gdx.backends.lwjgl.LwjglGL20::glBindTexture@2 (line 93)
                      ; - com.badlogic.gdx.graphics.GLTexture::bind@11 (line 66)
                      ; - com.badlogic.gdx.graphics.g2d.SpriteBatch::flush@58 (line 964)
  0x0000020cf6ceea3c: c092 7aff 

  0x0000020cf6ceea40: ;   {other}
  0x0000020cf6ceea40: 0f1f 8400 | b015 002a | 4533 db49 | 3bcb bdff | ffff ff7c | 0840 0f95 | c540 0fb6 | edba 45ff 
  0x0000020cf6ceea60: ffff 4c89 | 0424 895c | 2408 4489 | 5424 0c44 | 894c 2410 | 4889 4c24 | 1866 6690 

  0x0000020cf6ceea7c: ;   {runtime_call UncommonTrapBlob}
  0x0000020cf6ceea7c: c5f8 77e8 

  0x0000020cf6ceea80: ; ImmutableOopMap {[0]=Oop }
                      ;*ifne {reexecute=1 rethrow=0 return_oop=0}
                      ; - (reexecute) org.lwjgl.BufferChecks::checkFunctionAddress@9 (line 57)
                      ; - org.lwjgl.opengl.GL11::glBindTexture@10 (line 653)
                      ; - com.badlogic.gdx.backends.lwjgl.LwjglGL20::glBindTexture@2 (line 93)
                      ; - com.badlogic.gdx.graphics.GLTexture::bind@11 (line 66)
                      ; - com.badlogic.gdx.graphics.g2d.SpriteBatch::flush@58 (line 964)
  0x0000020cf6ceea80: 7c92 7aff 

  0x0000020cf6ceea84: ;   {other}
  0x0000020cf6ceea84: 0f1f 8400 | f415 002b | ba45 ffff | ff4c 894c | 2408 8974 | 2410 4889 | 4c24 1844 | 8944 2420 
  0x0000020cf6ceeaa4: 4489 5c24 | 2448 895c | 2430 4889 | 5c24 3844 | 8954 244c 

  0x0000020cf6ceeab8: ;   {runtime_call UncommonTrapBlob}
  0x0000020cf6ceeab8: c5f8 77e8 

  0x0000020cf6ceeabc: ; ImmutableOopMap {[8]=Oop [16]=NarrowOop [24]=Oop [32]=NarrowOop [48]=Oop [56]=Oop }
                      ;*if_icmple {reexecute=1 rethrow=0 return_oop=0}
                      ; - (reexecute) java.nio.Buffer::limit@5 (line 379)
                      ; - java.nio.ByteBuffer::limit@2 (line 1565)
                      ; - java.nio.MappedByteBuffer::limit@2 (line 338)
                      ; - java.nio.MappedByteBuffer::limit@2 (line 73)
                      ; - com.badlogic.gdx.utils.BufferUtils::copy@11 (line 51)
                      ; - com.badlogic.gdx.graphics.glutils.VertexArray::setVertices@7 (line 84)
                      ; - com.badlogic.gdx.graphics.Mesh::setVertices@7 (line 208)
                      ; - com.badlogic.gdx.graphics.g2d.SpriteBatch::flush@76 (line 966)
  0x0000020cf6ceeabc: 4092 7aff 

  0x0000020cf6ceeac0: ;   {other}
  0x0000020cf6ceeac0: 0f1f 8400 | 3016 002c | ba45 ffff | ff49 8be9 | 8974 2408 | 4889 4c24 | 1044 8944 | 2418 4489 
  0x0000020cf6ceeae0: 5c24 1c48 | 895c 2428 | 4889 5c24 | 3044 8954 | 2444 6690 

  0x0000020cf6ceeaf4: ;   {runtime_call UncommonTrapBlob}
  0x0000020cf6ceeaf4: c5f8 77e8 

  0x0000020cf6ceeaf8: ; ImmutableOopMap {rbp=Oop [8]=NarrowOop [16]=Oop [24]=NarrowOop [40]=Oop [48]=Oop }
                      ;*ifge {reexecute=1 rethrow=0 return_oop=0}
                      ; - (reexecute) java.nio.Buffer::limit@14 (line 379)
                      ; - java.nio.ByteBuffer::limit@2 (line 1565)
                      ; - java.nio.MappedByteBuffer::limit@2 (line 338)
                      ; - java.nio.MappedByteBuffer::limit@2 (line 73)
                      ; - com.badlogic.gdx.utils.BufferUtils::copy@11 (line 51)
                      ; - com.badlogic.gdx.graphics.glutils.VertexArray::setVertices@7 (line 84)
                      ; - com.badlogic.gdx.graphics.Mesh::setVertices@7 (line 208)
                      ; - com.badlogic.gdx.graphics.g2d.SpriteBatch::flush@76 (line 966)
  0x0000020cf6ceeaf8: 0492 7aff 

  0x0000020cf6ceeafc: ;   {other}
  0x0000020cf6ceeafc: 0f1f 8400 | 6c16 002d | ba45 ffff | ff4c 894c | 2408 8974 | 2410 4889 | 4c24 1844 | 8944 2420 
  0x0000020cf6ceeb1c: 4489 5c24 | 2448 895c | 2430 4889 | 5c24 3844 | 8954 244c 

  0x0000020cf6ceeb30: ;   {runtime_call UncommonTrapBlob}
  0x0000020cf6ceeb30: c5f8 77e8 

  0x0000020cf6ceeb34: ; ImmutableOopMap {[8]=Oop [16]=NarrowOop [24]=Oop [32]=NarrowOop [48]=Oop [56]=Oop }
                      ;*if_icmple {reexecute=1 rethrow=0 return_oop=0}
                      ; - (reexecute) java.nio.Buffer::limit@42 (line 382)
                      ; - java.nio.ByteBuffer::limit@2 (line 1565)
                      ; - java.nio.MappedByteBuffer::limit@2 (line 338)
                      ; - java.nio.MappedByteBuffer::limit@2 (line 73)
                      ; - com.badlogic.gdx.utils.BufferUtils::copy@11 (line 51)
                      ; - com.badlogic.gdx.graphics.glutils.VertexArray::setVertices@7 (line 84)
                      ; - com.badlogic.gdx.graphics.Mesh::setVertices@7 (line 208)
                      ; - com.badlogic.gdx.graphics.g2d.SpriteBatch::flush@76 (line 966)
  0x0000020cf6ceeb34: c891 7aff 

  0x0000020cf6ceeb38: ;   {other}
  0x0000020cf6ceeb38: 0f1f 8400 | a816 002e | ba45 ffff | ff4c 894c | 2408 8974 | 2410 4889 | 4c24 1844 | 8944 2420 
  0x0000020cf6ceeb58: 4489 5c24 | 2448 895c | 2430 4889 | 5c24 3844 | 8954 2448 

  0x0000020cf6ceeb6c: ;   {runtime_call UncommonTrapBlob}
  0x0000020cf6ceeb6c: c5f8 77e8 

  0x0000020cf6ceeb70: ; ImmutableOopMap {[8]=Oop [16]=NarrowOop [24]=Oop [32]=NarrowOop [48]=Oop [56]=Oop }
                      ;*if_icmple {reexecute=1 rethrow=0 return_oop=0}
                      ; - (reexecute) java.nio.Buffer::limit@55 (line 383)
                      ; - java.nio.ByteBuffer::limit@2 (line 1565)
                      ; - java.nio.MappedByteBuffer::limit@2 (line 338)
                      ; - java.nio.MappedByteBuffer::limit@2 (line 73)
                      ; - com.badlogic.gdx.utils.BufferUtils::copy@11 (line 51)
                      ; - com.badlogic.gdx.graphics.glutils.VertexArray::setVertices@7 (line 84)
                      ; - com.badlogic.gdx.graphics.Mesh::setVertices@7 (line 208)
                      ; - com.badlogic.gdx.graphics.g2d.SpriteBatch::flush@76 (line 966)
  0x0000020cf6ceeb70: 8c91 7aff 

  0x0000020cf6ceeb74: ;   {other}
  0x0000020cf6ceeb74: 0f1f 8400 | e416 002f | ba45 ffff | ff48 ff74 | 2410 488f | 4424 0848 | 8944 24f8 | 8b44 2418 
  0x0000020cf6ceeb94: 8944 2414 | 488b 4424 | f84c 8954 | 2428 4c89 | 5424 3090 

  0x0000020cf6ceeba8: ;   {runtime_call UncommonTrapBlob}
  0x0000020cf6ceeba8: c5f8 77e8 

  0x0000020cf6ceebac: ; ImmutableOopMap {[4]=NarrowOop [8]=Oop [32]=Oop [40]=Oop [48]=Oop }
                      ;*if_icmple {reexecute=1 rethrow=0 return_oop=0}
                      ; - (reexecute) java.nio.Buffer::position@5 (line 326)
                      ; - java.nio.ByteBuffer::position@2 (line 1551)
                      ; - java.nio.MappedByteBuffer::position@2 (line 328)
                      ; - java.nio.MappedByteBuffer::position@2 (line 73)
                      ; - com.badlogic.gdx.utils.BufferUtils::copy@40 (line 55)
                      ; - com.badlogic.gdx.graphics.glutils.VertexArray::setVertices@7 (line 84)
                      ; - com.badlogic.gdx.graphics.Mesh::setVertices@7 (line 208)
                      ; - com.badlogic.gdx.graphics.g2d.SpriteBatch::flush@76 (line 966)
  0x0000020cf6ceebac: 5091 7aff 

  0x0000020cf6ceebb0: ;   {other}
  0x0000020cf6ceebb0: 0f1f 8400 | 2017 0030 | ba45 ffff | ff48 ff74 | 2410 488f | 4424 0848 | 8944 24f8 | 8b44 2418 
  0x0000020cf6ceebd0: 8944 2414 | 488b 4424 | f84c 8954 | 2428 4c89 | 5424 3090 

  0x0000020cf6ceebe4: ;   {runtime_call UncommonTrapBlob}
  0x0000020cf6ceebe4: c5f8 77e8 

  0x0000020cf6ceebe8: ; ImmutableOopMap {[4]=NarrowOop [8]=Oop [32]=Oop [40]=Oop [48]=Oop }
                      ;*if_icmple {reexecute=1 rethrow=0 return_oop=0}
                      ; - (reexecute) java.nio.Buffer::position@37 (line 328)
                      ; - java.nio.ByteBuffer::position@2 (line 1551)
                      ; - java.nio.MappedByteBuffer::position@2 (line 328)
                      ; - java.nio.MappedByteBuffer::position@2 (line 73)
                      ; - com.badlogic.gdx.utils.BufferUtils::copy@40 (line 55)
                      ; - com.badlogic.gdx.graphics.glutils.VertexArray::setVertices@7 (line 84)
                      ; - com.badlogic.gdx.graphics.Mesh::setVertices@7 (line 208)
                      ; - com.badlogic.gdx.graphics.g2d.SpriteBatch::flush@76 (line 966)
  0x0000020cf6ceebe8: 1491 7aff 

  0x0000020cf6ceebec: ;   {other}
  0x0000020cf6ceebec: 0f1f 8400 | 5c17 0031 | ba45 ffff | ff48 ff74 | 2410 488f | 4424 0848 | 8944 24f8 | 8b44 2418 
  0x0000020cf6ceec0c: 8944 2414 | 488b 4424 | f844 8944 | 241c 6690 

  0x0000020cf6ceec1c: ;   {runtime_call UncommonTrapBlob}
  0x0000020cf6ceec1c: c5f8 77e8 

  0x0000020cf6ceec20: ; ImmutableOopMap {[4]=NarrowOop [8]=Oop [28]=NarrowOop [32]=Oop }
                      ;*if_icmple {reexecute=1 rethrow=0 return_oop=0}
                      ; - (reexecute) java.nio.Buffer::position@5 (line 326)
                      ; - java.nio.FloatBuffer::position@2 (line 1551)
                      ; - java.nio.FloatBuffer::position@2 (line 285)
                      ; - com.badlogic.gdx.graphics.glutils.VertexArray::setVertices@15 (line 85)
                      ; - com.badlogic.gdx.graphics.Mesh::setVertices@7 (line 208)
                      ; - com.badlogic.gdx.graphics.g2d.SpriteBatch::flush@76 (line 966)
  0x0000020cf6ceec20: dc90 7aff 

  0x0000020cf6ceec24: ;   {other}
  0x0000020cf6ceec24: 0f1f 8400 | 9417 0032 | ba45 ffff | ff48 8b6c | 2410 4c89 | 5424 1048 | 8944 24f8 | 8b44 2418 
  0x0000020cf6ceec44: 8944 240c | 488b 4424 | f844 8944 | 241c 894c | 2420 6690 

  0x0000020cf6ceec58: ;   {runtime_call UncommonTrapBlob}
  0x0000020cf6ceec58: c5f8 77e8 

  0x0000020cf6ceec5c: ; ImmutableOopMap {rbp=Oop [4]=NarrowOop [16]=Oop [28]=NarrowOop }
                      ;*if_icmple {reexecute=1 rethrow=0 return_oop=0}
                      ; - (reexecute) java.nio.Buffer::position@37 (line 328)
                      ; - java.nio.FloatBuffer::position@2 (line 1551)
                      ; - java.nio.FloatBuffer::position@2 (line 285)
                      ; - com.badlogic.gdx.graphics.glutils.VertexArray::setVertices@15 (line 85)
                      ; - com.badlogic.gdx.graphics.Mesh::setVertices@7 (line 208)
                      ; - com.badlogic.gdx.graphics.g2d.SpriteBatch::flush@76 (line 966)
  0x0000020cf6ceec5c: a090 7aff 

  0x0000020cf6ceec60: ;   {other}
  0x0000020cf6ceec60: 0f1f 8400 | d017 0033 | ba45 ffff | ff48 ff74 | 2410 488f | 4424 0844 | 8944 2418 | 4489 5c24 
  0x0000020cf6ceec80: 2066 6690 

  0x0000020cf6ceec84: ;   {runtime_call UncommonTrapBlob}
  0x0000020cf6ceec84: c5f8 77e8 

  0x0000020cf6ceec88: ; ImmutableOopMap {[4]=NarrowOop [8]=Oop [24]=NarrowOop }
                      ;*if_icmple {reexecute=1 rethrow=0 return_oop=0}
                      ; - (reexecute) java.nio.Buffer::limit@5 (line 379)
                      ; - java.nio.FloatBuffer::limit@2 (line 1565)
                      ; - java.nio.FloatBuffer::limit@2 (line 285)
                      ; - com.badlogic.gdx.graphics.glutils.VertexArray::setVertices@24 (line 86)
                      ; - com.badlogic.gdx.graphics.Mesh::setVertices@7 (line 208)
                      ; - com.badlogic.gdx.graphics.g2d.SpriteBatch::flush@76 (line 966)
  0x0000020cf6ceec88: 7490 7aff 

  0x0000020cf6ceec8c: ;   {other}
  0x0000020cf6ceec8c: 0f1f 8400 | fc17 0034 | ba45 ffff | ff48 8b6c | 2410 4489 | 4424 1090 

  0x0000020cf6ceeca4: ;   {runtime_call UncommonTrapBlob}
  0x0000020cf6ceeca4: c5f8 77e8 

  0x0000020cf6ceeca8: ; ImmutableOopMap {rbp=Oop [4]=NarrowOop [16]=NarrowOop }
                      ;*ifge {reexecute=1 rethrow=0 return_oop=0}
                      ; - (reexecute) java.nio.Buffer::limit@14 (line 379)
                      ; - java.nio.FloatBuffer::limit@2 (line 1565)
                      ; - java.nio.FloatBuffer::limit@2 (line 285)
                      ; - com.badlogic.gdx.graphics.glutils.VertexArray::setVertices@24 (line 86)
                      ; - com.badlogic.gdx.graphics.Mesh::setVertices@7 (line 208)
                      ; - com.badlogic.gdx.graphics.g2d.SpriteBatch::flush@76 (line 966)
  0x0000020cf6ceeca8: 5490 7aff 

  0x0000020cf6ceecac: ;   {other}
  0x0000020cf6ceecac: 0f1f 8400 | 1c18 0035 | ba45 ffff | ff48 8b6c | 2410 4489 | 4424 1089 | 4c24 1490 

  0x0000020cf6ceecc8: ;   {runtime_call UncommonTrapBlob}
  0x0000020cf6ceecc8: c5f8 77e8 

  0x0000020cf6ceeccc: ; ImmutableOopMap {rbp=Oop [4]=NarrowOop [16]=NarrowOop }
                      ;*if_icmple {reexecute=1 rethrow=0 return_oop=0}
                      ; - (reexecute) java.nio.Buffer::limit@55 (line 383)
                      ; - java.nio.FloatBuffer::limit@2 (line 1565)
                      ; - java.nio.FloatBuffer::limit@2 (line 285)
                      ; - com.badlogic.gdx.graphics.glutils.VertexArray::setVertices@24 (line 86)
                      ; - com.badlogic.gdx.graphics.Mesh::setVertices@7 (line 208)
                      ; - com.badlogic.gdx.graphics.g2d.SpriteBatch::flush@76 (line 966)
  0x0000020cf6ceeccc: 3090 7aff 

  0x0000020cf6ceecd0: ;   {other}
  0x0000020cf6ceecd0: 0f1f 8400 | 4018 0036 | ba45 ffff | ff48 ff74 | 2410 488f | 4424 0844 | 8944 2414 

  0x0000020cf6ceecec: ;   {runtime_call UncommonTrapBlob}
  0x0000020cf6ceecec: c5f8 77e8 

  0x0000020cf6ceecf0: ; ImmutableOopMap {[4]=NarrowOop [8]=Oop [20]=NarrowOop }
                      ;*if_icmple {reexecute=1 rethrow=0 return_oop=0}
                      ; - (reexecute) java.nio.Buffer::position@5 (line 326)
                      ; - java.nio.ShortBuffer::position@2 (line 1551)
                      ; - java.nio.ShortBuffer::position@2 (line 285)
                      ; - com.badlogic.gdx.graphics.g2d.SpriteBatch::flush@85 (line 967)
  0x0000020cf6ceecf0: 0c90 7aff 

  0x0000020cf6ceecf4: ;   {other}
  0x0000020cf6ceecf4: 0f1f 8400 | 6418 0037 | ba45 ffff | ff48 8b6c | 2410 4489 | 4424 0c89 | 4c24 1090 

  0x0000020cf6ceed10: ;   {runtime_call UncommonTrapBlob}
  0x0000020cf6ceed10: c5f8 77e8 

  0x0000020cf6ceed14: ; ImmutableOopMap {rbp=Oop [4]=NarrowOop [12]=NarrowOop }
                      ;*if_icmple {reexecute=1 rethrow=0 return_oop=0}
                      ; - (reexecute) java.nio.Buffer::position@37 (line 328)
                      ; - java.nio.ShortBuffer::position@2 (line 1551)
                      ; - java.nio.ShortBuffer::position@2 (line 285)
                      ; - com.badlogic.gdx.graphics.g2d.SpriteBatch::flush@85 (line 967)
  0x0000020cf6ceed14: e88f 7aff 

  0x0000020cf6ceed18: ;   {other}
  0x0000020cf6ceed18: 0f1f 8400 | 8818 0038 | ba45 ffff | ff48 ff74 | 2410 488f | 0424 4489 | 5c24 0c44 | 8944 2414 
  0x0000020cf6ceed38: 4489 5424 | 1844 8954 | 241c 6690 

  0x0000020cf6ceed44: ;   {runtime_call UncommonTrapBlob}
  0x0000020cf6ceed44: c5f8 77e8 

  0x0000020cf6ceed48: ; ImmutableOopMap {[0]=Oop [12]=NarrowOop [20]=NarrowOop }
                      ;*if_icmple {reexecute=1 rethrow=0 return_oop=0}
                      ; - (reexecute) java.nio.Buffer::limit@5 (line 379)
                      ; - java.nio.ShortBuffer::limit@2 (line 1565)
                      ; - java.nio.ShortBuffer::limit@2 (line 285)
                      ; - com.badlogic.gdx.graphics.g2d.SpriteBatch::flush@94 (line 968)
  0x0000020cf6ceed48: b48f 7aff 

  0x0000020cf6ceed4c: ;   {other}
  0x0000020cf6ceed4c: 0f1f 8400 | bc18 0039 | ba45 ffff | ff48 8b6c | 2410 4489 | 4424 0c90 

  0x0000020cf6ceed64: ;   {runtime_call UncommonTrapBlob}
  0x0000020cf6ceed64: c5f8 77e8 

  0x0000020cf6ceed68: ; ImmutableOopMap {rbp=Oop [4]=NarrowOop [12]=NarrowOop }
                      ;*ifge {reexecute=1 rethrow=0 return_oop=0}
                      ; - (reexecute) java.nio.Buffer::limit@14 (line 379)
                      ; - java.nio.ShortBuffer::limit@2 (line 1565)
                      ; - java.nio.ShortBuffer::limit@2 (line 285)
                      ; - com.badlogic.gdx.graphics.g2d.SpriteBatch::flush@94 (line 968)
  0x0000020cf6ceed68: 948f 7aff 

  0x0000020cf6ceed6c: ;   {other}
  0x0000020cf6ceed6c: 0f1f 8400 | dc18 003a | ba45 ffff | ff48 8b6c | 2410 4489 | 4424 0c89 | 4c24 1090 

  0x0000020cf6ceed88: ;   {runtime_call UncommonTrapBlob}
  0x0000020cf6ceed88: c5f8 77e8 

  0x0000020cf6ceed8c: ; ImmutableOopMap {rbp=Oop [4]=NarrowOop [12]=NarrowOop }
                      ;*if_icmple {reexecute=1 rethrow=0 return_oop=0}
                      ; - (reexecute) java.nio.Buffer::limit@55 (line 383)
                      ; - java.nio.ShortBuffer::limit@2 (line 1565)
                      ; - java.nio.ShortBuffer::limit@2 (line 285)
                      ; - com.badlogic.gdx.graphics.g2d.SpriteBatch::flush@94 (line 968)
  0x0000020cf6ceed8c: 708f 7aff 

  0x0000020cf6ceed90: ;   {other}
  0x0000020cf6ceed90: 0f1f 8400 | 0019 003b | ba45 ffff | ff44 8954 | 2408 4489 | 5c24 0c90 

  0x0000020cf6ceeda8: ;   {runtime_call UncommonTrapBlob}
  0x0000020cf6ceeda8: c5f8 77e8 

  0x0000020cf6ceedac: ; ImmutableOopMap {[12]=NarrowOop [16]=Oop }
                      ;*ifeq {reexecute=1 rethrow=0 return_oop=0}
                      ; - (reexecute) com.badlogic.gdx.graphics.g2d.SpriteBatch::flush@102 (line 970)
  0x0000020cf6ceedac: 508f 7aff 

  0x0000020cf6ceedb0: ;   {other}
  0x0000020cf6ceedb0: 0f1f 8400 | 2019 003c | ba45 ffff | ff44 8954 | 2408 4489 | 5c24 0c90 

  0x0000020cf6ceedc8: ;   {runtime_call UncommonTrapBlob}
  0x0000020cf6ceedc8: c5f8 77e8 

  0x0000020cf6ceedcc: ; ImmutableOopMap {rbp=NarrowOop [12]=NarrowOop [16]=Oop }
                      ;*ifnonnull {reexecute=1 rethrow=0 return_oop=0}
                      ; - (reexecute) org.lwjgl.opengl.GLContext::getCapabilities@5 (line 123)
                      ; - org.lwjgl.opengl.GL11::glEnable@0 (line 1012)
                      ; - com.badlogic.gdx.backends.lwjgl.LwjglGL20::glEnable@1 (line 292)
                      ; - com.badlogic.gdx.graphics.g2d.SpriteBatch::flush@125 (line 973)
  0x0000020cf6ceedcc: 308f 7aff 

  0x0000020cf6ceedd0: ;   {other}
  0x0000020cf6ceedd0: 0f1f 8400 | 4019 003d | 4533 c94d | 3bc1 bdff | ffff ff7c | 0840 0f95 | c540 0fb6 | edba 45ff 
  0x0000020cf6ceedf0: ffff 4889 | 0c24 4489 | 5424 0844 | 895c 240c | 4c89 4424 | 1066 6690 

  0x0000020cf6ceee08: ;   {runtime_call UncommonTrapBlob}
  0x0000020cf6ceee08: c5f8 77e8 

  0x0000020cf6ceee0c: ; ImmutableOopMap {[0]=Oop [12]=NarrowOop }
                      ;*ifne {reexecute=1 rethrow=0 return_oop=0}
                      ; - (reexecute) org.lwjgl.BufferChecks::checkFunctionAddress@9 (line 57)
                      ; - org.lwjgl.opengl.GL11::glEnable@10 (line 1014)
                      ; - com.badlogic.gdx.backends.lwjgl.LwjglGL20::glEnable@1 (line 292)
                      ; - com.badlogic.gdx.graphics.g2d.SpriteBatch::flush@125 (line 973)
  0x0000020cf6ceee0c: f08e 7aff 

  0x0000020cf6ceee10: ;   {other}
  0x0000020cf6ceee10: 0f1f 8400 | 8019 003e | ba45 ffff | ff44 895c | 2408 6690 

  0x0000020cf6ceee24: ;   {runtime_call UncommonTrapBlob}
  0x0000020cf6ceee24: c5f8 77e8 

  0x0000020cf6ceee28: ; ImmutableOopMap {rbp=Oop [4]=NarrowOop }
                      ;*if_icmpeq {reexecute=1 rethrow=0 return_oop=0}
                      ; - (reexecute) com.badlogic.gdx.graphics.g2d.SpriteBatch::flush@135 (line 974)
  0x0000020cf6ceee28: d48e 7aff 

  0x0000020cf6ceee2c: ;   {other}
  0x0000020cf6ceee2c: 0f1f 8400 | 9c19 003f | ba45 ffff | ff48 894c | 2408 4489 | 5c24 1044 | 8944 2414 | 4489 4c24 
  0x0000020cf6ceee4c: 1844 8954 | 241c 6690 

  0x0000020cf6ceee54: ;   {runtime_call UncommonTrapBlob}
  0x0000020cf6ceee54: c5f8 77e8 

  0x0000020cf6ceee58: ; ImmutableOopMap {rbp=NarrowOop [4]=NarrowOop [8]=Oop }
                      ;*ifnonnull {reexecute=1 rethrow=0 return_oop=0}
                      ; - (reexecute) org.lwjgl.opengl.GLContext::getCapabilities@5 (line 123)
                      ; - org.lwjgl.opengl.GL14::glBlendFuncSeparate@0 (line 238)
                      ; - com.badlogic.gdx.backends.lwjgl.LwjglGL20::glBlendFuncSeparate@5 (line 113)
                      ; - com.badlogic.gdx.graphics.g2d.SpriteBatch::flush@157 (line 974)
  0x0000020cf6ceee58: a48e 7aff 

  0x0000020cf6ceee5c: ;   {other}
  0x0000020cf6ceee5c: 0f1f 8400 | cc19 0040 | 33db 483b | f3bd ffff | ffff 7c08 | 400f 95c5 | 400f b6ed | ba45 ffff 
  0x0000020cf6ceee7c: ff48 894c | 2408 4489 | 5c24 1044 | 8944 2414 | 4489 4c24 | 1844 8954 | 241c 4889 | 7424 2090 
  0x0000020cf6ceee9c: ;   {runtime_call UncommonTrapBlob}
  0x0000020cf6ceee9c: c5f8 77e8 

  0x0000020cf6ceeea0: ; ImmutableOopMap {[4]=NarrowOop [8]=Oop }
                      ;*ifne {reexecute=1 rethrow=0 return_oop=0}
                      ; - (reexecute) org.lwjgl.BufferChecks::checkFunctionAddress@9 (line 57)
                      ; - org.lwjgl.opengl.GL14::glBlendFuncSeparate@14 (line 240)
                      ; - com.badlogic.gdx.backends.lwjgl.LwjglGL20::glBlendFuncSeparate@5 (line 113)
                      ; - com.badlogic.gdx.graphics.g2d.SpriteBatch::flush@157 (line 974)
  0x0000020cf6ceeea0: 5c8e 7aff 

  0x0000020cf6ceeea4: ;   {other}
  0x0000020cf6ceeea4: 0f1f 8400 | 141a 0041 | ba45 ffff | ff66 6690 

  0x0000020cf6ceeeb4: ;   {runtime_call UncommonTrapBlob}
  0x0000020cf6ceeeb4: c5f8 77e8 

  0x0000020cf6ceeeb8: ; ImmutableOopMap {rbp=Oop }
                      ;*ifne {reexecute=1 rethrow=0 return_oop=0}
                      ; - (reexecute) com.badlogic.gdx.graphics.Mesh::render@2 (line 488)
                      ; - com.badlogic.gdx.graphics.Mesh::render@10 (line 460)
                      ; - com.badlogic.gdx.graphics.g2d.SpriteBatch::flush@184 (line 977)
  0x0000020cf6ceeeb8: 448e 7aff 

  0x0000020cf6ceeebc: ;   {other}
  0x0000020cf6ceeebc: 0f1f 8400 | 2c1a 0042 | ba45 ffff | ff89 0c24 | 895c 2404 | 4489 4424 | 0844 894c | 2410 6690 
  0x0000020cf6ceeedc: ;   {runtime_call UncommonTrapBlob}
  0x0000020cf6ceeedc: c5f8 77e8 

  0x0000020cf6ceeee0: ; ImmutableOopMap {rbp=Oop [0]=NarrowOop [4]=NarrowOop }
                      ;*ifeq {reexecute=1 rethrow=0 return_oop=0}
                      ; - (reexecute) com.badlogic.gdx.graphics.Mesh::render@8 (line 490)
                      ; - com.badlogic.gdx.graphics.Mesh::render@10 (line 460)
                      ; - com.badlogic.gdx.graphics.g2d.SpriteBatch::flush@184 (line 977)
  0x0000020cf6ceeee0: 1c8e 7aff 

  0x0000020cf6ceeee4: ;   {other}
  0x0000020cf6ceeee4: 0f1f 8400 | 541a 0043 | ba45 ffff | ff48 ff74 | 2418 488f | 4424 1090 

  0x0000020cf6ceeefc: ;   {runtime_call UncommonTrapBlob}
  0x0000020cf6ceeefc: c5f8 77e8 

  0x0000020cf6ceef00: ; ImmutableOopMap {[4]=NarrowOop [8]=NarrowOop [16]=Oop }
                      ;*ifeq {reexecute=1 rethrow=0 return_oop=0}
                      ; - (reexecute) com.badlogic.gdx.graphics.glutils.IndexArray::getNumIndices@4 (line 49)
                      ; - com.badlogic.gdx.graphics.Mesh::bind@15 (line 392)
                      ; - com.badlogic.gdx.graphics.Mesh::bind@3 (line 382)
                      ; - com.badlogic.gdx.graphics.Mesh::render@13 (line 490)
                      ; - com.badlogic.gdx.graphics.Mesh::render@10 (line 460)
                      ; - com.badlogic.gdx.graphics.g2d.SpriteBatch::flush@184 (line 977)
  0x0000020cf6ceef00: fc8d 7aff 

  0x0000020cf6ceef04: ;   {other}
  0x0000020cf6ceef04: 0f1f 8400 | 741a 0044 | ba45 ffff | ff66 6690 

  0x0000020cf6ceef14: ;   {runtime_call UncommonTrapBlob}
  0x0000020cf6ceef14: c5f8 77e8 

  0x0000020cf6ceef18: ; ImmutableOopMap {[4]=NarrowOop [8]=NarrowOop [24]=Oop }
                      ;*ifeq {reexecute=1 rethrow=0 return_oop=0}
                      ; - (reexecute) com.badlogic.gdx.graphics.Mesh::render@20 (line 492)
                      ; - com.badlogic.gdx.graphics.Mesh::render@10 (line 460)
                      ; - com.badlogic.gdx.graphics.g2d.SpriteBatch::flush@184 (line 977)
  0x0000020cf6ceef18: e48d 7aff 

  0x0000020cf6ceef1c: ;   {other}
  0x0000020cf6ceef1c: 0f1f 8400 | 8c1a 0045 | ba45 ffff | ff48 8b6c | 2418 4489 | 5c24 1444 | 8944 241c | 4489 4424 
  0x0000020cf6ceef3c: 2089 5c24 | 2466 6690 

  0x0000020cf6ceef44: ;   {runtime_call UncommonTrapBlob}
  0x0000020cf6ceef44: c5f8 77e8 

  0x0000020cf6ceef48: ; ImmutableOopMap {rbp=Oop [4]=NarrowOop [8]=NarrowOop [28]=NarrowOop [32]=NarrowOop }
                      ;*if_icmple {reexecute=1 rethrow=0 return_oop=0}
                      ; - (reexecute) java.nio.Buffer::position@5 (line 326)
                      ; - java.nio.ShortBuffer::position@2 (line 1551)
                      ; - java.nio.ShortBuffer::position@2 (line 285)
                      ; - com.badlogic.gdx.graphics.Mesh::render@63 (line 497)
                      ; - com.badlogic.gdx.graphics.Mesh::render@10 (line 460)
                      ; - com.badlogic.gdx.graphics.g2d.SpriteBatch::flush@184 (line 977)
  0x0000020cf6ceef48: b48d 7aff 

  0x0000020cf6ceef4c: ;   {other}
  0x0000020cf6ceef4c: 0f1f 8400 | bc1a 0046 | ba45 ffff | ff48 8b6c | 2418 4489 | 5c24 1489 | 5c24 1844 | 8944 241c 
  0x0000020cf6ceef6c: 4489 4424 | 2044 894c | 2424 6690 

  0x0000020cf6ceef78: ;   {runtime_call UncommonTrapBlob}
  0x0000020cf6ceef78: c5f8 77e8 

  0x0000020cf6ceef7c: ; ImmutableOopMap {rbp=Oop [4]=NarrowOop [8]=NarrowOop [28]=NarrowOop [32]=NarrowOop }
                      ;*if_icmple {reexecute=1 rethrow=0 return_oop=0}
                      ; - (reexecute) java.nio.Buffer::position@37 (line 328)
                      ; - java.nio.ShortBuffer::position@2 (line 1551)
                      ; - java.nio.ShortBuffer::position@2 (line 285)
                      ; - com.badlogic.gdx.graphics.Mesh::render@63 (line 497)
                      ; - com.badlogic.gdx.graphics.Mesh::render@10 (line 460)
                      ; - com.badlogic.gdx.graphics.g2d.SpriteBatch::flush@184 (line 977)
  0x0000020cf6ceef7c: 808d 7aff 

  0x0000020cf6ceef80: ;   {other}
  0x0000020cf6ceef80: 0f1f 8400 | f01a 0047 | ba45 ffff | ff48 ff74 | 2418 488f | 4424 1048 | 8944 24f8 | 8b44 2424 
  0x0000020cf6ceefa0: 8944 241c | 488b 4424 | f844 8944 | 2424 4489 | 4424 2890 

  0x0000020cf6ceefb4: ;   {runtime_call UncommonTrapBlob}
  0x0000020cf6ceefb4: c5f8 77e8 

  0x0000020cf6ceefb8: ; ImmutableOopMap {[4]=NarrowOop [8]=NarrowOop [16]=Oop [36]=NarrowOop [40]=NarrowOop }
                      ;*if_icmple {reexecute=1 rethrow=0 return_oop=0}
                      ; - (reexecute) java.nio.Buffer::limit@5 (line 379)
                      ; - java.nio.ShortBuffer::limit@2 (line 1565)
                      ; - java.nio.ShortBuffer::limit@2 (line 285)
                      ; - com.badlogic.gdx.graphics.Mesh::render@73 (line 498)
                      ; - com.badlogic.gdx.graphics.Mesh::render@10 (line 460)
                      ; - com.badlogic.gdx.graphics.g2d.SpriteBatch::flush@184 (line 977)
  0x0000020cf6ceefb8: 448d 7aff 

  0x0000020cf6ceefbc: ;   {other}
  0x0000020cf6ceefbc: 0f1f 8400 | 2c1b 0048 | ba45 ffff | ff48 8b6c | 2418 890c | 2448 8944 | 24f8 8b44 | 2408 8944 
  0x0000020cf6ceefdc: 2404 488b | 4424 f848 | 8944 24f8 | 8b44 2424 | 8944 2414 | 488b 4424 | f889 5c24 | 1844 8944 
  0x0000020cf6ceeffc: 241c 4489 | 4424 2044 | 894c 2424 | 4489 5424 | 2866 6690 

  0x0000020cf6cef010: ;   {runtime_call UncommonTrapBlob}
  0x0000020cf6cef010: c5f8 77e8 

  0x0000020cf6cef014: ; ImmutableOopMap {rbp=Oop [0]=NarrowOop [4]=NarrowOop [28]=NarrowOop [32]=NarrowOop }
                      ;*if_icmple {reexecute=1 rethrow=0 return_oop=0}
                      ; - (reexecute) java.nio.Buffer::limit@55 (line 383)
                      ; - java.nio.ShortBuffer::limit@2 (line 1565)
                      ; - java.nio.ShortBuffer::limit@2 (line 285)
                      ; - com.badlogic.gdx.graphics.Mesh::render@73 (line 498)
                      ; - com.badlogic.gdx.graphics.Mesh::render@10 (line 460)
                      ; - com.badlogic.gdx.graphics.g2d.SpriteBatch::flush@184 (line 977)
  0x0000020cf6cef014: e88c 7aff 

  0x0000020cf6cef018: ;   {other}
  0x0000020cf6cef018: 0f1f 8400 | 881b 0049 | ba45 ffff | ff48 8b6c | 2418 895c | 2414 4489 | 5c24 2090 

  0x0000020cf6cef034: ;   {runtime_call UncommonTrapBlob}
  0x0000020cf6cef034: c5f8 77e8 

  0x0000020cf6cef038: ; ImmutableOopMap {rbp=Oop [0]=NarrowOop [4]=NarrowOop [8]=NarrowOop [32]=NarrowOop }
                      ;*ifnonnull {reexecute=1 rethrow=0 return_oop=0}
                      ; - (reexecute) org.lwjgl.opengl.GLContext::getCapabilities@5 (line 123)
                      ; - org.lwjgl.opengl.GL11::glDrawElements@0 (line 1105)
                      ; - com.badlogic.gdx.backends.lwjgl.LwjglGL20::glDrawElements@21 (line 281)
                      ; - com.badlogic.gdx.graphics.Mesh::render@88 (line 499)
                      ; - com.badlogic.gdx.graphics.Mesh::render@10 (line 460)
                      ; - com.badlogic.gdx.graphics.g2d.SpriteBatch::flush@184 (line 977)
  0x0000020cf6cef038: c48c 7aff 

  0x0000020cf6cef03c: ;   {other}
  0x0000020cf6cef03c: 0f1f 8400 | ac1b 004a | 4533 d249 | 3bca bdff | ffff ff7c | 0840 0f95 | c540 0fb6 | edba 45ff 
  0x0000020cf6cef05c: ffff 48ff | 7424 1848 | 8f44 2410 | 4889 4424 | f88b 4424 | 2489 4424 | 1848 8b44 | 24f8 895c 
  0x0000020cf6cef07c: 241c 4489 | 5c24 2448 | 894c 2428 

  0x0000020cf6cef088: ;   {runtime_call UncommonTrapBlob}
  0x0000020cf6cef088: c5f8 77e8 

  0x0000020cf6cef08c: ; ImmutableOopMap {[0]=NarrowOop [4]=NarrowOop [8]=NarrowOop [16]=Oop [36]=NarrowOop }
                      ;*ifne {reexecute=1 rethrow=0 return_oop=0}
                      ; - (reexecute) org.lwjgl.BufferChecks::checkFunctionAddress@9 (line 57)
                      ; - org.lwjgl.opengl.GL11::glDrawElements@10 (line 1107)
                      ; - com.badlogic.gdx.backends.lwjgl.LwjglGL20::glDrawElements@21 (line 281)
                      ; - com.badlogic.gdx.graphics.Mesh::render@88 (line 499)
                      ; - com.badlogic.gdx.graphics.Mesh::render@10 (line 460)
                      ; - com.badlogic.gdx.graphics.g2d.SpriteBatch::flush@184 (line 977)
  0x0000020cf6cef08c: 708c 7aff 

  0x0000020cf6cef090: ;   {other}
  0x0000020cf6cef090: 0f1f 8400 | 001c 004b | ba45 ffff | ff48 ff74 | 2418 488f | 4424 1048 | 8944 24f8 | 8b44 2420 
  0x0000020cf6cef0b0: 8944 241c | 488b 4424 | f848 894c | 2428 6690 

  0x0000020cf6cef0c0: ;   {runtime_call UncommonTrapBlob}
  0x0000020cf6cef0c0: c5f8 77e8 

  0x0000020cf6cef0c4: ; ImmutableOopMap {[0]=NarrowOop [4]=NarrowOop [8]=NarrowOop [16]=Oop }
                      ;*ifeq {reexecute=1 rethrow=0 return_oop=0}
                      ; - (reexecute) org.lwjgl.opengl.GLChecks::ensureElementVBOdisabled@10 (line 82)
                      ; - org.lwjgl.opengl.GL11::glDrawElements@14 (line 1108)
                      ; - com.badlogic.gdx.backends.lwjgl.LwjglGL20::glDrawElements@21 (line 281)
                      ; - com.badlogic.gdx.graphics.Mesh::render@88 (line 499)
                      ; - com.badlogic.gdx.graphics.Mesh::render@10 (line 460)
                      ; - com.badlogic.gdx.graphics.g2d.SpriteBatch::flush@184 (line 977)
  0x0000020cf6cef0c4: 388c 7aff 

  0x0000020cf6cef0c8: ;   {other}
  0x0000020cf6cef0c8: 0f1f 8400 | 381c 004c | ba45 ffff | ff48 ff74 | 2418 488f | 4424 1048 | 8944 24f8 | 8b44 2404 
  0x0000020cf6cef0e8: 8904 2448 | 8b44 24f8 | 4889 4424 | f88b 4424 | 0889 4424 | 0448 8b44 | 24f8 4889 | 4424 f88b 
  0x0000020cf6cef108: 4424 0c89 | 4424 0848 | 8b44 24f8 | 4889 4424 | f88b 4424 | 2089 4424 | 1848 8b44 | 24f8 4489 
  0x0000020cf6cef128: 5c24 1c44 | 895c 2420 

  0x0000020cf6cef130: ;   {runtime_call UncommonTrapBlob}
  0x0000020cf6cef130: c5f8 77e8 

  0x0000020cf6cef134: ; ImmutableOopMap {[0]=NarrowOop [4]=NarrowOop [16]=Oop [28]=NarrowOop [32]=NarrowOop }
                      ;*if_icmple {reexecute=1 rethrow=0 return_oop=0}
                      ; - (reexecute) java.nio.Buffer::position@5 (line 326)
                      ; - java.nio.ShortBuffer::position@2 (line 1551)
                      ; - java.nio.ShortBuffer::position@2 (line 285)
                      ; - com.badlogic.gdx.graphics.Mesh::render@97 (line 500)
                      ; - com.badlogic.gdx.graphics.Mesh::render@10 (line 460)
                      ; - com.badlogic.gdx.graphics.g2d.SpriteBatch::flush@184 (line 977)
  0x0000020cf6cef134: c88b 7aff 

  0x0000020cf6cef138: ;   {other}
  0x0000020cf6cef138: 0f1f 8400 | a81c 004d | ba45 ffff | ff48 8b6c | 2418 4889 | 4424 f88b | 4424 0489 | 0424 488b 
  0x0000020cf6cef158: 4424 f848 | 8944 24f8 | 8b44 2408 | 8944 2404 | 488b 4424 | f848 8944 | 24f8 8b44 | 240c 8944 
  0x0000020cf6cef178: 2408 488b | 4424 f848 | 8944 24f8 | 8b44 2420 | 8944 2410 | 488b 4424 | f844 895c | 2414 4489 
  0x0000020cf6cef198: 5c24 1844 | 894c 2420 

  0x0000020cf6cef1a0: ;   {runtime_call UncommonTrapBlob}
  0x0000020cf6cef1a0: c5f8 77e8 

  0x0000020cf6cef1a4: ; ImmutableOopMap {rbp=Oop [0]=NarrowOop [4]=NarrowOop [20]=NarrowOop [24]=NarrowOop }
                      ;*ifge {reexecute=1 rethrow=0 return_oop=0}
                      ; - (reexecute) java.nio.Buffer::position@14 (line 326)
                      ; - java.nio.ShortBuffer::position@2 (line 1551)
                      ; - java.nio.ShortBuffer::position@2 (line 285)
                      ; - com.badlogic.gdx.graphics.Mesh::render@97 (line 500)
                      ; - com.badlogic.gdx.graphics.Mesh::render@10 (line 460)
                      ; - com.badlogic.gdx.graphics.g2d.SpriteBatch::flush@184 (line 977)
  0x0000020cf6cef1a4: 588b 7aff 

  0x0000020cf6cef1a8: ;   {other}
  0x0000020cf6cef1a8: 0f1f 8400 | 181d 004e | ba45 ffff | ff48 8b6c | 2418 4889 | 4424 f88b | 4424 0489 | 0424 488b 
  0x0000020cf6cef1c8: 4424 f848 | 8944 24f8 | 8b44 2408 | 8944 2404 | 488b 4424 | f848 8944 | 24f8 8b44 | 240c 8944 
  0x0000020cf6cef1e8: 2408 488b | 4424 f848 | 8944 24f8 | 8b44 2420 | 8944 2410 | 488b 4424 | f844 895c | 2414 4489 
  0x0000020cf6cef208: 5c24 1844 | 8944 2420 

  0x0000020cf6cef210: ;   {runtime_call UncommonTrapBlob}
  0x0000020cf6cef210: c5f8 77e8 

  0x0000020cf6cef214: ; ImmutableOopMap {rbp=Oop [0]=NarrowOop [4]=NarrowOop [20]=NarrowOop [24]=NarrowOop }
                      ;*if_icmple {reexecute=1 rethrow=0 return_oop=0}
                      ; - (reexecute) java.nio.Buffer::position@37 (line 328)
                      ; - java.nio.ShortBuffer::position@2 (line 1551)
                      ; - java.nio.ShortBuffer::position@2 (line 285)
                      ; - com.badlogic.gdx.graphics.Mesh::render@97 (line 500)
                      ; - com.badlogic.gdx.graphics.Mesh::render@10 (line 460)
                      ; - com.badlogic.gdx.graphics.g2d.SpriteBatch::flush@184 (line 977)
  0x0000020cf6cef214: e88a 7aff 

  0x0000020cf6cef218: ;   {other}
  0x0000020cf6cef218: 0f1f 8400 | 881d 004f | ba45 ffff | ff48 ff74 | 2418 488f | 4424 1048 | 8944 24f8 | 8b44 2404 
  0x0000020cf6cef238: 8904 2448 | 8b44 24f8 | 4889 4424 | f88b 4424 | 0889 4424 | 0448 8b44 | 24f8 4889 | 4424 f88b 
  0x0000020cf6cef258: 4424 0c89 | 4424 0848 | 8b44 24f8 | 4489 5c24 | 1866 6690 

  0x0000020cf6cef26c: ;   {runtime_call UncommonTrapBlob}
  0x0000020cf6cef26c: c5f8 77e8 

  0x0000020cf6cef270: ; ImmutableOopMap {[0]=NarrowOop [4]=NarrowOop [16]=Oop [24]=NarrowOop }
                      ;*if_icmple {reexecute=1 rethrow=0 return_oop=0}
                      ; - (reexecute) java.nio.Buffer::limit@5 (line 379)
                      ; - java.nio.ShortBuffer::limit@2 (line 1565)
                      ; - java.nio.ShortBuffer::limit@2 (line 285)
                      ; - com.badlogic.gdx.graphics.Mesh::render@105 (line 501)
                      ; - com.badlogic.gdx.graphics.Mesh::render@10 (line 460)
                      ; - com.badlogic.gdx.graphics.g2d.SpriteBatch::flush@184 (line 977)
  0x0000020cf6cef270: 8c8a 7aff 

  0x0000020cf6cef274: ;   {other}
  0x0000020cf6cef274: 0f1f 8400 | e41d 0050 | ba45 ffff | ff48 8b6c | 2418 4889 | 4424 f88b | 4424 0489 | 0424 488b 
  0x0000020cf6cef294: 4424 f848 | 8944 24f8 | 8b44 2408 | 8944 2404 | 488b 4424 | f848 8944 | 24f8 8b44 | 240c 8944 
  0x0000020cf6cef2b4: 2408 488b | 4424 f844 | 895c 2410 | 4489 5424 | 1c66 6690 

  0x0000020cf6cef2c8: ;   {runtime_call UncommonTrapBlob}
  0x0000020cf6cef2c8: c5f8 77e8 

  0x0000020cf6cef2cc: ; ImmutableOopMap {rbp=Oop [0]=NarrowOop [4]=NarrowOop [16]=NarrowOop }
                      ;*if_icmple {reexecute=1 rethrow=0 return_oop=0}
                      ; - (reexecute) java.nio.Buffer::limit@42 (line 382)
                      ; - java.nio.ShortBuffer::limit@2 (line 1565)
                      ; - java.nio.ShortBuffer::limit@2 (line 285)
                      ; - com.badlogic.gdx.graphics.Mesh::render@105 (line 501)
                      ; - com.badlogic.gdx.graphics.Mesh::render@10 (line 460)
                      ; - com.badlogic.gdx.graphics.g2d.SpriteBatch::flush@184 (line 977)
  0x0000020cf6cef2cc: 308a 7aff 

  0x0000020cf6cef2d0: ;   {other}
  0x0000020cf6cef2d0: 0f1f 8400 | 401e 0051 | ba45 ffff | ff48 8b6c | 2418 4889 | 4424 f88b | 4424 0489 | 0424 488b 
  0x0000020cf6cef2f0: 4424 f848 | 8944 24f8 | 8b44 2408 | 8944 2404 | 488b 4424 | f848 8944 | 24f8 8b44 | 240c 8944 
  0x0000020cf6cef310: 2408 488b | 4424 f844 | 895c 2410 | 4489 4424 | 1466 6690 

  0x0000020cf6cef324: ;   {runtime_call UncommonTrapBlob}
  0x0000020cf6cef324: c5f8 77e8 

  0x0000020cf6cef328: ; ImmutableOopMap {rbp=Oop [0]=NarrowOop [4]=NarrowOop [16]=NarrowOop }
                      ;*if_icmple {reexecute=1 rethrow=0 return_oop=0}
                      ; - (reexecute) java.nio.Buffer::limit@55 (line 383)
                      ; - java.nio.ShortBuffer::limit@2 (line 1565)
                      ; - java.nio.ShortBuffer::limit@2 (line 285)
                      ; - com.badlogic.gdx.graphics.Mesh::render@105 (line 501)
                      ; - com.badlogic.gdx.graphics.Mesh::render@10 (line 460)
                      ; - com.badlogic.gdx.graphics.g2d.SpriteBatch::flush@184 (line 977)
  0x0000020cf6cef328: d489 7aff 

  0x0000020cf6cef32c: ;   {other}
  0x0000020cf6cef32c: 0f1f 8400 | 9c1e 0052 | ba45 ffff | ff89 4c24 | 0866 6690 

  0x0000020cf6cef340: ;   {runtime_call UncommonTrapBlob}
  0x0000020cf6cef340: c5f8 77e8 

  0x0000020cf6cef344: ; ImmutableOopMap {[8]=NarrowOop [24]=Oop }
                      ;*ifeq {reexecute=1 rethrow=0 return_oop=0}
                      ; - (reexecute) com.badlogic.gdx.graphics.glutils.IndexArray::getNumIndices@4 (line 49)
                      ; - com.badlogic.gdx.graphics.Mesh::unbind@15 (line 410)
                      ; - com.badlogic.gdx.graphics.Mesh::unbind@3 (line 400)
                      ; - com.badlogic.gdx.graphics.Mesh::render@253 (line 518)
                      ; - com.badlogic.gdx.graphics.Mesh::render@10 (line 460)
                      ; - com.badlogic.gdx.graphics.g2d.SpriteBatch::flush@184 (line 977)
  0x0000020cf6cef344: b889 7aff 

  0x0000020cf6cef348: ;   {other}
  0x0000020cf6cef348: 0f1f 8400 | b81e 0053 | bade ffff | ff48 ff74 | 2418 488f | 4424 1048 | 8944 24f8 | 8b44 2424 
  0x0000020cf6cef368: 8944 241c | 488b 4424 | f848 8944 | 24f8 8b44 | 243c 8944 | 2424 488b | 4424 f848 | 8944 24f8 
  0x0000020cf6cef388: 8b44 2438 | 8944 2428 | 488b 4424 | f848 8944 | 24f8 8b44 | 2440 8944 | 2430 488b | 4424 f844 
  0x0000020cf6cef3a8: 8954 243c | 4489 5c24 | 4066 6690 

  0x0000020cf6cef3b4: ;   {runtime_call UncommonTrapBlob}
  0x0000020cf6cef3b4: c5f8 77e8 

  0x0000020cf6cef3b8: ; ImmutableOopMap {rbp=NarrowOop [0]=Oop [12]=NarrowOop [16]=Oop [32]=NarrowOop [36]=NarrowOop [40]=NarrowOop [48]=NarrowOop }
                      ;*instanceof {reexecute=0 rethrow=0 return_oop=0}
                      ; - java.lang.String::equals@8 (line 1863)
                      ; - com.badlogic.gdx.utils.ObjectIntMap::get@21 (line 281)
                      ; - com.badlogic.gdx.graphics.glutils.ShaderProgram::fetchAttributeLocation@11 (line 290)
                      ; - com.badlogic.gdx.graphics.glutils.ShaderProgram::disableVertexAttribute@10 (line 717)
                      ; - com.badlogic.gdx.graphics.glutils.VertexArray::unbind@34 (line 157)
                      ; - com.badlogic.gdx.graphics.Mesh::unbind@6 (line 409)
                      ; - com.badlogic.gdx.graphics.Mesh::unbind@3 (line 400)
                      ; - com.badlogic.gdx.graphics.Mesh::render@253 (line 518)
                      ; - com.badlogic.gdx.graphics.Mesh::render@10 (line 460)
                      ; - com.badlogic.gdx.graphics.g2d.SpriteBatch::flush@184 (line 977)
  0x0000020cf6cef3b8: 4489 7aff 

  0x0000020cf6cef3bc: ;   {other}
  0x0000020cf6cef3bc: 0f1f 8400 | 2c1f 0054 | baf6 ffff | ff8b eb90 

  0x0000020cf6cef3cc: ;   {runtime_call UncommonTrapBlob}
  0x0000020cf6cef3cc: c5f8 77e8 

  0x0000020cf6cef3d0: ; ImmutableOopMap {}
                      ;*invokevirtual get {reexecute=0 rethrow=0 return_oop=0}
                      ; - com.badlogic.gdx.graphics.glutils.VertexArray::unbind@28 (line 157)
                      ; - com.badlogic.gdx.graphics.Mesh::unbind@6 (line 409)
                      ; - com.badlogic.gdx.graphics.Mesh::unbind@3 (line 400)
                      ; - com.badlogic.gdx.graphics.Mesh::render@253 (line 518)
                      ; - com.badlogic.gdx.graphics.Mesh::render@10 (line 460)
                      ; - com.badlogic.gdx.graphics.g2d.SpriteBatch::flush@184 (line 977)
  0x0000020cf6cef3d0: 2c89 7aff 

  0x0000020cf6cef3d4: ;   {other}
  0x0000020cf6cef3d4: 0f1f 8400 | 441f 0055 | baf6 ffff | ff8b eb90 

  0x0000020cf6cef3e4: ;   {runtime_call UncommonTrapBlob}
  0x0000020cf6cef3e4: c5f8 77e8 

  0x0000020cf6cef3e8: ; ImmutableOopMap {}
                      ;*aaload {reexecute=0 rethrow=0 return_oop=0}
                      ; - com.badlogic.gdx.graphics.VertexAttributes::get@5 (line 109)
                      ; - com.badlogic.gdx.graphics.glutils.VertexArray::unbind@28 (line 157)
                      ; - com.badlogic.gdx.graphics.Mesh::unbind@6 (line 409)
                      ; - com.badlogic.gdx.graphics.Mesh::unbind@3 (line 400)
                      ; - com.badlogic.gdx.graphics.Mesh::render@253 (line 518)
                      ; - com.badlogic.gdx.graphics.Mesh::render@10 (line 460)
                      ; - com.badlogic.gdx.graphics.g2d.SpriteBatch::flush@184 (line 977)
  0x0000020cf6cef3e8: 1489 7aff 

  0x0000020cf6cef3ec: ;   {other}
  0x0000020cf6cef3ec: 0f1f 8400 | 5c1f 0056 | baf6 ffff | ff66 6690 

  0x0000020cf6cef3fc: ;   {runtime_call UncommonTrapBlob}
  0x0000020cf6cef3fc: c5f8 77e8 

  0x0000020cf6cef400: ; ImmutableOopMap {}
                      ;*getfield alias {reexecute=1 rethrow=0 return_oop=0}
                      ; - (reexecute) com.badlogic.gdx.graphics.glutils.VertexArray::unbind@31 (line 157)
                      ; - com.badlogic.gdx.graphics.Mesh::unbind@6 (line 409)
                      ; - com.badlogic.gdx.graphics.Mesh::unbind@3 (line 400)
                      ; - com.badlogic.gdx.graphics.Mesh::render@253 (line 518)
                      ; - com.badlogic.gdx.graphics.Mesh::render@10 (line 460)
                      ; - com.badlogic.gdx.graphics.g2d.SpriteBatch::flush@184 (line 977)
  0x0000020cf6cef400: fc88 7aff 

  0x0000020cf6cef404: ;   {other}
  0x0000020cf6cef404: 0f1f 8400 | 741f 0057 | baf6 ffff | ff66 6690 

  0x0000020cf6cef414: ;   {runtime_call UncommonTrapBlob}
  0x0000020cf6cef414: c5f8 77e8 

  0x0000020cf6cef418: ; ImmutableOopMap {}
                      ;*invokevirtual hashCode {reexecute=0 rethrow=0 return_oop=0}
                      ; - com.badlogic.gdx.utils.ObjectIntMap::get@1 (line 279)
                      ; - com.badlogic.gdx.graphics.glutils.ShaderProgram::fetchAttributeLocation@11 (line 290)
                      ; - com.badlogic.gdx.graphics.glutils.ShaderProgram::disableVertexAttribute@10 (line 717)
                      ; - com.badlogic.gdx.graphics.glutils.VertexArray::unbind@34 (line 157)
                      ; - com.badlogic.gdx.graphics.Mesh::unbind@6 (line 409)
                      ; - com.badlogic.gdx.graphics.Mesh::unbind@3 (line 400)
                      ; - com.badlogic.gdx.graphics.Mesh::render@253 (line 518)
                      ; - com.badlogic.gdx.graphics.Mesh::render@10 (line 460)
                      ; - com.badlogic.gdx.graphics.g2d.SpriteBatch::flush@184 (line 977)
  0x0000020cf6cef418: e488 7aff 

  0x0000020cf6cef41c: ;   {other}
  0x0000020cf6cef41c: 0f1f 8400 | 8c1f 0058 | baf6 ffff | ff41 8beb 

  0x0000020cf6cef42c: ;   {runtime_call UncommonTrapBlob}
  0x0000020cf6cef42c: c5f8 77e8 

  0x0000020cf6cef430: ; ImmutableOopMap {}
                      ;*aaload {reexecute=0 rethrow=0 return_oop=0}
                      ; - com.badlogic.gdx.utils.ObjectIntMap::get@20 (line 281)
                      ; - com.badlogic.gdx.graphics.glutils.ShaderProgram::fetchAttributeLocation@11 (line 290)
                      ; - com.badlogic.gdx.graphics.glutils.ShaderProgram::disableVertexAttribute@10 (line 717)
                      ; - com.badlogic.gdx.graphics.glutils.VertexArray::unbind@34 (line 157)
                      ; - com.badlogic.gdx.graphics.Mesh::unbind@6 (line 409)
                      ; - com.badlogic.gdx.graphics.Mesh::unbind@3 (line 400)
                      ; - com.badlogic.gdx.graphics.Mesh::render@253 (line 518)
                      ; - com.badlogic.gdx.graphics.Mesh::render@10 (line 460)
                      ; - com.badlogic.gdx.graphics.g2d.SpriteBatch::flush@184 (line 977)
  0x0000020cf6cef430: cc88 7aff 

  0x0000020cf6cef434: ;   {other}
  0x0000020cf6cef434: 0f1f 8400 | a41f 0059 | baf6 ffff | ff41 8beb 

  0x0000020cf6cef444: ;   {runtime_call UncommonTrapBlob}
  0x0000020cf6cef444: c5f8 77e8 

  0x0000020cf6cef448: ; ImmutableOopMap {}
                      ;*iaload {reexecute=0 rethrow=0 return_oop=0}
                      ; - com.badlogic.gdx.utils.ObjectIntMap::get@82 (line 288)
                      ; - com.badlogic.gdx.graphics.glutils.ShaderProgram::fetchAttributeLocation@11 (line 290)
                      ; - com.badlogic.gdx.graphics.glutils.ShaderProgram::disableVertexAttribute@10 (line 717)
                      ; - com.badlogic.gdx.graphics.glutils.VertexArray::unbind@34 (line 157)
                      ; - com.badlogic.gdx.graphics.Mesh::unbind@6 (line 409)
                      ; - com.badlogic.gdx.graphics.Mesh::unbind@3 (line 400)
                      ; - com.badlogic.gdx.graphics.Mesh::render@253 (line 518)
                      ; - com.badlogic.gdx.graphics.Mesh::render@10 (line 460)
                      ; - com.badlogic.gdx.graphics.g2d.SpriteBatch::flush@184 (line 977)
  0x0000020cf6cef448: b488 7aff 

  0x0000020cf6cef44c: ;   {other}
  0x0000020cf6cef44c: 0f1f 8400 | bc1f 005a | baf6 ffff | ff41 8be9 

  0x0000020cf6cef45c: ;   {runtime_call UncommonTrapBlob}
  0x0000020cf6cef45c: c5f8 77e8 

  0x0000020cf6cef460: ; ImmutableOopMap {}
                      ;*invokeinterface glDisableVertexAttribArray {reexecute=0 rethrow=0 return_oop=0}
                      ; - com.badlogic.gdx.graphics.glutils.ShaderProgram::disableVertexAttribute@22 (line 719)
                      ; - com.badlogic.gdx.graphics.glutils.VertexArray::unbind@34 (line 157)
                      ; - com.badlogic.gdx.graphics.Mesh::unbind@6 (line 409)
                      ; - com.badlogic.gdx.graphics.Mesh::unbind@3 (line 400)
                      ; - com.badlogic.gdx.graphics.Mesh::render@253 (line 518)
                      ; - com.badlogic.gdx.graphics.Mesh::render@10 (line 460)
                      ; - com.badlogic.gdx.graphics.g2d.SpriteBatch::flush@184 (line 977)
  0x0000020cf6cef460: 9c88 7aff 

  0x0000020cf6cef464: ;   {other}
  0x0000020cf6cef464: 0f1f 8400 | d41f 005b | baf6 ffff | ff66 6690 

  0x0000020cf6cef474: ;   {runtime_call UncommonTrapBlob}
  0x0000020cf6cef474: c5f8 77e8 

  0x0000020cf6cef478: ; ImmutableOopMap {}
                      ;*getfield owner {reexecute=1 rethrow=0 return_oop=0}
                      ; - (reexecute) org.lwjgl.opengl.GLContext::getCapabilitiesImpl@5 (line 132)
                      ; - org.lwjgl.opengl.GLContext::getCapabilities@0 (line 122)
                      ; - org.lwjgl.opengl.GL20::glDisableVertexAttribArray@0 (line 917)
                      ; - com.badlogic.gdx.backends.lwjgl.LwjglGL20::glDisableVertexAttribArray@1 (line 272)
                      ; - com.badlogic.gdx.graphics.glutils.ShaderProgram::disableVertexAttribute@22 (line 719)
                      ; - com.badlogic.gdx.graphics.glutils.VertexArray::unbind@34 (line 157)
                      ; - com.badlogic.gdx.graphics.Mesh::unbind@6 (line 409)
                      ; - com.badlogic.gdx.graphics.Mesh::unbind@3 (line 400)
                      ; - com.badlogic.gdx.graphics.Mesh::render@253 (line 518)
                      ; - com.badlogic.gdx.graphics.Mesh::render@10 (line 460)
                      ; - com.badlogic.gdx.graphics.g2d.SpriteBatch::flush@184 (line 977)
  0x0000020cf6cef478: 8488 7aff 

  0x0000020cf6cef47c: ;   {other}
  0x0000020cf6cef47c: 0f1f 8400 | ec1f 005c | baf6 ffff | ff66 6690 

  0x0000020cf6cef48c: ;   {runtime_call UncommonTrapBlob}
  0x0000020cf6cef48c: c5f8 77e8 

  0x0000020cf6cef490: ; ImmutableOopMap {}
                      ;*invokevirtual bind {reexecute=0 rethrow=0 return_oop=0}
                      ; - com.badlogic.gdx.graphics.g2d.SpriteBatch::flush@58 (line 964)
  0x0000020cf6cef490: 6c88 7aff 

  0x0000020cf6cef494: ;   {other}
  0x0000020cf6cef494: 0f1f 8400 | 0420 005d | baf6 ffff | ff41 8bea | 4489 0c24 

  0x0000020cf6cef4a8: ;   {runtime_call UncommonTrapBlob}
  0x0000020cf6cef4a8: c5f8 77e8 

  0x0000020cf6cef4ac: ; ImmutableOopMap {}
                      ;*invokeinterface glBindTexture {reexecute=0 rethrow=0 return_oop=0}
                      ; - com.badlogic.gdx.graphics.GLTexture::bind@11 (line 66)
                      ; - com.badlogic.gdx.graphics.g2d.SpriteBatch::flush@58 (line 964)
  0x0000020cf6cef4ac: 5088 7aff 

  0x0000020cf6cef4b0: ;   {other}
  0x0000020cf6cef4b0: 0f1f 8400 | 2020 005e | baf6 ffff | ff66 6690 

  0x0000020cf6cef4c0: ;   {runtime_call UncommonTrapBlob}
  0x0000020cf6cef4c0: c5f8 77e8 

  0x0000020cf6cef4c4: ; ImmutableOopMap {}
                      ;*getfield owner {reexecute=1 rethrow=0 return_oop=0}
                      ; - (reexecute) org.lwjgl.opengl.GLContext::getCapabilitiesImpl@5 (line 132)
                      ; - org.lwjgl.opengl.GLContext::getCapabilities@0 (line 122)
                      ; - org.lwjgl.opengl.GL11::glBindTexture@0 (line 651)
                      ; - com.badlogic.gdx.backends.lwjgl.LwjglGL20::glBindTexture@2 (line 93)
                      ; - com.badlogic.gdx.graphics.GLTexture::bind@11 (line 66)
                      ; - com.badlogic.gdx.graphics.g2d.SpriteBatch::flush@58 (line 964)
  0x0000020cf6cef4c4: 3888 7aff 

  0x0000020cf6cef4c8: ;   {other}
  0x0000020cf6cef4c8: 0f1f 8400 | 3820 005f | baf6 ffff | ff41 8be8 | 4489 1c24 

  0x0000020cf6cef4dc: ;   {runtime_call UncommonTrapBlob}
  0x0000020cf6cef4dc: c5f8 77e8 

  0x0000020cf6cef4e0: ; ImmutableOopMap {rbp=NarrowOop }
                      ;*invokevirtual setVertices {reexecute=0 rethrow=0 return_oop=0}
                      ; - com.badlogic.gdx.graphics.g2d.SpriteBatch::flush@76 (line 966)
  0x0000020cf6cef4e0: 1c88 7aff 

  0x0000020cf6cef4e4: ;   {other}
  0x0000020cf6cef4e4: 0f1f 8400 | 5420 0060 | baf6 ffff | ff41 8be8 | 4489 1c24 

  0x0000020cf6cef4f8: ;   {runtime_call UncommonTrapBlob}
  0x0000020cf6cef4f8: c5f8 77e8 

  0x0000020cf6cef4fc: ; ImmutableOopMap {rbp=NarrowOop }
                      ;*invokeinterface setVertices {reexecute=0 rethrow=0 return_oop=0}
                      ; - com.badlogic.gdx.graphics.Mesh::setVertices@7 (line 208)
                      ; - com.badlogic.gdx.graphics.g2d.SpriteBatch::flush@76 (line 966)
  0x0000020cf6cef4fc: 0088 7aff 

  0x0000020cf6cef500: ;   {other}
  0x0000020cf6cef500: 0f1f 8400 | 7020 0061 | baf4 ffff | ff49 8be9 | 8974 2408 | 4889 4c24 | 1044 8944 | 2418 4489 
  0x0000020cf6cef520: 5c24 1c90 

  0x0000020cf6cef524: ;   {runtime_call UncommonTrapBlob}
  0x0000020cf6cef524: c5f8 77e8 

  0x0000020cf6cef528: ; ImmutableOopMap {rbp=Oop [8]=NarrowOop [16]=Oop [24]=NarrowOop }
                      ;*instanceof {reexecute=0 rethrow=0 return_oop=0}
                      ; - com.badlogic.gdx.utils.BufferUtils::copy@1 (line 50)
                      ; - com.badlogic.gdx.graphics.glutils.VertexArray::setVertices@7 (line 84)
                      ; - com.badlogic.gdx.graphics.Mesh::setVertices@7 (line 208)
                      ; - com.badlogic.gdx.graphics.g2d.SpriteBatch::flush@76 (line 966)
  0x0000020cf6cef528: d487 7aff 

  0x0000020cf6cef52c: ;   {other}
  0x0000020cf6cef52c: 0f1f 8400 | 9c20 0062 | baf6 ffff | ff66 6690 

  0x0000020cf6cef53c: ;   {runtime_call UncommonTrapBlob}
  0x0000020cf6cef53c: c5f8 77e8 

  0x0000020cf6cef540: ; ImmutableOopMap {}
                      ;*invokevirtual position {reexecute=0 rethrow=0 return_oop=0}
                      ; - com.badlogic.gdx.graphics.glutils.VertexArray::setVertices@15 (line 85)
                      ; - com.badlogic.gdx.graphics.Mesh::setVertices@7 (line 208)
                      ; - com.badlogic.gdx.graphics.g2d.SpriteBatch::flush@76 (line 966)
  0x0000020cf6cef540: bc87 7aff 

  0x0000020cf6cef544: ;   {other}
  0x0000020cf6cef544: 0f1f 8400 | b420 0063 | baf6 ffff | ff66 6690 

  0x0000020cf6cef554: ;   {runtime_call UncommonTrapBlob}
  0x0000020cf6cef554: c5f8 77e8 

  0x0000020cf6cef558: ; ImmutableOopMap {}
                      ;*invokeinterface getBuffer {reexecute=0 rethrow=0 return_oop=0}
                      ; - com.badlogic.gdx.graphics.Mesh::getIndicesBuffer@4 (line 814)
                      ; - com.badlogic.gdx.graphics.g2d.SpriteBatch::flush@81 (line 967)
  0x0000020cf6cef558: a487 7aff 

  0x0000020cf6cef55c: ;   {other}
  0x0000020cf6cef55c: 0f1f 8400 | cc20 0064 | baf6 ffff | ff66 6690 

  0x0000020cf6cef56c: ;   {runtime_call UncommonTrapBlob}
  0x0000020cf6cef56c: c5f8 77e8 

  0x0000020cf6cef570: ; ImmutableOopMap {}
                      ;*invokevirtual position {reexecute=0 rethrow=0 return_oop=0}
                      ; - com.badlogic.gdx.graphics.g2d.SpriteBatch::flush@85 (line 967)
  0x0000020cf6cef570: 8c87 7aff 

  0x0000020cf6cef574: ;   {other}
  0x0000020cf6cef574: 0f1f 8400 | e420 0065 | baf6 ffff | ff66 6690 

  0x0000020cf6cef584: ;   {runtime_call UncommonTrapBlob}
  0x0000020cf6cef584: c5f8 77e8 

  0x0000020cf6cef588: ; ImmutableOopMap {}
                      ;*invokeinterface glEnable {reexecute=0 rethrow=0 return_oop=0}
                      ; - com.badlogic.gdx.graphics.g2d.SpriteBatch::flush@125 (line 973)
  0x0000020cf6cef588: 7487 7aff 

  0x0000020cf6cef58c: ;   {other}
  0x0000020cf6cef58c: 0f1f 8400 | fc20 0066 | baf6 ffff | ff66 6690 

  0x0000020cf6cef59c: ;   {runtime_call UncommonTrapBlob}
  0x0000020cf6cef59c: c5f8 77e8 

  0x0000020cf6cef5a0: ; ImmutableOopMap {}
                      ;*getfield owner {reexecute=1 rethrow=0 return_oop=0}
                      ; - (reexecute) org.lwjgl.opengl.GLContext::getCapabilitiesImpl@5 (line 132)
                      ; - org.lwjgl.opengl.GLContext::getCapabilities@0 (line 122)
                      ; - org.lwjgl.opengl.GL11::glEnable@0 (line 1012)
                      ; - com.badlogic.gdx.backends.lwjgl.LwjglGL20::glEnable@1 (line 292)
                      ; - com.badlogic.gdx.graphics.g2d.SpriteBatch::flush@125 (line 973)
  0x0000020cf6cef5a0: 5c87 7aff 

  0x0000020cf6cef5a4: ;   {other}
  0x0000020cf6cef5a4: 0f1f 8400 | 1421 0067 | baf6 ffff | ff41 8beb | 4489 0424 | 4489 4c24 | 0444 8954 | 2408 6690 
  0x0000020cf6cef5c4: ;   {runtime_call UncommonTrapBlob}
  0x0000020cf6cef5c4: c5f8 77e8 

  0x0000020cf6cef5c8: ; ImmutableOopMap {}
                      ;*invokeinterface glBlendFuncSeparate {reexecute=0 rethrow=0 return_oop=0}
                      ; - com.badlogic.gdx.graphics.g2d.SpriteBatch::flush@157 (line 974)
  0x0000020cf6cef5c8: 3487 7aff 

  0x0000020cf6cef5cc: ;   {other}
  0x0000020cf6cef5cc: 0f1f 8400 | 3c21 0068 | baf6 ffff | ff66 6690 

  0x0000020cf6cef5dc: ;   {runtime_call UncommonTrapBlob}
  0x0000020cf6cef5dc: c5f8 77e8 

  0x0000020cf6cef5e0: ; ImmutableOopMap {}
                      ;*getfield owner {reexecute=1 rethrow=0 return_oop=0}
                      ; - (reexecute) org.lwjgl.opengl.GLContext::getCapabilitiesImpl@5 (line 132)
                      ; - org.lwjgl.opengl.GLContext::getCapabilities@0 (line 122)
                      ; - org.lwjgl.opengl.GL14::glBlendFuncSeparate@0 (line 238)
                      ; - com.badlogic.gdx.backends.lwjgl.LwjglGL20::glBlendFuncSeparate@5 (line 113)
                      ; - com.badlogic.gdx.graphics.g2d.SpriteBatch::flush@157 (line 974)
  0x0000020cf6cef5e0: 1c87 7aff 

  0x0000020cf6cef5e4: ;   {other}
  0x0000020cf6cef5e4: 0f1f 8400 | 5421 0069 | baf6 ffff | ff8b eb90 

  0x0000020cf6cef5f4: ;   {runtime_call UncommonTrapBlob}
  0x0000020cf6cef5f4: c5f8 77e8 

  0x0000020cf6cef5f8: ; ImmutableOopMap {rbp=NarrowOop }
                      ;*invokeinterface bind {reexecute=0 rethrow=0 return_oop=0}
                      ; - com.badlogic.gdx.graphics.Mesh::bind@6 (line 391)
                      ; - com.badlogic.gdx.graphics.Mesh::bind@3 (line 382)
                      ; - com.badlogic.gdx.graphics.Mesh::render@13 (line 490)
                      ; - com.badlogic.gdx.graphics.Mesh::render@10 (line 460)
                      ; - com.badlogic.gdx.graphics.g2d.SpriteBatch::flush@184 (line 977)
  0x0000020cf6cef5f8: 0487 7aff 

  0x0000020cf6cef5fc: ;   {other}
  0x0000020cf6cef5fc: 0f1f 8400 | 6c21 006a | baf6 ffff | ff66 6690 

  0x0000020cf6cef60c: ;   {runtime_call UncommonTrapBlob}
  0x0000020cf6cef60c: c5f8 77e8 

  0x0000020cf6cef610: ; ImmutableOopMap {}
                      ;*invokeinterface getNumIndices {reexecute=0 rethrow=0 return_oop=0}
                      ; - com.badlogic.gdx.graphics.Mesh::bind@15 (line 392)
                      ; - com.badlogic.gdx.graphics.Mesh::bind@3 (line 382)
                      ; - com.badlogic.gdx.graphics.Mesh::render@13 (line 490)
                      ; - com.badlogic.gdx.graphics.Mesh::render@10 (line 460)
                      ; - com.badlogic.gdx.graphics.g2d.SpriteBatch::flush@184 (line 977)
  0x0000020cf6cef610: ec86 7aff 

  0x0000020cf6cef614: ;   {other}
  0x0000020cf6cef614: 0f1f 8400 | 8421 006b | baf6 ffff | ff66 6690 

  0x0000020cf6cef624: ;   {runtime_call UncommonTrapBlob}
  0x0000020cf6cef624: c5f8 77e8 

  0x0000020cf6cef628: ; ImmutableOopMap {}
                      ;*invokevirtual limit {reexecute=0 rethrow=0 return_oop=0}
                      ; - com.badlogic.gdx.graphics.glutils.IndexArray::getNumIndices@15 (line 49)
                      ; - com.badlogic.gdx.graphics.Mesh::bind@15 (line 392)
                      ; - com.badlogic.gdx.graphics.Mesh::bind@3 (line 382)
                      ; - com.badlogic.gdx.graphics.Mesh::render@13 (line 490)
                      ; - com.badlogic.gdx.graphics.Mesh::render@10 (line 460)
                      ; - com.badlogic.gdx.graphics.g2d.SpriteBatch::flush@184 (line 977)
  0x0000020cf6cef628: d486 7aff 

  0x0000020cf6cef62c: ;   {other}
  0x0000020cf6cef62c: 0f1f 8400 | 9c21 006c | baf6 ffff | ff41 8bea 

  0x0000020cf6cef63c: ;   {runtime_call UncommonTrapBlob}
  0x0000020cf6cef63c: c5f8 77e8 

  0x0000020cf6cef640: ; ImmutableOopMap {[0]=NarrowOop }
                      ;*invokeinterface glDrawElements {reexecute=0 rethrow=0 return_oop=0}
                      ; - com.badlogic.gdx.graphics.Mesh::render@88 (line 499)
                      ; - com.badlogic.gdx.graphics.Mesh::render@10 (line 460)
                      ; - com.badlogic.gdx.graphics.g2d.SpriteBatch::flush@184 (line 977)
  0x0000020cf6cef640: bc86 7aff 

  0x0000020cf6cef644: ;   {other}
  0x0000020cf6cef644: 0f1f 8400 | b421 006d | baf6 ffff | ff66 6690 

  0x0000020cf6cef654: ;   {runtime_call UncommonTrapBlob}
  0x0000020cf6cef654: c5f8 77e8 

  0x0000020cf6cef658: ; ImmutableOopMap {}
                      ;*getfield owner {reexecute=1 rethrow=0 return_oop=0}
                      ; - (reexecute) org.lwjgl.opengl.GLContext::getCapabilitiesImpl@5 (line 132)
                      ; - org.lwjgl.opengl.GLContext::getCapabilities@0 (line 122)
                      ; - org.lwjgl.opengl.GL11::glDrawElements@0 (line 1105)
                      ; - com.badlogic.gdx.backends.lwjgl.LwjglGL20::glDrawElements@21 (line 281)
                      ; - com.badlogic.gdx.graphics.Mesh::render@88 (line 499)
                      ; - com.badlogic.gdx.graphics.Mesh::render@10 (line 460)
                      ; - com.badlogic.gdx.graphics.g2d.SpriteBatch::flush@184 (line 977)
  0x0000020cf6cef658: a486 7aff 

  0x0000020cf6cef65c: ;   {other}
  0x0000020cf6cef65c: 0f1f 8400 | cc21 006e | baf6 ffff | ff66 6690 

  0x0000020cf6cef66c: ;   {runtime_call UncommonTrapBlob}
  0x0000020cf6cef66c: c5f8 77e8 

  0x0000020cf6cef670: ; ImmutableOopMap {}
                      ;*getfield references_stack {reexecute=1 rethrow=0 return_oop=0}
                      ; - (reexecute) org.lwjgl.opengl.StateTracker::getReferences@4 (line 85)
                      ; - org.lwjgl.opengl.StateTracker::getElementArrayBufferBound@1 (line 143)
                      ; - org.lwjgl.opengl.GLChecks::ensureElementVBOdisabled@7 (line 82)
                      ; - org.lwjgl.opengl.GL11::glDrawElements@14 (line 1108)
                      ; - com.badlogic.gdx.backends.lwjgl.LwjglGL20::glDrawElements@21 (line 281)
                      ; - com.badlogic.gdx.graphics.Mesh::render@88 (line 499)
                      ; - com.badlogic.gdx.graphics.Mesh::render@10 (line 460)
                      ; - com.badlogic.gdx.graphics.g2d.SpriteBatch::flush@184 (line 977)
  0x0000020cf6cef670: 8c86 7aff 

  0x0000020cf6cef674: ;   {other}
  0x0000020cf6cef674: 0f1f 8400 | e421 006f | baf6 ffff | ff66 6690 

  0x0000020cf6cef684: ;   {runtime_call UncommonTrapBlob}
  0x0000020cf6cef684: c5f8 77e8 

  0x0000020cf6cef688: ; ImmutableOopMap {}
                      ;*invokevirtual getReferences {reexecute=0 rethrow=0 return_oop=0}
                      ; - org.lwjgl.opengl.StateTracker::getReferences@7 (line 85)
                      ; - org.lwjgl.opengl.StateTracker::getElementArrayBufferBound@1 (line 143)
                      ; - org.lwjgl.opengl.GLChecks::ensureElementVBOdisabled@7 (line 82)
                      ; - org.lwjgl.opengl.GL11::glDrawElements@14 (line 1108)
                      ; - com.badlogic.gdx.backends.lwjgl.LwjglGL20::glDrawElements@21 (line 281)
                      ; - com.badlogic.gdx.graphics.Mesh::render@88 (line 499)
                      ; - com.badlogic.gdx.graphics.Mesh::render@10 (line 460)
                      ; - com.badlogic.gdx.graphics.g2d.SpriteBatch::flush@184 (line 977)
  0x0000020cf6cef688: 7486 7aff 

  0x0000020cf6cef68c: ;   {other}
  0x0000020cf6cef68c: 0f1f 8400 | fc21 0070 | baf6 ffff | ff66 6690 

  0x0000020cf6cef69c: ;   {runtime_call UncommonTrapBlob}
  0x0000020cf6cef69c: c5f8 77e8 

  0x0000020cf6cef6a0: ; ImmutableOopMap {}
                      ;*aaload {reexecute=0 rethrow=0 return_oop=0}
                      ; - org.lwjgl.opengl.ReferencesStack::getReferences@8 (line 41)
                      ; - org.lwjgl.opengl.StateTracker::getReferences@7 (line 85)
                      ; - org.lwjgl.opengl.StateTracker::getElementArrayBufferBound@1 (line 143)
                      ; - org.lwjgl.opengl.GLChecks::ensureElementVBOdisabled@7 (line 82)
                      ; - org.lwjgl.opengl.GL11::glDrawElements@14 (line 1108)
                      ; - com.badlogic.gdx.backends.lwjgl.LwjglGL20::glDrawElements@21 (line 281)
                      ; - com.badlogic.gdx.graphics.Mesh::render@88 (line 499)
                      ; - com.badlogic.gdx.graphics.Mesh::render@10 (line 460)
                      ; - com.badlogic.gdx.graphics.g2d.SpriteBatch::flush@184 (line 977)
  0x0000020cf6cef6a0: 5c86 7aff 

  0x0000020cf6cef6a4: ;   {other}
  0x0000020cf6cef6a4: 0f1f 8400 | 1422 0071 | baf6 ffff | ff66 6690 

  0x0000020cf6cef6b4: ;   {runtime_call UncommonTrapBlob}
  0x0000020cf6cef6b4: c5f8 77e8 

  0x0000020cf6cef6b8: ; ImmutableOopMap {}
                      ;*getfield vertexArrayObject {reexecute=1 rethrow=0 return_oop=0}
                      ; - (reexecute) org.lwjgl.opengl.StateTracker::getElementArrayBufferBound@6 (line 145)
                      ; - org.lwjgl.opengl.GLChecks::ensureElementVBOdisabled@7 (line 82)
                      ; - org.lwjgl.opengl.GL11::glDrawElements@14 (line 1108)
                      ; - com.badlogic.gdx.backends.lwjgl.LwjglGL20::glDrawElements@21 (line 281)
                      ; - com.badlogic.gdx.graphics.Mesh::render@88 (line 499)
                      ; - com.badlogic.gdx.graphics.Mesh::render@10 (line 460)
                      ; - com.badlogic.gdx.graphics.g2d.SpriteBatch::flush@184 (line 977)
  0x0000020cf6cef6b8: 4486 7aff 

  0x0000020cf6cef6bc: ;   {other}
  0x0000020cf6cef6bc: 0f1f 8400 | 2c22 0072 | baf6 ffff | ff8b 6c24 | 0866 6690 

  0x0000020cf6cef6d0: ;   {runtime_call UncommonTrapBlob}
  0x0000020cf6cef6d0: c5f8 77e8 

  0x0000020cf6cef6d4: ; ImmutableOopMap {rbp=NarrowOop }
                      ;*invokeinterface unbind {reexecute=0 rethrow=0 return_oop=0}
                      ; - com.badlogic.gdx.graphics.Mesh::unbind@6 (line 409)
                      ; - com.badlogic.gdx.graphics.Mesh::unbind@3 (line 400)
                      ; - com.badlogic.gdx.graphics.Mesh::render@253 (line 518)
                      ; - com.badlogic.gdx.graphics.Mesh::render@10 (line 460)
                      ; - com.badlogic.gdx.graphics.g2d.SpriteBatch::flush@184 (line 977)
  0x0000020cf6cef6d4: 2886 7aff 

  0x0000020cf6cef6d8: ;   {other}
  0x0000020cf6cef6d8: 0f1f 8400 | 4822 0073 | baf6 ffff | ff66 6690 

  0x0000020cf6cef6e8: ;   {runtime_call UncommonTrapBlob}
  0x0000020cf6cef6e8: c5f8 77e8 

  0x0000020cf6cef6ec: ; ImmutableOopMap {}
                      ;*invokevirtual size {reexecute=0 rethrow=0 return_oop=0}
                      ; - com.badlogic.gdx.graphics.glutils.VertexArray::unbind@4 (line 154)
                      ; - com.badlogic.gdx.graphics.Mesh::unbind@6 (line 409)
                      ; - com.badlogic.gdx.graphics.Mesh::unbind@3 (line 400)
                      ; - com.badlogic.gdx.graphics.Mesh::render@253 (line 518)
                      ; - com.badlogic.gdx.graphics.Mesh::render@10 (line 460)
                      ; - com.badlogic.gdx.graphics.g2d.SpriteBatch::flush@184 (line 977)
  0x0000020cf6cef6ec: 1086 7aff 

  0x0000020cf6cef6f0: ;   {other}
  0x0000020cf6cef6f0: 0f1f 8400 | 6022 0074 | baf6 ffff | ff66 6690 

  0x0000020cf6cef700: ;   {runtime_call UncommonTrapBlob}
  0x0000020cf6cef700: c5f8 77e8 

  0x0000020cf6cef704: ; ImmutableOopMap {}
                      ;*arraylength {reexecute=0 rethrow=0 return_oop=0}
                      ; - com.badlogic.gdx.graphics.VertexAttributes::size@4 (line 103)
                      ; - com.badlogic.gdx.graphics.glutils.VertexArray::unbind@4 (line 154)
                      ; - com.badlogic.gdx.graphics.Mesh::unbind@6 (line 409)
                      ; - com.badlogic.gdx.graphics.Mesh::unbind@3 (line 400)
                      ; - com.badlogic.gdx.graphics.Mesh::render@253 (line 518)
                      ; - com.badlogic.gdx.graphics.Mesh::render@10 (line 460)
                      ; - com.badlogic.gdx.graphics.g2d.SpriteBatch::flush@184 (line 977)
  0x0000020cf6cef704: f885 7aff 

  0x0000020cf6cef708: ;   {other}
  0x0000020cf6cef708: 0f1f 8400 | 7822 0075 | baf6 ffff | ff66 6690 

  0x0000020cf6cef718: ;   {runtime_call UncommonTrapBlob}
  0x0000020cf6cef718: c5f8 77e8 

  0x0000020cf6cef71c: ; ImmutableOopMap {}
                      ;*invokeinterface getNumIndices {reexecute=0 rethrow=0 return_oop=0}
                      ; - com.badlogic.gdx.graphics.Mesh::unbind@15 (line 410)
                      ; - com.badlogic.gdx.graphics.Mesh::unbind@3 (line 400)
                      ; - com.badlogic.gdx.graphics.Mesh::render@253 (line 518)
                      ; - com.badlogic.gdx.graphics.Mesh::render@10 (line 460)
                      ; - com.badlogic.gdx.graphics.g2d.SpriteBatch::flush@184 (line 977)
  0x0000020cf6cef71c: e085 7aff 

  0x0000020cf6cef720: ;   {other}
  0x0000020cf6cef720: 0f1f 8400 | 9022 0076 | baf6 ffff | ff66 6690 

  0x0000020cf6cef730: ;   {runtime_call UncommonTrapBlob}
  0x0000020cf6cef730: c5f8 77e8 

  0x0000020cf6cef734: ; ImmutableOopMap {}
                      ;*invokevirtual limit {reexecute=0 rethrow=0 return_oop=0}
                      ; - com.badlogic.gdx.graphics.glutils.IndexArray::getNumIndices@15 (line 49)
                      ; - com.badlogic.gdx.graphics.Mesh::unbind@15 (line 410)
                      ; - com.badlogic.gdx.graphics.Mesh::unbind@3 (line 400)
                      ; - com.badlogic.gdx.graphics.Mesh::render@253 (line 518)
                      ; - com.badlogic.gdx.graphics.Mesh::render@10 (line 460)
                      ; - com.badlogic.gdx.graphics.g2d.SpriteBatch::flush@184 (line 977)
  0x0000020cf6cef734: c885 7aff 

  0x0000020cf6cef738: ;   {other}
  0x0000020cf6cef738: 0f1f 8400 | a822 0077 | eb00 488b | d0eb 2148 | 8bd0 eb1c | 488b d0eb | 1748 8bd0 | eb12 488b 
  0x0000020cf6cef758: d0eb 0d48 | 8bd0 eb08 | 488b d0eb | 0348 8bd0 | c5f8 7748 | 83c4 705d 

  0x0000020cf6cef770: ;   {runtime_call _rethrow_Java}
  0x0000020cf6cef770: e90b 8488 

  0x0000020cf6cef774: ;   {internal_word}
  0x0000020cf6cef774: ff49 ba66 | e2ce f60c | 0200 004d | 8997 6004 

  0x0000020cf6cef784: ;   {runtime_call SafepointBlob}
  0x0000020cf6cef784: 0000 e9f5 

  0x0000020cf6cef788: ;   {runtime_call StubRoutines (final stubs)}
  0x0000020cf6cef788: 737a ffe8 | 3065 78ff | e945 e1ff | fff4 f4f4 
[Stub Code]
  0x0000020cf6cef798: ;   {no_reloc}
  0x0000020cf6cef798: 48bb 0000 | 0000 0000 

  0x0000020cf6cef7a0: ;   {runtime_call nmethod}
  0x0000020cf6cef7a0: 0000 e9fb 

  0x0000020cf6cef7a4: ;   {static_stub}
  0x0000020cf6cef7a4: ffff ff48 | bb00 0000 | 0000 0000 

  0x0000020cf6cef7b0: ;   {runtime_call nmethod}
  0x0000020cf6cef7b0: 00e9 fbff 

  0x0000020cf6cef7b4: ;   {static_stub}
  0x0000020cf6cef7b4: ffff 48bb | 0000 0000 | 0000 0000 

  0x0000020cf6cef7c0: ;   {runtime_call nmethod}
  0x0000020cf6cef7c0: e9fb ffff 

  0x0000020cf6cef7c4: ;   {static_stub}
  0x0000020cf6cef7c4: ff48 bb00 | 0000 0000 

  0x0000020cf6cef7cc: ;   {runtime_call nmethod}
  0x0000020cf6cef7cc: 0000 00e9 | fbff ffff 

  0x0000020cf6cef7d4: ;   {static_stub}
  0x0000020cf6cef7d4: 48bb 0000 | 0000 0000 

  0x0000020cf6cef7dc: ;   {runtime_call nmethod}
  0x0000020cf6cef7dc: 0000 e9fb 

  0x0000020cf6cef7e0: ;   {static_stub}
  0x0000020cf6cef7e0: ffff ff48 | bb00 0000 | 0000 0000 

  0x0000020cf6cef7ec: ;   {runtime_call nmethod}
  0x0000020cf6cef7ec: 00e9 fbff 

  0x0000020cf6cef7f0: ;   {static_stub}
  0x0000020cf6cef7f0: ffff 48bb | 0000 0000 | 0000 0000 

  0x0000020cf6cef7fc: ;   {runtime_call nmethod}
  0x0000020cf6cef7fc: e9fb ffff 

  0x0000020cf6cef800: ;   {static_stub}
  0x0000020cf6cef800: ff48 bb00 | 0000 0000 

  0x0000020cf6cef808: ;   {runtime_call nmethod}
  0x0000020cf6cef808: 0000 00e9 | fbff ffff 

  0x0000020cf6cef810: ;   {static_stub}
  0x0000020cf6cef810: 48bb 0000 | 0000 0000 

  0x0000020cf6cef818: ;   {runtime_call nmethod}
  0x0000020cf6cef818: 0000 e9fb 

  0x0000020cf6cef81c: ;   {runtime_call ExceptionBlob}
  0x0000020cf6cef81c: ffff ffe9 | dc08 88ff 
[Deopt Handler Code]
  0x0000020cf6cef824: e800 0000 | 0048 832c 

  0x0000020cf6cef82c: ;   {runtime_call DeoptimizationBlob}
  0x0000020cf6cef82c: 2405 e9ed | 877a fff4 | f4f4 f4f4 
[/MachCode]


Compiled method (c2) 671364 4273       4       com.badlogic.gdx.scenes.scene2d.ui.Image::draw (200 bytes)
 total in heap  [0x0000020cf6e49b90,0x0000020cf6e4afe0] = 5200
 relocation     [0x0000020cf6e49cf0,0x0000020cf6e49df0] = 256
 constants      [0x0000020cf6e49e00,0x0000020cf6e49e20] = 32
 main code      [0x0000020cf6e49e20,0x0000020cf6e4a7c8] = 2472
 stub code      [0x0000020cf6e4a7c8,0x0000020cf6e4a810] = 72
 oops           [0x0000020cf6e4a810,0x0000020cf6e4a818] = 8
 metadata       [0x0000020cf6e4a818,0x0000020cf6e4a8e8] = 208
 scopes data    [0x0000020cf6e4a8e8,0x0000020cf6e4aca8] = 960
 scopes pcs     [0x0000020cf6e4aca8,0x0000020cf6e4ae78] = 464
 dependencies   [0x0000020cf6e4ae78,0x0000020cf6e4aeb8] = 64
 handler table  [0x0000020cf6e4aeb8,0x0000020cf6e4afa8] = 240
 nul chk table  [0x0000020cf6e4afa8,0x0000020cf6e4afe0] = 56


[Constant Pool]
             Address          hex4                    hex8      
  0x0000020cf6e49e00:   0x437f0000      0x3f800000437f0000      
  0x0000020cf6e49e04:   0x3f800000                              
  0x0000020cf6e49e08:   0x00000000      0xf4f4f4f400000000      
  0x0000020cf6e49e0c:   0xf4f4f4f4                              
  0x0000020cf6e49e10:   0xf4f4f4f4      0xf4f4f4f4f4f4f4f4      
  0x0000020cf6e49e14:   0xf4f4f4f4                              
  0x0000020cf6e49e18:   0xf4f4f4f4      0xf4f4f4f4f4f4f4f4      
  0x0000020cf6e49e1c:   0xf4f4f4f4                              

[MachCode]
[Entry Point]
  # {method} {0x0000020ccd83ef80} 'draw' '(Lcom/badlogic/gdx/graphics/g2d/Batch;F)V' in 'com/badlogic/gdx/scenes/scene2d/ui/Image'
  # this:     rdx:rdx   = 'com/badlogic/gdx/scenes/scene2d/ui/Image'
  # parm0:    r8:r8     = 'com/badlogic/gdx/graphics/g2d/Batch'
  # parm1:    xmm0      = float
  #           [sp+0x80]  (sp of caller)
  0x0000020cf6e49e20: ;   {no_reloc}
  0x0000020cf6e49e20: 448b 5208 | 49bb 0000 | 008c 0c02 | 0000 4d03 | d349 3bc2 

  0x0000020cf6e49e34: ;   {runtime_call ic_miss_stub}
  0x0000020cf6e49e34: 0f85 464b | 64ff 6690 | 0f1f 4000 
[Verified Entry Point]
  0x0000020cf6e49e40: 8984 2400 | 80ff ff55 | 4883 ec70 | 4181 7f20 | 0100 0000 | 0f85 5f09 | 0000 c5fa | 1144 2430 
  0x0000020cf6e49e60: 4c89 4424 | 2848 8954 | 2420 440f | b652 5845 | 85d2 0f84 | 3006 0000 | 440f b652 | 3345 85d2 
  0x0000020cf6e49e80: 0f85 4606 | 0000 440f | b65a 3245 | 85db 0f85 | db04 0000 | 488b 5424 | 2048 b8ff | ffff ffff 
  0x0000020cf6e49ea0: ;   {virtual_call}
  0x0000020cf6e49ea0: ffff ffe8 

  0x0000020cf6e49ea4: ; ImmutableOopMap {[32]=Oop [40]=Oop }
                      ;*invokevirtual getColor {reexecute=0 rethrow=0 return_oop=1}
                      ; - com.badlogic.gdx.scenes.scene2d.ui.Image::draw@5 (line 118)
  0x0000020cf6e49ea4: 8803 7eff 

  0x0000020cf6e49ea8: ;   {other}
  0x0000020cf6e49ea8: 0f1f 8400 | 1803 0000 

  0x0000020cf6e49eb0: ; implicit exception: dispatches to 0x0000020cf6e4a684
  0x0000020cf6e49eb0: c5fa 1058 | 0cc5 fa10 | 4424 30c5 | fa59 5018 | c5fa 1068 | 14c5 fa10 | 4010 488b | 4c24 2844 
  0x0000020cf6e49ed0: ;   {metadata('com/badlogic/gdx/graphics/g2d/SpriteBatch')}
  0x0000020cf6e49ed0: 8b59 0841 | 81fb a80e | 1001 0f85 | 9705 0000 | 4889 4c24 

  0x0000020cf6e49ee4: ;   {section_word}
  0x0000020cf6e49ee4: 28c5 fa59 | 0d13 ffff 

  0x0000020cf6e49eec: ;   {section_word}
  0x0000020cf6e49eec: ffc5 e259 | 050b ffff 

  0x0000020cf6e49ef4: ;   {section_word}
  0x0000020cf6e49ef4: ffc5 ea59 | 1d03 ffff 

  0x0000020cf6e49efc: ;   {section_word}
  0x0000020cf6e49efc: ffc5 d259 | 15fb feff | ffc5 7a2c | d941 81fb | 0000 0080 | 0f84 8e08 | 0000 c57a | 2cc3 4181 
  0x0000020cf6e49f1c: f800 0000 | 800f 8468 | 0800 00c5 | 7a2c c841 | 81f9 0000 | 0080 0f84 | 4208 0000 | c5fa 2cca 
  0x0000020cf6e49f3c: 81f9 0000 | 0080 0f84 | 1e08 0000 | 41c1 e308 | c1e1 1041 | c1e0 1844 | 0bc1 450b | c345 0bc1 
  0x0000020cf6e49f5c: 4181 e0ff | ffff fe4c | 8b54 2428 | 4589 4228 | 488b 5424 | 2048 b8ff | ffff ffff 

  0x0000020cf6e49f78: ;   {virtual_call}
  0x0000020cf6e49f78: ffff ffe8 

  0x0000020cf6e49f7c: ; ImmutableOopMap {[32]=Oop [40]=Oop }
                      ;*invokevirtual getX {reexecute=0 rethrow=0 return_oop=0}
                      ; - com.badlogic.gdx.scenes.scene2d.ui.Image::draw@34 (line 121)
  0x0000020cf6e49f7c: b86a 72ff 

  0x0000020cf6e49f80: ;   {other}
  0x0000020cf6e49f80: 0f1f 8400 | f003 0001 | c5fa 1144 | 2430 488b | 5424 2066 | 9048 b8ff | ffff ffff 

  0x0000020cf6e49f9c: ;   {virtual_call}
  0x0000020cf6e49f9c: ffff ffe8 

  0x0000020cf6e49fa0: ; ImmutableOopMap {[32]=Oop [40]=Oop }
                      ;*invokevirtual getY {reexecute=0 rethrow=0 return_oop=0}
                      ; - com.badlogic.gdx.scenes.scene2d.ui.Image::draw@40 (line 122)
  0x0000020cf6e49fa0: bc02 7eff 

  0x0000020cf6e49fa4: ;   {other}
  0x0000020cf6e49fa4: 0f1f 8400 | 1404 0002 | c5fa 1144 | 2434 488b | 5424 2066 | 9048 b8ff | ffff ffff 

  0x0000020cf6e49fc0: ;   {virtual_call}
  0x0000020cf6e49fc0: ffff ffe8 

  0x0000020cf6e49fc4: ; ImmutableOopMap {[32]=Oop [40]=Oop }
                      ;*invokevirtual getScaleX {reexecute=0 rethrow=0 return_oop=0}
                      ; - com.badlogic.gdx.scenes.scene2d.ui.Image::draw@46 (line 123)
  0x0000020cf6e49fc4: c802 7eff 

  0x0000020cf6e49fc8: ;   {other}
  0x0000020cf6e49fc8: 0f1f 8400 | 3804 0003 | c5fa 1144 | 2438 488b | 5424 2066 | 9048 b8ff | ffff ffff 

  0x0000020cf6e49fe4: ;   {virtual_call}
  0x0000020cf6e49fe4: ffff ffe8 

  0x0000020cf6e49fe8: ; ImmutableOopMap {[32]=Oop [40]=Oop }
                      ;*invokevirtual getScaleY {reexecute=0 rethrow=0 return_oop=0}
                      ; - com.badlogic.gdx.scenes.scene2d.ui.Image::draw@52 (line 124)
  0x0000020cf6e49fe8: 5401 7eff 

  0x0000020cf6e49fec: ;   {other}
  0x0000020cf6e49fec: 0f1f 8400 | 5c04 0004 | c5f8 28f8 | 4c8b 5424 | 2041 8b6a | 7485 ed0f | 8453 0300 | 0045 8b54 
  0x0000020cf6e4a00c: ;   {metadata('com/badlogic/gdx/scenes/scene2d/utils/TextureRegionDrawable')}
  0x0000020cf6e4a00c: ec08 4181 | fa10 3103 | 010f 852a | 0600 004c | 8b5c 2420 | c4c1 7a10 | 6b6c c441 | 7a10 432c 
  0x0000020cf6e4a02c: c4c1 7a10 | 4360 c4c1 | 7a10 5b64 | c5fa 1054 | 2430 c5ea | 58e0 c5fa | 104c 2434 | c572 58d3 
  0x0000020cf6e4a04c: c441 7a10 | 4b68 4d8d | 1cec c5fa | 1074 2438 

  0x0000020cf6e4a05c: ;   {section_word}
  0x0000020cf6e4a05c: c5f8 2e35 | a0fd ffff | 0f8a 9602 | 0000 0f85 | 9002 0000 

  0x0000020cf6e4a070: ;   {section_word}
  0x0000020cf6e4a070: c5f8 2e3d | 8cfd ffff | 0f8a 5605 | 0000 0f85 | 5005 0000 

  0x0000020cf6e4a084: ;   {section_word}
  0x0000020cf6e4a084: c578 2e05 | 7cfd ffff | 0f8a 4a03 | 0000 0f85 | 4403 0000 

  0x0000020cf6e4a098: ;   {metadata('com/badlogic/gdx/scenes/scene2d/utils/TextureRegionDrawable')}
  0x0000020cf6e4a098: 4181 fa10 | 3103 010f | 85fb 0400 | 004c 8b54 | 2428 410f | b66a 3885 | ed0f 845d | 0500 0045 
  0x0000020cf6e4a0b8: 8b4b 2847 | 8b44 cc24 | 418b 7a40 | 458b 5a44 | 453b c30f | 84b8 0200 | 0089 7c24 | 40c5 7a11 
  0x0000020cf6e4a0d8: 4c24 34c5 | 7a11 5424 | 30c5 fa11 | 6424 24c5 | fa11 6c24 | 204f 8d14 | cc4c 8954 | 2448 4489 
  0x0000020cf6e4a0f8: 4c24 3849 | 8be8 48c1 | e503 4489 | 4424 3c48 | 8b54 2428 

  0x0000020cf6e4a10c: ;   {optimized virtual_call}
  0x0000020cf6e4a10c: 6666 90e8 

  0x0000020cf6e4a110: ; ImmutableOopMap {rbp=Oop [40]=Oop [56]=NarrowOop [60]=NarrowOop [64]=NarrowOop [72]=Oop }
                      ;*invokevirtual flush {reexecute=0 rethrow=0 return_oop=0}
                      ; - com.badlogic.gdx.graphics.g2d.SpriteBatch::switchTexture@1 (line 1073)
                      ; - com.badlogic.gdx.graphics.g2d.SpriteBatch::draw@41 (line 603)
                      ; - com.badlogic.gdx.scenes.scene2d.utils.TextureRegionDrawable::draw@11 (line 45)
                      ; - com.badlogic.gdx.scenes.scene2d.ui.Image::draw@194 (line 134)
  0x0000020cf6e4a110: ac37 eaff 

  0x0000020cf6e4a114: ;   {other}
  0x0000020cf6e4a114: 0f1f 8400 | 8405 0005 | 4180 7f40 | 000f 85c6 | 0200 0048 | 8b5c 2428 | 8b7c 243c | 897b 444c 
  0x0000020cf6e4a134: 8bd5 4c8b | db4d 33d3 | 49c1 ea16 | 4d85 d274 | 1e85 ff74 | 1a49 c1eb | 0948 b900 | e0fd 7c0c 
  0x0000020cf6e4a154: 0200 0049 | 03cb 8039 | 020f 85c6 | 0200 0045 | 8b54 fc24 | 4889 5c24 | 2849 8d2c | fc49 8bd2 
  0x0000020cf6e4a174: 48c1 e203 | 9048 b840 | 1003 8d0c 

  0x0000020cf6e4a180: ;   {virtual_call}
  0x0000020cf6e4a180: 0200 00e8 

  0x0000020cf6e4a184: ; ImmutableOopMap {rbp=Oop [40]=Oop [56]=NarrowOop [60]=NarrowOop [64]=NarrowOop [72]=Oop }
                      ;*invokeinterface getWidth {reexecute=0 rethrow=0 return_oop=0}
                      ; - com.badlogic.gdx.graphics.Texture::getWidth@4 (line 169)
                      ; - com.badlogic.gdx.graphics.g2d.SpriteBatch::switchTexture@12 (line 1075)
                      ; - com.badlogic.gdx.graphics.g2d.SpriteBatch::draw@41 (line 603)
                      ; - com.badlogic.gdx.scenes.scene2d.utils.TextureRegionDrawable::draw@11 (line 45)
                      ; - com.badlogic.gdx.scenes.scene2d.ui.Image::draw@194 (line 134)
  0x0000020cf6e4a184: 9872 d9ff 

  0x0000020cf6e4a188: ;   {other}
  0x0000020cf6e4a188: 0f1f 8400 | f805 0006 | 448b 5c24 | 3c47 8b54 | dc24 c5f2 

  0x0000020cf6e4a19c: ;   {section_word}
  0x0000020cf6e4a19c: 2ac8 c5fa | 1005 5efc | ffff c5fa | 5ec1 4c8b | 5c24 28c4 | c17a 1143 | 1049 8bd2 | 48c1 e203 
  0x0000020cf6e4a1bc: 9048 b840 | 1003 8d0c 

  0x0000020cf6e4a1c4: ;   {virtual_call}
  0x0000020cf6e4a1c4: 0200 00e8 

  0x0000020cf6e4a1c8: ; ImmutableOopMap {[40]=Oop [56]=NarrowOop [64]=NarrowOop [72]=Oop }
                      ;*invokeinterface getHeight {reexecute=0 rethrow=0 return_oop=0}
                      ; - com.badlogic.gdx.graphics.Texture::getHeight@4 (line 174)
                      ; - com.badlogic.gdx.graphics.g2d.SpriteBatch::switchTexture@23 (line 1076)
                      ; - com.badlogic.gdx.graphics.g2d.SpriteBatch::draw@41 (line 603)
                      ; - com.badlogic.gdx.scenes.scene2d.utils.TextureRegionDrawable::draw@11 (line 45)
                      ; - com.badlogic.gdx.scenes.scene2d.ui.Image::draw@194 (line 134)
  0x0000020cf6e4a1c8: 546f d9ff 

  0x0000020cf6e4a1cc: ;   {other}
  0x0000020cf6e4a1cc: 0f1f 8400 | 3c06 0007 | 4c8b 5424 | 2841 8b4a | 0cc5 fa2a 

  0x0000020cf6e4a1e0: ;   {section_word}
  0x0000020cf6e4a1e0: c0c5 fa10 | 151b fcff | ffc5 ea5e | c8c4 c17a | 114a 14c5 | fa10 6c24 | 20c5 fa10 | 6424 24c5 
  0x0000020cf6e4a200: 7a10 5424 | 30c5 7a10 | 4c24 3444 | 8b4c 2438 | 8b7c 2440 

  0x0000020cf6e4a214: ; implicit exception: dispatches to 0x0000020cf6e4a70c
  0x0000020cf6e4a214: 458b 5cfc | 0cc4 817a | 104c cc14 | c5aa 58dd | c4c1 5a58 | d1c4 817a | 1074 cc10 | 4c8b 5424 
  0x0000020cf6e4a234: 28c4 c17a | 106a 28c4 | 017a 1044 | cc0c c481 | 7a10 44cc | 1841 3bcb | 0f83 9602 | 0000 448d 
  0x0000020cf6e4a254: 4113 4d8d | 0cfc c4c1 | 7a11 6489 | 1045 3bc3 | 0f83 d602 | 0000 4c63 | d1c4 017a | 1154 9114 
  0x0000020cf6e4a274: c481 7a11 | 6c91 18c4 | 017a 1144 | 911c c481 | 7a11 4491 | 20c4 817a | 1164 9124 | c481 7a11 
  0x0000020cf6e4a294: 5c91 28c4 | 817a 116c | 912c c401 | 7a11 4491 | 30c4 817a | 1174 9134 | c481 7a11 | 5491 38c4 
  0x0000020cf6e4a2b4: 817a 115c | 913c c481 | 7a11 6c91 | 40c4 817a | 114c 9144 | c481 7a11 | 7491 48c4 | 817a 1154 
  0x0000020cf6e4a2d4: 914c c401 | 7a11 5491 | 50c4 817a 

  0x0000020cf6e4a2e0: ;   {no_reloc}
  0x0000020cf6e4a2e0: 116c 9154 | c481 7a11 | 4c91 58c4 | 817a 1144 | 915c 83c1 | 144c 8b54 | 2428 4189 | 4a0c eb5c 
  0x0000020cf6e4a300: ;   {metadata('com/badlogic/gdx/scenes/scene2d/utils/TextureRegionDrawable')}
  0x0000020cf6e4a300: 4181 fa10 | 3103 010f | 8553 0300 | 004c 8b54 | 2420 c4c1 | 7a10 521c | 458b 5328 | c5ea 5cd0 
  0x0000020cf6e4a320: 4c8b 5c24 | 20c4 c17a | 1043 20c5 | fa5c db4d | 8bc2 49c1 | e003 488b | 5424 28c5 | f828 c4c4 
  0x0000020cf6e4a340: c178 28ca | c4c1 7828 | e1c5 7a11 

  0x0000020cf6e4a34c: ;   {optimized virtual_call}
  0x0000020cf6e4a34c: 0424 90e8 

  0x0000020cf6e4a350: ; ImmutableOopMap {}
                      ;*invokeinterface draw {reexecute=0 rethrow=0 return_oop=0}
                      ; - com.badlogic.gdx.scenes.scene2d.utils.TextureRegionDrawable::draw@21 (line 50)
                      ; - com.badlogic.gdx.scenes.scene2d.ui.Image::draw@148 (line 129)
  0x0000020cf6e4a350: 2c15 ecff 

  0x0000020cf6e4a354: ;   {other}
  0x0000020cf6e4a354: 0f1f 8400 | c407 0008 | 4883 c470 

  0x0000020cf6e4a360: ;   {poll_return}
  0x0000020cf6e4a360: 5d49 3ba7 | 4804 0000 | 0f87 e203 | 0000 c344 | 8862 3249 

  0x0000020cf6e4a374: ;   {optimized virtual_call}
  0x0000020cf6e4a374: 8be8 90e8 

  0x0000020cf6e4a378: ; ImmutableOopMap {rbp=Oop [32]=Oop [40]=Oop }
                      ;*invokevirtual layout {reexecute=0 rethrow=0 return_oop=0}
                      ; - com.badlogic.gdx.scenes.scene2d.ui.Widget::validate@89 (line 88)
                      ; - com.badlogic.gdx.scenes.scene2d.ui.Image::draw@1 (line 116)
  0x0000020cf6e4a378: 249d 1300 

  0x0000020cf6e4a37c: ;   {other}
  0x0000020cf6e4a37c: 0f1f 8400 | ec07 0009 | e90b fbff | ff41 8b74 | fc0c 418b | 4a0c 3bce | 0f85 7afe | ffff ba45 
  0x0000020cf6e4a39c: ffff ff48 | 8b6c 2428 | 4489 4c24 | 20c5 fa11 | 6424 24c5 | 7a11 5424 | 28c5 7a11 | 4c24 2cc5 
  0x0000020cf6e4a3bc: fa11 6c24 | 3089 7c24 | 3489 4c24 | 3889 7424 

  0x0000020cf6e4a3cc: ;   {runtime_call UncommonTrapBlob}
  0x0000020cf6e4a3cc: 3c66 90e8 

  0x0000020cf6e4a3d0: ; ImmutableOopMap {rbp=Oop [32]=NarrowOop [52]=NarrowOop }
                      ;*if_icmpne {reexecute=1 rethrow=0 return_oop=0}
                      ; - (reexecute) com.badlogic.gdx.graphics.g2d.SpriteBatch::draw@54 (line 604)
                      ; - com.badlogic.gdx.scenes.scene2d.utils.TextureRegionDrawable::draw@11 (line 45)
                      ; - com.badlogic.gdx.scenes.scene2d.ui.Image::draw@194 (line 134)
  0x0000020cf6e4a3d0: 2cd9 64ff 

  0x0000020cf6e4a3d4: ;   {other}
  0x0000020cf6e4a3d4: 0f1f 8400 | 4408 000a 

  0x0000020cf6e4a3dc: ;   {section_word}
  0x0000020cf6e4a3dc: c5fa 1035 | 20fa ffff | c5f8 28fe | e913 ffff | ff48 8b5c | 2428 448b | 5344 4585 | d20f 842d 
  0x0000020cf6e4a3fc: fdff ff4d | 8b5f 2849 | 8bca 48c1 | e103 4d85 | db0f 8415 | 0200 004d | 8b57 384b | 894c 1af8 
  0x0000020cf6e4a41c: 4983 c3f8 | 4d89 5f28 | e903 fdff | ff4d 8b57 | 484d 8b5f | 58f0 8344 | 24c0 0080 | 3900 0f84 
  0x0000020cf6e4a43c: 23fd ffff | 4488 214d | 85d2 751d | 498b d749 | ba10 a170 | 25fe 7f00 | 0041 ffd2 

  0x0000020cf6e4a458: ;   {other}
  0x0000020cf6e4a458: 0f1f 8400 | 0000 0000 | e9fe fcff | ff4b 894c | 13f8 4983 | c2f8 4d89 | 5748 e9ec | fcff ffba 
  0x0000020cf6e4a478: deff ffff | 488b 6c24 | 20c5 fa11 | 5c24 30c5 | fa11 4424 | 34c5 fa11 | 6c24 38c5 | fa11 5424 
  0x0000020cf6e4a498: ;   {runtime_call UncommonTrapBlob}
  0x0000020cf6e4a498: 3c66 90e8 

  0x0000020cf6e4a49c: ; ImmutableOopMap {rbp=Oop [40]=Oop }
                      ;*invokeinterface setColor {reexecute=0 rethrow=0 return_oop=0}
                      ; - com.badlogic.gdx.scenes.scene2d.ui.Image::draw@28 (line 119)
  0x0000020cf6e4a49c: 60d8 64ff 

  0x0000020cf6e4a4a0: ;   {other}
  0x0000020cf6e4a4a0: 0f1f 8400 | 1009 000b | ba45 ffff | ff48 8b6c | 2420 4c89 | 4424 2044 | 8954 242c 

  0x0000020cf6e4a4bc: ;   {runtime_call UncommonTrapBlob}
  0x0000020cf6e4a4bc: 6666 90e8 

  0x0000020cf6e4a4c0: ; ImmutableOopMap {rbp=Oop [32]=Oop }
                      ;*ifne {reexecute=1 rethrow=0 return_oop=0}
                      ; - (reexecute) com.badlogic.gdx.scenes.scene2d.ui.Widget::validate@4 (line 70)
                      ; - com.badlogic.gdx.scenes.scene2d.ui.Image::draw@1 (line 116)
  0x0000020cf6e4a4c0: 3cd8 64ff 

  0x0000020cf6e4a4c4: ;   {other}
  0x0000020cf6e4a4c4: 0f1f 8400 | 3409 000c | 8b6a 38ba | 45ff ffff | 4489 5424 

  0x0000020cf6e4a4d8: ;   {runtime_call UncommonTrapBlob}
  0x0000020cf6e4a4d8: 3466 90e8 

  0x0000020cf6e4a4dc: ; ImmutableOopMap {rbp=NarrowOop [32]=Oop [40]=Oop }
                      ;*ifeq {reexecute=1 rethrow=0 return_oop=0}
                      ; - (reexecute) com.badlogic.gdx.scenes.scene2d.ui.Widget::validate@17 (line 73)
                      ; - com.badlogic.gdx.scenes.scene2d.ui.Image::draw@1 (line 116)
  0x0000020cf6e4a4dc: 20d8 64ff 

  0x0000020cf6e4a4e0: ;   {other}
  0x0000020cf6e4a4e0: 0f1f 8400 | 5009 000d | bae4 ffff | ff48 ff74 | 2428 488f | 4424 20c5 | 7a11 5424 | 2cc5 fa11 
  0x0000020cf6e4a500: 5424 34c5 | fa11 5c24 | 38c5 7a11 | 4424 3cc5 | f97e c5c5 | fa11 4c24 | 40c5 fa11 | 7424 44c5 
  0x0000020cf6e4a520: fa11 6c24 | 4889 7c24 | 5089 4c24 | 54c5 fa11 

  0x0000020cf6e4a530: ;   {runtime_call UncommonTrapBlob}
  0x0000020cf6e4a530: 6424 58e8 

  0x0000020cf6e4a534: ; ImmutableOopMap {[32]=Oop [80]=NarrowOop }
                      ;*fastore {reexecute=0 rethrow=0 return_oop=0}
                      ; - com.badlogic.gdx.graphics.g2d.SpriteBatch::draw@114 (line 616)
                      ; - com.badlogic.gdx.scenes.scene2d.utils.TextureRegionDrawable::draw@11 (line 45)
                      ; - com.badlogic.gdx.scenes.scene2d.ui.Image::draw@194 (line 134)
  0x0000020cf6e4a534: c8d7 64ff 

  0x0000020cf6e4a538: ;   {other}
  0x0000020cf6e4a538: 0f1f 8400 | a809 000e | 8d69 01ba | e4ff ffff | 48ff 7424 | 2848 8f44 | 2420 c5fa | 1164 2428 
  0x0000020cf6e4a558: c5fa 1154 | 2434 c5fa | 115c 2438 | c57a 1144 | 243c c5fa | 1144 2440 | c5fa 114c | 2444 c5fa 
  0x0000020cf6e4a578: 1174 2448 | c5fa 116c | 244c 894c | 2450 897c | 2454 c57a | 1154 2458 

  0x0000020cf6e4a590: ;   {runtime_call UncommonTrapBlob}
  0x0000020cf6e4a590: 6666 90e8 

  0x0000020cf6e4a594: ; ImmutableOopMap {[32]=Oop [84]=NarrowOop }
                      ;*fastore {reexecute=0 rethrow=0 return_oop=0}
                      ; - com.badlogic.gdx.graphics.g2d.SpriteBatch::draw@122 (line 617)
                      ; - com.badlogic.gdx.scenes.scene2d.utils.TextureRegionDrawable::draw@11 (line 45)
                      ; - com.badlogic.gdx.scenes.scene2d.ui.Image::draw@194 (line 134)
  0x0000020cf6e4a594: 68d7 64ff 

  0x0000020cf6e4a598: ;   {other}
  0x0000020cf6e4a598: 0f1f 8400 | 080a 000f | bade ffff | ff48 ff74 | 2428 488f | 4424 20c5 | fa11 6424 | 28c5 7a11 
  0x0000020cf6e4a5b8: 5424 2cc5 | 7a11 4c24 | 30c5 fa11 

  0x0000020cf6e4a5c4: ;   {runtime_call UncommonTrapBlob}
  0x0000020cf6e4a5c4: 6c24 34e8 

  0x0000020cf6e4a5c8: ; ImmutableOopMap {rbp=NarrowOop [32]=Oop }
                      ;*invokeinterface draw {reexecute=0 rethrow=0 return_oop=0}
                      ; - com.badlogic.gdx.scenes.scene2d.ui.Image::draw@194 (line 134)
  0x0000020cf6e4a5c8: 34d7 64ff 

  0x0000020cf6e4a5cc: ;   {other}
  0x0000020cf6e4a5cc: 0f1f 8400 | 3c0a 0010 

  0x0000020cf6e4a5d4: ;   {section_word}
  0x0000020cf6e4a5d4: c5f8 2e3d | 28f8 ffff | bdff ffff | ff0f 8a0e | 0000 000f | 8208 0000 | 0040 0f95 | c540 0fb6 
  0x0000020cf6e4a5f4: edba 45ff | ffff c5fa | 117c 2438 | c57a 1144 

  0x0000020cf6e4a604: ;   {runtime_call UncommonTrapBlob}
  0x0000020cf6e4a604: 243c 90e8 

  0x0000020cf6e4a608: ; ImmutableOopMap {[32]=Oop [40]=Oop }
                      ;*ifne {reexecute=1 rethrow=0 return_oop=0}
                      ; - (reexecute) com.badlogic.gdx.scenes.scene2d.ui.Image::draw@84 (line 128)
  0x0000020cf6e4a608: f4d6 64ff 

  0x0000020cf6e4a60c: ;   {other}
  0x0000020cf6e4a60c: 0f1f 8400 | 7c0a 0011 | ba45 ffff 

  0x0000020cf6e4a618: ;   {runtime_call UncommonTrapBlob}
  0x0000020cf6e4a618: ff66 90e8 

  0x0000020cf6e4a61c: ; ImmutableOopMap {}
                      ;*ifne {reexecute=1 rethrow=0 return_oop=0}
                      ; - (reexecute) com.badlogic.gdx.graphics.g2d.SpriteBatch::draw@4 (line 597)
                      ; - com.badlogic.gdx.scenes.scene2d.utils.TextureRegionDrawable::draw@11 (line 45)
                      ; - com.badlogic.gdx.scenes.scene2d.ui.Image::draw@194 (line 134)
  0x0000020cf6e4a61c: e0d6 64ff 

  0x0000020cf6e4a620: ;   {other}
  0x0000020cf6e4a620: 0f1f 8400 | 900a 0012 | 498b d749 | ba30 a170 | 25fe 7f00 | 0041 ffd2 

  0x0000020cf6e4a638: ;   {other}
  0x0000020cf6e4a638: 0f1f 8400 | 0000 0000 | e9e7 faff | ffba deff | ffff c5fa | 1144 243c 

  0x0000020cf6e4a650: ;   {runtime_call UncommonTrapBlob}
  0x0000020cf6e4a650: 6666 90e8 

  0x0000020cf6e4a654: ; ImmutableOopMap {rbp=NarrowOop [32]=Oop [40]=Oop }
                      ;*instanceof {reexecute=0 rethrow=0 return_oop=0}
                      ; - com.badlogic.gdx.scenes.scene2d.ui.Image::draw@61 (line 126)
  0x0000020cf6e4a654: a8d6 64ff 

  0x0000020cf6e4a658: ;   {other}
  0x0000020cf6e4a658: 0f1f 8400 | c80a 0013 | bade ffff | ffc5 fa11 | 7424 38c5 | fa11 7c24 | 3cc5 7a11 

  0x0000020cf6e4a674: ;   {runtime_call UncommonTrapBlob}
  0x0000020cf6e4a674: 4424 40e8 

  0x0000020cf6e4a678: ; ImmutableOopMap {rbp=NarrowOop [32]=Oop [40]=Oop }
                      ;*checkcast {reexecute=0 rethrow=0 return_oop=0}
                      ; - com.badlogic.gdx.scenes.scene2d.ui.Image::draw@98 (line 129)
  0x0000020cf6e4a678: 84d6 64ff 

  0x0000020cf6e4a67c: ;   {other}
  0x0000020cf6e4a67c: 0f1f 8400 | ec0a 0014 | baf6 ffff 

  0x0000020cf6e4a688: ;   {runtime_call UncommonTrapBlob}
  0x0000020cf6e4a688: ff66 90e8 

  0x0000020cf6e4a68c: ; ImmutableOopMap {}
                      ;*getfield r {reexecute=1 rethrow=0 return_oop=0}
                      ; - (reexecute) com.badlogic.gdx.scenes.scene2d.ui.Image::draw@11 (line 119)
  0x0000020cf6e4a68c: 70d6 64ff 

  0x0000020cf6e4a690: ;   {other}
  0x0000020cf6e4a690: 0f1f 8400 | 000b 0015 | baf6 ffff | ffc5 f97e | ddc5 fa11 | 4424 20c5 | fa11 6c24 | 24c5 fa11 
  0x0000020cf6e4a6b0: ;   {runtime_call UncommonTrapBlob}
  0x0000020cf6e4a6b0: 5424 28e8 

  0x0000020cf6e4a6b4: ; ImmutableOopMap {}
                      ;*invokeinterface setColor {reexecute=0 rethrow=0 return_oop=0}
                      ; - com.badlogic.gdx.scenes.scene2d.ui.Image::draw@28 (line 119)
  0x0000020cf6e4a6b4: 48d6 64ff 

  0x0000020cf6e4a6b8: ;   {other}
  0x0000020cf6e4a6b8: 0f1f 8400 | 280b 0016 | 488b d0eb | 2b48 8bd0 | eb26 488b | d0eb 2148 | 8bd0 eb1c | 488b d0eb 
  0x0000020cf6e4a6d8: 1748 8bd0 | eb12 488b | d0eb 0d48 | 8bd0 eb08 | 488b d0eb | 0348 8bd0 | 4883 c470 

  0x0000020cf6e4a6f4: ;   {runtime_call _rethrow_Java}
  0x0000020cf6e4a6f4: 5de9 86d4 | 72ff baf6 

  0x0000020cf6e4a6fc: ;   {runtime_call UncommonTrapBlob}
  0x0000020cf6e4a6fc: ffff ffe8 

  0x0000020cf6e4a700: ; ImmutableOopMap {}
                      ;*getfield texture {reexecute=1 rethrow=0 return_oop=0}
                      ; - (reexecute) com.badlogic.gdx.graphics.g2d.SpriteBatch::draw@24 (line 601)
                      ; - com.badlogic.gdx.scenes.scene2d.utils.TextureRegionDrawable::draw@11 (line 45)
                      ; - com.badlogic.gdx.scenes.scene2d.ui.Image::draw@194 (line 134)
  0x0000020cf6e4a700: fcd5 64ff 

  0x0000020cf6e4a704: ;   {other}
  0x0000020cf6e4a704: 0f1f 8400 | 740b 0017 | baf6 ffff | ff8b e9c5 | fa11 6424 

  0x0000020cf6e4a718: ;   {runtime_call UncommonTrapBlob}
  0x0000020cf6e4a718: 2066 90e8 

  0x0000020cf6e4a71c: ; ImmutableOopMap {}
                      ;*fastore {reexecute=0 rethrow=0 return_oop=0}
                      ; - com.badlogic.gdx.graphics.g2d.SpriteBatch::draw@114 (line 616)
                      ; - com.badlogic.gdx.scenes.scene2d.utils.TextureRegionDrawable::draw@11 (line 45)
                      ; - com.badlogic.gdx.scenes.scene2d.ui.Image::draw@194 (line 134)
  0x0000020cf6e4a71c: e0d5 64ff 

  0x0000020cf6e4a720: ;   {other}
  0x0000020cf6e4a720: 0f1f 8400 | 900b 0018 | baf6 ffff 

  0x0000020cf6e4a72c: ;   {runtime_call UncommonTrapBlob}
  0x0000020cf6e4a72c: ff66 90e8 

  0x0000020cf6e4a730: ; ImmutableOopMap {}
                      ;*invokevirtual getWidth {reexecute=0 rethrow=0 return_oop=0}
                      ; - com.badlogic.gdx.graphics.g2d.SpriteBatch::switchTexture@12 (line 1075)
                      ; - com.badlogic.gdx.graphics.g2d.SpriteBatch::draw@41 (line 603)
                      ; - com.badlogic.gdx.scenes.scene2d.utils.TextureRegionDrawable::draw@11 (line 45)
                      ; - com.badlogic.gdx.scenes.scene2d.ui.Image::draw@194 (line 134)
  0x0000020cf6e4a730: ccd5 64ff 

  0x0000020cf6e4a734: ;   {other}
  0x0000020cf6e4a734: 0f1f 8400 | a40b 0019 | baf6 ffff 

  0x0000020cf6e4a740: ;   {runtime_call UncommonTrapBlob}
  0x0000020cf6e4a740: ff66 90e8 

  0x0000020cf6e4a744: ; ImmutableOopMap {}
                      ;*arraylength {reexecute=0 rethrow=0 return_oop=0}
                      ; - com.badlogic.gdx.graphics.g2d.SpriteBatch::draw@53 (line 604)
                      ; - com.badlogic.gdx.scenes.scene2d.utils.TextureRegionDrawable::draw@11 (line 45)
                      ; - com.badlogic.gdx.scenes.scene2d.ui.Image::draw@194 (line 134)
  0x0000020cf6e4a744: b8d5 64ff 

  0x0000020cf6e4a748: ;   {other}
  0x0000020cf6e4a748: 0f1f 8400 | b80b 001a 

  0x0000020cf6e4a750: ;   {internal_word}
  0x0000020cf6e4a750: 49ba 61a3 | e4f6 0c02 | 0000 4d89 | 9760 0400 

  0x0000020cf6e4a760: ;   {runtime_call SafepointBlob}
  0x0000020cf6e4a760: 00e9 1ac4 | 64ff 4883 | ec08 c5fb 

  0x0000020cf6e4a76c: ;   {runtime_call StubRoutines (initial stubs)}
  0x0000020cf6e4a76c: 1114 24e8 | 4a6b 5fff | 59e9 cef7 | ffff 4883 | ec08 c5fb 

  0x0000020cf6e4a780: ;   {runtime_call StubRoutines (initial stubs)}
  0x0000020cf6e4a780: 1104 24e8 | 366b 5fff | 4159 e9a9 | f7ff ff48 | 83ec 08c5 | fb11 1c24 

  0x0000020cf6e4a798: ;   {runtime_call StubRoutines (initial stubs)}
  0x0000020cf6e4a798: e821 6b5f | ff41 58e9 | 83f7 ffff | 4883 ec08 | c5fb 110c 

  0x0000020cf6e4a7ac: ;   {runtime_call StubRoutines (initial stubs)}
  0x0000020cf6e4a7ac: 24e8 0c6b | 5fff 415b | e95d f7ff 

  0x0000020cf6e4a7b8: ;   {runtime_call StubRoutines (final stubs)}
  0x0000020cf6e4a7b8: ffe8 02b5 | 62ff e997 | f6ff fff4 | f4f4 f4f4 
[Stub Code]
  0x0000020cf6e4a7c8: ;   {no_reloc}
  0x0000020cf6e4a7c8: 48bb 0000 | 0000 0000 

  0x0000020cf6e4a7d0: ;   {runtime_call nmethod}
  0x0000020cf6e4a7d0: 0000 e9fb 

  0x0000020cf6e4a7d4: ;   {static_stub}
  0x0000020cf6e4a7d4: ffff ff48 | bb00 0000 | 0000 0000 

  0x0000020cf6e4a7e0: ;   {runtime_call nmethod}
  0x0000020cf6e4a7e0: 00e9 fbff 

  0x0000020cf6e4a7e4: ;   {static_stub}
  0x0000020cf6e4a7e4: ffff 48bb | 78ed 83cd | 0c02 0000 

  0x0000020cf6e4a7f0: ;   {runtime_call I2C/C2I adapters}
  0x0000020cf6e4a7f0: e98e 9664 

  0x0000020cf6e4a7f4: ;   {runtime_call ExceptionBlob}
  0x0000020cf6e4a7f4: ffe9 0659 | 72ff e800 | 0000 0048 | 832c 2405 

  0x0000020cf6e4a804: ;   {runtime_call DeoptimizationBlob}
  0x0000020cf6e4a804: e917 d864 | fff4 f4f4 | f4f4 f4f4 
[/MachCode]


---------------  P R O C E S S  ---------------

Threads class SMR info:
_java_thread_list=0x0000020cd135b650, length=20, elements={
0x0000020c8b8efa30, 0x0000020c8b8f0480, 0x0000020c8b8f3a30, 0x0000020c8b8f4c70,
0x0000020c8b8ffe00, 0x0000020c8b904470, 0x0000020c8b90cc60, 0x0000020c8b90f570,
0x0000020c8ba64d80, 0x0000020c8ba88ba0, 0x0000020cd1563450, 0x0000020cd1563cc0,
0x0000020cd21519e0, 0x0000020cd242edd0, 0x0000020cdc278ab0, 0x0000020cd285c230,
0x0000020cd285c8c0, 0x0000020cd285cf50, 0x0000020cd285dc70, 0x0000020cd2858db0
}

Java Threads: ( => current thread )
  0x0000020c8b8efa30 JavaThread "Reference Handler"          daemon [_thread_blocked, id=39336, stack(0x000000538a500000,0x000000538a600000) (1024K)]
  0x0000020c8b8f0480 JavaThread "Finalizer"                  daemon [_thread_blocked, id=23460, stack(0x000000538a600000,0x000000538a700000) (1024K)]
  0x0000020c8b8f3a30 JavaThread "Signal Dispatcher"          daemon [_thread_blocked, id=37356, stack(0x000000538a700000,0x000000538a800000) (1024K)]
  0x0000020c8b8f4c70 JavaThread "Attach Listener"            daemon [_thread_blocked, id=30384, stack(0x000000538a800000,0x000000538a900000) (1024K)]
  0x0000020c8b8ffe00 JavaThread "Service Thread"             daemon [_thread_blocked, id=13740, stack(0x000000538a900000,0x000000538aa00000) (1024K)]
  0x0000020c8b904470 JavaThread "Monitor Deflation Thread"   daemon [_thread_blocked, id=40052, stack(0x000000538aa00000,0x000000538ab00000) (1024K)]
  0x0000020c8b90cc60 JavaThread "C2 CompilerThread0"         daemon [_thread_blocked, id=24772, stack(0x000000538ab00000,0x000000538ac00000) (1024K)]
  0x0000020c8b90f570 JavaThread "C1 CompilerThread0"         daemon [_thread_blocked, id=29076, stack(0x000000538ac00000,0x000000538ad00000) (1024K)]
  0x0000020c8ba64d80 JavaThread "Notification Thread"        daemon [_thread_blocked, id=20808, stack(0x000000538af00000,0x000000538b000000) (1024K)]
  0x0000020c8ba88ba0 JavaThread "Common-Cleaner"             daemon [_thread_blocked, id=2268, stack(0x000000538b000000,0x000000538b100000) (1024K)]
=>0x0000020cd1563450 JavaThread "LWJGL Application"                 [_thread_in_native, id=36032, stack(0x000000538ae00000,0x000000538af00000) (1024K)]
  0x0000020cd1563cc0 JavaThread "DestroyJavaVM"                     [_thread_blocked, id=32980, stack(0x0000005389d00000,0x0000005389e00000) (1024K)]
  0x0000020cd21519e0 JavaThread "AsynchExecutor-Thread"      daemon [_thread_blocked, id=5128, stack(0x000000538bb00000,0x000000538bc00000) (1024K)]
  0x0000020cd242edd0 JavaThread "RxIoScheduler-1 (Evictor)"  daemon [_thread_blocked, id=30988, stack(0x000000538ca00000,0x000000538cb00000) (1024K)]
  0x0000020cdc278ab0 JavaThread "RxComputationScheduler-1"   daemon [_thread_blocked, id=38636, stack(0x000000538cd00000,0x000000538ce00000) (1024K)]
  0x0000020cd285c230 JavaThread "RxIoScheduler-44"           daemon [_thread_blocked, id=30140, stack(0x000000538f600000,0x000000538f700000) (1024K)]
  0x0000020cd285c8c0 JavaThread "LWJGL Timer"                daemon [_thread_blocked, id=33188, stack(0x000000538bd00000,0x000000538be00000) (1024K)]
  0x0000020cd285cf50 JavaThread "RxComputationScheduler-2"   daemon [_thread_blocked, id=36580, stack(0x000000538be00000,0x000000538bf00000) (1024K)]
  0x0000020cd285dc70 JavaThread "Timer"                      daemon [_thread_blocked, id=34636, stack(0x000000538ad00000,0x000000538ae00000) (1024K)]
  0x0000020cd2858db0 JavaThread "RxIoScheduler-47"           daemon [_thread_blocked, id=15616, stack(0x0000005389a00000,0x0000005389b00000) (1024K)]
Total: 20

Other Threads:
  0x0000020cffa640f0 VMThread "VM Thread"                           [id=27188, stack(0x000000538a400000,0x000000538a500000) (1024K)]
  0x0000020cffa4f930 WatcherThread "VM Periodic Task Thread"        [id=38952, stack(0x000000538a300000,0x000000538a400000) (1024K)]
  0x0000020cff8b8800 WorkerThread "GC Thread#0"                     [id=15724, stack(0x0000005389e00000,0x0000005389f00000) (1024K)]
  0x0000020cd291d460 WorkerThread "GC Thread#1"                     [id=28176, stack(0x000000538bf00000,0x000000538c000000) (1024K)]
  0x0000020cd2988880 WorkerThread "GC Thread#2"                     [id=35080, stack(0x000000538c000000,0x000000538c100000) (1024K)]
  0x0000020cd29a7cb0 WorkerThread "GC Thread#3"                     [id=27332, stack(0x000000538c100000,0x000000538c200000) (1024K)]
  0x0000020cd29a8050 WorkerThread "GC Thread#4"                     [id=32788, stack(0x000000538c200000,0x000000538c300000) (1024K)]
  0x0000020cd2966130 WorkerThread "GC Thread#5"                     [id=34104, stack(0x000000538c300000,0x000000538c400000) (1024K)]
  0x0000020cdbcff7c0 WorkerThread "GC Thread#6"                     [id=38916, stack(0x000000538c400000,0x000000538c500000) (1024K)]
  0x0000020cdbcffb60 WorkerThread "GC Thread#7"                     [id=32904, stack(0x000000538c500000,0x000000538c600000) (1024K)]
  0x0000020cd251ad70 WorkerThread "GC Thread#8"                     [id=14132, stack(0x000000538c600000,0x000000538c700000) (1024K)]
  0x0000020cd295d6d0 WorkerThread "GC Thread#9"                     [id=33896, stack(0x000000538c700000,0x000000538c800000) (1024K)]
  0x0000020cd295e550 WorkerThread "GC Thread#10"                    [id=29432, stack(0x000000538c800000,0x000000538c900000) (1024K)]
  0x0000020cd295cf90 WorkerThread "GC Thread#11"                    [id=32424, stack(0x000000538c900000,0x000000538ca00000) (1024K)]
  0x0000020cd295cbf0 WorkerThread "GC Thread#12"                    [id=35680, stack(0x000000538b900000,0x000000538ba00000) (1024K)]
  0x0000020cff8c9410 ConcurrentGCThread "G1 Main Marker"            [id=988, stack(0x0000005389f00000,0x000000538a000000) (1024K)]
  0x0000020cff8c9e20 WorkerThread "G1 Conc#0"                       [id=37484, stack(0x000000538a000000,0x000000538a100000) (1024K)]
  0x0000020cff99d1c0 ConcurrentGCThread "G1 Refine#0"               [id=38920, stack(0x000000538a100000,0x000000538a200000) (1024K)]
  0x0000020cff99dae0 ConcurrentGCThread "G1 Service"                [id=39344, stack(0x000000538a200000,0x000000538a300000) (1024K)]
Total: 19

Threads with active compile tasks:
Total: 0

VM state: not at safepoint (normal execution)

VM Mutex/Monitor currently owned by a thread: None

Heap address: 0x0000000604400000, size: 8124 MB, Compressed Oops mode: Zero based, Oop shift amount: 3

CDS archive(s) mapped at: [0x0000020c8c000000-0x0000020c8cc80000-0x0000020c8cc80000), size 13107200, SharedBaseAddress: 0x0000020c8c000000, ArchiveRelocationMode: 1.
Compressed class space mapped at: 0x0000020c8d000000-0x0000020ccd000000, reserved size: 1073741824
Narrow klass base: 0x0000020c8c000000, Narrow klass shift: 0, Narrow klass range: 0x100000000

GC Precious Log:
 CardTable entry size: 512
 Card Set container configuration: InlinePtr #cards 4 size 8 Array Of Cards #cards 32 size 80 Howl #buckets 8 coarsen threshold 7372 Howl Bitmap #cards 1024 size 144 coarsen threshold 921 Card regions per heap region 1 cards per card region 8192
 CPUs: 16 total, 16 available
 Memory: 32490M
 Large Page Support: Disabled
 NUMA Support: Disabled
 Compressed Oops: Enabled (Zero based)
 Heap Region Size: 4M
 Heap Min Capacity: 8M
 Heap Initial Capacity: 508M
 Heap Max Capacity: 8124M
 Pre-touch: Disabled
 Parallel Workers: 13
 Concurrent Workers: 3
 Concurrent Refinement Workers: 13
 Periodic GC: Disabled

Heap:
 garbage-first heap   total 520192K, used 149352K [0x0000000604400000, 0x0000000800000000)
  region size 4096K, 36 young (147456K), 2 survivors (8192K)
 Metaspace       used 21159K, committed 21504K, reserved 1114112K
  class space    used 2833K, committed 3008K, reserved 1048576K

Heap Regions: E=young(eden), S=young(survivor), O=old, HS=humongous(starts), HC=humongous(continues), CS=collection set, F=free, TAMS=top-at-mark-start, PB=parsable bottom
|   0|0x0000000604400000, 0x0000000604800000, 0x0000000604800000|100%| O|  |TAMS 0x0000000604400000| PB 0x0000000604400000| Untracked 
|   1|0x0000000604800000, 0x0000000604c00000, 0x0000000604c00000|100%|HS|  |TAMS 0x0000000604800000| PB 0x0000000604800000| Complete 
|   2|0x0000000604c00000, 0x0000000605000000, 0x0000000605000000|100%|HS|  |TAMS 0x0000000604c00000| PB 0x0000000604c00000| Complete 
|   3|0x0000000605000000, 0x00000006050df5c8, 0x0000000605400000| 21%| O|  |TAMS 0x0000000605000000| PB 0x0000000605000000| Untracked 
|   4|0x0000000605400000, 0x0000000605400000, 0x0000000605800000|  0%| F|  |TAMS 0x0000000605400000| PB 0x0000000605400000| Untracked 
|   5|0x0000000605800000, 0x0000000605800000, 0x0000000605c00000|  0%| F|  |TAMS 0x0000000605800000| PB 0x0000000605800000| Untracked 
|   6|0x0000000605c00000, 0x0000000605c00000, 0x0000000606000000|  0%| F|  |TAMS 0x0000000605c00000| PB 0x0000000605c00000| Untracked 
|   7|0x0000000606000000, 0x0000000606000000, 0x0000000606400000|  0%| F|  |TAMS 0x0000000606000000| PB 0x0000000606000000| Untracked 
|   8|0x0000000606400000, 0x0000000606400000, 0x0000000606800000|  0%| F|  |TAMS 0x0000000606400000| PB 0x0000000606400000| Untracked 
|   9|0x0000000606800000, 0x0000000606800000, 0x0000000606c00000|  0%| F|  |TAMS 0x0000000606800000| PB 0x0000000606800000| Untracked 
|  10|0x0000000606c00000, 0x0000000606c00000, 0x0000000607000000|  0%| F|  |TAMS 0x0000000606c00000| PB 0x0000000606c00000| Untracked 
|  11|0x0000000607000000, 0x0000000607000000, 0x0000000607400000|  0%| F|  |TAMS 0x0000000607000000| PB 0x0000000607000000| Untracked 
|  12|0x0000000607400000, 0x0000000607400000, 0x0000000607800000|  0%| F|  |TAMS 0x0000000607400000| PB 0x0000000607400000| Untracked 
|  13|0x0000000607800000, 0x0000000607800000, 0x0000000607c00000|  0%| F|  |TAMS 0x0000000607800000| PB 0x0000000607800000| Untracked 
|  14|0x0000000607c00000, 0x0000000607c00000, 0x0000000608000000|  0%| F|  |TAMS 0x0000000607c00000| PB 0x0000000607c00000| Untracked 
|  15|0x0000000608000000, 0x0000000608000000, 0x0000000608400000|  0%| F|  |TAMS 0x0000000608000000| PB 0x0000000608000000| Untracked 
|  16|0x0000000608400000, 0x0000000608400000, 0x0000000608800000|  0%| F|  |TAMS 0x0000000608400000| PB 0x0000000608400000| Untracked 
|  17|0x0000000608800000, 0x0000000608800000, 0x0000000608c00000|  0%| F|  |TAMS 0x0000000608800000| PB 0x0000000608800000| Untracked 
|  18|0x0000000608c00000, 0x0000000608c00000, 0x0000000609000000|  0%| F|  |TAMS 0x0000000608c00000| PB 0x0000000608c00000| Untracked 
|  19|0x0000000609000000, 0x0000000609000000, 0x0000000609400000|  0%| F|  |TAMS 0x0000000609000000| PB 0x0000000609000000| Untracked 
|  20|0x0000000609400000, 0x0000000609400000, 0x0000000609800000|  0%| F|  |TAMS 0x0000000609400000| PB 0x0000000609400000| Untracked 
|  21|0x0000000609800000, 0x0000000609800000, 0x0000000609c00000|  0%| F|  |TAMS 0x0000000609800000| PB 0x0000000609800000| Untracked 
|  22|0x0000000609c00000, 0x0000000609c00000, 0x000000060a000000|  0%| F|  |TAMS 0x0000000609c00000| PB 0x0000000609c00000| Untracked 
|  23|0x000000060a000000, 0x000000060a000000, 0x000000060a400000|  0%| F|  |TAMS 0x000000060a000000| PB 0x000000060a000000| Untracked 
|  24|0x000000060a400000, 0x000000060a400000, 0x000000060a800000|  0%| F|  |TAMS 0x000000060a400000| PB 0x000000060a400000| Untracked 
|  25|0x000000060a800000, 0x000000060a800000, 0x000000060ac00000|  0%| F|  |TAMS 0x000000060a800000| PB 0x000000060a800000| Untracked 
|  26|0x000000060ac00000, 0x000000060ac00000, 0x000000060b000000|  0%| F|  |TAMS 0x000000060ac00000| PB 0x000000060ac00000| Untracked 
|  27|0x000000060b000000, 0x000000060b000000, 0x000000060b400000|  0%| F|  |TAMS 0x000000060b000000| PB 0x000000060b000000| Untracked 
|  28|0x000000060b400000, 0x000000060b400000, 0x000000060b800000|  0%| F|  |TAMS 0x000000060b400000| PB 0x000000060b400000| Untracked 
|  29|0x000000060b800000, 0x000000060b800000, 0x000000060bc00000|  0%| F|  |TAMS 0x000000060b800000| PB 0x000000060b800000| Untracked 
|  30|0x000000060bc00000, 0x000000060bc00000, 0x000000060c000000|  0%| F|  |TAMS 0x000000060bc00000| PB 0x000000060bc00000| Untracked 
|  31|0x000000060c000000, 0x000000060c000000, 0x000000060c400000|  0%| F|  |TAMS 0x000000060c000000| PB 0x000000060c000000| Untracked 
|  32|0x000000060c400000, 0x000000060c400000, 0x000000060c800000|  0%| F|  |TAMS 0x000000060c400000| PB 0x000000060c400000| Untracked 
|  33|0x000000060c800000, 0x000000060c800000, 0x000000060cc00000|  0%| F|  |TAMS 0x000000060c800000| PB 0x000000060c800000| Untracked 
|  34|0x000000060cc00000, 0x000000060cc00000, 0x000000060d000000|  0%| F|  |TAMS 0x000000060cc00000| PB 0x000000060cc00000| Untracked 
|  35|0x000000060d000000, 0x000000060d000000, 0x000000060d400000|  0%| F|  |TAMS 0x000000060d000000| PB 0x000000060d000000| Untracked 
|  36|0x000000060d400000, 0x000000060d400000, 0x000000060d800000|  0%| F|  |TAMS 0x000000060d400000| PB 0x000000060d400000| Untracked 
|  37|0x000000060d800000, 0x000000060d800000, 0x000000060dc00000|  0%| F|  |TAMS 0x000000060d800000| PB 0x000000060d800000| Untracked 
|  38|0x000000060dc00000, 0x000000060dc00000, 0x000000060e000000|  0%| F|  |TAMS 0x000000060dc00000| PB 0x000000060dc00000| Untracked 
|  39|0x000000060e000000, 0x000000060e000000, 0x000000060e400000|  0%| F|  |TAMS 0x000000060e000000| PB 0x000000060e000000| Untracked 
|  40|0x000000060e400000, 0x000000060e400000, 0x000000060e800000|  0%| F|  |TAMS 0x000000060e400000| PB 0x000000060e400000| Untracked 
|  41|0x000000060e800000, 0x000000060e800000, 0x000000060ec00000|  0%| F|  |TAMS 0x000000060e800000| PB 0x000000060e800000| Untracked 
|  42|0x000000060ec00000, 0x000000060ec00000, 0x000000060f000000|  0%| F|  |TAMS 0x000000060ec00000| PB 0x000000060ec00000| Untracked 
|  43|0x000000060f000000, 0x000000060f000000, 0x000000060f400000|  0%| F|  |TAMS 0x000000060f000000| PB 0x000000060f000000| Untracked 
|  44|0x000000060f400000, 0x000000060f400000, 0x000000060f800000|  0%| F|  |TAMS 0x000000060f400000| PB 0x000000060f400000| Untracked 
|  45|0x000000060f800000, 0x000000060f800000, 0x000000060fc00000|  0%| F|  |TAMS 0x000000060f800000| PB 0x000000060f800000| Untracked 
|  46|0x000000060fc00000, 0x000000060fc00000, 0x0000000610000000|  0%| F|  |TAMS 0x000000060fc00000| PB 0x000000060fc00000| Untracked 
|  47|0x0000000610000000, 0x0000000610000000, 0x0000000610400000|  0%| F|  |TAMS 0x0000000610000000| PB 0x0000000610000000| Untracked 
|  48|0x0000000610400000, 0x0000000610400000, 0x0000000610800000|  0%| F|  |TAMS 0x0000000610400000| PB 0x0000000610400000| Untracked 
|  49|0x0000000610800000, 0x0000000610800000, 0x0000000610c00000|  0%| F|  |TAMS 0x0000000610800000| PB 0x0000000610800000| Untracked 
|  50|0x0000000610c00000, 0x0000000610c00000, 0x0000000611000000|  0%| F|  |TAMS 0x0000000610c00000| PB 0x0000000610c00000| Untracked 
|  51|0x0000000611000000, 0x0000000611000000, 0x0000000611400000|  0%| F|  |TAMS 0x0000000611000000| PB 0x0000000611000000| Untracked 
|  52|0x0000000611400000, 0x0000000611400000, 0x0000000611800000|  0%| F|  |TAMS 0x0000000611400000| PB 0x0000000611400000| Untracked 
|  53|0x0000000611800000, 0x0000000611800000, 0x0000000611c00000|  0%| F|  |TAMS 0x0000000611800000| PB 0x0000000611800000| Untracked 
|  54|0x0000000611c00000, 0x0000000611c00000, 0x0000000612000000|  0%| F|  |TAMS 0x0000000611c00000| PB 0x0000000611c00000| Untracked 
|  55|0x0000000612000000, 0x0000000612000000, 0x0000000612400000|  0%| F|  |TAMS 0x0000000612000000| PB 0x0000000612000000| Untracked 
|  56|0x0000000612400000, 0x0000000612400000, 0x0000000612800000|  0%| F|  |TAMS 0x0000000612400000| PB 0x0000000612400000| Untracked 
|  57|0x0000000612800000, 0x0000000612800000, 0x0000000612c00000|  0%| F|  |TAMS 0x0000000612800000| PB 0x0000000612800000| Untracked 
|  58|0x0000000612c00000, 0x0000000612c00000, 0x0000000613000000|  0%| F|  |TAMS 0x0000000612c00000| PB 0x0000000612c00000| Untracked 
|  59|0x0000000613000000, 0x0000000613000000, 0x0000000613400000|  0%| F|  |TAMS 0x0000000613000000| PB 0x0000000613000000| Untracked 
|  60|0x0000000613400000, 0x0000000613400000, 0x0000000613800000|  0%| F|  |TAMS 0x0000000613400000| PB 0x0000000613400000| Untracked 
|  61|0x0000000613800000, 0x0000000613800000, 0x0000000613c00000|  0%| F|  |TAMS 0x0000000613800000| PB 0x0000000613800000| Untracked 
|  62|0x0000000613c00000, 0x0000000613c00000, 0x0000000614000000|  0%| F|  |TAMS 0x0000000613c00000| PB 0x0000000613c00000| Untracked 
|  63|0x0000000614000000, 0x0000000614000000, 0x0000000614400000|  0%| F|  |TAMS 0x0000000614000000| PB 0x0000000614000000| Untracked 
|  64|0x0000000614400000, 0x0000000614400000, 0x0000000614800000|  0%| F|  |TAMS 0x0000000614400000| PB 0x0000000614400000| Untracked 
|  65|0x0000000614800000, 0x0000000614800000, 0x0000000614c00000|  0%| F|  |TAMS 0x0000000614800000| PB 0x0000000614800000| Untracked 
|  66|0x0000000614c00000, 0x0000000614c00000, 0x0000000615000000|  0%| F|  |TAMS 0x0000000614c00000| PB 0x0000000614c00000| Untracked 
|  67|0x0000000615000000, 0x0000000615000000, 0x0000000615400000|  0%| F|  |TAMS 0x0000000615000000| PB 0x0000000615000000| Untracked 
|  68|0x0000000615400000, 0x0000000615400000, 0x0000000615800000|  0%| F|  |TAMS 0x0000000615400000| PB 0x0000000615400000| Untracked 
|  69|0x0000000615800000, 0x0000000615800000, 0x0000000615c00000|  0%| F|  |TAMS 0x0000000615800000| PB 0x0000000615800000| Untracked 
|  70|0x0000000615c00000, 0x0000000615c00000, 0x0000000616000000|  0%| F|  |TAMS 0x0000000615c00000| PB 0x0000000615c00000| Untracked 
|  71|0x0000000616000000, 0x0000000616000000, 0x0000000616400000|  0%| F|  |TAMS 0x0000000616000000| PB 0x0000000616000000| Untracked 
|  72|0x0000000616400000, 0x0000000616400000, 0x0000000616800000|  0%| F|  |TAMS 0x0000000616400000| PB 0x0000000616400000| Untracked 
|  73|0x0000000616800000, 0x0000000616800000, 0x0000000616c00000|  0%| F|  |TAMS 0x0000000616800000| PB 0x0000000616800000| Untracked 
|  74|0x0000000616c00000, 0x0000000616c00000, 0x0000000617000000|  0%| F|  |TAMS 0x0000000616c00000| PB 0x0000000616c00000| Untracked 
|  75|0x0000000617000000, 0x0000000617000000, 0x0000000617400000|  0%| F|  |TAMS 0x0000000617000000| PB 0x0000000617000000| Untracked 
|  76|0x0000000617400000, 0x0000000617400000, 0x0000000617800000|  0%| F|  |TAMS 0x0000000617400000| PB 0x0000000617400000| Untracked 
|  77|0x0000000617800000, 0x0000000617800000, 0x0000000617c00000|  0%| F|  |TAMS 0x0000000617800000| PB 0x0000000617800000| Untracked 
|  78|0x0000000617c00000, 0x0000000617c00000, 0x0000000618000000|  0%| F|  |TAMS 0x0000000617c00000| PB 0x0000000617c00000| Untracked 
|  79|0x0000000618000000, 0x0000000618000000, 0x0000000618400000|  0%| F|  |TAMS 0x0000000618000000| PB 0x0000000618000000| Untracked 
|  80|0x0000000618400000, 0x0000000618400000, 0x0000000618800000|  0%| F|  |TAMS 0x0000000618400000| PB 0x0000000618400000| Untracked 
|  81|0x0000000618800000, 0x0000000618800000, 0x0000000618c00000|  0%| F|  |TAMS 0x0000000618800000| PB 0x0000000618800000| Untracked 
|  82|0x0000000618c00000, 0x0000000618c00000, 0x0000000619000000|  0%| F|  |TAMS 0x0000000618c00000| PB 0x0000000618c00000| Untracked 
|  83|0x0000000619000000, 0x0000000619000000, 0x0000000619400000|  0%| F|  |TAMS 0x0000000619000000| PB 0x0000000619000000| Untracked 
|  84|0x0000000619400000, 0x0000000619400000, 0x0000000619800000|  0%| F|  |TAMS 0x0000000619400000| PB 0x0000000619400000| Untracked 
|  85|0x0000000619800000, 0x0000000619800000, 0x0000000619c00000|  0%| F|  |TAMS 0x0000000619800000| PB 0x0000000619800000| Untracked 
|  86|0x0000000619c00000, 0x0000000619c00000, 0x000000061a000000|  0%| F|  |TAMS 0x0000000619c00000| PB 0x0000000619c00000| Untracked 
|  87|0x000000061a000000, 0x000000061a000000, 0x000000061a400000|  0%| F|  |TAMS 0x000000061a000000| PB 0x000000061a000000| Untracked 
|  88|0x000000061a400000, 0x000000061a400000, 0x000000061a800000|  0%| F|  |TAMS 0x000000061a400000| PB 0x000000061a400000| Untracked 
|  89|0x000000061a800000, 0x000000061a800000, 0x000000061ac00000|  0%| F|  |TAMS 0x000000061a800000| PB 0x000000061a800000| Untracked 
|  90|0x000000061ac00000, 0x000000061ac00000, 0x000000061b000000|  0%| F|  |TAMS 0x000000061ac00000| PB 0x000000061ac00000| Untracked 
|  91|0x000000061b000000, 0x000000061b239af8, 0x000000061b400000| 55%| E|  |TAMS 0x000000061b000000| PB 0x000000061b000000| Complete 
|  92|0x000000061b400000, 0x000000061b800000, 0x000000061b800000|100%| E|CS|TAMS 0x000000061b400000| PB 0x000000061b400000| Complete 
|  93|0x000000061b800000, 0x000000061bc00000, 0x000000061bc00000|100%| E|CS|TAMS 0x000000061b800000| PB 0x000000061b800000| Complete 
|  94|0x000000061bc00000, 0x000000061c000000, 0x000000061c000000|100%| E|CS|TAMS 0x000000061bc00000| PB 0x000000061bc00000| Complete 
|  95|0x000000061c000000, 0x000000061c400000, 0x000000061c400000|100%| E|CS|TAMS 0x000000061c000000| PB 0x000000061c000000| Complete 
|  96|0x000000061c400000, 0x000000061c800000, 0x000000061c800000|100%| E|CS|TAMS 0x000000061c400000| PB 0x000000061c400000| Complete 
|  97|0x000000061c800000, 0x000000061cc00000, 0x000000061cc00000|100%| E|CS|TAMS 0x000000061c800000| PB 0x000000061c800000| Complete 
|  98|0x000000061cc00000, 0x000000061d000000, 0x000000061d000000|100%| E|CS|TAMS 0x000000061cc00000| PB 0x000000061cc00000| Complete 
|  99|0x000000061d000000, 0x000000061d400000, 0x000000061d400000|100%| E|CS|TAMS 0x000000061d000000| PB 0x000000061d000000| Complete 
| 100|0x000000061d400000, 0x000000061d800000, 0x000000061d800000|100%| E|CS|TAMS 0x000000061d400000| PB 0x000000061d400000| Complete 
| 101|0x000000061d800000, 0x000000061dc00000, 0x000000061dc00000|100%| E|CS|TAMS 0x000000061d800000| PB 0x000000061d800000| Complete 
| 102|0x000000061dc00000, 0x000000061e000000, 0x000000061e000000|100%| E|CS|TAMS 0x000000061dc00000| PB 0x000000061dc00000| Complete 
| 103|0x000000061e000000, 0x000000061e400000, 0x000000061e400000|100%| E|  |TAMS 0x000000061e000000| PB 0x000000061e000000| Complete 
| 104|0x000000061e400000, 0x000000061e800000, 0x000000061e800000|100%| E|CS|TAMS 0x000000061e400000| PB 0x000000061e400000| Complete 
| 105|0x000000061e800000, 0x000000061e8fad40, 0x000000061ec00000| 24%| S|CS|TAMS 0x000000061e800000| PB 0x000000061e800000| Complete 
| 106|0x000000061ec00000, 0x000000061f000000, 0x000000061f000000|100%| S|CS|TAMS 0x000000061ec00000| PB 0x000000061ec00000| Complete 
| 107|0x000000061f000000, 0x000000061f400000, 0x000000061f400000|100%| E|CS|TAMS 0x000000061f000000| PB 0x000000061f000000| Complete 
| 108|0x000000061f400000, 0x000000061f800000, 0x000000061f800000|100%| E|CS|TAMS 0x000000061f400000| PB 0x000000061f400000| Complete 
| 109|0x000000061f800000, 0x000000061fc00000, 0x000000061fc00000|100%| E|CS|TAMS 0x000000061f800000| PB 0x000000061f800000| Complete 
| 110|0x000000061fc00000, 0x0000000620000000, 0x0000000620000000|100%| E|CS|TAMS 0x000000061fc00000| PB 0x000000061fc00000| Complete 
| 111|0x0000000620000000, 0x0000000620400000, 0x0000000620400000|100%| E|CS|TAMS 0x0000000620000000| PB 0x0000000620000000| Complete 
| 112|0x0000000620400000, 0x0000000620800000, 0x0000000620800000|100%| E|CS|TAMS 0x0000000620400000| PB 0x0000000620400000| Complete 
| 113|0x0000000620800000, 0x0000000620c00000, 0x0000000620c00000|100%| E|CS|TAMS 0x0000000620800000| PB 0x0000000620800000| Complete 
| 114|0x0000000620c00000, 0x0000000621000000, 0x0000000621000000|100%| E|CS|TAMS 0x0000000620c00000| PB 0x0000000620c00000| Complete 
| 115|0x0000000621000000, 0x0000000621400000, 0x0000000621400000|100%| E|CS|TAMS 0x0000000621000000| PB 0x0000000621000000| Complete 
| 116|0x0000000621400000, 0x0000000621800000, 0x0000000621800000|100%| E|CS|TAMS 0x0000000621400000| PB 0x0000000621400000| Complete 
| 117|0x0000000621800000, 0x0000000621c00000, 0x0000000621c00000|100%| E|CS|TAMS 0x0000000621800000| PB 0x0000000621800000| Complete 
| 118|0x0000000621c00000, 0x0000000622000000, 0x0000000622000000|100%| E|CS|TAMS 0x0000000621c00000| PB 0x0000000621c00000| Complete 
| 119|0x0000000622000000, 0x0000000622400000, 0x0000000622400000|100%| E|CS|TAMS 0x0000000622000000| PB 0x0000000622000000| Complete 
| 120|0x0000000622400000, 0x0000000622800000, 0x0000000622800000|100%| E|CS|TAMS 0x0000000622400000| PB 0x0000000622400000| Complete 
| 121|0x0000000622800000, 0x0000000622c00000, 0x0000000622c00000|100%| E|CS|TAMS 0x0000000622800000| PB 0x0000000622800000| Complete 
| 122|0x0000000622c00000, 0x0000000623000000, 0x0000000623000000|100%| E|CS|TAMS 0x0000000622c00000| PB 0x0000000622c00000| Complete 
| 123|0x0000000623000000, 0x0000000623400000, 0x0000000623400000|100%| E|CS|TAMS 0x0000000623000000| PB 0x0000000623000000| Complete 
| 124|0x0000000623400000, 0x0000000623800000, 0x0000000623800000|100%| E|CS|TAMS 0x0000000623400000| PB 0x0000000623400000| Complete 
| 125|0x0000000623800000, 0x0000000623c00000, 0x0000000623c00000|100%| E|CS|TAMS 0x0000000623800000| PB 0x0000000623800000| Complete 
| 126|0x0000000623c00000, 0x0000000624000000, 0x0000000624000000|100%| E|CS|TAMS 0x0000000623c00000| PB 0x0000000623c00000| Complete 

Card table byte_map: [0x0000020c80000000,0x0000020c80fe0000] _byte_map_base: 0x0000020c7cfde000

Marking Bits: (CMBitMap*) 0x0000020ce69ce630
 Bits: [0x0000020c80fe0000, 0x0000020c88ed0000)

Polling page: 0x0000020ce60d0000

Metaspace:

Usage:
  Non-class:     17.90 MB used.
      Class:      2.77 MB used.
       Both:     20.66 MB used.

Virtual space:
  Non-class space:       64.00 MB reserved,      18.06 MB ( 28%) committed,  1 nodes.
      Class space:        1.00 GB reserved,       2.94 MB ( <1%) committed,  1 nodes.
             Both:        1.06 GB reserved,      21.00 MB (  2%) committed. 

Chunk freelists:
   Non-Class:  13.95 MB
       Class:  12.89 MB
        Both:  26.84 MB

MaxMetaspaceSize: unlimited
CompressedClassSpaceSize: 1.00 GB
Initial GC threshold: 21.00 MB
Current GC threshold: 21.00 MB
CDS: on
 - commit_granule_bytes: 65536.
 - commit_granule_words: 8192.
 - virtual_space_node_default_size: 8388608.
 - enlarge_chunks_in_place: 1.
 - use_allocation_guard: 0.


Internal statistics:

num_allocs_failed_limit: 0.
num_arena_births: 376.
num_arena_deaths: 0.
num_vsnodes_births: 2.
num_vsnodes_deaths: 0.
num_space_committed: 334.
num_space_uncommitted: 0.
num_chunks_returned_to_freelist: 0.
num_chunks_taken_from_freelist: 1118.
num_chunk_merges: 0.
num_chunk_splits: 758.
num_chunks_enlarged: 591.
num_inconsistent_stats: 0.

CodeHeap 'non-profiled nmethods': size=119168Kb used=4713Kb max_used=4713Kb free=114454Kb
 bounds [0x0000020cf6b90000, 0x0000020cf7030000, 0x0000020cfdff0000]
CodeHeap 'profiled nmethods': size=119104Kb used=11031Kb max_used=11031Kb free=108072Kb
 bounds [0x0000020ceeff0000, 0x0000020cefac0000, 0x0000020cf6440000]
CodeHeap 'non-nmethods': size=7488Kb used=1862Kb max_used=3549Kb free=5625Kb
 bounds [0x0000020cf6440000, 0x0000020cf6850000, 0x0000020cf6b90000]
 total_blobs=6265 nmethods=5559 adapters=609
 compilation: enabled
              stopped_count=0, restarted_count=0
 full_count=0

Compilation events (20 events):
Event: 642.035 Thread 0x0000020c8b90f570 5550       3       sun.security.provider.HashDrbg::addBytes (130 bytes)
Event: 642.035 Thread 0x0000020c8b90f570 nmethod 5550 0x0000020cefab0210 code [0x0000020cefab03e0, 0x0000020cefab0768]
Event: 644.584 Thread 0x0000020c8b90f570 5551       3       rx.Completable$27::onCompleted (8 bytes)
Event: 644.585 Thread 0x0000020c8b90f570 nmethod 5551 0x0000020cefab0990 code [0x0000020cefab0b40, 0x0000020cefab0cf0]
Event: 646.651 Thread 0x0000020c8b90f570 5552       3       java.util.regex.Pattern$BnM::match (161 bytes)
Event: 646.652 Thread 0x0000020c8b90f570 nmethod 5552 0x0000020cefab0e10 code [0x0000020cefab1020, 0x0000020cefab1770]
Event: 647.502 Thread 0x0000020c8b90f570 5553       3       sk.sivak.eldritchhorror.core.view.font.FontGlyphEnricher::enrich (87 bytes)
Event: 647.503 Thread 0x0000020c8b90f570 nmethod 5553 0x0000020cefab1b10 code [0x0000020cefab1de0, 0x0000020cefab2748]
Event: 647.503 Thread 0x0000020c8b90f570 5554       3       java.lang.StringBuffer::<init> (6 bytes)
Event: 647.503 Thread 0x0000020c8b90f570 nmethod 5554 0x0000020cefab2b90 code [0x0000020cefab2d40, 0x0000020cefab2e78]
Event: 647.503 Thread 0x0000020c8b90f570 5555       3       com.badlogic.gdx.utils.StringBuilder::subSequence (7 bytes)
Event: 647.503 Thread 0x0000020c8b90f570 nmethod 5555 0x0000020cefab2f10 code [0x0000020cefab30c0, 0x0000020cefab3218]
Event: 647.503 Thread 0x0000020c8b90f570 5556       3       com.badlogic.gdx.utils.StringBuilder::substring (50 bytes)
Event: 647.503 Thread 0x0000020c8b90f570 nmethod 5556 0x0000020cefab3310 code [0x0000020cefab34e0, 0x0000020cefab3878]
Event: 655.568 Thread 0x0000020c8b90f570 5557       3       java.util.regex.Matcher::group (65 bytes)
Event: 655.568 Thread 0x0000020c8b90f570 nmethod 5557 0x0000020cefab3990 code [0x0000020cefab3bc0, 0x0000020cefab4238]
Event: 655.568 Thread 0x0000020c8b90f570 5558       3       java.util.regex.Matcher::getSubSequence (12 bytes)
Event: 655.568 Thread 0x0000020c8b90f570 nmethod 5558 0x0000020cefab4490 code [0x0000020cefab4640, 0x0000020cefab4820]
Event: 655.568 Thread 0x0000020c8b90f570 5559       3       java.util.regex.Pattern$Ques::match (192 bytes)
Event: 655.569 Thread 0x0000020c8b90f570 nmethod 5559 0x0000020cefab4910 code [0x0000020cefab4bc0, 0x0000020cefab5910]

GC Heap History (6 events):
Event: 3.419 GC heap before
{Heap before GC invocations=0 (full 0):
 garbage-first heap   total 520192K, used 24576K [0x0000000604400000, 0x0000000800000000)
  region size 4096K, 6 young (24576K), 0 survivors (0K)
 Metaspace       used 6121K, committed 6272K, reserved 1114112K
  class space    used 498K, committed 576K, reserved 1048576K
}
Event: 3.423 GC heap after
{Heap after GC invocations=1 (full 0):
 garbage-first heap   total 520192K, used 4970K [0x0000000604400000, 0x0000000800000000)
  region size 4096K, 1 young (4096K), 1 survivors (4096K)
 Metaspace       used 6121K, committed 6272K, reserved 1114112K
  class space    used 498K, committed 576K, reserved 1048576K
}
Event: 3.982 GC heap before
{Heap before GC invocations=1 (full 0):
 garbage-first heap   total 520192K, used 33642K [0x0000000604400000, 0x0000000800000000)
  region size 4096K, 7 young (28672K), 1 survivors (4096K)
 Metaspace       used 11273K, committed 11456K, reserved 1114112K
  class space    used 1146K, committed 1216K, reserved 1048576K
}
Event: 3.985 GC heap after
{Heap after GC invocations=2 (full 0):
 garbage-first heap   total 520192K, used 7092K [0x0000000604400000, 0x0000000800000000)
  region size 4096K, 1 young (4096K), 1 survivors (4096K)
 Metaspace       used 11273K, committed 11456K, reserved 1114112K
  class space    used 1146K, committed 1216K, reserved 1048576K
}
Event: 8.517 GC heap before
{Heap before GC invocations=2 (full 0):
 garbage-first heap   total 520192K, used 84916K [0x0000000604400000, 0x0000000800000000)
  region size 4096K, 20 young (81920K), 1 survivors (4096K)
 Metaspace       used 16064K, committed 16320K, reserved 1114112K
  class space    used 1979K, committed 2112K, reserved 1048576K
}
Event: 8.521 GC heap after
{Heap after GC invocations=3 (full 0):
 garbage-first heap   total 520192K, used 10088K [0x0000000604400000, 0x0000000800000000)
  region size 4096K, 2 young (8192K), 2 survivors (8192K)
 Metaspace       used 16064K, committed 16320K, reserved 1114112K
  class space    used 1979K, committed 2112K, reserved 1048576K
}

Dll operation events (10 events):
Event: 0.007 Loaded shared library C:\Users\matus.sivak\.jdks\corretto-21.0.6\bin\java.dll
Event: 0.033 Loaded shared library C:\Users\matus.sivak\.jdks\corretto-21.0.6\bin\jsvml.dll
Event: 0.129 Loaded shared library C:\Users\matus.sivak\.jdks\corretto-21.0.6\bin\net.dll
Event: 0.131 Loaded shared library C:\Users\matus.sivak\.jdks\corretto-21.0.6\bin\nio.dll
Event: 0.270 Loaded shared library C:\Users\matus.sivak\.jdks\corretto-21.0.6\bin\zip.dll
Event: 2.175 Loaded shared library C:\Users\matus.sivak\.jdks\corretto-21.0.6\bin\jimage.dll
Event: 2.184 Loaded shared library C:\Users\matus.sivak\AppData\Local\Temp\libgdxmatus.sivak\12dfaa03\gdx64.dll
Event: 2.239 Loaded shared library C:\Users\matus.sivak\.jdks\corretto-21.0.6\bin\verify.dll
Event: 2.250 Loaded shared library C:\Users\matus.sivak\AppData\Local\Temp\libgdxmatus.sivak\dc0f0009\lwjgl64.dll
Event: 3.312 Loaded shared library C:\Users\matus.sivak\AppData\Local\Temp\libgdxmatus.sivak\a04a55a\gdx-freetype64.dll

Deoptimization events (20 events):
Event: 517.856 Thread 0x0000020cd1563450 Uncommon trap: trap_request=0xffffffc6 fr.pc=0x0000020cf6d43d20 relative=0x00000000000000e0
Event: 517.856 Thread 0x0000020cd1563450 Uncommon trap: reason=bimorphic_or_optimized_type_check action=maybe_recompile pc=0x0000020cf6d43d20 method=com.badlogic.gdx.scenes.scene2d.actions.DelayAction.delegate(F)Z @ 60 c2
Event: 517.856 Thread 0x0000020cd1563450 DEOPT PACKING pc=0x0000020cf6d43d20 sp=0x000000538aefeea0
Event: 517.856 Thread 0x0000020cd1563450 DEOPT UNPACKING pc=0x0000020cf6497da2 sp=0x000000538aefee28 mode 2
Event: 528.585 Thread 0x0000020cd1563450 Uncommon trap: trap_request=0xffffff6e fr.pc=0x0000020cf6ff8fcc relative=0x000000000000026c
Event: 528.585 Thread 0x0000020cd1563450 Uncommon trap: reason=loop_limit_check action=maybe_recompile pc=0x0000020cf6ff8fcc method=com.badlogic.gdx.scenes.scene2d.Actor.clearActions()V @ 11 c2
Event: 528.585 Thread 0x0000020cd1563450 DEOPT PACKING pc=0x0000020cf6ff8fcc sp=0x000000538aefef80
Event: 528.586 Thread 0x0000020cd1563450 DEOPT UNPACKING pc=0x0000020cf6497da2 sp=0x000000538aefef30 mode 2
Event: 608.052 Thread 0x0000020cd1563450 Uncommon trap: trap_request=0xffffff45 fr.pc=0x0000020cf6d51424 relative=0x0000000000001664
Event: 608.052 Thread 0x0000020cd1563450 Uncommon trap: reason=unstable_if action=reinterpret pc=0x0000020cf6d51424 method=sk.sivak.eldritchhorror.core.view.map.monster.MonsterImage.draw(Lcom/badlogic/gdx/graphics/g2d/Batch;F)V @ 4 c2
Event: 608.052 Thread 0x0000020cd1563450 DEOPT PACKING pc=0x0000020cf6d51424 sp=0x000000538aefeff0
Event: 608.052 Thread 0x0000020cd1563450 DEOPT UNPACKING pc=0x0000020cf6497da2 sp=0x000000538aefefe0 mode 2
Event: 670.257 Thread 0x0000020cd1563450 Uncommon trap: trap_request=0xffffff45 fr.pc=0x0000020cf6fff0dc relative=0x0000000000000e3c
Event: 670.257 Thread 0x0000020cd1563450 Uncommon trap: reason=unstable_if action=reinterpret pc=0x0000020cf6fff0dc method=org.lwjgl.opengl.WindowsDisplay.doHandleMessage(JIJJJ)J @ 333 c2
Event: 670.257 Thread 0x0000020cd1563450 DEOPT PACKING pc=0x0000020cf6fff0dc sp=0x000000538aefd440
Event: 670.257 Thread 0x0000020cd1563450 DEOPT UNPACKING pc=0x0000020cf6497da2 sp=0x000000538aefd3b8 mode 2
Event: 671.087 Thread 0x0000020cd1563450 Uncommon trap: trap_request=0xffffff45 fr.pc=0x0000020cf6e79d70 relative=0x0000000000000ad0
Event: 671.087 Thread 0x0000020cd1563450 Uncommon trap: reason=unstable_if action=reinterpret pc=0x0000020cf6e79d70 method=org.lwjgl.opengl.WindowsDisplay.wasResized()Z @ 4 c2
Event: 671.087 Thread 0x0000020cd1563450 DEOPT PACKING pc=0x0000020cf6e79d70 sp=0x000000538aeff1b0
Event: 671.087 Thread 0x0000020cd1563450 DEOPT UNPACKING pc=0x0000020cf6497da2 sp=0x000000538aeff138 mode 2

Classes loaded (20 events):
Event: 11.128 Loading class java/text/MessageFormat
Event: 11.128 Loading class java/text/MessageFormat done
Event: 11.129 Loading class java/text/MessageFormat$Field
Event: 11.129 Loading class java/text/MessageFormat$Field done
Event: 14.543 Loading class java/util/concurrent/PriorityBlockingQueue
Event: 14.544 Loading class java/util/concurrent/PriorityBlockingQueue done
Event: 19.782 Loading class java/lang/Math$RandomNumberGeneratorHolder
Event: 19.782 Loading class java/lang/Math$RandomNumberGeneratorHolder done
Event: 22.477 Loading class sun/text/resources/cldr/FormatData_en_US
Event: 22.477 Loading class sun/text/resources/cldr/FormatData_en_US done
Event: 22.477 Loading class java/text/FieldPosition$Delegate
Event: 22.477 Loading class java/text/FieldPosition$Delegate done
Event: 63.619 Loading class java/util/concurrent/ConcurrentLinkedQueue$Itr
Event: 63.619 Loading class java/util/concurrent/ConcurrentLinkedQueue$Itr done
Event: 121.292 Loading class java/util/regex/Pattern$SliceI
Event: 121.292 Loading class java/util/regex/Pattern$SliceI done
Event: 201.368 Loading class jdk/internal/math/FDBigInteger
Event: 201.368 Loading class jdk/internal/math/FDBigInteger done
Event: 478.737 Loading class java/util/ArrayList$SubList$1
Event: 478.737 Loading class java/util/ArrayList$SubList$1 done

Classes unloaded (0 events):
No events

Classes redefined (0 events):
No events

Internal exceptions (20 events):
Event: 117.207 Thread 0x0000020cd1563450 Implicit null exception at 0x0000020cf6e02f22 to 0x0000020cf6e033e4
Event: 117.207 Thread 0x0000020cd1563450 Implicit null exception at 0x0000020cf6dd3922 to 0x0000020cf6dd3dd4
Event: 119.972 Thread 0x0000020cd1563450 Implicit null exception at 0x0000020cf6d1455a to 0x0000020cf6d1545c
Event: 128.255 Thread 0x0000020cd1563450 Exception <a 'java/lang/NoSuchMethodError'{0x00000006214822e0}: 'java.lang.Object java.lang.invoke.DirectMethodHandle$Holder.newInvokeSpecial(java.lang.Object, java.lang.Object, java.lang.Object, java.lang.Object, int, java.lang.Object, java.lang.Object)'> (0x00000006214822e0) 
thrown [s\src\hotspot\share\interpreter\linkResolver.cpp, line 773]
Event: 136.985 Thread 0x0000020cd1563450 Exception <a 'java/lang/NoSuchMethodError'{0x0000000621590c28}: 'void java.lang.invoke.DirectMethodHandle$Holder.invokeStatic(java.lang.Object, java.lang.Object, java.lang.Object, java.lang.Object, int, java.lang.Object)'> (0x0000000621590c28) 
thrown [s\src\hotspot\share\interpreter\linkResolver.cpp, line 773]
Event: 201.403 Thread 0x0000020cd1563450 Exception <a 'java/lang/NoSuchMethodError'{0x000000062082ee30}: 'java.lang.Object java.lang.invoke.DirectMethodHandle$Holder.newInvokeSpecial(java.lang.Object, java.lang.Object, java.lang.Object, java.lang.Object, java.lang.Object, java.lang.Object, java.lang.Object, java.lang.Object)'> (0x000000062082ee30) 
thrown [s\src\hotspot\share\interpreter\linkResolver.cpp, line 773]
Event: 207.295 Thread 0x0000020cd1563450 Exception <a 'java/lang/NoSuchMethodError'{0x0000000620a5d9f0}: 'java.lang.Object java.lang.invoke.DirectMethodHandle$Holder.newInvokeSpecial(java.lang.Object, java.lang.Object, java.lang.Object, java.lang.Object, java.lang.Object, float)'> (0x0000000620a5d9f0) 
thrown [s\src\hotspot\share\interpreter\linkResolver.cpp, line 773]
Event: 207.295 Thread 0x0000020cd1563450 Exception <a 'java/lang/NoSuchMethodError'{0x0000000620a61e08}: 'java.lang.Object java.lang.invoke.DirectMethodHandle$Holder.invokeSpecial(java.lang.Object, java.lang.Object, java.lang.Object, java.lang.Object, java.lang.Object, java.lang.Object, float)'> (0x0000000620a61e08) 
thrown [s\src\hotspot\share\interpreter\linkResolver.cpp, line 773]
Event: 207.307 Thread 0x0000020cd1563450 Exception <a 'java/lang/NoSuchMethodError'{0x0000000620a72fc8}: 'void java.lang.invoke.DirectMethodHandle$Holder.invokeSpecial(java.lang.Object, java.lang.Object, float, java.lang.Object)'> (0x0000000620a72fc8) 
thrown [s\src\hotspot\share\interpreter\linkResolver.cpp, line 773]
Event: 221.732 Thread 0x0000020cd1563450 Exception <a 'java/lang/NoSuchMethodError'{0x0000000620521e90}: 'java.lang.Object java.lang.invoke.DirectMethodHandle$Holder.newInvokeSpecial(java.lang.Object, java.lang.Object, float, java.lang.Object)'> (0x0000000620521e90) 
thrown [s\src\hotspot\share\interpreter\linkResolver.cpp, line 773]
Event: 243.632 Thread 0x0000020cd1563450 Exception <a 'java/lang/NoSuchMethodError'{0x000000062012d760}: 'void java.lang.invoke.DirectMethodHandle$Holder.invokeStatic(java.lang.Object, java.lang.Object, java.lang.Object, java.lang.Object, java.lang.Object, java.lang.Object, java.lang.Object, java.lang.Object)'> (0x000000062012d760) 
thrown [s\src\hotspot\share\interpreter\linkResolver.cpp, line 773]
Event: 278.389 Thread 0x0000020cd1563450 Exception <a 'java/lang/NoSuchMethodError'{0x000000061ff6eaf0}: 'void java.lang.invoke.DirectMethodHandle$Holder.invokeSpecial(java.lang.Object, java.lang.Object, int)'> (0x000000061ff6eaf0) 
thrown [s\src\hotspot\share\interpreter\linkResolver.cpp, line 773]
Event: 292.782 Thread 0x0000020cd1563450 Implicit null exception at 0x0000020cf6de3ac2 to 0x0000020cf6de3d4c
Event: 292.782 Thread 0x0000020cd1563450 Implicit null exception at 0x0000020cf6cbd866 to 0x0000020cf6cbd90a
Event: 292.782 Thread 0x0000020cd1563450 Implicit null exception at 0x0000020cf6c68d42 to 0x0000020cf6c68fc4
Event: 294.562 Thread 0x0000020cd1563450 Implicit null exception at 0x0000020cf6c1c63d to 0x0000020cf6c1c6c1
Event: 453.070 Thread 0x0000020cd1563450 Exception <a 'java/lang/NoSuchMethodError'{0x000000061da6ccc0}: 'java.lang.Object java.lang.invoke.DirectMethodHandle$Holder.newInvokeSpecial(java.lang.Object, java.lang.Object, java.lang.Object, java.lang.Object, java.lang.Object, int)'> (0x000000061da6ccc0) 
thrown [s\src\hotspot\share\interpreter\linkResolver.cpp, line 773]
Event: 453.070 Thread 0x0000020cd1563450 Exception <a 'java/lang/NoSuchMethodError'{0x000000061da70ed8}: 'java.lang.Object java.lang.invoke.DirectMethodHandle$Holder.invokeSpecial(java.lang.Object, java.lang.Object, java.lang.Object, java.lang.Object, java.lang.Object, java.lang.Object, int)'> (0x000000061da70ed8) 
thrown [s\src\hotspot\share\interpreter\linkResolver.cpp, line 773]
Event: 453.070 Thread 0x0000020cd1563450 Exception <a 'java/lang/NoSuchMethodError'{0x000000061da74a60}: 'java.lang.Object java.lang.invoke.Invokers$Holder.linkToTargetMethod(java.lang.Object, java.lang.Object, java.lang.Object, java.lang.Object, int, java.lang.Object)'> (0x000000061da74a60) 
thrown [s\src\hotspot\share\interpreter\linkResolver.cpp, line 773]
Event: 497.432 Thread 0x0000020cd1563450 Exception <a 'java/lang/NoSuchMethodError'{0x000000061d1bc888}: 'java.lang.Object java.lang.invoke.DirectMethodHandle$Holder.newInvokeSpecial(java.lang.Object, int, java.lang.Object)'> (0x000000061d1bc888) 
thrown [s\src\hotspot\share\interpreter\linkResolver.cpp, line 773]

ZGC Phase Switch (0 events):
No events

VM Operations (20 events):
Event: 630.047 Executing VM operation: Cleanup
Event: 630.047 Executing VM operation: Cleanup done
Event: 631.048 Executing VM operation: Cleanup
Event: 631.048 Executing VM operation: Cleanup done
Event: 632.049 Executing VM operation: Cleanup
Event: 632.049 Executing VM operation: Cleanup done
Event: 640.052 Executing VM operation: Cleanup
Event: 640.052 Executing VM operation: Cleanup done
Event: 641.053 Executing VM operation: Cleanup
Event: 641.053 Executing VM operation: Cleanup done
Event: 643.053 Executing VM operation: Cleanup
Event: 643.053 Executing VM operation: Cleanup done
Event: 645.054 Executing VM operation: Cleanup
Event: 645.054 Executing VM operation: Cleanup done
Event: 646.055 Executing VM operation: Cleanup
Event: 646.055 Executing VM operation: Cleanup done
Event: 648.056 Executing VM operation: Cleanup
Event: 648.056 Executing VM operation: Cleanup done
Event: 650.056 Executing VM operation: Cleanup
Event: 650.056 Executing VM operation: Cleanup done

Memory protections (0 events):
No events

Nmethod flushes (0 events):
No events

Events (20 events):
Event: 132.302 Thread 0x0000020c8b9a4920 Thread exited: 0x0000020c8b9a4920
Event: 183.622 Thread 0x0000020cd28a8780 Thread exited: 0x0000020cd28a8780
Event: 209.076 Thread 0x0000020cd1563450 Thread added: 0x0000020cd285a160
Event: 217.460 Thread 0x0000020c8b90f570 Thread added: 0x0000020c8b9a4920
Event: 217.460 Thread 0x0000020c8b90f570 Thread added: 0x0000020cd135dd20
Event: 217.460 Thread 0x0000020c8b90f570 Thread added: 0x0000020cd135a6a0
Event: 220.241 Thread 0x0000020cd135dd20 Thread exited: 0x0000020cd135dd20
Event: 220.241 Thread 0x0000020cd135a6a0 Thread exited: 0x0000020cd135a6a0
Event: 227.638 Thread 0x0000020c8b9a4920 Thread exited: 0x0000020c8b9a4920
Event: 278.323 Thread 0x0000020c8b90f570 Thread added: 0x0000020c8b9a4920
Event: 278.968 Thread 0x0000020c8b9a4920 Thread exited: 0x0000020c8b9a4920
Event: 363.626 Thread 0x0000020cd285a160 Thread exited: 0x0000020cd285a160
Event: 397.730 Thread 0x0000020c8b90f570 Thread added: 0x0000020c8b9a4920
Event: 400.212 Thread 0x0000020c8b9a4920 Thread exited: 0x0000020c8b9a4920
Event: 416.776 Thread 0x0000020c8b90f570 Thread added: 0x0000020c8b9a4920
Event: 426.104 Thread 0x0000020c8b9a4920 Thread exited: 0x0000020c8b9a4920
Event: 431.952 Thread 0x0000020cd1563450 Thread added: 0x0000020cd2857370
Event: 603.631 Thread 0x0000020cd2857370 Thread exited: 0x0000020cd2857370
Event: 603.631 Thread 0x0000020cd28a6020 Thread exited: 0x0000020cd28a6020
Event: 636.972 Thread 0x0000020cd1563450 Thread added: 0x0000020cd2858db0


Dynamic libraries:
0x00007ff70df80000 - 0x00007ff70df8e000 	C:\Users\matus.sivak\.jdks\corretto-21.0.6\bin\java.exe
0x00007fff2c420000 - 0x00007fff2c686000 	C:\WINDOWS\SYSTEM32\ntdll.dll
0x00007fff2b9b0000 - 0x00007fff2ba79000 	C:\WINDOWS\System32\KERNEL32.DLL
0x00007fff29790000 - 0x00007fff29b8f000 	C:\WINDOWS\System32\KERNELBASE.dll
0x00007fff29630000 - 0x00007fff2977c000 	C:\WINDOWS\System32\ucrtbase.dll
0x00007ffee2bd0000 - 0x00007ffee2be8000 	C:\Users\matus.sivak\.jdks\corretto-21.0.6\bin\jli.dll
0x00007ffed3a10000 - 0x00007ffed3a2b000 	C:\Users\matus.sivak\.jdks\corretto-21.0.6\bin\VCRUNTIME140.dll
0x00007fff2a150000 - 0x00007fff2a316000 	C:\WINDOWS\System32\USER32.dll
0x00007fff06400000 - 0x00007fff06691000 	C:\WINDOWS\WinSxS\amd64_microsoft.windows.common-controls_6595b64144ccf1df_6.0.26100.8972_none_3e0da176e32f9d4b\COMCTL32.dll
0x00007fff2a060000 - 0x00007fff2a087000 	C:\WINDOWS\System32\win32u.dll
0x00007fff2c1e0000 - 0x00007fff2c289000 	C:\WINDOWS\System32\msvcrt.dll
0x00007fff2a320000 - 0x00007fff2a34b000 	C:\WINDOWS\System32\GDI32.dll
0x00007fff29f30000 - 0x00007fff2a059000 	C:\WINDOWS\System32\gdi32full.dll
0x00007fff29e80000 - 0x00007fff29f23000 	C:\WINDOWS\System32\msvcp_win.dll
0x00007fff2c2c0000 - 0x00007fff2c2f2000 	C:\WINDOWS\System32\IMM32.DLL
0x00007fff29260000 - 0x00007fff293b9000 	C:\Program Files\Avecto\Privilege Guard Client\PGHook.dll
0x00007fff2adf0000 - 0x00007fff2aeac000 	C:\WINDOWS\System32\ADVAPI32.dll
0x00007fff2bbf0000 - 0x00007fff2bc9a000 	C:\WINDOWS\System32\sechost.dll
0x00007fff2b520000 - 0x00007fff2b638000 	C:\WINDOWS\System32\RPCRT4.dll
0x0000000076a30000 - 0x0000000076aa3000 	C:\WINDOWS\System32\QIPCAP64.dll
0x00007fff2a4e0000 - 0x00007fff2ac68000 	C:\WINDOWS\System32\SHELL32.dll
0x00007fff2c040000 - 0x00007fff2c1d9000 	C:\WINDOWS\System32\ole32.dll
0x00007fff2bca0000 - 0x00007fff2c025000 	C:\WINDOWS\System32\combase.dll
0x00007fff2b380000 - 0x00007fff2b459000 	C:\WINDOWS\System32\OLEAUT32.dll
0x00007fff277a0000 - 0x00007fff278f8000 	C:\WINDOWS\SYSTEM32\DNSAPI.dll
0x00007fff284e0000 - 0x00007fff284ed000 	C:\WINDOWS\SYSTEM32\DSPARSE.dll
0x00007fff27760000 - 0x00007fff27793000 	C:\WINDOWS\SYSTEM32\IPHLPAPI.DLL
0x00007fff2aec0000 - 0x00007fff2aeca000 	C:\WINDOWS\System32\NSI.dll
0x00007fff20750000 - 0x00007fff2075c000 	C:\Users\matus.sivak\.jdks\corretto-21.0.6\bin\vcruntime140_1.dll
0x00007ffe86700000 - 0x00007ffe8678d000 	C:\Users\matus.sivak\.jdks\corretto-21.0.6\bin\msvcp140.dll
0x00007ffe253e0000 - 0x00007ffe2617f000 	C:\Users\matus.sivak\.jdks\corretto-21.0.6\bin\server\jvm.dll
0x00007fff2a450000 - 0x00007fff2a4d2000 	C:\WINDOWS\System32\WS2_32.dll
0x00007fff293e0000 - 0x00007fff2943e000 	C:\WINDOWS\SYSTEM32\POWRPROF.dll
0x00007fff1d860000 - 0x00007fff1d896000 	C:\WINDOWS\SYSTEM32\WINMM.dll
0x00007fff270f0000 - 0x00007fff270fb000 	C:\WINDOWS\SYSTEM32\VERSION.dll
0x00007fff293c0000 - 0x00007fff293d5000 	C:\WINDOWS\SYSTEM32\UMPDC.dll
0x00007fff28050000 - 0x00007fff2806b000 	C:\WINDOWS\SYSTEM32\kernel.appcore.dll
0x00007fff20720000 - 0x00007fff2072a000 	C:\Users\matus.sivak\.jdks\corretto-21.0.6\bin\jimage.dll
0x00007fff25b90000 - 0x00007fff25dd2000 	C:\WINDOWS\SYSTEM32\DBGHELP.DLL
0x00007ffefcfc0000 - 0x00007ffefcffb000 	C:\WINDOWS\SYSTEM32\dbgcore.DLL
0x00007fff29d30000 - 0x00007fff29ddc000 	C:\WINDOWS\System32\bcryptPrimitives.dll
0x00007ffece9d0000 - 0x00007ffece9ef000 	C:\Users\matus.sivak\.jdks\corretto-21.0.6\bin\java.dll
0x00007fff267e0000 - 0x00007fff2707b000 	C:\WINDOWS\SYSTEM32\windows.storage.dll
0x00007fff2a350000 - 0x00007fff2a449000 	C:\WINDOWS\System32\SHCORE.dll
0x00007fff2c360000 - 0x00007fff2c3c6000 	C:\WINDOWS\System32\shlwapi.dll
0x00007fff29550000 - 0x00007fff29579000 	C:\WINDOWS\SYSTEM32\profapi.dll
0x00007ffe66710000 - 0x00007ffe667e7000 	C:\Users\matus.sivak\.jdks\corretto-21.0.6\bin\jsvml.dll
0x00007fff03360000 - 0x00007fff03370000 	C:\Users\matus.sivak\.jdks\corretto-21.0.6\bin\net.dll
0x00007fff28070000 - 0x00007fff28198000 	C:\WINDOWS\SYSTEM32\WINHTTP.dll
0x00007fff28710000 - 0x00007fff2877c000 	C:\WINDOWS\system32\mswsock.dll
0x00007ffec6610000 - 0x00007ffec6626000 	C:\Users\matus.sivak\.jdks\corretto-21.0.6\bin\nio.dll
0x00007ffeca4a0000 - 0x00007ffeca4b8000 	C:\Users\matus.sivak\.jdks\corretto-21.0.6\bin\zip.dll
0x0000000065580000 - 0x0000000065616000 	C:\Users\matus.sivak\AppData\Local\Temp\libgdxmatus.sivak\12dfaa03\gdx64.dll
0x00007fff28b30000 - 0x00007fff28b4b000 	C:\WINDOWS\SYSTEM32\CRYPTSP.dll
0x00007fff27fb0000 - 0x00007fff27fe9000 	C:\WINDOWS\system32\rsaenh.dll
0x00007fff287c0000 - 0x00007fff287f2000 	C:\WINDOWS\SYSTEM32\USERENV.dll
0x00007fff29520000 - 0x00007fff2954a000 	C:\WINDOWS\SYSTEM32\bcrypt.dll
0x00007fff28b00000 - 0x00007fff28b0c000 	C:\WINDOWS\SYSTEM32\CRYPTBASE.dll
0x00007fff20900000 - 0x00007fff20910000 	C:\Users\matus.sivak\.jdks\corretto-21.0.6\bin\verify.dll
0x0000000180000000 - 0x0000000180053000 	C:\Users\matus.sivak\AppData\Local\Temp\libgdxmatus.sivak\dc0f0009\lwjgl64.dll
0x00007ffede0c0000 - 0x00007ffede1cc000 	C:\WINDOWS\SYSTEM32\OPENGL32.dll
0x00007ffede030000 - 0x00007ffede05d000 	C:\WINDOWS\SYSTEM32\GLU32.dll
0x00007fff25550000 - 0x00007fff25595000 	C:\WINDOWS\SYSTEM32\dxcore.dll
0x0000020c8bd00000 - 0x0000020c8bd64000 	C:\Users\MATUS~1.SIV\AppData\Local\Temp\libgdxmatus.sivak\dc0f0009\OpenAL64.dll
0x00007fff25470000 - 0x00007fff25518000 	C:\WINDOWS\system32\uxtheme.dll
0x00007fff2b460000 - 0x00007fff2b50e000 	C:\WINDOWS\System32\clbcatq.dll
0x00007ffe67200000 - 0x00007ffe67294000 	C:\WINDOWS\SYSTEM32\dsound.dll
0x00007ffe67050000 - 0x00007ffe67107000 	C:\WINDOWS\SYSTEM32\ResampleDmo.DLL
0x00007ffefd6d0000 - 0x00007ffefd707000 	C:\WINDOWS\SYSTEM32\winmmbase.dll
0x00007ffed7430000 - 0x00007ffed743e000 	C:\WINDOWS\SYSTEM32\msdmo.dll
0x00007fff290a0000 - 0x00007fff290f2000 	C:\WINDOWS\SYSTEM32\cfgmgr32.dll
0x00007ffefeac0000 - 0x00007ffefeb66000 	C:\WINDOWS\System32\MMDevApi.dll
0x00007fff29060000 - 0x00007fff2908f000 	C:\WINDOWS\System32\DEVOBJ.dll
0x00007ffefe3d0000 - 0x00007ffefe587000 	C:\WINDOWS\SYSTEM32\AUDIOSES.DLL
0x00007fff25f60000 - 0x00007fff25f74000 	C:\WINDOWS\SYSTEM32\resourcepolicyclient.dll
0x00007fff1d420000 - 0x00007fff1d4df000 	C:\WINDOWS\SYSTEM32\mscms.dll
0x00007fff14850000 - 0x00007fff148e2000 	C:\Windows\System32\Windows.Internal.Graphics.Display.DisplayColorManagement.dll
0x0000020cd29b0000 - 0x0000020cd2b0d000 	C:\WINDOWS\System32\MSCTF.dll
0x00007fff0bc10000 - 0x00007fff0bd56000 	C:\WINDOWS\SYSTEM32\textinputframework.dll
0x00007fff24bc0000 - 0x00007fff24ceb000 	C:\WINDOWS\SYSTEM32\CoreMessaging.dll
0x00007fff1f710000 - 0x00007fff1f9f4000 	C:\WINDOWS\SYSTEM32\CoreUIComponents.dll
0x00007fff1f580000 - 0x00007fff1f6ea000 	C:\WINDOWS\SYSTEM32\wintypes.dll
0x00007fff20350000 - 0x00007fff203af000 	C:\WINDOWS\SYSTEM32\directxdatabasehelper.dll
0x00007fff12880000 - 0x00007fff1289f000 	C:\WINDOWS\SYSTEM32\windows.staterepositorycore.dll
0x00007ffe02000000 - 0x00007ffe03552000 	C:\WINDOWS\System32\DriverStore\FileRepository\iigd_dch.inf_amd64_b20bdb7dfb36a7ef\igxelpicd64.dll
0x00007fff255a0000 - 0x00007fff256da000 	C:\WINDOWS\SYSTEM32\dxgi.dll
0x00007ffe83ff0000 - 0x00007ffe84013000 	C:\WINDOWS\SYSTEM32\d3d12.dll
0x00007fff25700000 - 0x00007fff2572f000 	C:\WINDOWS\system32\dwmapi.dll
0x00007ffe61c60000 - 0x00007ffe61e01000 	C:\WINDOWS\System32\DriverStore\FileRepository\iigd_dch.inf_amd64_b20bdb7dfb36a7ef\igdml64.dll
0x00007fff1cd80000 - 0x00007fff1d32b000 	C:\WINDOWS\System32\DriverStore\FileRepository\iigd_dch.inf_amd64_b20bdb7dfb36a7ef\igdgmm64.dll
0x00007ffef9e90000 - 0x00007ffef9edb000 	C:\WINDOWS\SYSTEM32\icm32.dll
0x00007fff17580000 - 0x00007fff1c834000 	C:\WINDOWS\System32\DriverStore\FileRepository\iigd_dch.inf_amd64_b20bdb7dfb36a7ef\igc64.dll
0x000000006a740000 - 0x000000006a7f1000 	C:\Users\matus.sivak\AppData\Local\Temp\libgdxmatus.sivak\a04a55a\gdx-freetype64.dll
0x00007ffec7e60000 - 0x00007ffec7ee0000 	C:\WINDOWS\system32\Ninput.dll
0x00007fff07cd0000 - 0x00007fff07d86000 	C:\WINDOWS\SYSTEM32\TextShaping.dll

dbghelp: loaded successfully - version: 4.0.5 - missing functions: none
symbol engine: initialized successfully - sym options: 0x614 - pdb path: .;C:\Users\matus.sivak\.jdks\corretto-21.0.6\bin;C:\WINDOWS\SYSTEM32;C:\WINDOWS\WinSxS\amd64_microsoft.windows.common-controls_6595b64144ccf1df_6.0.26100.8972_none_3e0da176e32f9d4b;C:\Program Files\Avecto\Privilege Guard Client;C:\Users\matus.sivak\.jdks\corretto-21.0.6\bin\server;C:\Users\matus.sivak\AppData\Local\Temp\libgdxmatus.sivak\12dfaa03;C:\Users\matus.sivak\AppData\Local\Temp\libgdxmatus.sivak\dc0f0009;C:\Users\MATUS~1.SIV\AppData\Local\Temp\libgdxmatus.sivak\dc0f0009;C:\WINDOWS\System32\DriverStore\FileRepository\iigd_dch.inf_amd64_b20bdb7dfb36a7ef;C:\Users\matus.sivak\AppData\Local\Temp\libgdxmatus.sivak\a04a55a

VM Arguments:
jvm_args: -Dfile.encoding=UTF-8 -Duser.country=US -Duser.language=en -Duser.variant 
java_command: sk.sivak.eldritchhorror.GameDesktop
java_class_path (initial): C:\WORK\Projects\Ancient Terror\desktop\build\classes\java\main;C:\WORK\Projects\Ancient Terror\desktop\build\resources\main;C:\WORK\Projects\Ancient Terror\core\entry\build\libs\Entry-1.0.jar;C:\Users\matus.sivak\.gradle\caches\modules-2\files-2.1\org.springframework.boot\spring-boot-starter-web\2.7.18\dd62ea85098187b4604e78dc15a7ff87dba173d\spring-boot-starter-web-2.7.18.jar;C:\Users\matus.sivak\.gradle\caches\modules-2\files-2.1\com.badlogicgames.gdx\gdx-backend-lwjgl\1.9.8\b7c138f14ed67ad830ae7597da3d86ae02b20eee\gdx-backend-lwjgl-1.9.8.jar;C:\Users\matus.sivak\.gradle\caches\modules-2\files-2.1\com.badlogicgames.gdx\gdx-platform\1.9.8\604a2ef2c7c92a5900114757cbd3fb4dcbb8270c\gdx-platform-1.9.8-natives-desktop.jar;C:\Users\matus.sivak\.gradle\caches\modules-2\files-2.1\com.badlogicgames.gdx\gdx-freetype-platform\1.9.8\b21a8def0c70ec49ea5e2658e788b7a9177399f8\gdx-freetype-platform-1.9.8-natives-desktop.jar;C:\WORK\Projects\Ancient Terror\core\initializer\build\libs\initializer-1.0.jar;C:\WORK\Projects\Ancient Terror\core\binder\binder-view-controller\build\libs\binder-view-controller-1.0.jar;C:\WORK\Projects\Ancient Terror\core\view\view-provider\view-provider-impl\build\libs\view-provider-impl-1.0.jar;C:\WORK\Projects\Ancient Terror\core\view\view-provider\view-provider-interface\build\libs\view-provider-interface-1.0.jar;C:\WORK\Projects\Ancient Terror\core\view\view-impl\build\libs\view-impl-1.0.jar;C:\WORK\Projects\Ancient Terror\core\skin-composer\build\libs\skin-composer-1.0.jar;C:\Users\matus.sivak\.gradle\caches\modules-2\files-2.1\com.badlogicgames.gdx\gdx-ai\1.8.1\a52367e373fe52f0d20f162cbf8711c38f002a25\gdx-ai-1.8.1.jar;C:\Users\matus.sivak\.gradle\caches\modules-2\files-2.1\com.badlogicgames.gdx\gdx-freetype\1.9.8\d92b5b8beab10e3b3c0dd836d4fc186f95e7ea4b\gdx-freetype-1.9.8.jar;C:\Users\matus.sivak\.gradle\caches\modules-2\files-2.1\com.kotcrab.vis\vis-ui\1.3.0\639741faa66a560197ee06a9412949402c831796\vis-ui-1.3.0.jar;C:\WORK\Projects\Ancient Terror\core\binder\binder-action\build\libs\binder-action-1.0.jar;C:\WORK\Projects\Ancient Terror\core\action\action-provider\action-provider-impl\build\libs\action-provider-impl-1.0.jar;C:\WORK\Projects\Ancient Terror\core\action\action-impl\build\libs\action-impl-1.0.jar;C:\WORK\Projects\Ancient Terror\core\binder\binder-controller-model\build\libs\binder-controller-model-1.0.jar;C:\WORK\Projects\Ancient Terror\core\controller\controller-provider\controller-provider-impl\build\libs\controller-provider-impl-1.0.jar;C:\WORK\Projects\Ancient Terror\core\controller\controller-provider\controller-provider-interface\build\libs\controller-provider-interface-1.0.jar;C:\WORK\Projects\Ancient Terror\core\controller\controller-impl\build\libs\controller-impl-1.0.jar;C:\WORK\Projects\Ancient Terror\core\controller\controller-interface\build\libs\controller-interface-1.0.jar;C:\WORK\Projects\Ancient Terror\core\view\view-interface\build\libs\view-interface-1.0.jar;C:\WORK\Projects\Ancient Terror\core\model\model-provider\model-provider-impl\build\libs\model-provider-impl-1.0.jar;C:\WORK\Projects\Ancient Terror\core\model\model-provider\model-provider-interface\build\libs\model-provider-interface-1.0.jar;C:\WORK\Projects\Ancient Terror\core\model\model-impl\build\libs\model-impl-1.0.jar;C:\WORK\Projects\Ancient Terror\core\model\model-write\build\libs\model-write-1.0.jar;C:\WORK\Projects\Ancient Terror\core\binder\binder-event-listener\build\libs\binder-event-listener-1.0.jar;C:\WORK\Projects\Ancient Terror\core\event-listener\event-listener-provider\event-listener-provider-impl\build\libs\event-listener-provider-impl-1.0.jar;C:\WORK\Projects\Ancient Terror\core\event-listener\event-listener-provider\event-listener-provider-interface\build\libs\event-listener-provider-interface-1.0.jar;C:\WORK\Projects\Ancient Terror\core\event-listener\event-listener-impl\build\libs\event-listener-impl-1.0.jar;C:\WORK\Projects\Ancient Terror\core\model\model-read\build\libs\model-read-1.0.jar;C:\WORK\Projects\Ancient Terror\core\binder\binder-service\build\libs\binder-service-1.0.jar;C:\WORK\Projects\Ancient Terror\core\service\service-provider\service-provider-impl\build\libs\service-provider-impl-1.0.jar;C:\WORK\Projects\Ancient Terror\core\service\service-provider\service-provider-interface\build\libs\service-provider-interface-1.0.jar;C:\WORK\Projects\Ancient Terror\core\service\service-impl\build\libs\service-impl-1.0.jar;C:\WORK\Projects\Ancient Terror\core\action\action-provider\action-provider-interface\build\libs\action-provider-interface-1.0.jar;C:\WORK\Projects\Ancient Terror\core\action\action-interface\build\libs\action-interface-1.0.jar;C:\WORK\Projects\Ancient Terror\core\event-queue\event-queue-provider\event-queue-provider-impl\build\libs\event-queue-provider-impl-1.0.jar;C:\WORK\Projects\Ancient Terror\core\event-queue\event-queue-provider\event-queue-provider-interface\build\libs\event-queue-provider-interface-1.0.jar;C:\WORK\Projects\Ancient Terror\core\event-queue\event-queue-impl\build\libs\event-queue-impl-1.0.jar;C:\WORK\Projects\Ancient Terror\core\event-queue\event-queue-write\build\libs\event-queue-write-1.0.jar;C:\WORK\Projects\Ancient Terror\core\event-queue\event-queue-read\build\libs\event-queue-read-1.0.jar;C:\WORK\Projects\Ancient Terror\core\service\service-interface\build\libs\service-interface-1.0.jar;C:\WORK\Projects\Ancient Terror\core\event-type\build\libs\event-type-1.0.jar;C:\WORK\Projects\Ancient Terror\core\constants\build\libs\constants-1.0.jar;C:\Users\matus.sivak\.gradle\caches\modules-2\files-2.1\com.badlogicgames.gdxpay\gdx-pay-client\1.3.13\7ee97c4ea70bb172bd7d7ae80d79d50abe94e4da\gdx-pay-client-1.3.13.jar;C:\Users\matus.sivak\.gradle\caches\modules-2\files-2.1\com.badlogicgames.gdx\gdx\1.9.8\a35a0076fbce873f9c2d5a1a1c8066244231bb3c\gdx-1.9.8.jar;C:\Users\matus.sivak\.gradle\caches\modules-2\files-2.1\javax.mail\mail\1.5.0-b01\c128515e42609622ce3f7dc0b431026d80bdb688\mail-1.5.0-b01.jar;C:\Users\matus.sivak\.gradle\caches\modules-2\files-2.1\org.springframework.boot\spring-boot-starter-json\2.7.18\b6d9ed5cae0c1929a9e561bf4799a3dc93a10db1\spring-boot-starter-json-2.7.18.jar;C:\Users\matus.sivak\.gradle\caches\modules-2\files-2.1\org.springframework.boot\spring-boot-starter\2.7.18\e56b75105f9ace6df154fd47eeeeadc2f5791e56\spring-boot-starter-2.7.18.jar;C:\Users\matus.sivak\.gradle\caches\modules-2\files-2.1\org.springframework.boot\spring-boot-starter-tomcat\2.7.18\c56e50e006448e75a8bde595dbc754ba294389af\spring-boot-starter-tomcat-2.7.18.jar;C:\Users\matus.sivak\.gradle\caches\modules-2\files-2.1\org.springframework\spring-webmvc\5.3.31\45754d056effe8257a012f6b98ed5454cf1e8960\spring-webmvc-5.3.31.jar;C:\Users\matus.sivak\.gradle\caches\modules-2\files-2.1\org.springframework\spring-web\5.3.31\3bf73c385a1f2f4a0d482149d6a205e854cec497\spring-web-5.3.31.jar;C:\Users\matus.sivak\.gradle\caches\modules-2\files-2.1\org.lwjgl.lwjgl\lwjgl_util\2.9.2\4b9e37300a87799856e0bd15ed81663cdb6b0947\lwjgl_util-2.9.2.jar;C:\Users\matus.sivak\.gradle\caches\modules-2\files-2.1\org.lwjgl.lwjgl\lwjgl\2.9.2\a9d80fe5935c7a9149f6584d9777cfd471f65489\lwjgl-2.9.2.jar;C:\Users\matus.sivak\.gradle\caches\modules-2\files-2.1\com.badlogicgames.jlayer\jlayer\1.0.1-gdx\7cca83cec5c1b2f011362f4d85aabd71a73b049d\jlayer-1.0.1-gdx.jar;C:\Users\matus.sivak\.gradle\caches\modules-2\files-2.1\org.jcraft\jorbis\0.0.17\8872d22b293e8f5d7d56ff92be966e6dc28ebdc6\jorbis-0.0.17.jar;C:\WORK\Projects\Ancient Terror\core\command-queue\command-queue-impl\build\libs\command-queue-impl-1.0.jar;C:\Users\matus.sivak\.gradle\caches\modules-2\files-2.1\javax.activation\activation\1.1\e6cb541461c2834bdea3eb920f1884d1eb508b50\activation-1.1.jar;C:\Users\matus.sivak\.gradle\caches\modules-2\files-2.1\org.springframework.boot\spring-boot-autoconfigure\2.7.18\9cf147c6ca274c75b32556acdcba5a1de081ebcd\spring-boot-autoconfigure-2.7.18.jar;C:\Users\matus.sivak\.gradle\caches\modules-2\files-2.1\org.springframework.boot\spring-boot\2.7.18\f6dbdd8da7c2bded63dff9b1f48d01a4923f20a0\spring-boot-2.7.18.jar;C:\Users\matus.sivak\.gradle\caches\modules-2\files-2.1\org.springframework.boot\spring-boot-starter-logging\2.7.18\19f7c255ba5255116f58c3bbaf52c7b88ea6af3e\spring-boot-starter-logging-2.7.18.jar;C:\Users\matus.sivak\.gradle\caches\modules-2\files-2.1\jakarta.annotation\jakarta.annotation-api\1.3.5\59eb84ee0d616332ff44aba065f3888cf002cd2d\jakarta.annotation-api-1.3.5.jar;C:\Users\matus.sivak\.gradle\caches\modules-2\files-2.1\org.springframework\spring-context\5.3.31\a2d6e76507f037ad835e8c2288dfedf28981999f\spring-context-5.3.31.jar;C:\Users\matus.sivak\.gradle\caches\modules-2\files-2.1\org.springframework\spring-aop\5.3.31\3be929dbdb5f4516919ad09a3d3720d779bb65d9\spring-aop-5.3.31.jar;C:\Users\matus.sivak\.gradle\caches\modules-2\files-2.1\org.springframework\spring-beans\5.3.31\d27258849071b3b268ecc388eca35bbfcc586448\spring-beans-5.3.31.jar;C:\Users\matus.sivak\.gradle\caches\modules-2\files-2.1\org.springframework\spring-expression\5.3.31\55637af1b186d1008890980c2876c5fc83599756\spring-expression-5.3.31.jar;C:\Users\matus.sivak\.gradle\caches\modules-2\files-2.1\org.springframework\spring-core\5.3.31\368e76f732a3c331b970f69cafec1525d27b34d3\spring-core-5.3.31.jar;C:\Users\matus.sivak\.gradle\caches\modules-2\files-2.1\org.yaml\snakeyaml\1.30\8fde7fe2586328ac3c68db92045e1c8759125000\snakeyaml-1.30.jar;C:\Users\matus.sivak\.gradle\caches\modules-2\files-2.1\com.fasterxml.jackson.datatype\jackson-datatype-jsr310\2.13.5\8ba3b868e81d7fc6ead686bd2353859b111d9eaf\jackson-datatype-jsr310-2.13.5.jar;C:\Users\matus.sivak\.gradle\caches\modules-2\files-2.1\com.fasterxml.jackson.module\jackson-module-parameter-names\2.13.5\a401a99e7a45450fd3ef76e82ba39005fd1a8c22\jackson-module-parameter-names-2.13.5.jar;C:\Users\matus.sivak\.gradle\caches\modules-2\files-2.1\com.fasterxml.jackson.core\jackson-annotations\2.13.5\136f77ab424f302c9e27230b4482e8000e142edf\jackson-annotations-2.13.5.jar;C:\Users\matus.sivak\.gradle\caches\modules-2\files-2.1\com.fasterxml.jackson.core\jackson-core\2.13.5\d07c97d3de9ea658caf1ff1809fd9de930a286a\jackson-core-2.13.5.jar;C:\Users\matus.sivak\.gradle\caches\modules-2\files-2.1\com.fasterxml.jackson.datatype\jackson-datatype-jdk8\2.13.5\1278f38160812811c56eb77f67213662ed1c7a2e\jackson-datatype-jdk8-2.13.5.jar;C:\Users\matus.sivak\.gradle\caches\modules-2\files-2.1\com.fasterxml.jackson.core\jackson-databind\2.13.5\aa95e46dbc32454f3983221d420e78ef19ddf844\jackson-databind-2.13.5.jar;C:\Users\matus.sivak\.gradle\caches\modules-2\files-2.1\org.apache.tomcat.embed\tomcat-embed-websocket\9.0.83\9af4b7450296bb4eff93b2ee3e52ab69d07512e4\tomcat-embed-websocket-9.0.83.jar;C:\Users\matus.sivak\.gradle\caches\modules-2\files-2.1\org.apache.tomcat.embed\tomcat-embed-core\9.0.83\d771e4343b0515c67dab2a09fe02f5d47550153f\tomcat-embed-core-9.0.83.jar;C:\Users\matus.sivak\.gradle\caches\modules-2\files-2.1\org.apache.tomcat.embed\tomcat-embed-el\9.0.83\b0cdada70099c25f45fceb48e1ebce60d138a5ce\tomcat-embed-el-9.0.83.jar;C:\Users\matus.sivak\.gradle\caches\modules-2\files-2.1\org.lwjgl.lwjgl\lwjgl-platform\2.9.2\510c7d317f5e9e700b9cfaac5fd38bdebf0702e0\lwjgl-platform-2.9.2-natives-windows.jar;C:\Users\matus.sivak\.gradle\caches\modules-2\files-2.1\org.lwjgl.lwjgl\lwjgl-platform\2.9.2\d276cdf61fe2b516c7b7f4aa1b8dea91dbdc8d56\lwjgl-platform-2.9.2-natives-linux.jar;C:\Users\matus.sivak\.gradle\caches\modules-2\files-2.1\org.lwjgl.lwjgl\lwjgl-platform\2.9.2\d55b46b40b40249d627a83a7f7f22649709d70c3\lwjgl-platform-2.9.2-natives-osx.jar;C:\Users\matus.sivak\.gradle\caches\modules-2\files-2.1\net.java.jinput\jinput\2.0.5\39c7796b469a600f72380316f6b1f11db6c2c7c4\jinput-2.0.5.jar;C:\WORK\Projects\Ancient Terror\core\command-queue\command-queue-interface\build\libs\command-queue-interface-1.0.jar;C:\Users\matus.sivak\.gradle\caches\modules-2\files-2.1\ch.qos.reload4j\reload4j\1.2.26\f9a29cea570c15844d2ec98bf8e2e523017a6a53\reload4j-1.2.26.jar;C:\Users\matus.sivak\.gradle\caches\modules-2\files-2.1\ch.qos.logback\logback-classic\1.2.12\d4dee19148dccb177a0736eb2027bd195341da78\logback-classic-1.2.12.jar;C:\Users\matus.sivak\.gradle\caches\modules-2\files-2.1\org.apache.logging.log4j\log4j-to-slf4j\2.17.2\17dd0fae2747d9a28c67bc9534108823d2376b46\log4j-to-slf4j-2.17.2.jar;C:\Users\matus.sivak\.gradle\caches\modules-2\files-2.1\org.slf4j\jul-to-slf4j\1.7.36\ed46d81cef9c412a88caef405b58f93a678ff2ca\jul-to-slf4j-1.7.36.jar;C:\Users\matus.sivak\.gradle\caches\modules-2\files-2.1\org.springframework\spring-jcl\5.3.31\e7ab9ee590a195415dd6b898440d776b4c8db78c\spring-jcl-5.3.31.jar;C:\Users\matus.sivak\.gradle\caches\modules-2\files-2.1\net.java.jutils\jutils\1.0.0\e12fe1fda814bd348c1579329c86943d2cd3c6a6\jutils-1.0.0.jar;C:\Users\matus.sivak\.gradle\caches\modules-2\files-2.1\net.java.jinput\jinput-platform\2.0.5\7ff832a6eb9ab6a767f1ade2b548092d0fa64795\jinput-platform-2.0.5-natives-linux.jar;C:\Users\matus.sivak\.gradle\caches\modules-2\files-2.1\net.java.jinput\jinput-platform\2.0.5\385ee093e01f587f30ee1c8a2ee7d408fd732e16\jinput-platform-2.0.5-natives-windows.jar;C:\Users\matus.sivak\.gradle\caches\modules-2\files-2.1\net.java.jinput\jinput-platform\2.0.5\53f9c919f34d2ca9de8c51fc4e1e8282029a9232\jinput-platform-2.0.5-natives-osx.jar;C:\WORK\Projects\Ancient Terror\java8-features\build\libs\java8-features-1.0.jar;C:\Users\matus.sivak\.gradle\caches\modules-2\files-2.1\io.reactivex\rxjava\1.3.0\af000bec2036a2a9d07197c4b03b8966bfc60b03\rxjava-1.3.0.jar;C:\Users\matus.sivak\.gradle\caches\modules-2\files-2.1\junit\junit\4.12\2973d150c0dc1fefe998f834810d68f278ea58ec\junit-4.12.jar;C:\Users\matus.sivak\.gradle\caches\modules-2\files-2.1\ch.qos.logback\logback-core\1.2.12\1d8e51a698b138065d73baefb4f94531faa323cb\logback-core-1.2.12.jar;C:\Users\matus.sivak\.m2\repository\org\slf4j\slf4j-api\1.7.36\slf4j-api-1.7.36.jar;C:\Users\matus.sivak\.gradle\caches\modules-2\files-2.1\org.apache.logging.log4j\log4j-api\2.17.2\f42d6afa111b4dec5d2aea0fe2197240749a4ea6\log4j-api-2.17.2.jar;C:\Users\matus.sivak\.gradle\caches\modules-2\files-2.1\com.rafaskoberg.gdx\typing-label\1.0.4\45dddf6ddba01c056f1742133c4030ce34dde488\typing-label-1.0.4.jar;C:\Users\matus.sivak\.m2\repository\org\hamcrest\hamcrest-core\1.3\hamcrest-core-1.3.jar;C:\Users\matus.sivak\.gradle\caches\modules-2\files-2.1\com.badlogicgames.gdxpay\gdx-pay\1.3.13\a0bd1fbf1489e66ab2681529ccad389762ad6f95\gdx-pay-1.3.13.jar;C:\Users\matus.sivak\.m2\repository\com\google\code\findbugs\jsr305\3.0.2\jsr305-3.0.2.jar
Launcher Type: SUN_STANDARD

[Global flags]
     intx CICompilerCount                          = 12                                        {product} {ergonomic}
     uint ConcGCThreads                            = 3                                         {product} {ergonomic}
     uint G1ConcRefinementThreads                  = 13                                        {product} {ergonomic}
   size_t G1HeapRegionSize                         = 4194304                                   {product} {ergonomic}
    uintx GCDrainStackTargetSize                   = 64                                        {product} {ergonomic}
   size_t InitialHeapSize                          = 532676608                                 {product} {ergonomic}
   size_t MarkStackSize                            = 4194304                                   {product} {ergonomic}
   size_t MaxHeapSize                              = 8518631424                                {product} {ergonomic}
   size_t MaxNewSize                               = 5108662272                                {product} {ergonomic}
   size_t MinHeapDeltaBytes                        = 4194304                                   {product} {ergonomic}
   size_t MinHeapSize                              = 8388608                                   {product} {ergonomic}
    uintx NonNMethodCodeHeapSize                   = 7602480                                {pd product} {ergonomic}
    uintx NonProfiledCodeHeapSize                  = 122027880                              {pd product} {ergonomic}
    uintx ProfiledCodeHeapSize                     = 122027880                              {pd product} {ergonomic}
    uintx ReservedCodeCacheSize                    = 251658240                              {pd product} {ergonomic}
     bool SegmentedCodeCache                       = true                                      {product} {ergonomic}
   size_t SoftMaxHeapSize                          = 8518631424                             {manageable} {ergonomic}
     bool UseCompressedOops                        = true                           {product lp64_product} {ergonomic}
     bool UseG1GC                                  = true                                      {product} {ergonomic}
     bool UseLargePagesIndividualAllocation        = false                                  {pd product} {ergonomic}

Logging:
Log output configuration:
 #0: stdout all=warning uptime,level,tags foldmultilines=false
 #1: stderr all=off uptime,level,tags foldmultilines=false

Environment Variables:
JAVA_HOME=C:\Users\matus.sivak\.jdks\corretto-21.0.6
PATH=C:\Program Files\Microsoft SDKs\Azure\CLI2\wbin;C:\windows\system32;C:\windows;C:\windows\System32\Wbem;C:\windows\System32\WindowsPowerShell\v1.0\;C:\windows\System32\OpenSSH\;C:\Program Files (x86)\Pulse Secure\VC142.CRT\X64\;C:\Program Files (x86)\Pulse Secure\VC142.CRT\X86\;C:\Users\matus.sivak\.jdks\openjdk-25.0.2\bin;C:\WORK\Tools\apache-maven-3.9.1\bin;C:\Program Files\PuTTY\;C:\Program Files (x86)\Microsoft SQL Server\160\DTS\Binn\;C:\Program Files\Azure Data Studio\bin;C:\Program Files (x86)\NVIDIA Corporation\PhysX\Common;C:\WINDOWS\system32;C:\WINDOWS;C:\WINDOWS\System32\Wbem;C:\WINDOWS\System32\WindowsPowerShell\v1.0\;C:\WINDOWS\System32\OpenSSH\;C:\Program Files\dotnet\;C:\Users\matus.sivak\AppData\Local\Programs\Python\Python314\Scripts\;C:\Users\matus.sivak\AppData\Local\Programs\Python\Python314\;C:\Users\matus.sivak\AppData\Local\Programs\Python\Launcher\;C:\Users\matus.sivak\AppData\Local\Microsoft\WindowsApps;C:\Users\matus.sivak\AppData\Local\Programs\IntelliJ IDEA 2025.3.1.1\bin;C:\Program Files\Azure Data Studio\bin;C:\Users\matus.sivak\.dotnet\tools;C:\WORK\Projects\EntriX\docker;C:\Program Files (x86)\Nmap;C:\Users\matus.sivak\AppData\Local\Programs\Git\cmd;
USERNAME=matus.sivak
OS=Windows_NT
PROCESSOR_IDENTIFIER=Intel64 Family 6 Model 141 Stepping 1, GenuineIntel
TMP=C:\Users\MATUS~1.SIV\AppData\Local\Temp
TEMP=C:\Users\MATUS~1.SIV\AppData\Local\Temp




Periodic native trim disabled

---------------  S Y S T E M  ---------------

OS:
 Windows 11 , 64 bit Build 26100 (10.0.26100.9168)
OS uptime: 0 days 23:43 hours
Hyper-V role detected

CPU: total 16 (initial active 16) (8 cores per cpu, 2 threads per core) family 6 model 141 stepping 1 microcode 0x56, cx8, cmov, fxsr, ht, mmx, 3dnowpref, sse, sse2, sse3, ssse3, sse4.1, sse4.2, popcnt, lzcnt, tsc, tscinvbit, avx, avx2, aes, erms, clmul, bmi1, bmi2, adx, avx512f, avx512dq, avx512cd, avx512bw, avx512vl, sha, fma, vzeroupper, avx512_vpopcntdq, avx512_vpclmulqdq, avx512_vaes, avx512_vnni, clflush, clflushopt, clwb, avx512_vbmi2, avx512_vbmi, hv, rdtscp, rdpid, fsrm, gfni, avx512_bitalg, f16c, cet_ibt, cet_ss, avx512_ifma
Processor Information for the first 16 processors :
  Max Mhz: 2496, Current Mhz: 2496, Mhz Limit: 2496

Memory: 4k page, system-wide physical 32490M (8441M free)
TotalPageFile size 45621M (AvailPageFile size 8006M)
current process WorkingSet (physical memory assigned to process): 1328M, peak: 1328M
current process commit charge ("private bytes"): 1689M, peak: 1714M

vm_info: OpenJDK 64-Bit Server VM (21.0.6+7-LTS) for windows-amd64 JRE (21.0.6+7-LTS), built on 2025-01-07T23:42:01Z by "Administrator" with MS VC++ 16.10 / 16.11 (VS2019)

END.
