#
# A fatal error has been detected by the Java Runtime Environment:
#
#  EXCEPTION_ACCESS_VIOLATION (0xc0000005) at pc=0x00007ffe1d654982, pid=23264, tid=26840
#
# JRE version: OpenJDK Runtime Environment Corretto-21.0.6.7.1 (21.0.6+7) (build 21.0.6+7-LTS)
# Java VM: OpenJDK 64-Bit Server VM Corretto-21.0.6.7.1 (21.0.6+7-LTS, mixed mode, sharing, tiered, compressed oops, compressed class ptrs, g1 gc, windows-amd64)
# Problematic frame:
# C  [igxelpicd64.dll+0x324982]
#
# No core dump will be written. Minidumps are not enabled by default on client versions of Windows
#
# If you would like to submit a bug report, please visit:
#   https://github.com/corretto/corretto-21/issues/
# The crash happened outside the Java Virtual Machine in native code.
# See problematic frame for where to report the bug.
#

---------------  S U M M A R Y ------------

Command Line: -Dfile.encoding=UTF-8 -Duser.country=US -Duser.language=en -Duser.variant sk.sivak.eldritchhorror.GameDesktop

Host: 11th Gen Intel(R) Core(TM) i7-11850H @ 2.50GHz, 16 cores, 31G,  Windows 11 , 64 bit Build 26100 (10.0.26100.9168)
Time: Fri Sep 11 18:39:23 2026 Central Europe Daylight Time elapsed time: 591.222823 seconds (0d 0h 9m 51s)

---------------  T H R E A D  ---------------

Current thread (0x0000022a2048a0d0):  JavaThread "LWJGL Application"        [_thread_in_native, id=26840, stack(0x00000040d6e00000,0x00000040d6f00000) (1024K)]

Stack: [0x00000040d6e00000,0x00000040d6f00000],  sp=0x00000040d6ef8990,  free space=994k
Native frames: (J=compiled Java code, j=interpreted, Vv=VM code, C=native code)
C  [igxelpicd64.dll+0x324982]

Java frames: (J=compiled Java code, j=interpreted, Vv=VM code)
J 2121  org.lwjgl.opengl.GL11.nglDrawElements(IIIJJ)V (0 bytes) @ 0x00000229c5d6d7af [0x00000229c5d6d740+0x000000000000006f]
J 2718 c2 com.badlogic.gdx.graphics.g2d.SpriteBatch.flush()V (193 bytes) @ 0x00000229c5ddac20 [0x00000229c5dda620+0x0000000000000600]
J 5002 c2 com.badlogic.gdx.scenes.scene2d.ui.Image.draw(Lcom/badlogic/gdx/graphics/g2d/Batch;F)V (200 bytes) @ 0x00000229c6060084 [0x00000229c605fd20+0x0000000000000364]
J 4800 c2 com.badlogic.gdx.scenes.scene2d.Group.drawChildren(Lcom/badlogic/gdx/graphics/g2d/Batch;F)V (551 bytes) @ 0x00000229c5ffd498 [0x00000229c5ffd2c0+0x00000000000001d8]
J 3635 c2 com.badlogic.gdx.scenes.scene2d.Stage.draw()V (70 bytes) @ 0x00000229c5ea61fc [0x00000229c5ea5bc0+0x000000000000063c]
J 4319 c2 sk.sivak.eldritchhorror.core.Game.render()V (47 bytes) @ 0x00000229c5f571ec [0x00000229c5f56fc0+0x000000000000022c]
j  com.badlogic.gdx.backends.lwjgl.LwjglApplication.mainLoop()V+698
j  com.badlogic.gdx.backends.lwjgl.LwjglApplication$1.run()V+27
v  ~StubRoutines::call_stub 0x00000229c55310e7

siginfo: EXCEPTION_ACCESS_VIOLATION (0xc0000005), writing address 0x0000000000000018


Registers:
RAX=0x0000000078080003, RBX=0x0000022a209d8dc0, RCX=0x0000000000000000, RDX=0x0000000000000034
RSP=0x00000040d6ef8990, RBP=0x00000040d6ef8a90, RSI=0x0000000000000000, RDI=0x0000000000000018
R8 =0x0000022a20c9fe70, R9 =0x0000000000000000, R10=0x0000000000000003, R11=0x0000000000000003
R12=0x0000000000000003, R13=0x0000000000000000, R14=0x0000000000000000, R15=0x0000022a20c8ce10
RIP=0x00007ffe1d654982, EFLAGS=0x0000000000010202

XMM[0]=0x0000000000000000 0x0000000000000000
XMM[1]=0x0000000000000000 0x0000000000000018
XMM[2]=0x0000000000000000 0x0000000000000000
XMM[3]=0x0000000000000000 0x0000000000000000
XMM[4]=0x3f8000003f800000 0x4278000041e00000
XMM[5]=0x0000000000000000 0x0000000044070000
XMM[6]=0x0000000000000000 0x000000003f800000
XMM[7]=0x0000000000000000 0x000000003f800000
XMM[8]=0x0000000000000000 0x0000000044700000
XMM[9]=0x0000000000000000 0x0000000000000000
XMM[10]=0x0000000000000000 0x0000000000000000
XMM[11]=0x0000000000000000 0x0000000000000000
XMM[12]=0x0000000000000000 0x00000000c4200000
XMM[13]=0x0000000000000000 0x00000000439e4000
XMM[14]=0x0000000000000000 0x00000000438b8000
XMM[15]=0x0000000000000000 0x00000000438a0000
  MXCSR=0x00001fa7


Register to memory mapping:

RAX=0x0000000078080003 is an unknown value
RBX=0x0000022a209d8dc0 points into unknown readable memory: 0x0000022a20733140 | 40 31 73 20 2a 02 00 00
RCX=0x0 is null
RDX=0x0000000000000034 is an unknown value
RSP=0x00000040d6ef8990 is pointing into the stack for thread: 0x0000022a2048a0d0
RBP=0x00000040d6ef8a90 is pointing into the stack for thread: 0x0000022a2048a0d0
RSI=0x0 is null
RDI=0x0000000000000018 is an unknown value
R8 =0x0000022a20c9fe70 points into unknown readable memory: 0x02c7000078090005 | 05 00 09 78 00 00 c7 02
R9 =0x0 is null
R10=0x0000000000000003 is an unknown value
R11=0x0000000000000003 is an unknown value
R12=0x0000000000000003 is an unknown value
R13=0x0 is null
R14=0x0 is null
R15=0x0000022a20c8ce10 points into unknown readable memory: 0x0000b13411000001 | 01 00 00 11 34 b1 00 00

Top of Stack: (sp=0x00000040d6ef8990)
0x00000040d6ef8990:   0000022a209d8dc0 0000022a20a08aa8
0x00000040d6ef89a0:   0000022a209d8dc0 0000022a20a08aa8
0x00000040d6ef89b0:   0000022a209d8d00 0000022a000039d8
0x00000040d6ef89c0:   0000022a00000000 000000000000000b
0x00000040d6ef89d0:   112300000a850000 0000022a00003430
0x00000040d6ef89e0:   0000000400000100 0000020000000000
0x00000040d6ef89f0:   ffffffff00000003 0000000040000000
0x00000040d6ef8a00:   00000003ffffffff 0000000300000000
0x00000040d6ef8a10:   00000000ffffff00 0000000300000008
0x00000040d6ef8a20:   0000022a20c8ce10 0000022a00000008
0x00000040d6ef8a30:   0000022a20c8ce01 0000000000000018
0x00000040d6ef8a40:   0000022a00000000 00000040d6efc0a0
0x00000040d6ef8a50:   0000022a20a08aa8 0000000000008415
0x00000040d6ef8a60:   0000022a20a08a00 0000022a21722290
0x00000040d6ef8a70:   0000022a20cd3eb8 000000000000003c
0x00000040d6ef8a80:   0000022a20cd3eb8 0000022a209d8dc0
0x00000040d6ef8a90:   00000040d6efbd70 0000022a20c9fe84
0x00000040d6ef8aa0:   0000022a20c9fe70 0000022a20c9fe84
0x00000040d6ef8ab0:   0000022a20c9fe70 00007ffe00003408
0x00000040d6ef8ac0:   0000022a20c9fe8c 0000022a00000018
0x00000040d6ef8ad0:   0000022a20c9fe8c 0000022a00004758
0x00000040d6ef8ae0:   0000004000000000 000000400000000b
0x00000040d6ef8af0:   0000b3993491a98e 00000229bea26190
0x00000040d6ef8b00:   112300000a850000 0000022a2049cf78
0x00000040d6ef8b10:   112300000a850000 00000229000031a0
0x00000040d6ef8b20:   ffffffff00000003 0000000040000000
0x00000040d6ef8b30:   112300000a850000 0000000300000000
0x00000040d6ef8b40:   0000000000000000 00007ffe00000008
0x00000040d6ef8b50:   0000022a20c8ce10 00000040d6ef8ae0
0x00000040d6ef8b60:   00000040d6efe801 0000022a251f3178
0x00000040d6ef8b70:   0000022a00000000 00000040d6efc1d0
0x00000040d6ef8b80:   0000022a20a08aa8 0000000000008414 

Instructions: (pc=0x00007ffe1d654982)
0x00007ffe1d654882:   01 00 89 44 24 64 41 0f be bf 99 31 01 00 89 7c
0x00007ffe1d654892:   24 70 45 85 d2 0f 85 ab 00 00 00 49 8b 8f 80 31
0x00007ffe1d6548a2:   01 00 49 39 48 04 74 0e 49 89 48 04 81 8b b0 54
0x00007ffe1d6548b2:   04 00 00 00 00 02 45 33 f6 44 89 74 24 64 45 39
0x00007ffe1d6548c2:   b7 28 2f 01 00 75 09 45 39 b7 2c 2f 01 00 74 6d
0x00007ffe1d6548d2:   41 8b c5 48 8d 0c 40 f2 0f 10 05 2f 76 d9 00 f2
0x00007ffe1d6548e2:   0f 11 84 8d a0 02 00 00 8b 05 28 76 d9 00 89 84
0x00007ffe1d6548f2:   8d a8 02 00 00 8b 84 8d a4 02 00 00 44 33 d0 41
0x00007ffe1d654902:   83 e2 3f 44 33 d0 41 0f ba f2 08 44 89 94 8d a4
0x00007ffe1d654912:   02 00 00 44 89 b4 8d a8 02 00 00 4d 89 b7 28 2f
0x00007ffe1d654922:   01 00 49 8b 87 40 30 01 00 48 0f ba e8 00 49 89
0x00007ffe1d654932:   87 40 30 01 00 41 ff c5 44 89 6c 24 78 44 88 b3
0x00007ffe1d654942:   21 fc 02 00 eb 03 45 33 f6 80 bb 21 fc 02 00 00
0x00007ffe1d654952:   0f 85 6b 0d 00 00 48 c7 83 14 fc 02 00 00 00 00
0x00007ffe1d654962:   00 45 85 e4 0f 84 d3 05 00 00 0f ae e8 41 8b d4
0x00007ffe1d654972:   c1 e2 04 83 c2 04 8b 05 d2 91 04 01 48 8b 7d a8
0x00007ffe1d654982:   89 07 8b c2 c1 e8 02 2c 02 88 07 48 8d 8d c0 05
0x00007ffe1d654992:   00 00 e8 83 3e d4 ff 48 8d 8d c0 05 00 00 e8 97
0x00007ffe1d6549a2:   60 d0 ff 4c 8b c8 48 8b 95 f0 09 00 00 48 8b 8d
0x00007ffe1d6549b2:   c0 05 00 00 80 b9 c0 df 04 00 00 48 0f 45 95 e0
0x00007ffe1d6549c2:   09 00 00 44 0f b6 83 b4 62 04 00 48 8b 0d cc 85
0x00007ffe1d6549d2:   01 01 83 b9 60 0a 00 00 00 74 63 45 84 c0 0f 84
0x00007ffe1d6549e2:   aa 00 00 00 83 bb fc 63 04 00 00 0f 85 9d 00 00
0x00007ffe1d6549f2:   00 80 bb ac 61 04 00 00 74 32 8b 83 a8 61 04 00
0x00007ffe1d654a02:   ff c0 3b 83 48 61 04 00 75 22 80 bb 68 66 04 00
0x00007ffe1d654a12:   00 74 19 81 8b 98 61 04 00 00 80 00 00 8b 8b 98
0x00007ffe1d654a22:   61 04 00 48 8b 83 a0 61 04 00 89 08 48 89 93 a0
0x00007ffe1d654a32:   61 04 00 41 8b 01 89 83 98 61 04 00 eb 44 45 84
0x00007ffe1d654a42:   c0 74 4b 83 bb fc 63 04 00 00 75 42 80 bb ac 61
0x00007ffe1d654a52:   04 00 00 74 26 8b 83 a8 61 04 00 ff c0 3b 83 48
0x00007ffe1d654a62:   61 04 00 75 16 80 bb 68 66 04 00 00 74 0d 48 8b
0x00007ffe1d654a72:   83 a0 61 04 00 81 08 00 80 00 00 48 89 93 a0 61 


Stack slot to memory mapping:

stack at sp + 0 slots: 0x0000022a209d8dc0 points into unknown readable memory: 0x0000022a20733140 | 40 31 73 20 2a 02 00 00
stack at sp + 1 slots: 0x0000022a20a08aa8 points into unknown readable memory: 0x0000000000000000 | 00 00 00 00 00 00 00 00
stack at sp + 2 slots: 0x0000022a209d8dc0 points into unknown readable memory: 0x0000022a20733140 | 40 31 73 20 2a 02 00 00
stack at sp + 3 slots: 0x0000022a20a08aa8 points into unknown readable memory: 0x0000000000000000 | 00 00 00 00 00 00 00 00
stack at sp + 4 slots: 0x0000022a209d8d00 points into unknown readable memory: 0x0000022a20541370 | 70 13 54 20 2a 02 00 00
stack at sp + 5 slots: 0x0000022a000039d8 is an unknown value
stack at sp + 6 slots: 0x0000022a00000000 is an unknown value
stack at sp + 7 slots: 0x000000000000000b is an unknown value


Compiled method (n/a) 591342 2121     n 0       org.lwjgl.opengl.GL11::nglDrawElements (native)
 total in heap  [0x00000229c5d6d590,0x00000229c5d6d978] = 1000
 relocation     [0x00000229c5d6d6f0,0x00000229c5d6d728] = 56
 main code      [0x00000229c5d6d740,0x00000229c5d6d96e] = 558
 stub code      [0x00000229c5d6d96e,0x00000229c5d6d970] = 2
 oops           [0x00000229c5d6d970,0x00000229c5d6d978] = 8

[Constant Pool (empty)]

[MachCode]
[Entry Point]
  # {method} {0x0000022a1c53c3a0} 'nglDrawElements' '(IIIJJ)V' in 'org/lwjgl/opengl/GL11'
  # parm0:    rdx       = int
  # parm1:    r8        = int
  # parm2:    r9        = int
  # parm3:    rdi:rdi   = long
  # parm4:    rsi:rsi   = long
  #           [sp+0x90]  (sp of caller)
  0x00000229c5d6d740: 448b 5208 | 49bb 0000 | 00db 2902 | 0000 4d03 | d349 3bc2 | 0f84 0600 

  0x00000229c5d6d758: ;   {runtime_call ic_miss_stub}
  0x00000229c5d6d758: 0000 e921 | 1281 ff90 
[Verified Entry Point]
  0x00000229c5d6d760: 8984 2400 | 80ff ff55 | 488b ec48 | 81ec 8000 | 0000 6690 | 4181 7f20 | 0100 0000 

  0x00000229c5d6d77c: ;   {runtime_call StubRoutines (final stubs)}
  0x00000229c5d6d77c: 7405 e83d | 857f ff48 | 8974 2430 | 4889 7c24 | 284c 894c | 2420 4d8b | c84c 8bc2 

  0x00000229c5d6d798: ;   {oop(a 'java/lang/Class'{0x0000000605082c58} = 'org/lwjgl/opengl/GL11')}
  0x00000229c5d6d798: 49be 582c | 0805 0600 | 0000 4c89 | 7424 684c | 8d74 2468 | 498b d6c5 

  0x00000229c5d6d7b0: ;   {internal_word}
  0x00000229c5d6d7b0: f877 49ba | afd7 d6c5 | 2902 0000 | 4d89 97a0 | 0300 0049 | 89a7 9803 

  0x00000229c5d6d7c8: ;   {external_word}
  0x00000229c5d6d7c8: 0000 49ba | c75a 7045 | fe7f 0000 | 4180 3a00 | 0f84 4e00 | 0000 5241 

  0x00000229c5d6d7e0: ;   {metadata({method} {0x0000022a1c53c3a0} 'nglDrawElements' '(IIIJJ)V' in 'org/lwjgl/opengl/GL11')}
  0x00000229c5d6d7e0: 5041 5148 | ba98 c353 | 1c2a 0200 | 0049 8bcf | 4883 ec20 | 40f6 c40f | 0f84 1900 | 0000 4883 
  0x00000229c5d6d800: ;   {runtime_call}
  0x00000229c5d6d800: ec08 48b8 | d010 1a45 | fe7f 0000 | ffd0 4883 | c408 e90c 

  0x00000229c5d6d814: ;   {runtime_call}
  0x00000229c5d6d814: 0000 0048 | b8d0 101a | 45fe 7f00 | 00ff d048 | 83c4 2041 | 5941 585a | 498d 8fb8 | 0300 0041 
  0x00000229c5d6d834: c787 4404 | 0000 0400 

  0x00000229c5d6d83c: ;   {runtime_call}
  0x00000229c5d6d83c: 0000 48b8 | d0d8 0080 | 0100 0000 | ffd0 c5f8 | 7741 c787 | 4404 0000 | 0500 0000 | f083 4424 
  0x00000229c5d6d85c: c000 493b | af48 0400 | 000f 870e | 0000 0041 | 83bf 4004 | 0000 000f | 8423 0000 | 00c5 f877 
  0x00000229c5d6d87c: 498b cf4c | 8be4 4883 | ec20 4883 

  0x00000229c5d6d888: ;   {runtime_call}
  0x00000229c5d6d888: e4f0 48b8 | 407a e544 | fe7f 0000 | ffd0 498b | e44d 33e4 | 41c7 8744 | 0400 0008 | 0000 0041 
  0x00000229c5d6d8a8: 83bf c004 | 0000 020f | 8494 0000 

  0x00000229c5d6d8b4: ;   {external_word}
  0x00000229c5d6d8b4: 0049 bac7 | 5a70 45fe | 7f00 0041 | 803a 000f | 8444 0000 

  0x00000229c5d6d8c8: ;   {metadata({method} {0x0000022a1c53c3a0} 'nglDrawElements' '(IIIJJ)V' in 'org/lwjgl/opengl/GL11')}
  0x00000229c5d6d8c8: 0048 ba98 | c353 1c2a | 0200 0049 | 8bcf 4883 | ec20 40f6 | c40f 0f84 | 1900 0000 | 4883 ec08 
  0x00000229c5d6d8e8: ;   {runtime_call}
  0x00000229c5d6d8e8: 48b8 d010 | 1a45 fe7f | 0000 ffd0 | 4883 c408 | e90c 0000 

  0x00000229c5d6d8fc: ;   {runtime_call}
  0x00000229c5d6d8fc: 0048 b8d0 | 101a 45fe | 7f00 00ff | d048 83c4 | 2049 c787 | 9803 0000 | 0000 0000 | 49c7 87a0 
  0x00000229c5d6d91c: 0300 0000 | 0000 00c5 | f877 498b | 8f28 0400 | 00c7 8100 | 0100 0000 | 0000 00c9 | 4983 7f08 
  0x00000229c5d6d93c: 000f 8501 | 0000 00c3 

  0x00000229c5d6d944: ;   {runtime_call StubRoutines (initial stubs)}
  0x00000229c5d6d944: e9b7 357c | ffc5 f877 | 4c8b e448 | 83ec 2048 

  0x00000229c5d6d954: ;   {runtime_call}
  0x00000229c5d6d954: 83e4 f048 | b870 481a | 45fe 7f00 | 00ff d049 | 8be4 4d33 | e4e9 47ff | ffff f4f4 
[/MachCode]


Compiled method (c2) 591369 2718       4       com.badlogic.gdx.graphics.g2d.SpriteBatch::flush (193 bytes)
 total in heap  [0x00000229c5dda210,0x00000229c5dde3a0] = 16784
 relocation     [0x00000229c5dda370,0x00000229c5dda610] = 672
 main code      [0x00000229c5dda620,0x00000229c5ddc510] = 7920
 stub code      [0x00000229c5ddc510,0x00000229c5ddc5b0] = 160
 oops           [0x00000229c5ddc5b0,0x00000229c5ddc5b8] = 8
 metadata       [0x00000229c5ddc5b8,0x00000229c5ddc830] = 632
 scopes data    [0x00000229c5ddc830,0x00000229c5ddd9a0] = 4464
 scopes pcs     [0x00000229c5ddd9a0,0x00000229c5dde140] = 1952
 dependencies   [0x00000229c5dde140,0x00000229c5dde1a0] = 96
 handler table  [0x00000229c5dde1a0,0x00000229c5dde278] = 216
 nul chk table  [0x00000229c5dde278,0x00000229c5dde3a0] = 296

[Constant Pool (empty)]

[MachCode]
[Entry Point]
  # {method} {0x0000022a1c986af8} 'flush' '()V' in 'com/badlogic/gdx/graphics/g2d/SpriteBatch'
  #           [sp+0x80]  (sp of caller)
  0x00000229c5dda620: 448b 5208 | 49bb 0000 | 00db 2902 | 0000 4d03 | d349 3bc2 

  0x00000229c5dda634: ;   {runtime_call ic_miss_stub}
  0x00000229c5dda634: 0f85 4643 | 7aff 6690 | 0f1f 4000 
[Verified Entry Point]
  0x00000229c5dda640: 8984 2400 | 80ff ff55 | 4883 ec70 | 4181 7f20 | 0100 0000 | 0f85 a51e | 0000 4c8b | c244 8b52 
  0x00000229c5dda660: 0c45 85d2 | 0f84 6c09 | 0000 448b | 5a34 458b | ca41 c1f9 | 1f4d 63d2 | 4d69 d267 | 6666 6649 
  0x00000229c5dda680: c1fa 2341 | 8bca 412b | c941 3bcb | 0f8f c809 | 0000 ff42 | 3044 8b5a | 44ff 422c 

  0x00000229c5dda69c: ; implicit exception: dispatches to 0x00000229c5ddc1f8
  0x00000229c5dda69c: 478b 54dc | 0c47 8b4c 

  0x00000229c5dda6a4: ;   {oop(a 'java/lang/Class'{0x000000060502dd98} = 'com/badlogic/gdx/Gdx')}
  0x00000229c5dda6a4: dc10 49bb | 98dd 0205 | 0600 0000 | 418b b388 | 0000 0045 | 8b5c f408 | 8d1c 8d00 | 0000 008d 
  0x00000229c5dda6c4: ;   {metadata('com/badlogic/gdx/backends/lwjgl/LwjglGL20')}
  0x00000229c5dda6c4: 1c4b 4181 | fb60 1202 | 010f 85b9 

  0x00000229c5dda6d0: ;   {oop(a 'java/lang/Class'{0x000000060504fae8} = 'org/lwjgl/opengl/GLContext')}
  0x00000229c5dda6d0: 0d00 0049 | bbe8 fa04 | 0506 0000 | 0041 8b4b | 7441 8b7c | cc0c 4c8b | df49 c1e3 | 0349 8b97 
  0x00000229c5dda6f0: 8003 0000 | 488b 324c | 3bde 0f85 | 640f 0000 | 418b 6ccc | 1085 ed0f | 8487 1000 | 0049 8b8c 
  0x00000229c5dda710: ec30 1900 | 0048 85c9 | 0f84 9e10 | 0000 4889 | 7424 0889 | 1c24 498b | e841 8bd2 | 458b c14c 
  0x00000229c5dda730: 8bc9 6690 

  0x00000229c5dda734: ;   {static_call}
  0x00000229c5dda734: c5f8 77e8 

  0x00000229c5dda738: ; ImmutableOopMap {rbp=Oop [8]=Oop }
                      ;*invokestatic nglBindTexture {reexecute=0 rethrow=0 return_oop=0}
                      ; - org.lwjgl.opengl.GL11::glBindTexture@16 (line 654)
                      ; - com.badlogic.gdx.backends.lwjgl.LwjglGL20::glBindTexture@2 (line 93)
                      ; - com.badlogic.gdx.graphics.GLTexture::bind@11 (line 66)
                      ; - com.badlogic.gdx.graphics.g2d.SpriteBatch::flush@58 (line 964)
  0x00000229c5dda738: 2401 f8ff 

  0x00000229c5dda73c: ;   {other}
  0x00000229c5dda73c: 0f1f 8400 | 2c05 0000 | 4c8b cd41 | 8b71 3c45 | 8b41 4045 | 8b59 0c41 | 8b6c f410 

  0x00000229c5dda758: ; implicit exception: dispatches to 0x00000229c5ddc260
  0x00000229c5dda758: 458b 54ec 

  0x00000229c5dda75c: ;   {metadata('com/badlogic/gdx/graphics/glutils/VertexArray')}
  0x00000229c5dda75c: 0841 81fa | a022 1001 | 0f85 4e0d | 0000 498d | 0cec 8b79 | 1841 8b54 | fc08 468d | 149d 0000 
  0x00000229c5dda77c: ;   {metadata('java/nio/DirectByteBuffer')}
  0x00000229c5dda77c: 0000 81fa | e8ea 1b00 | 0f85 560d | 0000 498d | 1cfc 8b6b | 2044 3bd5 | 0f8f 6610 | 0000 4585 
  0x00000229c5dda79c: d20f 8c99 | 1000 0044 | 8953 1c8b | 6b18 413b | ea0f 8fc5 | 1000 008b | 6b0c 413b | ea0f 8ff5 
  0x00000229c5dda7bc: 1000 0048 | 8beb 4889 | 4c24 2044 | 895c 2418 | 4c89 4c24 | 1049 8bd0 | 48c1 e203 | 4d8d 14f4 
  0x00000229c5dda7dc: 4c89 5424 | 2889 7424 | 0433 ff4c | 8bc3 458b | cb66 6690 

  0x00000229c5dda7f0: ;   {static_call}
  0x00000229c5dda7f0: c5f8 77e8 

  0x00000229c5dda7f4: ; ImmutableOopMap {rbp=Oop [4]=NarrowOop [8]=Oop [16]=Oop [32]=Oop [40]=Oop }
                      ;*invokestatic copyJni {reexecute=0 rethrow=0 return_oop=0}
                      ; - com.badlogic.gdx.utils.BufferUtils::copy@35 (line 54)
                      ; - com.badlogic.gdx.graphics.glutils.VertexArray::setVertices@7 (line 84)
                      ; - com.badlogic.gdx.graphics.Mesh::setVertices@7 (line 208)
                      ; - com.badlogic.gdx.graphics.g2d.SpriteBatch::flush@76 (line 966)
  0x00000229c5dda7f4: e8c9 f8ff 

  0x00000229c5dda7f8: ;   {other}
  0x00000229c5dda7f8: 0f1f 8400 | e805 0001 | 4c8b d541 | 8b6a 1c85 | ed0f 8ce1 | 1000 0041 | 8b6a 0c85 | ed0f 8f11 
  0x00000229c5dda818: 1100 0045 | 8962 184c | 8b54 2420 | 458b 4214 

  0x00000229c5dda828: ; implicit exception: dispatches to 0x00000229c5ddc2a8
  0x00000229c5dda828: 438b 6cc4 | 1c85 ed0f | 8c33 1100 | 0043 8b4c | c40c 85c9 | 0f8f 5e11 | 0000 4789 | 64c4 1843 
  0x00000229c5dda848: 8b6c c420 | 448b 5c24 | 1844 3bdd | 0f8f 8211 | 0000 4585 | db0f 8ca5 | 1100 0047 | 895c c41c 
  0x00000229c5dda868: 413b cb0f | 8fb7 1100 | 0044 8b5c | 2404 438b | 6cdc 1445 | 8b54 ec08 

  0x00000229c5dda880: ;   {metadata('com/badlogic/gdx/graphics/glutils/IndexArray')}
  0x00000229c5dda880: 4181 fa88 | 2510 010f | 8587 0c00 | 004d 8d14 | ec45 8b42 | 1043 8b6c | c41c 85ed | 0f8c aa11 
  0x00000229c5dda8a0: 0000 438b | 4cc4 0c85 | c90f 8fc1 | 1100 0047 | 8964 c418 | 438b 6cc4 | 2044 8b14 | 2444 3bd5 
  0x00000229c5dda8c0: 0f8f ce11 | 0000 4585 | d20f 8cf9 | 1100 0047 | 8954 c41c | 413b ca0f | 8f0b 1200 | 0048 8b4c 
  0x00000229c5dda8e0: 2410 0fb6 | 6939 85ed | 0f85 1e12 

  0x00000229c5dda8ec: ;   {oop(a 'java/lang/Class'{0x000000060502dd98} = 'com/badlogic/gdx/Gdx')}
  0x00000229c5dda8ec: 0000 49b8 | 98dd 0205 | 0600 0000 | 418b a888 | 0000 0045 | 8b44 ec08 

  0x00000229c5dda904: ;   {metadata('com/badlogic/gdx/backends/lwjgl/LwjglGL20')}
  0x00000229c5dda904: 4181 f860 | 1202 010f | 851b 0c00 

  0x00000229c5dda910: ;   {oop(a 'java/lang/Class'{0x000000060504fae8} = 'org/lwjgl/opengl/GLContext')}
  0x00000229c5dda910: 0049 b8e8 | fa04 0506 | 0000 0045 | 8b48 7443 | 8b6c cc0c | 4c8b c549 | c1e0 0348 | 8b5c 2408 
  0x00000229c5dda930: 4c3b c30f | 855b 0d00 | 0043 8b6c | cc10 85ed | 0f84 e611 | 0000 4d8b | 84ec 601a | 0000 4d85 
  0x00000229c5dda950: c00f 84f5 | 1100 0048 | 8be9 bae2 | 0b00 0090 

  0x00000229c5dda960: ;   {static_call}
  0x00000229c5dda960: c5f8 77e8 

  0x00000229c5dda964: ; ImmutableOopMap {rbp=Oop [4]=NarrowOop [8]=Oop [40]=Oop }
                      ;*invokestatic nglEnable {reexecute=0 rethrow=0 return_oop=0}
                      ; - org.lwjgl.opengl.GL11::glEnable@15 (line 1015)
                      ; - com.badlogic.gdx.backends.lwjgl.LwjglGL20::glEnable@1 (line 292)
                      ; - com.badlogic.gdx.graphics.g2d.SpriteBatch::flush@125 (line 973)
  0x00000229c5dda964: f825 f9ff 

  0x00000229c5dda968: ;   {other}
  0x00000229c5dda968: 0f1f 8400 | 5807 0002 | 488b cd44 | 8b59 1841 | 83fb ff0f | 840b 1200 | 0044 8b51 

  0x00000229c5dda984: ;   {oop(a 'java/lang/Class'{0x000000060502dd98} = 'com/badlogic/gdx/Gdx')}
  0x00000229c5dda984: 2449 b898 | dd02 0506 | 0000 0041 | 8ba8 8800 | 0000 448b | 411c 448b | 4920 418b 

  0x00000229c5dda9a0: ;   {metadata('com/badlogic/gdx/backends/lwjgl/LwjglGL20')}
  0x00000229c5dda9a0: 7cec 0881 | ff60 1202 | 010f 859d 

  0x00000229c5dda9ac: ;   {oop(a 'java/lang/Class'{0x000000060504fae8} = 'org/lwjgl/opengl/GLContext')}
  0x00000229c5dda9ac: 0b00 0048 | bbe8 fa04 | 0506 0000 | 008b 5374 

  0x00000229c5dda9bc: ; implicit exception: dispatches to 0x00000229c5ddc348
  0x00000229c5dda9bc: 418b 6cd4 | 0c48 8bfd | 48c1 e703 | 488b 5c24 | 0848 3bfb | 0f85 e60c | 0000 418b | 6cd4 1085 
  0x00000229c5dda9dc: ed0f 84c5 | 1100 0049 | 8bb4 ec58 | 2100 0048 | 85f6 0f84 | e411 0000 | 4889 5c24 | 1048 8be9 
  0x00000229c5dda9fc: 418b d341 | 8bfa 6690 

  0x00000229c5ddaa04: ;   {static_call}
  0x00000229c5ddaa04: c5f8 77e8 

  0x00000229c5ddaa08: ; ImmutableOopMap {rbp=Oop [4]=NarrowOop [16]=Oop [40]=Oop }
                      ;*invokestatic nglBlendFuncSeparate {reexecute=0 rethrow=0 return_oop=0}
                      ; - org.lwjgl.opengl.GL14::glBlendFuncSeparate@23 (line 241)
                      ; - com.badlogic.gdx.backends.lwjgl.LwjglGL20::glBlendFuncSeparate@5 (line 113)
                      ; - com.badlogic.gdx.graphics.g2d.SpriteBatch::flush@157 (line 974)
  0x00000229c5ddaa08: 5429 f9ff 

  0x00000229c5ddaa0c: ;   {other}
  0x00000229c5ddaa0c: 0f1f 8400 | fc07 0003 | 4c8b d541 | 8b5a 5885 | db75 0441 | 8b5a 5444 | 8b04 2445 | 85c0 0f84 
  0x00000229c5ddaa2c: f011 0000 | 8b4c 2404 | 450f b64c | cc0c 4585 | c90f 84f5 | 1100 0041 | 8b6c cc10 

  0x00000229c5ddaa48: ; implicit exception: dispatches to 0x00000229c5ddc360
  0x00000229c5ddaa48: 458b 5cec 

  0x00000229c5ddaa4c: ;   {metadata('com/badlogic/gdx/graphics/glutils/VertexArray')}
  0x00000229c5ddaa4c: 0841 81fb | a022 1001 | 0f85 220b | 0000 4489 | 4c24 0c4c | 8954 2418 | 4c8b c349 | c1e0 0389 
  0x00000229c5ddaa6c: 5c24 0849 | 8d14 ec45 | 33c9 488b | 6c24 2890 

  0x00000229c5ddaa7c: ;   {optimized virtual_call}
  0x00000229c5ddaa7c: c5f8 77e8 

  0x00000229c5ddaa80: ; ImmutableOopMap {rbp=Oop [4]=NarrowOop [8]=NarrowOop [16]=Oop [24]=Oop [40]=Oop }
                      ;*invokeinterface bind {reexecute=0 rethrow=0 return_oop=0}
                      ; - com.badlogic.gdx.graphics.Mesh::bind@6 (line 391)
                      ; - com.badlogic.gdx.graphics.Mesh::bind@3 (line 382)
                      ; - com.badlogic.gdx.graphics.Mesh::render@13 (line 490)
                      ; - com.badlogic.gdx.graphics.Mesh::render@10 (line 460)
                      ; - com.badlogic.gdx.graphics.g2d.SpriteBatch::flush@184 (line 977)
  0x00000229c5ddaa80: 3c9f 0000 

  0x00000229c5ddaa84: ;   {other}
  0x00000229c5ddaa84: 0f1f 8400 | 7408 0004 | 8b4c 2404 | 418b 6ccc | 1445 8b54 

  0x00000229c5ddaa98: ;   {metadata('com/badlogic/gdx/graphics/glutils/IndexArray')}
  0x00000229c5ddaa98: ec08 4181 | fa88 2510 | 010f 8501 | 0b00 004d | 8d14 ec41 | 0fb6 6a0c | 85ed 0f85 | a811 0000 
  0x00000229c5ddaab8: 458b 4210 

  0x00000229c5ddaabc: ; implicit exception: dispatches to 0x00000229c5ddc390
  0x00000229c5ddaabc: 438b 5cc4 | 1c85 db0f | 8e27 0c00 | 0041 0fb6 | 6ccc 0d85 | ed0f 84a9 | 1100 0047 | 8b5c c418 
  0x00000229c5ddaadc: 85db 0f8c | b411 0000 | 478b 4cc4 | 0c45 85c9 | 0f8f d611 | 0000 4489 | 5c24 2489 | 5c24 2047 
  0x00000229c5ddaafc: 8964 c418 | 438b 6cc4 | 2044 8b1c | 2444 3bdd | 0f8f ea11 | 0000 458b | d347 8954 | c41c 453b 
  0x00000229c5ddab1c: ca0f 8f15 | 1200 0044 

  0x00000229c5ddab24: ;   {oop(a 'java/lang/Class'{0x000000060502dd98} = 'com/badlogic/gdx/Gdx')}
  0x00000229c5ddab24: 8904 2449 | bb98 dd02 | 0506 0000 | 0041 8bab | 8c00 0000 

  0x00000229c5ddab38: ; implicit exception: dispatches to 0x00000229c5ddc3a8
  0x00000229c5ddab38: 458b 5cec 

  0x00000229c5ddab3c: ;   {metadata('com/badlogic/gdx/backends/lwjgl/LwjglGL20')}
  0x00000229c5ddab3c: 0841 81fb | 6012 0201 | 0f85 7e0a 

  0x00000229c5ddab48: ;   {oop(a 'java/lang/Class'{0x000000060504fae8} = 'org/lwjgl/opengl/GLContext')}
  0x00000229c5ddab48: 0000 49bb | e8fa 0405 | 0600 0000 | 458b 5b74 

  0x00000229c5ddab58: ; implicit exception: dispatches to 0x00000229c5ddc3c0
  0x00000229c5ddab58: 438b 6cdc | 0c4c 8bc5 | 49c1 e003 | 4c8b 4c24 | 104d 3bc1 | 0f85 9e0b | 0000 478b | 5cdc 1045 
  0x00000229c5ddab78: 85db 0f84 | 1412 0000 | 4b8b 8cdc | 881a 0000 | 4885 c90f | 8427 1200 | 0047 8b8c | dcac 3f00 
  0x00000229c5ddab98: 0047 8b44 | cc10 438b | 5cc4 1043 | 8b6c c40c 

  0x00000229c5ddaba8: ; implicit exception: dispatches to 0x00000229c5ddc408
  0x00000229c5ddaba8: 458b 4cdc | 0c41 3be9 | 0f83 6608 | 0000 4d8d | 04dc 458b | 4ca8 1043 | 8b6c cc18 | 85ed 0f85 
  0x00000229c5ddabc8: 5c0b 0000 | 438b 6ccc | 0c85 ed0f | 8533 1200 | 0045 85d2 | 0f8e 6804 | 0000 458b 

  0x00000229c5ddabe4: ;   {oop(a 'org/lwjgl/MemoryUtilSun$AccessorUnsafe'{0x000000060504ff30})}
  0x00000229c5ddabe4: c249 ba30 | ff04 0506 | 0000 004d | 8b5a 1045 | 3b62 0c0f | 8473 0800 | 0044 8b0c | 244b 8d2c 
  0x00000229c5ddac04: cc4a 8b7c | 1d00 ba04 | 0000 0041 | b903 1400 | 0048 8bf1 

  0x00000229c5ddac18: ;   {static_call}
  0x00000229c5ddac18: c5f8 77e8 

  0x00000229c5ddac1c: ; ImmutableOopMap {rbp=Oop [0]=NarrowOop [4]=NarrowOop [8]=NarrowOop [16]=Oop [24]=Oop [40]=Oop }
                      ;*invokestatic nglDrawElements {reexecute=0 rethrow=0 return_oop=0}
                      ; - org.lwjgl.opengl.GL11::glDrawElements@34 (line 1110)
                      ; - com.badlogic.gdx.backends.lwjgl.LwjglGL20::glDrawElements@21 (line 281)
                      ; - com.badlogic.gdx.graphics.Mesh::render@88 (line 499)
                      ; - com.badlogic.gdx.graphics.Mesh::render@10 (line 460)
                      ; - com.badlogic.gdx.graphics.g2d.SpriteBatch::flush@184 (line 977)
  0x00000229c5ddac1c: 402b f9ff 

  0x00000229c5ddac20: ;   {other}
  0x00000229c5ddac20: 0f1f 8400 | 100a 0005 | 448b 0424 | 438b 6cc4 | 1c44 8b5c | 2424 443b | dd0f 8f05 | 1200 0045 
  0x00000229c5ddac40: 85db 0f8c | 6c12 0000 | 478b 4cc4 | 0c45 3bcb | 0f8f ce12 | 0000 4789 | 5cc4 1843 | 8b6c c420 
  0x00000229c5ddac60: 448b 5424 | 2044 3bd5 | 0f8f 2613 | 0000 4789 | 54c4 1c45 | 3bda 0f8f | 7413 0000 | 453b ca0f 
  0x00000229c5ddac80: 8fc7 1300 | 008b 4c24 | 0441 8b6c | cc10 458b 

  0x00000229c5ddac90: ;   {metadata('com/badlogic/gdx/graphics/glutils/VertexArray')}
  0x00000229c5ddac90: 5cec 0841 | 81fb a022 | 1001 0f85 | 6409 0000 | 498d 3cec | 448b 5710 

  0x00000229c5ddaca8: ; implicit exception: dispatches to 0x00000229c5ddc454
  0x00000229c5ddaca8: 478b 5cd4 | 1847 8b44 | dc0c 4585 | c00f 86d5 | 0200 0044 | 8b4c 2408 | 4585 c90f | 8473 0900 
  0x00000229c5ddacc8: 004b 8d14 | cc33 dbeb | 178b 4c24 | 0c44 8b4c | 2420 488b | 3c24 448b | 4424 2448 | 8b54 2430 
  0x00000229c5ddace8: 448b 5f10 

  0x00000229c5ddacec: ; implicit exception: dispatches to 0x00000229c5ddc138
  0x00000229c5ddacec: 478b 54dc | 1847 8b5c | d40c 413b | db0f 838f | 0300 0049 | c1e2 0345 | 8b54 9a10 

  0x00000229c5ddad08: ; implicit exception: dispatches to 0x00000229c5ddc168
  0x00000229c5ddad08: 478b 5cd4 | 2844 895c | 2438 895c | 2408 4889 | 5424 3044 | 8944 2424 | 4889 3c24 | 894c 240c 
  0x00000229c5ddad28: 470f b654 | cc1d 4489 

  0x00000229c5ddad30: ;   {oop(a 'java/lang/Class'{0x000000060502dd98} = 'com/badlogic/gdx/Gdx')}
  0x00000229c5ddad30: 4c24 2049 | bb98 dd02 | 0506 0000 | 0045 8b9b | 8c00 0000 | 4489 5c24 | 3c45 85d2 | 0f85 3a05 
  0x00000229c5ddad50: 0000 478b | 5ccc 3444 | 895c 2440 | 4585 db0f | 8463 0300 | 0044 8b5c | 2438 478b | 54dc 0c45 
  0x00000229c5ddad70: 85d2 0f84 | 7402 0000 | 458b da44 | 8b44 2440 | 4723 5cc4 | 2043 8b6c | c430 458b | 4cec 0c45 
  0x00000229c5ddad90: 3bd9 0f83 | 4c03 0000 | 4d8d 04ec | 438b 6c98 | 1044 8b4c | 2438 443b | cd0f 841e | 0100 0045 
  0x00000229c5ddadb0: 8b4c ec08 

  0x00000229c5ddadb4: ;   {metadata('java/lang/String')}
  0x00000229c5ddadb4: 4181 f940 | e700 000f | 8503 1300 | 0044 8b44 | 2438 470f | be4c c410 | 4d8d 04ec | 410f be58 
  0x00000229c5ddadd4: 1044 3bcb | 0f85 fe03 | 0000 458b | 4814 8b4c | 2438 458b | 44cc 1443 | 8b7c cc0c | 438b 4cc4 
  0x00000229c5ddadf4: 0c3b cf0f | 85df 0300 | 004b 8d1c | cc4b 8d74 | cc10 4f8d | 0cc4 4b8d | 7cc4 1085 | c90f 849d 
  0x00000229c5ddae14: 0000 008b | c183 e01f | 83e1 e00f | 844b 0000 | 0048 8d3c | 0f48 8d34 | 0e48 f7d9 | c5fe 6f0c 
  0x00000229c5ddae34: 0fc5 fe6f | 040e c5f5 | efc8 c4e2 | 7d17 c90f | 8572 0000 | 0048 83c1 | 2075 e185 | c00f 845d 
  0x00000229c5ddae54: 0000 00c5 | fe6f 4c07 | e0c5 fe6f | 4406 e0c5 | f5ef c8c4 | e27d 17c9 | 754d eb44 | 8bc8 83e1 
  0x00000229c5ddae74: fc74 1948 | 8d3c 0f48 | 8d34 0e48 | f7d9 8b1c | 0f3b 1c0e | 7531 4883 | c104 75f2 | a802 7412 
  0x00000229c5ddae94: 0fb7 1f0f | b70e 3bd9 | 751d 488d | 7f02 488d | 7602 a801 | 740a 0fb6 | 1f0f b60e 

  0x00000229c5ddaeb0: ;   {no_reloc}
  0x00000229c5ddaeb0: 3bd9 7507 | b801 0000 | 00eb 0233 | c0c5 f5ef | c9c5 fdef | c085 c00f | 840f 0300 | 0044 8b54 
  0x00000229c5ddaed0: 2440 438b | 6cd4 3445 | 8b44 ec0c | 453b d80f | 8363 0200 | 004d 8d14 | ec47 8b4c | 9a10 4183 
  0x00000229c5ddaef0: f9fe 0f84 | cc03 0000 | 4183 f9ff | 0f84 4604 | 0000 448b | 5c24 3c47 | 8b54 dc08 

  0x00000229c5ddaf0c: ;   {metadata('com/badlogic/gdx/backends/lwjgl/LwjglGL20')}
  0x00000229c5ddaf0c: 4181 fa60 | 1202 010f | 8577 0200 

  0x00000229c5ddaf18: ;   {oop(a 'java/lang/Class'{0x000000060504fae8} = 'org/lwjgl/opengl/GLContext')}
  0x00000229c5ddaf18: 0049 bae8 | fa04 0506 | 0000 0045 | 8b5a 7443 | 8b6c dc0c | 458b d14c | 8bc5 49c1 | e003 4c8b 
  0x00000229c5ddaf38: 4c24 104d | 3bc1 0f85 | 2c03 0000 | 438b 6cdc | 1085 ed0f | 8443 0400 | 004d 8b84 | ecf0 2300 
  0x00000229c5ddaf58: 004d 85c0 | 0f84 6a04 | 0000 418b | d266 6690 

  0x00000229c5ddaf68: ;   {static_call}
  0x00000229c5ddaf68: c5f8 77e8 

  0x00000229c5ddaf6c: ; ImmutableOopMap {[0]=Oop [12]=NarrowOop [16]=Oop [24]=Oop [32]=NarrowOop [40]=Oop [48]=Oop }
                      ;*invokestatic nglDisableVertexAttribArray {reexecute=0 rethrow=0 return_oop=0}
                      ; - org.lwjgl.opengl.GL20::glDisableVertexAttribArray@15 (line 920)
                      ; - com.badlogic.gdx.backends.lwjgl.LwjglGL20::glDisableVertexAttribArray@1 (line 272)
                      ; - com.badlogic.gdx.graphics.glutils.ShaderProgram::disableVertexAttribute@22 (line 719)
                      ; - com.badlogic.gdx.graphics.glutils.VertexArray::unbind@34 (line 157)
                      ; - com.badlogic.gdx.graphics.Mesh::unbind@6 (line 409)
                      ; - com.badlogic.gdx.graphics.Mesh::unbind@3 (line 400)
                      ; - com.badlogic.gdx.graphics.Mesh::render@253 (line 518)
                      ; - com.badlogic.gdx.graphics.Mesh::render@10 (line 460)
                      ; - com.badlogic.gdx.graphics.g2d.SpriteBatch::flush@184 (line 977)
  0x00000229c5ddaf6c: 70a1 f8ff 

  0x00000229c5ddaf70: ;   {other}
  0x00000229c5ddaf70: 0f1f 8400 | 600d 0006 | 8b5c 2408 | ffc3 3b5c | 2424 0f8c | 49fd ffff | 8b4c 240c | 488b 3c24 
  0x00000229c5ddaf90: 4488 670c | 418b 6ccc | 1445 8b54 

  0x00000229c5ddaf9c: ;   {metadata('com/badlogic/gdx/graphics/glutils/IndexArray')}
  0x00000229c5ddaf9c: ec08 4181 | fa88 2510 | 010f 8575 | 0600 004d | 8d14 ec41 | 0fb6 6a0c | 85ed 0f85 | ec10 0000 
  0x00000229c5ddafbc: 458b 5210 

  0x00000229c5ddafc0: ; implicit exception: dispatches to 0x00000229c5ddc49c
  0x00000229c5ddafc0: 438b 6cd4 | 1c85 ed0f | 8eaf 0700 | 004c 8b54 | 2418 4589 | 620c c5f8 | 7748 83c4 

  0x00000229c5ddafdc: ;   {poll_return}
  0x00000229c5ddafdc: 705d 493b | a748 0400 | 000f 87fe | 1400 00c3 | 470f b654 | dc11 4585 | d275 5b47 | 8b54 dc14 
  0x00000229c5ddaffc: 448b 5c24 | 4049 c1e3 | 0349 8bd2 | 48c1 e203 | 448b 4424 | 384b 8d2c | c443 807c | c410 0075 
  0x00000229c5ddb01c: 584c 895c | 2450 6690 

  0x00000229c5ddb024: ;   {static_call}
  0x00000229c5ddb024: c5f8 77e8 

  0x00000229c5ddb028: ; ImmutableOopMap {rbp=Oop [0]=Oop [12]=NarrowOop [16]=Oop [24]=Oop [32]=NarrowOop [40]=Oop [48]=Oop [56]=NarrowOop [60]=NarrowOop [64]=NarrowOop [80]=Oop }
                      ;*invokestatic hashCode {reexecute=0 rethrow=0 return_oop=0}
                      ; - java.lang.String::hashCode@27 (line 2369)
                      ; - com.badlogic.gdx.utils.ObjectIntMap::get@1 (line 279)
                      ; - com.badlogic.gdx.graphics.glutils.ShaderProgram::fetchAttributeLocation@11 (line 290)
                      ; - com.badlogic.gdx.graphics.glutils.ShaderProgram::disableVertexAttribute@10 (line 717)
                      ; - com.badlogic.gdx.graphics.glutils.VertexArray::unbind@34 (line 157)
                      ; - com.badlogic.gdx.graphics.Mesh::unbind@6 (line 409)
                      ; - com.badlogic.gdx.graphics.Mesh::unbind@3 (line 400)
                      ; - com.badlogic.gdx.graphics.Mesh::render@253 (line 518)
                      ; - com.badlogic.gdx.graphics.Mesh::render@10 (line 460)
                      ; - com.badlogic.gdx.graphics.g2d.SpriteBatch::flush@184 (line 977)
  0x00000229c5ddb028: 5448 7aff 

  0x00000229c5ddb02c: ;   {other}
  0x00000229c5ddb02c: 0f1f 8400 | 1c0e 0007 | 85c0 742a | 448b 5c24 | 3843 8944 | dc0c 448b | d0e9 2efd | ffff 4533 
  0x00000229c5ddb04c: c0e9 93fb | ffff 4533 | d2e9 1efd | ffff 894a | 34e9 30f6 | ffff 448b | 5424 3843 | c644 d411 
  0x00000229c5ddb06c: 0145 33d2 | e903 fdff | ff4c 895c | 2450 6690 

  0x00000229c5ddb07c: ;   {static_call}
  0x00000229c5ddb07c: c5f8 77e8 

  0x00000229c5ddb080: ; ImmutableOopMap {rbp=Oop [0]=Oop [12]=NarrowOop [16]=Oop [24]=Oop [32]=NarrowOop [40]=Oop [48]=Oop [56]=NarrowOop [60]=NarrowOop [64]=NarrowOop [80]=Oop }
                      ;*invokestatic hashCode {reexecute=0 rethrow=0 return_oop=0}
                      ; - java.lang.String::hashCode@37 (line 2370)
                      ; - com.badlogic.gdx.utils.ObjectIntMap::get@1 (line 279)
                      ; - com.badlogic.gdx.graphics.glutils.ShaderProgram::fetchAttributeLocation@11 (line 290)
                      ; - com.badlogic.gdx.graphics.glutils.ShaderProgram::disableVertexAttribute@10 (line 717)
                      ; - com.badlogic.gdx.graphics.glutils.VertexArray::unbind@34 (line 157)
                      ; - com.badlogic.gdx.graphics.Mesh::unbind@6 (line 409)
                      ; - com.badlogic.gdx.graphics.Mesh::unbind@3 (line 400)
                      ; - com.badlogic.gdx.graphics.Mesh::render@253 (line 518)
                      ; - com.badlogic.gdx.graphics.Mesh::render@10 (line 460)
                      ; - com.badlogic.gdx.graphics.g2d.SpriteBatch::flush@184 (line 977)
  0x00000229c5ddb080: fc47 7aff 

  0x00000229c5ddb084: ;   {other}
  0x00000229c5ddb084: 0f1f 8400 | 740e 0008 | eba6 bae4 | ffff ff48 | 8bef 4489 | 5424 0489 | 5c24 0848 | ff74 2418 
  0x00000229c5ddb0a4: 488f 4424 | 1089 4c24 | 0c44 8944 | 241c 4489 | 4c24 2090 

  0x00000229c5ddb0b8: ;   {runtime_call UncommonTrapBlob}
  0x00000229c5ddb0b8: c5f8 77e8 

  0x00000229c5ddb0bc: ; ImmutableOopMap {rbp=Oop [4]=NarrowOop [12]=NarrowOop [16]=Oop [32]=NarrowOop }
                      ;*aaload {reexecute=0 rethrow=0 return_oop=0}
                      ; - com.badlogic.gdx.graphics.VertexAttributes::get@5 (line 109)
                      ; - com.badlogic.gdx.graphics.glutils.VertexArray::unbind@28 (line 157)
                      ; - com.badlogic.gdx.graphics.Mesh::unbind@6 (line 409)
                      ; - com.badlogic.gdx.graphics.Mesh::unbind@3 (line 400)
                      ; - com.badlogic.gdx.graphics.Mesh::render@253 (line 518)
                      ; - com.badlogic.gdx.graphics.Mesh::render@10 (line 460)
                      ; - com.badlogic.gdx.graphics.g2d.SpriteBatch::flush@184 (line 977)
  0x00000229c5ddb0bc: 40cc 7aff 

  0x00000229c5ddb0c0: ;   {other}
  0x00000229c5ddb0c0: 0f1f 8400 | b00e 0009 | baf6 ffff | ff8b 6c24 | 3866 6690 

  0x00000229c5ddb0d4: ;   {runtime_call UncommonTrapBlob}
  0x00000229c5ddb0d4: c5f8 77e8 

  0x00000229c5ddb0d8: ; ImmutableOopMap {rbp=NarrowOop }
                      ;*invokevirtual get {reexecute=0 rethrow=0 return_oop=0}
                      ; - com.badlogic.gdx.graphics.glutils.ShaderProgram::fetchAttributeLocation@11 (line 290)
                      ; - com.badlogic.gdx.graphics.glutils.ShaderProgram::disableVertexAttribute@10 (line 717)
                      ; - com.badlogic.gdx.graphics.glutils.VertexArray::unbind@34 (line 157)
                      ; - com.badlogic.gdx.graphics.Mesh::unbind@6 (line 409)
                      ; - com.badlogic.gdx.graphics.Mesh::unbind@3 (line 400)
                      ; - com.badlogic.gdx.graphics.Mesh::render@253 (line 518)
                      ; - com.badlogic.gdx.graphics.Mesh::render@10 (line 460)
                      ; - com.badlogic.gdx.graphics.g2d.SpriteBatch::flush@184 (line 977)
  0x00000229c5ddb0d8: 24cc 7aff 

  0x00000229c5ddb0dc: ;   {other}
  0x00000229c5ddb0dc: 0f1f 8400 | cc0e 000a | bae4 ffff | ff48 ff74 | 2418 488f | 4424 1048 | 8944 24f8 | 8b44 2424 
  0x00000229c5ddb0fc: 8944 241c | 488b 4424 | f848 8944 | 24f8 8b44 | 243c 8944 | 2424 488b | 4424 f848 | 8944 24f8 
  0x00000229c5ddb11c: 8b44 2438 | 8944 2428 | 488b 4424 | f844 8944 | 2430 4489 | 5424 3c44 | 895c 2444 

  0x00000229c5ddb138: ;   {runtime_call UncommonTrapBlob}
  0x00000229c5ddb138: c5f8 77e8 

  0x00000229c5ddb13c: ; ImmutableOopMap {rbp=NarrowOop [0]=Oop [12]=NarrowOop [16]=Oop [32]=NarrowOop [36]=NarrowOop [40]=NarrowOop [48]=NarrowOop }
                      ;*aaload {reexecute=0 rethrow=0 return_oop=0}
                      ; - com.badlogic.gdx.utils.ObjectIntMap::get@20 (line 281)
                      ; - com.badlogic.gdx.graphics.glutils.ShaderProgram::fetchAttributeLocation@11 (line 290)
                      ; - com.badlogic.gdx.graphics.glutils.ShaderProgram::disableVertexAttribute@10 (line 717)
                      ; - com.badlogic.gdx.graphics.glutils.VertexArray::unbind@34 (line 157)
                      ; - com.badlogic.gdx.graphics.Mesh::unbind@6 (line 409)
                      ; - com.badlogic.gdx.graphics.Mesh::unbind@3 (line 400)
                      ; - com.badlogic.gdx.graphics.Mesh::render@253 (line 518)
                      ; - com.badlogic.gdx.graphics.Mesh::render@10 (line 460)
                      ; - com.badlogic.gdx.graphics.g2d.SpriteBatch::flush@184 (line 977)
  0x00000229c5ddb13c: c0cb 7aff 

  0x00000229c5ddb140: ;   {other}
  0x00000229c5ddb140: 0f1f 8400 | 300f 000b | bae4 ffff | ff48 ff74 | 2418 488f | 4424 1048 | 8944 24f8 | 8b44 2424 
  0x00000229c5ddb160: 8944 241c | 488b 4424 | f848 8944 | 24f8 8b44 | 243c 8944 | 2424 488b | 4424 f844 | 895c 2430 
  0x00000229c5ddb180: ;   {runtime_call UncommonTrapBlob}
  0x00000229c5ddb180: c5f8 77e8 

  0x00000229c5ddb184: ; ImmutableOopMap {rbp=NarrowOop [0]=Oop [12]=NarrowOop [16]=Oop [32]=NarrowOop [36]=NarrowOop [56]=NarrowOop }
                      ;*iaload {reexecute=0 rethrow=0 return_oop=0}
                      ; - com.badlogic.gdx.utils.ObjectIntMap::get@82 (line 288)
                      ; - com.badlogic.gdx.graphics.glutils.ShaderProgram::fetchAttributeLocation@11 (line 290)
                      ; - com.badlogic.gdx.graphics.glutils.ShaderProgram::disableVertexAttribute@10 (line 717)
                      ; - com.badlogic.gdx.graphics.glutils.VertexArray::unbind@34 (line 157)
                      ; - com.badlogic.gdx.graphics.Mesh::unbind@6 (line 409)
                      ; - com.badlogic.gdx.graphics.Mesh::unbind@3 (line 400)
                      ; - com.badlogic.gdx.graphics.Mesh::render@253 (line 518)
                      ; - com.badlogic.gdx.graphics.Mesh::render@10 (line 460)
                      ; - com.badlogic.gdx.graphics.g2d.SpriteBatch::flush@184 (line 977)
  0x00000229c5ddb184: 78cb 7aff 

  0x00000229c5ddb188: ;   {other}
  0x00000229c5ddb188: 0f1f 8400 | 780f 000c | bade ffff | ff48 8b2c | 2448 8944 | 24f8 8b44 | 2408 8904 | 2448 8b44 
  0x00000229c5ddb1a8: 24f8 48ff | 7424 1848 | 8f44 2410 | 4889 4424 | f88b 4424 | 0c89 4424 | 0448 8b44 | 24f8 4489 
  0x00000229c5ddb1c8: 4c24 1c90 

  0x00000229c5ddb1cc: ;   {runtime_call UncommonTrapBlob}
  0x00000229c5ddb1cc: c5f8 77e8 

  0x00000229c5ddb1d0: ; ImmutableOopMap {rbp=Oop [4]=NarrowOop [16]=Oop [32]=NarrowOop [60]=NarrowOop }
                      ;*invokeinterface glDisableVertexAttribArray {reexecute=0 rethrow=0 return_oop=0}
                      ; - com.badlogic.gdx.graphics.glutils.ShaderProgram::disableVertexAttribute@22 (line 719)
                      ; - com.badlogic.gdx.graphics.glutils.VertexArray::unbind@34 (line 157)
                      ; - com.badlogic.gdx.graphics.Mesh::unbind@6 (line 409)
                      ; - com.badlogic.gdx.graphics.Mesh::unbind@3 (line 400)
                      ; - com.badlogic.gdx.graphics.Mesh::render@253 (line 518)
                      ; - com.badlogic.gdx.graphics.Mesh::render@10 (line 460)
                      ; - com.badlogic.gdx.graphics.g2d.SpriteBatch::flush@184 (line 977)
  0x00000229c5ddb1d0: 2ccb 7aff 

  0x00000229c5ddb1d4: ;   {other}
  0x00000229c5ddb1d4: 0f1f 8400 | c40f 000d | ba45 ffff | ff48 8b2c | 2448 8944 | 24f8 8b44 | 2408 8904 | 2448 8b44 
  0x00000229c5ddb1f4: 24f8 48ff | 7424 1848 | 8f44 2410 | 4889 4424 | f88b 4424 | 0c89 4424 | 0448 8b44 | 24f8 4889 
  0x00000229c5ddb214: 4424 f88b | 4424 2089 | 4424 0848 | 8b44 24f8 | 4889 4424 | f88b 4424 | 2489 4424 | 0c48 8b44 
  0x00000229c5ddb234: 24f8 4889 | 4424 f88b | 4424 3c89 | 4424 1848 | 8b44 24f8 | 4889 4424 | f88b 4424 | 3889 4424 
  0x00000229c5ddb254: 2048 8b44 | 24f8 4489 | 5424 3090 

  0x00000229c5ddb260: ;   {runtime_call UncommonTrapBlob}
  0x00000229c5ddb260: c5f8 77e8 

  0x00000229c5ddb264: ; ImmutableOopMap {rbp=Oop [4]=NarrowOop [8]=NarrowOop [16]=Oop [24]=NarrowOop [32]=NarrowOop [64]=NarrowOop }
                      ;*ifne {reexecute=1 rethrow=0 return_oop=0}
                      ; - (reexecute) com.badlogic.gdx.utils.ObjectIntMap::get@24 (line 281)
                      ; - com.badlogic.gdx.graphics.glutils.ShaderProgram::fetchAttributeLocation@11 (line 290)
                      ; - com.badlogic.gdx.graphics.glutils.ShaderProgram::disableVertexAttribute@10 (line 717)
                      ; - com.badlogic.gdx.graphics.glutils.VertexArray::unbind@34 (line 157)
                      ; - com.badlogic.gdx.graphics.Mesh::unbind@6 (line 409)
                      ; - com.badlogic.gdx.graphics.Mesh::unbind@3 (line 400)
                      ; - com.badlogic.gdx.graphics.Mesh::render@253 (line 518)
                      ; - com.badlogic.gdx.graphics.Mesh::render@10 (line 460)
                      ; - com.badlogic.gdx.graphics.g2d.SpriteBatch::flush@184 (line 977)
  0x00000229c5ddb264: 98ca 7aff 

  0x00000229c5ddb268: ;   {other}
  0x00000229c5ddb268: 0f1f 8400 | 5810 000e | ba45 ffff | ff44 8954 | 2428 6690 

  0x00000229c5ddb27c: ;   {runtime_call UncommonTrapBlob}
  0x00000229c5ddb27c: c5f8 77e8 

  0x00000229c5ddb280: ; ImmutableOopMap {rbp=NarrowOop [0]=Oop [12]=NarrowOop [16]=Oop [24]=Oop [32]=NarrowOop }
                      ;*if_acmpne {reexecute=1 rethrow=0 return_oop=0}
                      ; - (reexecute) org.lwjgl.opengl.GLContext::getCapabilitiesImpl@11 (line 132)
                      ; - org.lwjgl.opengl.GLContext::getCapabilities@0 (line 122)
                      ; - org.lwjgl.opengl.GL20::glDisableVertexAttribArray@0 (line 917)
                      ; - com.badlogic.gdx.backends.lwjgl.LwjglGL20::glDisableVertexAttribArray@1 (line 272)
                      ; - com.badlogic.gdx.graphics.glutils.ShaderProgram::disableVertexAttribute@22 (line 719)
                      ; - com.badlogic.gdx.graphics.glutils.VertexArray::unbind@34 (line 157)
                      ; - com.badlogic.gdx.graphics.Mesh::unbind@6 (line 409)
                      ; - com.badlogic.gdx.graphics.Mesh::unbind@3 (line 400)
                      ; - com.badlogic.gdx.graphics.Mesh::render@253 (line 518)
                      ; - com.badlogic.gdx.graphics.Mesh::render@10 (line 460)
                      ; - com.badlogic.gdx.graphics.g2d.SpriteBatch::flush@184 (line 977)
  0x00000229c5ddb280: 7cca 7aff 

  0x00000229c5ddb284: ;   {other}
  0x00000229c5ddb284: 0f1f 8400 | 7410 000f | ba45 ffff | ff48 8bef | 891c 2448 | ff74 2418 | 488f 4424 | 1089 4c24 
  0x00000229c5ddb2a4: 0444 8944 | 240c 4489 | 4c24 1844 | 8954 2428 

  0x00000229c5ddb2b4: ;   {runtime_call UncommonTrapBlob}
  0x00000229c5ddb2b4: c5f8 77e8 

  0x00000229c5ddb2b8: ; ImmutableOopMap {rbp=Oop [4]=NarrowOop [16]=Oop [24]=NarrowOop [32]=NarrowOop [56]=NarrowOop [60]=NarrowOop }
                      ;*ifeq {reexecute=1 rethrow=0 return_oop=0}
                      ; - (reexecute) com.badlogic.gdx.graphics.glutils.ShaderProgram::checkManaged@4 (line 746)
                      ; - com.badlogic.gdx.graphics.glutils.ShaderProgram::disableVertexAttribute@5 (line 716)
                      ; - com.badlogic.gdx.graphics.glutils.VertexArray::unbind@34 (line 157)
                      ; - com.badlogic.gdx.graphics.Mesh::unbind@6 (line 409)
                      ; - com.badlogic.gdx.graphics.Mesh::unbind@3 (line 400)
                      ; - com.badlogic.gdx.graphics.Mesh::render@253 (line 518)
                      ; - com.badlogic.gdx.graphics.Mesh::render@10 (line 460)
                      ; - com.badlogic.gdx.graphics.g2d.SpriteBatch::flush@184 (line 977)
  0x00000229c5ddb2b8: 44ca 7aff 

  0x00000229c5ddb2bc: ;   {other}
  0x00000229c5ddb2bc: 0f1f 8400 | ac10 0010 | ba45 ffff | ff48 8b2c | 2448 8944 | 24f8 8b44 | 2408 8904 | 2448 8b44 
  0x00000229c5ddb2dc: 24f8 48ff | 7424 1848 | 8f44 2410 | 4889 4424 | f88b 4424 | 0c89 4424 | 0448 8b44 | 24f8 4889 
  0x00000229c5ddb2fc: 4424 f88b | 4424 2089 | 4424 0848 | 8b44 24f8 | 4889 4424 | f88b 4424 | 2489 4424 | 0c48 8b44 
  0x00000229c5ddb31c: 24f8 4889 | 4424 f88b | 4424 3c89 | 4424 1848 | 8b44 24f8 | 4489 4c24 | 2866 6690 

  0x00000229c5ddb338: ;   {runtime_call UncommonTrapBlob}
  0x00000229c5ddb338: c5f8 77e8 

  0x00000229c5ddb33c: ; ImmutableOopMap {rbp=Oop [4]=NarrowOop [8]=NarrowOop [16]=Oop [24]=NarrowOop [56]=NarrowOop }
                      ;*if_icmpne {reexecute=1 rethrow=0 return_oop=0}
                      ; - (reexecute) com.badlogic.gdx.graphics.glutils.ShaderProgram::fetchAttributeLocation@18 (line 290)
                      ; - com.badlogic.gdx.graphics.glutils.ShaderProgram::disableVertexAttribute@10 (line 717)
                      ; - com.badlogic.gdx.graphics.glutils.VertexArray::unbind@34 (line 157)
                      ; - com.badlogic.gdx.graphics.Mesh::unbind@6 (line 409)
                      ; - com.badlogic.gdx.graphics.Mesh::unbind@3 (line 400)
                      ; - com.badlogic.gdx.graphics.Mesh::render@253 (line 518)
                      ; - com.badlogic.gdx.graphics.Mesh::render@10 (line 460)
                      ; - com.badlogic.gdx.graphics.g2d.SpriteBatch::flush@184 (line 977)
  0x00000229c5ddb33c: c0c9 7aff 

  0x00000229c5ddb340: ;   {other}
  0x00000229c5ddb340: 0f1f 8400 | 3011 0011 | ba45 ffff | ff48 8b2c | 2448 8944 | 24f8 8b44 | 2408 8904 | 2448 8b44 
  0x00000229c5ddb360: 24f8 48ff | 7424 1848 | 8f44 2410 | 4889 4424 | f88b 4424 | 0c89 4424 | 0448 8b44 | 24f8 4489 
  0x00000229c5ddb380: 4c24 1890 

  0x00000229c5ddb384: ;   {runtime_call UncommonTrapBlob}
  0x00000229c5ddb384: c5f8 77e8 

  0x00000229c5ddb388: ; ImmutableOopMap {rbp=Oop [4]=NarrowOop [16]=Oop [32]=NarrowOop }
                      ;*if_icmpne {reexecute=1 rethrow=0 return_oop=0}
                      ; - (reexecute) com.badlogic.gdx.graphics.glutils.ShaderProgram::disableVertexAttribute@16 (line 718)
                      ; - com.badlogic.gdx.graphics.glutils.VertexArray::unbind@34 (line 157)
                      ; - com.badlogic.gdx.graphics.Mesh::unbind@6 (line 409)
                      ; - com.badlogic.gdx.graphics.Mesh::unbind@3 (line 400)
                      ; - com.badlogic.gdx.graphics.Mesh::render@253 (line 518)
                      ; - com.badlogic.gdx.graphics.Mesh::render@10 (line 460)
                      ; - com.badlogic.gdx.graphics.g2d.SpriteBatch::flush@184 (line 977)
  0x00000229c5ddb388: 74c9 7aff 

  0x00000229c5ddb38c: ;   {other}
  0x00000229c5ddb38c: 0f1f 8400 | 7c11 0012 | ba45 ffff | ff48 ff74 | 2418 488f | 4424 1048 | 8944 24f8 | 8b44 2420 
  0x00000229c5ddb3ac: 8944 2418 | 488b 4424 | f844 8954 | 2420 6690 

  0x00000229c5ddb3bc: ;   {runtime_call UncommonTrapBlob}
  0x00000229c5ddb3bc: c5f8 77e8 

  0x00000229c5ddb3c0: ; ImmutableOopMap {rbp=NarrowOop [0]=Oop [12]=NarrowOop [16]=Oop [24]=NarrowOop }
                      ;*ifnonnull {reexecute=1 rethrow=0 return_oop=0}
                      ; - (reexecute) org.lwjgl.opengl.GLContext::getCapabilities@5 (line 123)
                      ; - org.lwjgl.opengl.GL20::glDisableVertexAttribArray@0 (line 917)
                      ; - com.badlogic.gdx.backends.lwjgl.LwjglGL20::glDisableVertexAttribArray@1 (line 272)
                      ; - com.badlogic.gdx.graphics.glutils.ShaderProgram::disableVertexAttribute@22 (line 719)
                      ; - com.badlogic.gdx.graphics.glutils.VertexArray::unbind@34 (line 157)
                      ; - com.badlogic.gdx.graphics.Mesh::unbind@6 (line 409)
                      ; - com.badlogic.gdx.graphics.Mesh::unbind@3 (line 400)
                      ; - com.badlogic.gdx.graphics.Mesh::render@253 (line 518)
                      ; - com.badlogic.gdx.graphics.Mesh::render@10 (line 460)
                      ; - com.badlogic.gdx.graphics.g2d.SpriteBatch::flush@184 (line 977)
  0x00000229c5ddb3c0: 3cc9 7aff 

  0x00000229c5ddb3c4: ;   {other}
  0x00000229c5ddb3c4: 0f1f 8400 | b411 0013 | 4533 db4d | 3bc3 bdff | ffff ff7c | 0840 0f95 | c540 0fb6 | edba 45ff 
  0x00000229c5ddb3e4: ffff 48ff | 7424 1848 | 8f44 2410 | 4889 4424 | f88b 4424 | 2089 4424 | 1848 8b44 | 24f8 4489 
  0x00000229c5ddb404: 5424 204c | 8944 2428 

  0x00000229c5ddb40c: ;   {runtime_call UncommonTrapBlob}
  0x00000229c5ddb40c: c5f8 77e8 

  0x00000229c5ddb410: ; ImmutableOopMap {[0]=Oop [12]=NarrowOop [16]=Oop [24]=NarrowOop }
                      ;*ifne {reexecute=1 rethrow=0 return_oop=0}
                      ; - (reexecute) org.lwjgl.BufferChecks::checkFunctionAddress@9 (line 57)
                      ; - org.lwjgl.opengl.GL20::glDisableVertexAttribArray@10 (line 919)
                      ; - com.badlogic.gdx.backends.lwjgl.LwjglGL20::glDisableVertexAttribArray@1 (line 272)
                      ; - com.badlogic.gdx.graphics.glutils.ShaderProgram::disableVertexAttribute@22 (line 719)
                      ; - com.badlogic.gdx.graphics.glutils.VertexArray::unbind@34 (line 157)
                      ; - com.badlogic.gdx.graphics.Mesh::unbind@6 (line 409)
                      ; - com.badlogic.gdx.graphics.Mesh::unbind@3 (line 400)
                      ; - com.badlogic.gdx.graphics.Mesh::render@253 (line 518)
                      ; - com.badlogic.gdx.graphics.Mesh::render@10 (line 460)
                      ; - com.badlogic.gdx.graphics.g2d.SpriteBatch::flush@184 (line 977)
  0x00000229c5ddb410: ecc8 7aff 

  0x00000229c5ddb414: ;   {other}
  0x00000229c5ddb414: 0f1f 8400 | 0412 0014 | bae4 ffff | ff48 ff74 | 2418 488f | 4424 1048 | 8944 24f8 | 8b44 2424 
  0x00000229c5ddb434: 8944 2418 | 488b 4424 | f848 8944 | 24f8 8b44 | 2420 8944 | 241c 488b | 4424 f848 | 894c 2428 
  0x00000229c5ddb454: 4489 5c24 | 2489 5c24 | 3066 6690 

  0x00000229c5ddb460: ;   {runtime_call UncommonTrapBlob}
  0x00000229c5ddb460: c5f8 77e8 

  0x00000229c5ddb464: ; ImmutableOopMap {[0]=NarrowOop [4]=NarrowOop [8]=NarrowOop [16]=Oop [36]=NarrowOop [48]=NarrowOop }
                      ;*aaload {reexecute=0 rethrow=0 return_oop=0}
                      ; - org.lwjgl.opengl.ReferencesStack::getReferences@8 (line 41)
                      ; - org.lwjgl.opengl.StateTracker::getReferences@7 (line 85)
                      ; - org.lwjgl.opengl.StateTracker::getElementArrayBufferBound@1 (line 143)
                      ; - org.lwjgl.opengl.GLChecks::ensureElementVBOdisabled@7 (line 82)
                      ; - org.lwjgl.opengl.GL11::glDrawElements@14 (line 1108)
                      ; - com.badlogic.gdx.backends.lwjgl.LwjglGL20::glDrawElements@21 (line 281)
                      ; - com.badlogic.gdx.graphics.Mesh::render@88 (line 499)
                      ; - com.badlogic.gdx.graphics.Mesh::render@10 (line 460)
                      ; - com.badlogic.gdx.graphics.g2d.SpriteBatch::flush@184 (line 977)
  0x00000229c5ddb464: 98c8 7aff 

  0x00000229c5ddb468: ;   {other}
  0x00000229c5ddb468: 0f1f 8400 | 5812 0015 | baf6 ffff | ff8b 2c24 | 4c89 1c24 

  0x00000229c5ddb47c: ;   {runtime_call UncommonTrapBlob}
  0x00000229c5ddb47c: c5f8 77e8 

  0x00000229c5ddb480: ; ImmutableOopMap {rbp=NarrowOop }
                      ;*invokevirtual getLong {reexecute=0 rethrow=0 return_oop=0}
                      ; - org.lwjgl.MemoryUtilSun$AccessorUnsafe::getAddress@9 (line 70)
                      ; - org.lwjgl.MemoryUtil::getAddress0@4 (line 113)
                      ; - org.lwjgl.MemoryUtil::getAddress@1 (line 129)
                      ; - org.lwjgl.MemoryUtil::getAddress@5 (line 127)
                      ; - org.lwjgl.opengl.GL11::glDrawElements@30 (line 1110)
                      ; - com.badlogic.gdx.backends.lwjgl.LwjglGL20::glDrawElements@21 (line 281)
                      ; - com.badlogic.gdx.graphics.Mesh::render@88 (line 499)
                      ; - com.badlogic.gdx.graphics.Mesh::render@10 (line 460)
                      ; - com.badlogic.gdx.graphics.g2d.SpriteBatch::flush@184 (line 977)
  0x00000229c5ddb480: 7cc8 7aff 

  0x00000229c5ddb484: ;   {other}
  0x00000229c5ddb484: 0f1f 8400 | 7412 0016 | bade ffff | ff49 8be8 | 891c 2489 | 7424 0444 | 8954 2408 | 4489 4c24 
  0x00000229c5ddb4a4: 0c66 6690 

  0x00000229c5ddb4a8: ;   {runtime_call UncommonTrapBlob}
  0x00000229c5ddb4a8: c5f8 77e8 

  0x00000229c5ddb4ac: ; ImmutableOopMap {rbp=Oop [4]=NarrowOop }
                      ;*invokeinterface glBindTexture {reexecute=0 rethrow=0 return_oop=0}
                      ; - com.badlogic.gdx.graphics.GLTexture::bind@11 (line 66)
                      ; - com.badlogic.gdx.graphics.g2d.SpriteBatch::flush@58 (line 964)
  0x00000229c5ddb4ac: 50c8 7aff 

  0x00000229c5ddb4b0: ;   {other}
  0x00000229c5ddb4b0: 0f1f 8400 | a012 0017 | bade ffff | ff4c 894c | 2408 8974 | 2410 4489 | 4424 1444 | 895c 2418 
  0x00000229c5ddb4d0: ;   {runtime_call UncommonTrapBlob}
  0x00000229c5ddb4d0: c5f8 77e8 

  0x00000229c5ddb4d4: ; ImmutableOopMap {rbp=NarrowOop [8]=Oop [16]=NarrowOop [20]=NarrowOop }
                      ;*invokeinterface setVertices {reexecute=0 rethrow=0 return_oop=0}
                      ; - com.badlogic.gdx.graphics.Mesh::setVertices@7 (line 208)
                      ; - com.badlogic.gdx.graphics.g2d.SpriteBatch::flush@76 (line 966)
  0x00000229c5ddb4d4: 28c8 7aff 

  0x00000229c5ddb4d8: ;   {other}
  0x00000229c5ddb4d8: 0f1f 8400 | c812 0018 | bade ffff | ff49 8be9 | 8974 2408 | 4889 4c24 | 1044 8944 | 2418 4489 
  0x00000229c5ddb4f8: 5c24 2089 | 7c24 2444 | 8954 2428 

  0x00000229c5ddb504: ;   {runtime_call UncommonTrapBlob}
  0x00000229c5ddb504: c5f8 77e8 

  0x00000229c5ddb508: ; ImmutableOopMap {rbp=Oop [8]=NarrowOop [16]=Oop [24]=NarrowOop [36]=NarrowOop }
                      ;*invokevirtual limit {reexecute=0 rethrow=0 return_oop=0}
                      ; - com.badlogic.gdx.utils.BufferUtils::copy@11 (line 51)
                      ; - com.badlogic.gdx.graphics.glutils.VertexArray::setVertices@7 (line 84)
                      ; - com.badlogic.gdx.graphics.Mesh::setVertices@7 (line 208)
                      ; - com.badlogic.gdx.graphics.g2d.SpriteBatch::flush@76 (line 966)
  0x00000229c5ddb508: f4c7 7aff 

  0x00000229c5ddb50c: ;   {other}
  0x00000229c5ddb50c: 0f1f 8400 | fc12 0019 | bade ffff | ff66 6690 

  0x00000229c5ddb51c: ;   {runtime_call UncommonTrapBlob}
  0x00000229c5ddb51c: c5f8 77e8 

  0x00000229c5ddb520: ; ImmutableOopMap {rbp=NarrowOop [4]=NarrowOop [16]=Oop }
                      ;*invokeinterface getBuffer {reexecute=0 rethrow=0 return_oop=0}
                      ; - com.badlogic.gdx.graphics.Mesh::getIndicesBuffer@4 (line 814)
                      ; - com.badlogic.gdx.graphics.g2d.SpriteBatch::flush@81 (line 967)
  0x00000229c5ddb520: dcc7 7aff 

  0x00000229c5ddb524: ;   {other}
  0x00000229c5ddb524: 0f1f 8400 | 1413 001a | bade ffff | ff44 8954 | 2408 4489 | 5c24 0c90 

  0x00000229c5ddb53c: ;   {runtime_call UncommonTrapBlob}
  0x00000229c5ddb53c: c5f8 77e8 

  0x00000229c5ddb540: ; ImmutableOopMap {rbp=NarrowOop [12]=NarrowOop [16]=Oop }
                      ;*invokeinterface glEnable {reexecute=0 rethrow=0 return_oop=0}
                      ; - com.badlogic.gdx.graphics.g2d.SpriteBatch::flush@125 (line 973)
  0x00000229c5ddb540: bcc7 7aff 

  0x00000229c5ddb544: ;   {other}
  0x00000229c5ddb544: 0f1f 8400 | 3413 001b | bade ffff | ff48 894c | 2408 4489 | 5c24 1044 | 8944 2414 | 4489 4c24 
  0x00000229c5ddb564: 1844 8954 | 241c 6690 

  0x00000229c5ddb56c: ;   {runtime_call UncommonTrapBlob}
  0x00000229c5ddb56c: c5f8 77e8 

  0x00000229c5ddb570: ; ImmutableOopMap {rbp=NarrowOop [4]=NarrowOop [8]=Oop }
                      ;*invokeinterface glBlendFuncSeparate {reexecute=0 rethrow=0 return_oop=0}
                      ; - com.badlogic.gdx.graphics.g2d.SpriteBatch::flush@157 (line 974)
  0x00000229c5ddb570: 8cc7 7aff 

  0x00000229c5ddb574: ;   {other}
  0x00000229c5ddb574: 0f1f 8400 | 6413 001c | bade ffff | ff4c 8914 | 2444 8944 | 2410 4489 | 4c24 1489 | 4c24 1889 
  0x00000229c5ddb594: 5c24 1c90 

  0x00000229c5ddb598: ;   {runtime_call UncommonTrapBlob}
  0x00000229c5ddb598: c5f8 77e8 

  0x00000229c5ddb59c: ; ImmutableOopMap {rbp=NarrowOop [0]=Oop [24]=NarrowOop [28]=NarrowOop }
                      ;*invokeinterface bind {reexecute=0 rethrow=0 return_oop=0}
                      ; - com.badlogic.gdx.graphics.Mesh::bind@6 (line 391)
                      ; - com.badlogic.gdx.graphics.Mesh::bind@3 (line 382)
                      ; - com.badlogic.gdx.graphics.Mesh::render@13 (line 490)
                      ; - com.badlogic.gdx.graphics.Mesh::render@10 (line 460)
                      ; - com.badlogic.gdx.graphics.g2d.SpriteBatch::flush@184 (line 977)
  0x00000229c5ddb59c: 60c7 7aff 

  0x00000229c5ddb5a0: ;   {other}
  0x00000229c5ddb5a0: 0f1f 8400 | 9013 001d | bade ffff | ff48 ff74 | 2418 488f | 4424 1090 

  0x00000229c5ddb5b8: ;   {runtime_call UncommonTrapBlob}
  0x00000229c5ddb5b8: c5f8 77e8 

  0x00000229c5ddb5bc: ; ImmutableOopMap {rbp=NarrowOop [4]=NarrowOop [8]=NarrowOop [16]=Oop }
                      ;*invokeinterface getNumIndices {reexecute=0 rethrow=0 return_oop=0}
                      ; - com.badlogic.gdx.graphics.Mesh::bind@15 (line 392)
                      ; - com.badlogic.gdx.graphics.Mesh::bind@3 (line 382)
                      ; - com.badlogic.gdx.graphics.Mesh::render@13 (line 490)
                      ; - com.badlogic.gdx.graphics.Mesh::render@10 (line 460)
                      ; - com.badlogic.gdx.graphics.g2d.SpriteBatch::flush@184 (line 977)
  0x00000229c5ddb5bc: 40c7 7aff 

  0x00000229c5ddb5c0: ;   {other}
  0x00000229c5ddb5c0: 0f1f 8400 | b013 001e | bade ffff | ff48 ff74 | 2418 488f | 4424 1048 | 8944 24f8 | 8b44 2424 
  0x00000229c5ddb5e0: 8944 2418 | 488b 4424 | f889 5c24 | 1c44 8954 | 2420 6690 

  0x00000229c5ddb5f4: ;   {runtime_call UncommonTrapBlob}
  0x00000229c5ddb5f4: c5f8 77e8 

  0x00000229c5ddb5f8: ; ImmutableOopMap {rbp=NarrowOop [0]=NarrowOop [4]=NarrowOop [8]=NarrowOop [16]=Oop }
                      ;*invokeinterface glDrawElements {reexecute=0 rethrow=0 return_oop=0}
                      ; - com.badlogic.gdx.graphics.Mesh::render@88 (line 499)
                      ; - com.badlogic.gdx.graphics.Mesh::render@10 (line 460)
                      ; - com.badlogic.gdx.graphics.g2d.SpriteBatch::flush@184 (line 977)
  0x00000229c5ddb5f8: 04c7 7aff 

  0x00000229c5ddb5fc: ;   {other}
  0x00000229c5ddb5fc: 0f1f 8400 | ec13 001f | bade ffff | ff89 4c24 | 0c66 6690 

  0x00000229c5ddb610: ;   {runtime_call UncommonTrapBlob}
  0x00000229c5ddb610: c5f8 77e8 

  0x00000229c5ddb614: ; ImmutableOopMap {rbp=NarrowOop [8]=NarrowOop [12]=NarrowOop [24]=Oop }
                      ;*invokeinterface unbind {reexecute=0 rethrow=0 return_oop=0}
                      ; - com.badlogic.gdx.graphics.Mesh::unbind@6 (line 409)
                      ; - com.badlogic.gdx.graphics.Mesh::unbind@3 (line 400)
                      ; - com.badlogic.gdx.graphics.Mesh::render@253 (line 518)
                      ; - com.badlogic.gdx.graphics.Mesh::render@10 (line 460)
                      ; - com.badlogic.gdx.graphics.g2d.SpriteBatch::flush@184 (line 977)
  0x00000229c5ddb614: e8c6 7aff 

  0x00000229c5ddb618: ;   {other}
  0x00000229c5ddb618: 0f1f 8400 | 0814 0020 | bade ffff | ff89 4c24 | 0866 6690 

  0x00000229c5ddb62c: ;   {runtime_call UncommonTrapBlob}
  0x00000229c5ddb62c: c5f8 77e8 

  0x00000229c5ddb630: ; ImmutableOopMap {rbp=NarrowOop [8]=NarrowOop [24]=Oop }
                      ;*invokeinterface getNumIndices {reexecute=0 rethrow=0 return_oop=0}
                      ; - com.badlogic.gdx.graphics.Mesh::unbind@15 (line 410)
                      ; - com.badlogic.gdx.graphics.Mesh::unbind@3 (line 400)
                      ; - com.badlogic.gdx.graphics.Mesh::render@253 (line 518)
                      ; - com.badlogic.gdx.graphics.Mesh::render@10 (line 460)
                      ; - com.badlogic.gdx.graphics.g2d.SpriteBatch::flush@184 (line 977)
  0x00000229c5ddb630: ccc6 7aff 

  0x00000229c5ddb634: ;   {other}
  0x00000229c5ddb634: 0f1f 8400 | 2414 0021 | ba76 ffff | ff48 8bef | 894c 2408 | 4489 4c24 | 0c44 8944 | 2414 6690 
  0x00000229c5ddb654: ;   {runtime_call UncommonTrapBlob}
  0x00000229c5ddb654: c5f8 77e8 

  0x00000229c5ddb658: ; ImmutableOopMap {rbp=Oop [8]=NarrowOop [12]=NarrowOop [24]=Oop }
                      ;*if_icmpge {reexecute=1 rethrow=0 return_oop=0}
                      ; - (reexecute) com.badlogic.gdx.graphics.glutils.VertexArray::unbind@18 (line 156)
                      ; - com.badlogic.gdx.graphics.Mesh::unbind@6 (line 409)
                      ; - com.badlogic.gdx.graphics.Mesh::unbind@3 (line 400)
                      ; - com.badlogic.gdx.graphics.Mesh::render@253 (line 518)
                      ; - com.badlogic.gdx.graphics.Mesh::render@10 (line 460)
                      ; - com.badlogic.gdx.graphics.g2d.SpriteBatch::flush@184 (line 977)
  0x00000229c5ddb658: a4c6 7aff 

  0x00000229c5ddb65c: ;   {other}
  0x00000229c5ddb65c: 0f1f 8400 | 4c14 0022 | ba45 ffff | ff49 8be8 | 891c 2444 | 8954 2404 | 4489 4c24 | 0889 7c24 
  0x00000229c5ddb67c: 0c48 8974 | 2410 6690 

  0x00000229c5ddb684: ;   {runtime_call UncommonTrapBlob}
  0x00000229c5ddb684: c5f8 77e8 

  0x00000229c5ddb688: ; ImmutableOopMap {rbp=Oop [12]=NarrowOop [16]=Oop }
                      ;*if_acmpne {reexecute=1 rethrow=0 return_oop=0}
                      ; - (reexecute) org.lwjgl.opengl.GLContext::getCapabilitiesImpl@11 (line 132)
                      ; - org.lwjgl.opengl.GLContext::getCapabilities@0 (line 122)
                      ; - org.lwjgl.opengl.GL11::glBindTexture@0 (line 651)
                      ; - com.badlogic.gdx.backends.lwjgl.LwjglGL20::glBindTexture@2 (line 93)
                      ; - com.badlogic.gdx.graphics.GLTexture::bind@11 (line 66)
                      ; - com.badlogic.gdx.graphics.g2d.SpriteBatch::flush@58 (line 964)
  0x00000229c5ddb688: 74c6 7aff 

  0x00000229c5ddb68c: ;   {other}
  0x00000229c5ddb68c: 0f1f 8400 | 7c14 0023 | ba45 ffff | ff48 890c | 2444 8954 | 2408 4489 | 5c24 0c48 | 895c 2410 
  0x00000229c5ddb6ac: ;   {runtime_call UncommonTrapBlob}
  0x00000229c5ddb6ac: c5f8 77e8 

  0x00000229c5ddb6b0: ; ImmutableOopMap {rbp=NarrowOop [0]=Oop [12]=NarrowOop [16]=Oop }
                      ;*if_acmpne {reexecute=1 rethrow=0 return_oop=0}
                      ; - (reexecute) org.lwjgl.opengl.GLContext::getCapabilitiesImpl@11 (line 132)
                      ; - org.lwjgl.opengl.GLContext::getCapabilities@0 (line 122)
                      ; - org.lwjgl.opengl.GL11::glEnable@0 (line 1012)
                      ; - com.badlogic.gdx.backends.lwjgl.LwjglGL20::glEnable@1 (line 292)
                      ; - com.badlogic.gdx.graphics.g2d.SpriteBatch::flush@125 (line 973)
  0x00000229c5ddb6b0: 4cc6 7aff 

  0x00000229c5ddb6b4: ;   {other}
  0x00000229c5ddb6b4: 0f1f 8400 | a414 0024 | ba45 ffff | ff48 894c | 2408 4489 | 5c24 1044 | 8944 2414 | 4489 4c24 
  0x00000229c5ddb6d4: 1844 8954 | 241c 4889 | 5c24 2090 

  0x00000229c5ddb6e0: ;   {runtime_call UncommonTrapBlob}
  0x00000229c5ddb6e0: c5f8 77e8 

  0x00000229c5ddb6e4: ; ImmutableOopMap {rbp=NarrowOop [4]=NarrowOop [8]=Oop [32]=Oop }
                      ;*if_acmpne {reexecute=1 rethrow=0 return_oop=0}
                      ; - (reexecute) org.lwjgl.opengl.GLContext::getCapabilitiesImpl@11 (line 132)
                      ; - org.lwjgl.opengl.GLContext::getCapabilities@0 (line 122)
                      ; - org.lwjgl.opengl.GL14::glBlendFuncSeparate@0 (line 238)
                      ; - com.badlogic.gdx.backends.lwjgl.LwjglGL20::glBlendFuncSeparate@5 (line 113)
                      ; - com.badlogic.gdx.graphics.g2d.SpriteBatch::flush@157 (line 974)
  0x00000229c5ddb6e4: 18c6 7aff 

  0x00000229c5ddb6e8: ;   {other}
  0x00000229c5ddb6e8: 0f1f 8400 | d814 0025 | ba45 ffff | ff48 8b6c | 2418 895c | 2410 6690 

  0x00000229c5ddb700: ;   {runtime_call UncommonTrapBlob}
  0x00000229c5ddb700: c5f8 77e8 

  0x00000229c5ddb704: ; ImmutableOopMap {rbp=Oop [4]=NarrowOop [8]=NarrowOop }
                      ;*ifle {reexecute=1 rethrow=0 return_oop=0}
                      ; - (reexecute) com.badlogic.gdx.graphics.Mesh::bind@20 (line 392)
                      ; - com.badlogic.gdx.graphics.Mesh::bind@3 (line 382)
                      ; - com.badlogic.gdx.graphics.Mesh::render@13 (line 490)
                      ; - com.badlogic.gdx.graphics.Mesh::render@10 (line 460)
                      ; - com.badlogic.gdx.graphics.g2d.SpriteBatch::flush@184 (line 977)
  0x00000229c5ddb704: f8c5 7aff 

  0x00000229c5ddb708: ;   {other}
  0x00000229c5ddb708: 0f1f 8400 | f814 0026 | ba45 ffff | ff66 6690 

  0x00000229c5ddb718: ;   {runtime_call UncommonTrapBlob}
  0x00000229c5ddb718: c5f8 77e8 

  0x00000229c5ddb71c: ; ImmutableOopMap {rbp=NarrowOop [0]=NarrowOop [4]=NarrowOop [8]=NarrowOop [16]=Oop [24]=Oop }
                      ;*if_acmpne {reexecute=1 rethrow=0 return_oop=0}
                      ; - (reexecute) org.lwjgl.opengl.GLContext::getCapabilitiesImpl@11 (line 132)
                      ; - org.lwjgl.opengl.GLContext::getCapabilities@0 (line 122)
                      ; - org.lwjgl.opengl.GL11::glDrawElements@0 (line 1105)
                      ; - com.badlogic.gdx.backends.lwjgl.LwjglGL20::glDrawElements@21 (line 281)
                      ; - com.badlogic.gdx.graphics.Mesh::render@88 (line 499)
                      ; - com.badlogic.gdx.graphics.Mesh::render@10 (line 460)
                      ; - com.badlogic.gdx.graphics.g2d.SpriteBatch::flush@184 (line 977)
  0x00000229c5ddb71c: e0c5 7aff 

  0x00000229c5ddb720: ;   {other}
  0x00000229c5ddb720: 0f1f 8400 | 1015 0027 | ba45 ffff | ff48 ff74 | 2418 488f | 4424 1048 | 8944 24f8 | 8b44 2424 
  0x00000229c5ddb740: 8944 2418 | 488b 4424 | f848 8944 | 24f8 8b44 | 2420 8944 | 241c 488b | 4424 f848 | 894c 2428 
  0x00000229c5ddb760: 4489 5c24 | 2444 894c | 2430 6690 

  0x00000229c5ddb76c: ;   {runtime_call UncommonTrapBlob}
  0x00000229c5ddb76c: c5f8 77e8 

  0x00000229c5ddb770: ; ImmutableOopMap {[0]=NarrowOop [4]=NarrowOop [8]=NarrowOop [16]=Oop [36]=NarrowOop [48]=NarrowOop }
                      ;*ifne {reexecute=1 rethrow=0 return_oop=0}
                      ; - (reexecute) org.lwjgl.opengl.StateTracker::getElementArrayBufferBound@9 (line 145)
                      ; - org.lwjgl.opengl.GLChecks::ensureElementVBOdisabled@7 (line 82)
                      ; - org.lwjgl.opengl.GL11::glDrawElements@14 (line 1108)
                      ; - com.badlogic.gdx.backends.lwjgl.LwjglGL20::glDrawElements@21 (line 281)
                      ; - com.badlogic.gdx.graphics.Mesh::render@88 (line 499)
                      ; - com.badlogic.gdx.graphics.Mesh::render@10 (line 460)
                      ; - com.badlogic.gdx.graphics.g2d.SpriteBatch::flush@184 (line 977)
  0x00000229c5ddb770: 8cc5 7aff 

  0x00000229c5ddb774: ;   {other}
  0x00000229c5ddb774: 0f1f 8400 | 6415 0028 | ba45 ffff | ff66 6690 

  0x00000229c5ddb784: ;   {runtime_call UncommonTrapBlob}
  0x00000229c5ddb784: c5f8 77e8 

  0x00000229c5ddb788: ; ImmutableOopMap {[24]=Oop }
                      ;*ifle {reexecute=1 rethrow=0 return_oop=0}
                      ; - (reexecute) com.badlogic.gdx.graphics.Mesh::unbind@20 (line 410)
                      ; - com.badlogic.gdx.graphics.Mesh::unbind@3 (line 400)
                      ; - com.badlogic.gdx.graphics.Mesh::render@253 (line 518)
                      ; - com.badlogic.gdx.graphics.Mesh::render@10 (line 460)
                      ; - com.badlogic.gdx.graphics.g2d.SpriteBatch::flush@184 (line 977)
  0x00000229c5ddb788: 74c5 7aff 

  0x00000229c5ddb78c: ;   {other}
  0x00000229c5ddb78c: 0f1f 8400 | 7c15 0029 | ba45 ffff | ff4c 8904 | 2489 5c24 | 0844 8954 | 240c 4489 | 4c24 1090 
  0x00000229c5ddb7ac: ;   {runtime_call UncommonTrapBlob}
  0x00000229c5ddb7ac: c5f8 77e8 

  0x00000229c5ddb7b0: ; ImmutableOopMap {rbp=NarrowOop [0]=Oop }
                      ;*ifnonnull {reexecute=1 rethrow=0 return_oop=0}
                      ; - (reexecute) org.lwjgl.opengl.GLContext::getCapabilities@5 (line 123)
                      ; - org.lwjgl.opengl.GL11::glBindTexture@0 (line 651)
                      ; - com.badlogic.gdx.backends.lwjgl.LwjglGL20::glBindTexture@2 (line 93)
                      ; - com.badlogic.gdx.graphics.GLTexture::bind@11 (line 66)
                      ; - com.badlogic.gdx.graphics.g2d.SpriteBatch::flush@58 (line 964)
  0x00000229c5ddb7b0: 4cc5 7aff 

  0x00000229c5ddb7b4: ;   {other}
  0x00000229c5ddb7b4: 0f1f 8400 | a415 002a | 4533 db49 | 3bcb bdff | ffff ff7c | 0840 0f95 | c540 0fb6 | edba 45ff 
  0x00000229c5ddb7d4: ffff 4c89 | 0424 895c | 2408 4489 | 5424 0c44 | 894c 2410 | 4889 4c24 | 1866 6690 

  0x00000229c5ddb7f0: ;   {runtime_call UncommonTrapBlob}
  0x00000229c5ddb7f0: c5f8 77e8 

  0x00000229c5ddb7f4: ; ImmutableOopMap {[0]=Oop }
                      ;*ifne {reexecute=1 rethrow=0 return_oop=0}
                      ; - (reexecute) org.lwjgl.BufferChecks::checkFunctionAddress@9 (line 57)
                      ; - org.lwjgl.opengl.GL11::glBindTexture@10 (line 653)
                      ; - com.badlogic.gdx.backends.lwjgl.LwjglGL20::glBindTexture@2 (line 93)
                      ; - com.badlogic.gdx.graphics.GLTexture::bind@11 (line 66)
                      ; - com.badlogic.gdx.graphics.g2d.SpriteBatch::flush@58 (line 964)
  0x00000229c5ddb7f4: 08c5 7aff 

  0x00000229c5ddb7f8: ;   {other}
  0x00000229c5ddb7f8: 0f1f 8400 | e815 002b | ba45 ffff | ff4c 894c | 2408 8974 | 2410 4889 | 4c24 1844 | 8944 2420 
  0x00000229c5ddb818: 4489 5c24 | 2448 895c | 2430 4889 | 5c24 3844 | 8954 244c 

  0x00000229c5ddb82c: ;   {runtime_call UncommonTrapBlob}
  0x00000229c5ddb82c: c5f8 77e8 

  0x00000229c5ddb830: ; ImmutableOopMap {[8]=Oop [16]=NarrowOop [24]=Oop [32]=NarrowOop [48]=Oop [56]=Oop }
                      ;*if_icmple {reexecute=1 rethrow=0 return_oop=0}
                      ; - (reexecute) java.nio.Buffer::limit@5 (line 379)
                      ; - java.nio.ByteBuffer::limit@2 (line 1565)
                      ; - java.nio.MappedByteBuffer::limit@2 (line 338)
                      ; - java.nio.MappedByteBuffer::limit@2 (line 73)
                      ; - com.badlogic.gdx.utils.BufferUtils::copy@11 (line 51)
                      ; - com.badlogic.gdx.graphics.glutils.VertexArray::setVertices@7 (line 84)
                      ; - com.badlogic.gdx.graphics.Mesh::setVertices@7 (line 208)
                      ; - com.badlogic.gdx.graphics.g2d.SpriteBatch::flush@76 (line 966)
  0x00000229c5ddb830: ccc4 7aff 

  0x00000229c5ddb834: ;   {other}
  0x00000229c5ddb834: 0f1f 8400 | 2416 002c | ba45 ffff | ff49 8be9 | 8974 2408 | 4889 4c24 | 1044 8944 | 2418 4489 
  0x00000229c5ddb854: 5c24 1c48 | 895c 2428 | 4889 5c24 | 3044 8954 | 2444 6690 

  0x00000229c5ddb868: ;   {runtime_call UncommonTrapBlob}
  0x00000229c5ddb868: c5f8 77e8 

  0x00000229c5ddb86c: ; ImmutableOopMap {rbp=Oop [8]=NarrowOop [16]=Oop [24]=NarrowOop [40]=Oop [48]=Oop }
                      ;*ifge {reexecute=1 rethrow=0 return_oop=0}
                      ; - (reexecute) java.nio.Buffer::limit@14 (line 379)
                      ; - java.nio.ByteBuffer::limit@2 (line 1565)
                      ; - java.nio.MappedByteBuffer::limit@2 (line 338)
                      ; - java.nio.MappedByteBuffer::limit@2 (line 73)
                      ; - com.badlogic.gdx.utils.BufferUtils::copy@11 (line 51)
                      ; - com.badlogic.gdx.graphics.glutils.VertexArray::setVertices@7 (line 84)
                      ; - com.badlogic.gdx.graphics.Mesh::setVertices@7 (line 208)
                      ; - com.badlogic.gdx.graphics.g2d.SpriteBatch::flush@76 (line 966)
  0x00000229c5ddb86c: 90c4 7aff 

  0x00000229c5ddb870: ;   {other}
  0x00000229c5ddb870: 0f1f 8400 | 6016 002d | ba45 ffff | ff4c 894c | 2408 8974 | 2410 4889 | 4c24 1844 | 8944 2420 
  0x00000229c5ddb890: 4489 5c24 | 2448 895c | 2430 4889 | 5c24 3844 | 8954 244c 

  0x00000229c5ddb8a4: ;   {runtime_call UncommonTrapBlob}
  0x00000229c5ddb8a4: c5f8 77e8 

  0x00000229c5ddb8a8: ; ImmutableOopMap {[8]=Oop [16]=NarrowOop [24]=Oop [32]=NarrowOop [48]=Oop [56]=Oop }
                      ;*if_icmple {reexecute=1 rethrow=0 return_oop=0}
                      ; - (reexecute) java.nio.Buffer::limit@42 (line 382)
                      ; - java.nio.ByteBuffer::limit@2 (line 1565)
                      ; - java.nio.MappedByteBuffer::limit@2 (line 338)
                      ; - java.nio.MappedByteBuffer::limit@2 (line 73)
                      ; - com.badlogic.gdx.utils.BufferUtils::copy@11 (line 51)
                      ; - com.badlogic.gdx.graphics.glutils.VertexArray::setVertices@7 (line 84)
                      ; - com.badlogic.gdx.graphics.Mesh::setVertices@7 (line 208)
                      ; - com.badlogic.gdx.graphics.g2d.SpriteBatch::flush@76 (line 966)
  0x00000229c5ddb8a8: 54c4 7aff 

  0x00000229c5ddb8ac: ;   {other}
  0x00000229c5ddb8ac: 0f1f 8400 | 9c16 002e | ba45 ffff | ff4c 894c | 2408 8974 | 2410 4889 | 4c24 1844 | 8944 2420 
  0x00000229c5ddb8cc: 4489 5c24 | 2448 895c | 2430 4889 | 5c24 3844 | 8954 2448 

  0x00000229c5ddb8e0: ;   {runtime_call UncommonTrapBlob}
  0x00000229c5ddb8e0: c5f8 77e8 

  0x00000229c5ddb8e4: ; ImmutableOopMap {[8]=Oop [16]=NarrowOop [24]=Oop [32]=NarrowOop [48]=Oop [56]=Oop }
                      ;*if_icmple {reexecute=1 rethrow=0 return_oop=0}
                      ; - (reexecute) java.nio.Buffer::limit@55 (line 383)
                      ; - java.nio.ByteBuffer::limit@2 (line 1565)
                      ; - java.nio.MappedByteBuffer::limit@2 (line 338)
                      ; - java.nio.MappedByteBuffer::limit@2 (line 73)
                      ; - com.badlogic.gdx.utils.BufferUtils::copy@11 (line 51)
                      ; - com.badlogic.gdx.graphics.glutils.VertexArray::setVertices@7 (line 84)
                      ; - com.badlogic.gdx.graphics.Mesh::setVertices@7 (line 208)
                      ; - com.badlogic.gdx.graphics.g2d.SpriteBatch::flush@76 (line 966)
  0x00000229c5ddb8e4: 18c4 7aff 

  0x00000229c5ddb8e8: ;   {other}
  0x00000229c5ddb8e8: 0f1f 8400 | d816 002f | ba45 ffff | ff48 ff74 | 2410 488f | 4424 0848 | 8944 24f8 | 8b44 2418 
  0x00000229c5ddb908: 8944 2414 | 488b 4424 | f84c 8954 | 2428 4c89 | 5424 3090 

  0x00000229c5ddb91c: ;   {runtime_call UncommonTrapBlob}
  0x00000229c5ddb91c: c5f8 77e8 

  0x00000229c5ddb920: ; ImmutableOopMap {[4]=NarrowOop [8]=Oop [32]=Oop [40]=Oop [48]=Oop }
                      ;*if_icmple {reexecute=1 rethrow=0 return_oop=0}
                      ; - (reexecute) java.nio.Buffer::position@5 (line 326)
                      ; - java.nio.ByteBuffer::position@2 (line 1551)
                      ; - java.nio.MappedByteBuffer::position@2 (line 328)
                      ; - java.nio.MappedByteBuffer::position@2 (line 73)
                      ; - com.badlogic.gdx.utils.BufferUtils::copy@40 (line 55)
                      ; - com.badlogic.gdx.graphics.glutils.VertexArray::setVertices@7 (line 84)
                      ; - com.badlogic.gdx.graphics.Mesh::setVertices@7 (line 208)
                      ; - com.badlogic.gdx.graphics.g2d.SpriteBatch::flush@76 (line 966)
  0x00000229c5ddb920: dcc3 7aff 

  0x00000229c5ddb924: ;   {other}
  0x00000229c5ddb924: 0f1f 8400 | 1417 0030 | ba45 ffff | ff48 ff74 | 2410 488f | 4424 0848 | 8944 24f8 | 8b44 2418 
  0x00000229c5ddb944: 8944 2414 | 488b 4424 | f84c 8954 | 2428 4c89 | 5424 3090 

  0x00000229c5ddb958: ;   {runtime_call UncommonTrapBlob}
  0x00000229c5ddb958: c5f8 77e8 

  0x00000229c5ddb95c: ; ImmutableOopMap {[4]=NarrowOop [8]=Oop [32]=Oop [40]=Oop [48]=Oop }
                      ;*if_icmple {reexecute=1 rethrow=0 return_oop=0}
                      ; - (reexecute) java.nio.Buffer::position@37 (line 328)
                      ; - java.nio.ByteBuffer::position@2 (line 1551)
                      ; - java.nio.MappedByteBuffer::position@2 (line 328)
                      ; - java.nio.MappedByteBuffer::position@2 (line 73)
                      ; - com.badlogic.gdx.utils.BufferUtils::copy@40 (line 55)
                      ; - com.badlogic.gdx.graphics.glutils.VertexArray::setVertices@7 (line 84)
                      ; - com.badlogic.gdx.graphics.Mesh::setVertices@7 (line 208)
                      ; - com.badlogic.gdx.graphics.g2d.SpriteBatch::flush@76 (line 966)
  0x00000229c5ddb95c: a0c3 7aff 

  0x00000229c5ddb960: ;   {other}
  0x00000229c5ddb960: 0f1f 8400 | 5017 0031 | ba45 ffff | ff48 ff74 | 2410 488f | 4424 0848 | 8944 24f8 | 8b44 2418 
  0x00000229c5ddb980: 8944 2414 | 488b 4424 | f844 8944 | 241c 6690 

  0x00000229c5ddb990: ;   {runtime_call UncommonTrapBlob}
  0x00000229c5ddb990: c5f8 77e8 

  0x00000229c5ddb994: ; ImmutableOopMap {[4]=NarrowOop [8]=Oop [28]=NarrowOop [32]=Oop }
                      ;*if_icmple {reexecute=1 rethrow=0 return_oop=0}
                      ; - (reexecute) java.nio.Buffer::position@5 (line 326)
                      ; - java.nio.FloatBuffer::position@2 (line 1551)
                      ; - java.nio.FloatBuffer::position@2 (line 285)
                      ; - com.badlogic.gdx.graphics.glutils.VertexArray::setVertices@15 (line 85)
                      ; - com.badlogic.gdx.graphics.Mesh::setVertices@7 (line 208)
                      ; - com.badlogic.gdx.graphics.g2d.SpriteBatch::flush@76 (line 966)
  0x00000229c5ddb994: 68c3 7aff 

  0x00000229c5ddb998: ;   {other}
  0x00000229c5ddb998: 0f1f 8400 | 8817 0032 | ba45 ffff | ff48 8b6c | 2410 4c89 | 5424 1048 | 8944 24f8 | 8b44 2418 
  0x00000229c5ddb9b8: 8944 240c | 488b 4424 | f844 8944 | 241c 894c | 2420 6690 

  0x00000229c5ddb9cc: ;   {runtime_call UncommonTrapBlob}
  0x00000229c5ddb9cc: c5f8 77e8 

  0x00000229c5ddb9d0: ; ImmutableOopMap {rbp=Oop [4]=NarrowOop [16]=Oop [28]=NarrowOop }
                      ;*if_icmple {reexecute=1 rethrow=0 return_oop=0}
                      ; - (reexecute) java.nio.Buffer::position@37 (line 328)
                      ; - java.nio.FloatBuffer::position@2 (line 1551)
                      ; - java.nio.FloatBuffer::position@2 (line 285)
                      ; - com.badlogic.gdx.graphics.glutils.VertexArray::setVertices@15 (line 85)
                      ; - com.badlogic.gdx.graphics.Mesh::setVertices@7 (line 208)
                      ; - com.badlogic.gdx.graphics.g2d.SpriteBatch::flush@76 (line 966)
  0x00000229c5ddb9d0: 2cc3 7aff 

  0x00000229c5ddb9d4: ;   {other}
  0x00000229c5ddb9d4: 0f1f 8400 | c417 0033 | ba45 ffff | ff48 ff74 | 2410 488f | 4424 0844 | 8944 2418 | 4489 5c24 
  0x00000229c5ddb9f4: 2066 6690 

  0x00000229c5ddb9f8: ;   {runtime_call UncommonTrapBlob}
  0x00000229c5ddb9f8: c5f8 77e8 

  0x00000229c5ddb9fc: ; ImmutableOopMap {[4]=NarrowOop [8]=Oop [24]=NarrowOop }
                      ;*if_icmple {reexecute=1 rethrow=0 return_oop=0}
                      ; - (reexecute) java.nio.Buffer::limit@5 (line 379)
                      ; - java.nio.FloatBuffer::limit@2 (line 1565)
                      ; - java.nio.FloatBuffer::limit@2 (line 285)
                      ; - com.badlogic.gdx.graphics.glutils.VertexArray::setVertices@24 (line 86)
                      ; - com.badlogic.gdx.graphics.Mesh::setVertices@7 (line 208)
                      ; - com.badlogic.gdx.graphics.g2d.SpriteBatch::flush@76 (line 966)
  0x00000229c5ddb9fc: 00c3 7aff 

  0x00000229c5ddba00: ;   {other}
  0x00000229c5ddba00: 0f1f 8400 | f017 0034 | ba45 ffff | ff48 8b6c | 2410 4489 | 4424 1090 

  0x00000229c5ddba18: ;   {runtime_call UncommonTrapBlob}
  0x00000229c5ddba18: c5f8 77e8 

  0x00000229c5ddba1c: ; ImmutableOopMap {rbp=Oop [4]=NarrowOop [16]=NarrowOop }
                      ;*ifge {reexecute=1 rethrow=0 return_oop=0}
                      ; - (reexecute) java.nio.Buffer::limit@14 (line 379)
                      ; - java.nio.FloatBuffer::limit@2 (line 1565)
                      ; - java.nio.FloatBuffer::limit@2 (line 285)
                      ; - com.badlogic.gdx.graphics.glutils.VertexArray::setVertices@24 (line 86)
                      ; - com.badlogic.gdx.graphics.Mesh::setVertices@7 (line 208)
                      ; - com.badlogic.gdx.graphics.g2d.SpriteBatch::flush@76 (line 966)
  0x00000229c5ddba1c: e0c2 7aff 

  0x00000229c5ddba20: ;   {other}
  0x00000229c5ddba20: 0f1f 8400 | 1018 0035 | ba45 ffff | ff48 8b6c | 2410 4489 | 4424 1089 | 4c24 1490 

  0x00000229c5ddba3c: ;   {runtime_call UncommonTrapBlob}
  0x00000229c5ddba3c: c5f8 77e8 

  0x00000229c5ddba40: ; ImmutableOopMap {rbp=Oop [4]=NarrowOop [16]=NarrowOop }
                      ;*if_icmple {reexecute=1 rethrow=0 return_oop=0}
                      ; - (reexecute) java.nio.Buffer::limit@55 (line 383)
                      ; - java.nio.FloatBuffer::limit@2 (line 1565)
                      ; - java.nio.FloatBuffer::limit@2 (line 285)
                      ; - com.badlogic.gdx.graphics.glutils.VertexArray::setVertices@24 (line 86)
                      ; - com.badlogic.gdx.graphics.Mesh::setVertices@7 (line 208)
                      ; - com.badlogic.gdx.graphics.g2d.SpriteBatch::flush@76 (line 966)
  0x00000229c5ddba40: bcc2 7aff 

  0x00000229c5ddba44: ;   {other}
  0x00000229c5ddba44: 0f1f 8400 | 3418 0036 | ba45 ffff | ff48 ff74 | 2410 488f | 4424 0844 | 8944 2414 

  0x00000229c5ddba60: ;   {runtime_call UncommonTrapBlob}
  0x00000229c5ddba60: c5f8 77e8 

  0x00000229c5ddba64: ; ImmutableOopMap {[4]=NarrowOop [8]=Oop [20]=NarrowOop }
                      ;*if_icmple {reexecute=1 rethrow=0 return_oop=0}
                      ; - (reexecute) java.nio.Buffer::position@5 (line 326)
                      ; - java.nio.ShortBuffer::position@2 (line 1551)
                      ; - java.nio.ShortBuffer::position@2 (line 285)
                      ; - com.badlogic.gdx.graphics.g2d.SpriteBatch::flush@85 (line 967)
  0x00000229c5ddba64: 98c2 7aff 

  0x00000229c5ddba68: ;   {other}
  0x00000229c5ddba68: 0f1f 8400 | 5818 0037 | ba45 ffff | ff48 8b6c | 2410 4489 | 4424 0c89 | 4c24 1090 

  0x00000229c5ddba84: ;   {runtime_call UncommonTrapBlob}
  0x00000229c5ddba84: c5f8 77e8 

  0x00000229c5ddba88: ; ImmutableOopMap {rbp=Oop [4]=NarrowOop [12]=NarrowOop }
                      ;*if_icmple {reexecute=1 rethrow=0 return_oop=0}
                      ; - (reexecute) java.nio.Buffer::position@37 (line 328)
                      ; - java.nio.ShortBuffer::position@2 (line 1551)
                      ; - java.nio.ShortBuffer::position@2 (line 285)
                      ; - com.badlogic.gdx.graphics.g2d.SpriteBatch::flush@85 (line 967)
  0x00000229c5ddba88: 74c2 7aff 

  0x00000229c5ddba8c: ;   {other}
  0x00000229c5ddba8c: 0f1f 8400 | 7c18 0038 | ba45 ffff | ff48 ff74 | 2410 488f | 0424 4489 | 5c24 0c44 | 8944 2414 
  0x00000229c5ddbaac: 4489 5424 | 1844 8954 | 241c 6690 

  0x00000229c5ddbab8: ;   {runtime_call UncommonTrapBlob}
  0x00000229c5ddbab8: c5f8 77e8 

  0x00000229c5ddbabc: ; ImmutableOopMap {[0]=Oop [12]=NarrowOop [20]=NarrowOop }
                      ;*if_icmple {reexecute=1 rethrow=0 return_oop=0}
                      ; - (reexecute) java.nio.Buffer::limit@5 (line 379)
                      ; - java.nio.ShortBuffer::limit@2 (line 1565)
                      ; - java.nio.ShortBuffer::limit@2 (line 285)
                      ; - com.badlogic.gdx.graphics.g2d.SpriteBatch::flush@94 (line 968)
  0x00000229c5ddbabc: 40c2 7aff 

  0x00000229c5ddbac0: ;   {other}
  0x00000229c5ddbac0: 0f1f 8400 | b018 0039 | ba45 ffff | ff48 8b6c | 2410 4489 | 4424 0c90 

  0x00000229c5ddbad8: ;   {runtime_call UncommonTrapBlob}
  0x00000229c5ddbad8: c5f8 77e8 

  0x00000229c5ddbadc: ; ImmutableOopMap {rbp=Oop [4]=NarrowOop [12]=NarrowOop }
                      ;*ifge {reexecute=1 rethrow=0 return_oop=0}
                      ; - (reexecute) java.nio.Buffer::limit@14 (line 379)
                      ; - java.nio.ShortBuffer::limit@2 (line 1565)
                      ; - java.nio.ShortBuffer::limit@2 (line 285)
                      ; - com.badlogic.gdx.graphics.g2d.SpriteBatch::flush@94 (line 968)
  0x00000229c5ddbadc: 20c2 7aff 

  0x00000229c5ddbae0: ;   {other}
  0x00000229c5ddbae0: 0f1f 8400 | d018 003a | ba45 ffff | ff48 8b6c | 2410 4489 | 4424 0c89 | 4c24 1090 

  0x00000229c5ddbafc: ;   {runtime_call UncommonTrapBlob}
  0x00000229c5ddbafc: c5f8 77e8 

  0x00000229c5ddbb00: ; ImmutableOopMap {rbp=Oop [4]=NarrowOop [12]=NarrowOop }
                      ;*if_icmple {reexecute=1 rethrow=0 return_oop=0}
                      ; - (reexecute) java.nio.Buffer::limit@55 (line 383)
                      ; - java.nio.ShortBuffer::limit@2 (line 1565)
                      ; - java.nio.ShortBuffer::limit@2 (line 285)
                      ; - com.badlogic.gdx.graphics.g2d.SpriteBatch::flush@94 (line 968)
  0x00000229c5ddbb00: fcc1 7aff 

  0x00000229c5ddbb04: ;   {other}
  0x00000229c5ddbb04: 0f1f 8400 | f418 003b | ba45 ffff | ff44 8954 | 2408 4489 | 5c24 0c90 

  0x00000229c5ddbb1c: ;   {runtime_call UncommonTrapBlob}
  0x00000229c5ddbb1c: c5f8 77e8 

  0x00000229c5ddbb20: ; ImmutableOopMap {[12]=NarrowOop [16]=Oop }
                      ;*ifeq {reexecute=1 rethrow=0 return_oop=0}
                      ; - (reexecute) com.badlogic.gdx.graphics.g2d.SpriteBatch::flush@102 (line 970)
  0x00000229c5ddbb20: dcc1 7aff 

  0x00000229c5ddbb24: ;   {other}
  0x00000229c5ddbb24: 0f1f 8400 | 1419 003c | ba45 ffff | ff44 8954 | 2408 4489 | 5c24 0c90 

  0x00000229c5ddbb3c: ;   {runtime_call UncommonTrapBlob}
  0x00000229c5ddbb3c: c5f8 77e8 

  0x00000229c5ddbb40: ; ImmutableOopMap {rbp=NarrowOop [12]=NarrowOop [16]=Oop }
                      ;*ifnonnull {reexecute=1 rethrow=0 return_oop=0}
                      ; - (reexecute) org.lwjgl.opengl.GLContext::getCapabilities@5 (line 123)
                      ; - org.lwjgl.opengl.GL11::glEnable@0 (line 1012)
                      ; - com.badlogic.gdx.backends.lwjgl.LwjglGL20::glEnable@1 (line 292)
                      ; - com.badlogic.gdx.graphics.g2d.SpriteBatch::flush@125 (line 973)
  0x00000229c5ddbb40: bcc1 7aff 

  0x00000229c5ddbb44: ;   {other}
  0x00000229c5ddbb44: 0f1f 8400 | 3419 003d | 4533 c94d | 3bc1 bdff | ffff ff7c | 0840 0f95 | c540 0fb6 | edba 45ff 
  0x00000229c5ddbb64: ffff 4889 | 0c24 4489 | 5424 0844 | 895c 240c | 4c89 4424 | 1066 6690 

  0x00000229c5ddbb7c: ;   {runtime_call UncommonTrapBlob}
  0x00000229c5ddbb7c: c5f8 77e8 

  0x00000229c5ddbb80: ; ImmutableOopMap {[0]=Oop [12]=NarrowOop }
                      ;*ifne {reexecute=1 rethrow=0 return_oop=0}
                      ; - (reexecute) org.lwjgl.BufferChecks::checkFunctionAddress@9 (line 57)
                      ; - org.lwjgl.opengl.GL11::glEnable@10 (line 1014)
                      ; - com.badlogic.gdx.backends.lwjgl.LwjglGL20::glEnable@1 (line 292)
                      ; - com.badlogic.gdx.graphics.g2d.SpriteBatch::flush@125 (line 973)
  0x00000229c5ddbb80: 7cc1 7aff 

  0x00000229c5ddbb84: ;   {other}
  0x00000229c5ddbb84: 0f1f 8400 | 7419 003e | ba45 ffff | ff44 895c | 2408 6690 

  0x00000229c5ddbb98: ;   {runtime_call UncommonTrapBlob}
  0x00000229c5ddbb98: c5f8 77e8 

  0x00000229c5ddbb9c: ; ImmutableOopMap {rbp=Oop [4]=NarrowOop }
                      ;*if_icmpeq {reexecute=1 rethrow=0 return_oop=0}
                      ; - (reexecute) com.badlogic.gdx.graphics.g2d.SpriteBatch::flush@135 (line 974)
  0x00000229c5ddbb9c: 60c1 7aff 

  0x00000229c5ddbba0: ;   {other}
  0x00000229c5ddbba0: 0f1f 8400 | 9019 003f | ba45 ffff | ff48 894c | 2408 4489 | 5c24 1044 | 8944 2414 | 4489 4c24 
  0x00000229c5ddbbc0: 1844 8954 | 241c 6690 

  0x00000229c5ddbbc8: ;   {runtime_call UncommonTrapBlob}
  0x00000229c5ddbbc8: c5f8 77e8 

  0x00000229c5ddbbcc: ; ImmutableOopMap {rbp=NarrowOop [4]=NarrowOop [8]=Oop }
                      ;*ifnonnull {reexecute=1 rethrow=0 return_oop=0}
                      ; - (reexecute) org.lwjgl.opengl.GLContext::getCapabilities@5 (line 123)
                      ; - org.lwjgl.opengl.GL14::glBlendFuncSeparate@0 (line 238)
                      ; - com.badlogic.gdx.backends.lwjgl.LwjglGL20::glBlendFuncSeparate@5 (line 113)
                      ; - com.badlogic.gdx.graphics.g2d.SpriteBatch::flush@157 (line 974)
  0x00000229c5ddbbcc: 30c1 7aff 

  0x00000229c5ddbbd0: ;   {other}
  0x00000229c5ddbbd0: 0f1f 8400 | c019 0040 | 33db 483b | f3bd ffff | ffff 7c08 | 400f 95c5 | 400f b6ed | ba45 ffff 
  0x00000229c5ddbbf0: ff48 894c | 2408 4489 | 5c24 1044 | 8944 2414 | 4489 4c24 | 1844 8954 | 241c 4889 | 7424 2090 
  0x00000229c5ddbc10: ;   {runtime_call UncommonTrapBlob}
  0x00000229c5ddbc10: c5f8 77e8 

  0x00000229c5ddbc14: ; ImmutableOopMap {[4]=NarrowOop [8]=Oop }
                      ;*ifne {reexecute=1 rethrow=0 return_oop=0}
                      ; - (reexecute) org.lwjgl.BufferChecks::checkFunctionAddress@9 (line 57)
                      ; - org.lwjgl.opengl.GL14::glBlendFuncSeparate@14 (line 240)
                      ; - com.badlogic.gdx.backends.lwjgl.LwjglGL20::glBlendFuncSeparate@5 (line 113)
                      ; - com.badlogic.gdx.graphics.g2d.SpriteBatch::flush@157 (line 974)
  0x00000229c5ddbc14: e8c0 7aff 

  0x00000229c5ddbc18: ;   {other}
  0x00000229c5ddbc18: 0f1f 8400 | 081a 0041 | ba45 ffff | ff66 6690 

  0x00000229c5ddbc28: ;   {runtime_call UncommonTrapBlob}
  0x00000229c5ddbc28: c5f8 77e8 

  0x00000229c5ddbc2c: ; ImmutableOopMap {rbp=Oop }
                      ;*ifne {reexecute=1 rethrow=0 return_oop=0}
                      ; - (reexecute) com.badlogic.gdx.graphics.Mesh::render@2 (line 488)
                      ; - com.badlogic.gdx.graphics.Mesh::render@10 (line 460)
                      ; - com.badlogic.gdx.graphics.g2d.SpriteBatch::flush@184 (line 977)
  0x00000229c5ddbc2c: d0c0 7aff 

  0x00000229c5ddbc30: ;   {other}
  0x00000229c5ddbc30: 0f1f 8400 | 201a 0042 | ba45 ffff | ff89 0c24 | 895c 2404 | 4489 4424 | 0844 894c | 2410 6690 
  0x00000229c5ddbc50: ;   {runtime_call UncommonTrapBlob}
  0x00000229c5ddbc50: c5f8 77e8 

  0x00000229c5ddbc54: ; ImmutableOopMap {rbp=Oop [0]=NarrowOop [4]=NarrowOop }
                      ;*ifeq {reexecute=1 rethrow=0 return_oop=0}
                      ; - (reexecute) com.badlogic.gdx.graphics.Mesh::render@8 (line 490)
                      ; - com.badlogic.gdx.graphics.Mesh::render@10 (line 460)
                      ; - com.badlogic.gdx.graphics.g2d.SpriteBatch::flush@184 (line 977)
  0x00000229c5ddbc54: a8c0 7aff 

  0x00000229c5ddbc58: ;   {other}
  0x00000229c5ddbc58: 0f1f 8400 | 481a 0043 | ba45 ffff | ff48 ff74 | 2418 488f | 4424 1090 

  0x00000229c5ddbc70: ;   {runtime_call UncommonTrapBlob}
  0x00000229c5ddbc70: c5f8 77e8 

  0x00000229c5ddbc74: ; ImmutableOopMap {[4]=NarrowOop [8]=NarrowOop [16]=Oop }
                      ;*ifeq {reexecute=1 rethrow=0 return_oop=0}
                      ; - (reexecute) com.badlogic.gdx.graphics.glutils.IndexArray::getNumIndices@4 (line 49)
                      ; - com.badlogic.gdx.graphics.Mesh::bind@15 (line 392)
                      ; - com.badlogic.gdx.graphics.Mesh::bind@3 (line 382)
                      ; - com.badlogic.gdx.graphics.Mesh::render@13 (line 490)
                      ; - com.badlogic.gdx.graphics.Mesh::render@10 (line 460)
                      ; - com.badlogic.gdx.graphics.g2d.SpriteBatch::flush@184 (line 977)
  0x00000229c5ddbc74: 88c0 7aff 

  0x00000229c5ddbc78: ;   {other}
  0x00000229c5ddbc78: 0f1f 8400 | 681a 0044 | ba45 ffff | ff66 6690 

  0x00000229c5ddbc88: ;   {runtime_call UncommonTrapBlob}
  0x00000229c5ddbc88: c5f8 77e8 

  0x00000229c5ddbc8c: ; ImmutableOopMap {[4]=NarrowOop [8]=NarrowOop [24]=Oop }
                      ;*ifeq {reexecute=1 rethrow=0 return_oop=0}
                      ; - (reexecute) com.badlogic.gdx.graphics.Mesh::render@20 (line 492)
                      ; - com.badlogic.gdx.graphics.Mesh::render@10 (line 460)
                      ; - com.badlogic.gdx.graphics.g2d.SpriteBatch::flush@184 (line 977)
  0x00000229c5ddbc8c: 70c0 7aff 

  0x00000229c5ddbc90: ;   {other}
  0x00000229c5ddbc90: 0f1f 8400 | 801a 0045 | ba45 ffff | ff48 8b6c | 2418 4489 | 5c24 1444 | 8944 241c | 4489 4424 
  0x00000229c5ddbcb0: 2089 5c24 | 2466 6690 

  0x00000229c5ddbcb8: ;   {runtime_call UncommonTrapBlob}
  0x00000229c5ddbcb8: c5f8 77e8 

  0x00000229c5ddbcbc: ; ImmutableOopMap {rbp=Oop [4]=NarrowOop [8]=NarrowOop [28]=NarrowOop [32]=NarrowOop }
                      ;*if_icmple {reexecute=1 rethrow=0 return_oop=0}
                      ; - (reexecute) java.nio.Buffer::position@5 (line 326)
                      ; - java.nio.ShortBuffer::position@2 (line 1551)
                      ; - java.nio.ShortBuffer::position@2 (line 285)
                      ; - com.badlogic.gdx.graphics.Mesh::render@63 (line 497)
                      ; - com.badlogic.gdx.graphics.Mesh::render@10 (line 460)
                      ; - com.badlogic.gdx.graphics.g2d.SpriteBatch::flush@184 (line 977)
  0x00000229c5ddbcbc: 40c0 7aff 

  0x00000229c5ddbcc0: ;   {other}
  0x00000229c5ddbcc0: 0f1f 8400 | b01a 0046 | ba45 ffff | ff48 8b6c | 2418 4489 | 5c24 1489 | 5c24 1844 | 8944 241c 
  0x00000229c5ddbce0: 4489 4424 | 2044 894c | 2424 6690 

  0x00000229c5ddbcec: ;   {runtime_call UncommonTrapBlob}
  0x00000229c5ddbcec: c5f8 77e8 

  0x00000229c5ddbcf0: ; ImmutableOopMap {rbp=Oop [4]=NarrowOop [8]=NarrowOop [28]=NarrowOop [32]=NarrowOop }
                      ;*if_icmple {reexecute=1 rethrow=0 return_oop=0}
                      ; - (reexecute) java.nio.Buffer::position@37 (line 328)
                      ; - java.nio.ShortBuffer::position@2 (line 1551)
                      ; - java.nio.ShortBuffer::position@2 (line 285)
                      ; - com.badlogic.gdx.graphics.Mesh::render@63 (line 497)
                      ; - com.badlogic.gdx.graphics.Mesh::render@10 (line 460)
                      ; - com.badlogic.gdx.graphics.g2d.SpriteBatch::flush@184 (line 977)
  0x00000229c5ddbcf0: 0cc0 7aff 

  0x00000229c5ddbcf4: ;   {other}
  0x00000229c5ddbcf4: 0f1f 8400 | e41a 0047 | ba45 ffff | ff48 ff74 | 2418 488f | 4424 1048 | 8944 24f8 | 8b44 2424 
  0x00000229c5ddbd14: 8944 241c | 488b 4424 | f844 8944 | 2424 4489 | 4424 2890 

  0x00000229c5ddbd28: ;   {runtime_call UncommonTrapBlob}
  0x00000229c5ddbd28: c5f8 77e8 

  0x00000229c5ddbd2c: ; ImmutableOopMap {[4]=NarrowOop [8]=NarrowOop [16]=Oop [36]=NarrowOop [40]=NarrowOop }
                      ;*if_icmple {reexecute=1 rethrow=0 return_oop=0}
                      ; - (reexecute) java.nio.Buffer::limit@5 (line 379)
                      ; - java.nio.ShortBuffer::limit@2 (line 1565)
                      ; - java.nio.ShortBuffer::limit@2 (line 285)
                      ; - com.badlogic.gdx.graphics.Mesh::render@73 (line 498)
                      ; - com.badlogic.gdx.graphics.Mesh::render@10 (line 460)
                      ; - com.badlogic.gdx.graphics.g2d.SpriteBatch::flush@184 (line 977)
  0x00000229c5ddbd2c: d0bf 7aff 

  0x00000229c5ddbd30: ;   {other}
  0x00000229c5ddbd30: 0f1f 8400 | 201b 0048 | ba45 ffff | ff48 8b6c | 2418 890c | 2448 8944 | 24f8 8b44 | 2408 8944 
  0x00000229c5ddbd50: 2404 488b | 4424 f848 | 8944 24f8 | 8b44 2424 | 8944 2414 | 488b 4424 | f889 5c24 | 1844 8944 
  0x00000229c5ddbd70: 241c 4489 | 4424 2044 | 894c 2424 | 4489 5424 | 2866 6690 

  0x00000229c5ddbd84: ;   {runtime_call UncommonTrapBlob}
  0x00000229c5ddbd84: c5f8 77e8 

  0x00000229c5ddbd88: ; ImmutableOopMap {rbp=Oop [0]=NarrowOop [4]=NarrowOop [28]=NarrowOop [32]=NarrowOop }
                      ;*if_icmple {reexecute=1 rethrow=0 return_oop=0}
                      ; - (reexecute) java.nio.Buffer::limit@55 (line 383)
                      ; - java.nio.ShortBuffer::limit@2 (line 1565)
                      ; - java.nio.ShortBuffer::limit@2 (line 285)
                      ; - com.badlogic.gdx.graphics.Mesh::render@73 (line 498)
                      ; - com.badlogic.gdx.graphics.Mesh::render@10 (line 460)
                      ; - com.badlogic.gdx.graphics.g2d.SpriteBatch::flush@184 (line 977)
  0x00000229c5ddbd88: 74bf 7aff 

  0x00000229c5ddbd8c: ;   {other}
  0x00000229c5ddbd8c: 0f1f 8400 | 7c1b 0049 | ba45 ffff | ff48 8b6c | 2418 895c | 2414 4489 | 5c24 2090 

  0x00000229c5ddbda8: ;   {runtime_call UncommonTrapBlob}
  0x00000229c5ddbda8: c5f8 77e8 

  0x00000229c5ddbdac: ; ImmutableOopMap {rbp=Oop [0]=NarrowOop [4]=NarrowOop [8]=NarrowOop [32]=NarrowOop }
                      ;*ifnonnull {reexecute=1 rethrow=0 return_oop=0}
                      ; - (reexecute) org.lwjgl.opengl.GLContext::getCapabilities@5 (line 123)
                      ; - org.lwjgl.opengl.GL11::glDrawElements@0 (line 1105)
                      ; - com.badlogic.gdx.backends.lwjgl.LwjglGL20::glDrawElements@21 (line 281)
                      ; - com.badlogic.gdx.graphics.Mesh::render@88 (line 499)
                      ; - com.badlogic.gdx.graphics.Mesh::render@10 (line 460)
                      ; - com.badlogic.gdx.graphics.g2d.SpriteBatch::flush@184 (line 977)
  0x00000229c5ddbdac: 50bf 7aff 

  0x00000229c5ddbdb0: ;   {other}
  0x00000229c5ddbdb0: 0f1f 8400 | a01b 004a | 4533 d249 | 3bca bdff | ffff ff7c | 0840 0f95 | c540 0fb6 | edba 45ff 
  0x00000229c5ddbdd0: ffff 48ff | 7424 1848 | 8f44 2410 | 4889 4424 | f88b 4424 | 2489 4424 | 1848 8b44 | 24f8 895c 
  0x00000229c5ddbdf0: 241c 4489 | 5c24 2448 | 894c 2428 

  0x00000229c5ddbdfc: ;   {runtime_call UncommonTrapBlob}
  0x00000229c5ddbdfc: c5f8 77e8 

  0x00000229c5ddbe00: ; ImmutableOopMap {[0]=NarrowOop [4]=NarrowOop [8]=NarrowOop [16]=Oop [36]=NarrowOop }
                      ;*ifne {reexecute=1 rethrow=0 return_oop=0}
                      ; - (reexecute) org.lwjgl.BufferChecks::checkFunctionAddress@9 (line 57)
                      ; - org.lwjgl.opengl.GL11::glDrawElements@10 (line 1107)
                      ; - com.badlogic.gdx.backends.lwjgl.LwjglGL20::glDrawElements@21 (line 281)
                      ; - com.badlogic.gdx.graphics.Mesh::render@88 (line 499)
                      ; - com.badlogic.gdx.graphics.Mesh::render@10 (line 460)
                      ; - com.badlogic.gdx.graphics.g2d.SpriteBatch::flush@184 (line 977)
  0x00000229c5ddbe00: fcbe 7aff 

  0x00000229c5ddbe04: ;   {other}
  0x00000229c5ddbe04: 0f1f 8400 | f41b 004b | ba45 ffff | ff48 ff74 | 2418 488f | 4424 1048 | 8944 24f8 | 8b44 2420 
  0x00000229c5ddbe24: 8944 241c | 488b 4424 | f848 894c | 2428 6690 

  0x00000229c5ddbe34: ;   {runtime_call UncommonTrapBlob}
  0x00000229c5ddbe34: c5f8 77e8 

  0x00000229c5ddbe38: ; ImmutableOopMap {[0]=NarrowOop [4]=NarrowOop [8]=NarrowOop [16]=Oop }
                      ;*ifeq {reexecute=1 rethrow=0 return_oop=0}
                      ; - (reexecute) org.lwjgl.opengl.GLChecks::ensureElementVBOdisabled@10 (line 82)
                      ; - org.lwjgl.opengl.GL11::glDrawElements@14 (line 1108)
                      ; - com.badlogic.gdx.backends.lwjgl.LwjglGL20::glDrawElements@21 (line 281)
                      ; - com.badlogic.gdx.graphics.Mesh::render@88 (line 499)
                      ; - com.badlogic.gdx.graphics.Mesh::render@10 (line 460)
                      ; - com.badlogic.gdx.graphics.g2d.SpriteBatch::flush@184 (line 977)
  0x00000229c5ddbe38: c4be 7aff 

  0x00000229c5ddbe3c: ;   {other}
  0x00000229c5ddbe3c: 0f1f 8400 | 2c1c 004c | ba45 ffff | ff48 ff74 | 2418 488f | 4424 1048 | 8944 24f8 | 8b44 2404 
  0x00000229c5ddbe5c: 8904 2448 | 8b44 24f8 | 4889 4424 | f88b 4424 | 0889 4424 | 0448 8b44 | 24f8 4889 | 4424 f88b 
  0x00000229c5ddbe7c: 4424 0c89 | 4424 0848 | 8b44 24f8 | 4889 4424 | f88b 4424 | 2089 4424 | 1848 8b44 | 24f8 4489 
  0x00000229c5ddbe9c: 4424 1c44 | 8944 2420 

  0x00000229c5ddbea4: ;   {runtime_call UncommonTrapBlob}
  0x00000229c5ddbea4: c5f8 77e8 

  0x00000229c5ddbea8: ; ImmutableOopMap {[0]=NarrowOop [4]=NarrowOop [16]=Oop [28]=NarrowOop [32]=NarrowOop }
                      ;*if_icmple {reexecute=1 rethrow=0 return_oop=0}
                      ; - (reexecute) java.nio.Buffer::position@5 (line 326)
                      ; - java.nio.ShortBuffer::position@2 (line 1551)
                      ; - java.nio.ShortBuffer::position@2 (line 285)
                      ; - com.badlogic.gdx.graphics.Mesh::render@97 (line 500)
                      ; - com.badlogic.gdx.graphics.Mesh::render@10 (line 460)
                      ; - com.badlogic.gdx.graphics.g2d.SpriteBatch::flush@184 (line 977)
  0x00000229c5ddbea8: 54be 7aff 

  0x00000229c5ddbeac: ;   {other}
  0x00000229c5ddbeac: 0f1f 8400 | 9c1c 004d | ba45 ffff | ff48 8b6c | 2418 4889 | 4424 f88b | 4424 0489 | 0424 488b 
  0x00000229c5ddbecc: 4424 f848 | 8944 24f8 | 8b44 2408 | 8944 2404 | 488b 4424 | f848 8944 | 24f8 8b44 | 240c 8944 
  0x00000229c5ddbeec: 2408 488b | 4424 f848 | 8944 24f8 | 8b44 2420 | 8944 2410 | 488b 4424 | f844 8944 | 2414 4489 
  0x00000229c5ddbf0c: 4424 1844 | 895c 2420 

  0x00000229c5ddbf14: ;   {runtime_call UncommonTrapBlob}
  0x00000229c5ddbf14: c5f8 77e8 

  0x00000229c5ddbf18: ; ImmutableOopMap {rbp=Oop [0]=NarrowOop [4]=NarrowOop [20]=NarrowOop [24]=NarrowOop }
                      ;*ifge {reexecute=1 rethrow=0 return_oop=0}
                      ; - (reexecute) java.nio.Buffer::position@14 (line 326)
                      ; - java.nio.ShortBuffer::position@2 (line 1551)
                      ; - java.nio.ShortBuffer::position@2 (line 285)
                      ; - com.badlogic.gdx.graphics.Mesh::render@97 (line 500)
                      ; - com.badlogic.gdx.graphics.Mesh::render@10 (line 460)
                      ; - com.badlogic.gdx.graphics.g2d.SpriteBatch::flush@184 (line 977)
  0x00000229c5ddbf18: e4bd 7aff 

  0x00000229c5ddbf1c: ;   {other}
  0x00000229c5ddbf1c: 0f1f 8400 | 0c1d 004e | ba45 ffff | ff48 8b6c | 2418 4889 | 4424 f88b | 4424 0489 | 0424 488b 
  0x00000229c5ddbf3c: 4424 f848 | 8944 24f8 | 8b44 2408 | 8944 2404 | 488b 4424 | f848 8944 | 24f8 8b44 | 240c 8944 
  0x00000229c5ddbf5c: 2408 488b | 4424 f848 | 8944 24f8 | 8b44 2420 | 8944 2410 | 488b 4424 | f844 8944 | 2414 4489 
  0x00000229c5ddbf7c: 4424 1844 | 894c 2420 

  0x00000229c5ddbf84: ;   {runtime_call UncommonTrapBlob}
  0x00000229c5ddbf84: c5f8 77e8 

  0x00000229c5ddbf88: ; ImmutableOopMap {rbp=Oop [0]=NarrowOop [4]=NarrowOop [20]=NarrowOop [24]=NarrowOop }
                      ;*if_icmple {reexecute=1 rethrow=0 return_oop=0}
                      ; - (reexecute) java.nio.Buffer::position@37 (line 328)
                      ; - java.nio.ShortBuffer::position@2 (line 1551)
                      ; - java.nio.ShortBuffer::position@2 (line 285)
                      ; - com.badlogic.gdx.graphics.Mesh::render@97 (line 500)
                      ; - com.badlogic.gdx.graphics.Mesh::render@10 (line 460)
                      ; - com.badlogic.gdx.graphics.g2d.SpriteBatch::flush@184 (line 977)
  0x00000229c5ddbf88: 74bd 7aff 

  0x00000229c5ddbf8c: ;   {other}
  0x00000229c5ddbf8c: 0f1f 8400 | 7c1d 004f | ba45 ffff | ff48 ff74 | 2418 488f | 4424 1048 | 8944 24f8 | 8b44 2404 
  0x00000229c5ddbfac: 8904 2448 | 8b44 24f8 | 4889 4424 | f88b 4424 | 0889 4424 | 0448 8b44 | 24f8 4889 | 4424 f88b 
  0x00000229c5ddbfcc: 4424 0c89 | 4424 0848 | 8b44 24f8 | 4489 4424 | 1866 6690 

  0x00000229c5ddbfe0: ;   {runtime_call UncommonTrapBlob}
  0x00000229c5ddbfe0: c5f8 77e8 

  0x00000229c5ddbfe4: ; ImmutableOopMap {[0]=NarrowOop [4]=NarrowOop [16]=Oop [24]=NarrowOop }
                      ;*if_icmple {reexecute=1 rethrow=0 return_oop=0}
                      ; - (reexecute) java.nio.Buffer::limit@5 (line 379)
                      ; - java.nio.ShortBuffer::limit@2 (line 1565)
                      ; - java.nio.ShortBuffer::limit@2 (line 285)
                      ; - com.badlogic.gdx.graphics.Mesh::render@105 (line 501)
                      ; - com.badlogic.gdx.graphics.Mesh::render@10 (line 460)
                      ; - com.badlogic.gdx.graphics.g2d.SpriteBatch::flush@184 (line 977)
  0x00000229c5ddbfe4: 18bd 7aff 

  0x00000229c5ddbfe8: ;   {other}
  0x00000229c5ddbfe8: 0f1f 8400 | d81d 0050 | ba45 ffff | ff48 8b6c | 2418 4889 | 4424 f88b | 4424 0489 | 0424 488b 
  0x00000229c5ddc008: 4424 f848 | 8944 24f8 | 8b44 2408 | 8944 2404 | 488b 4424 | f848 8944 | 24f8 8b44 | 240c 8944 
  0x00000229c5ddc028: 2408 488b | 4424 f844 | 8944 2410 | 4489 5424 | 1c66 6690 

  0x00000229c5ddc03c: ;   {runtime_call UncommonTrapBlob}
  0x00000229c5ddc03c: c5f8 77e8 

  0x00000229c5ddc040: ; ImmutableOopMap {rbp=Oop [0]=NarrowOop [4]=NarrowOop [16]=NarrowOop }
                      ;*if_icmple {reexecute=1 rethrow=0 return_oop=0}
                      ; - (reexecute) java.nio.Buffer::limit@42 (line 382)
                      ; - java.nio.ShortBuffer::limit@2 (line 1565)
                      ; - java.nio.ShortBuffer::limit@2 (line 285)
                      ; - com.badlogic.gdx.graphics.Mesh::render@105 (line 501)
                      ; - com.badlogic.gdx.graphics.Mesh::render@10 (line 460)
                      ; - com.badlogic.gdx.graphics.g2d.SpriteBatch::flush@184 (line 977)
  0x00000229c5ddc040: bcbc 7aff 

  0x00000229c5ddc044: ;   {other}
  0x00000229c5ddc044: 0f1f 8400 | 341e 0051 | ba45 ffff | ff48 8b6c | 2418 4889 | 4424 f88b | 4424 0489 | 0424 488b 
  0x00000229c5ddc064: 4424 f848 | 8944 24f8 | 8b44 2408 | 8944 2404 | 488b 4424 | f848 8944 | 24f8 8b44 | 240c 8944 
  0x00000229c5ddc084: 2408 488b | 4424 f844 | 8944 2410 | 4489 4c24 | 1466 6690 

  0x00000229c5ddc098: ;   {runtime_call UncommonTrapBlob}
  0x00000229c5ddc098: c5f8 77e8 

  0x00000229c5ddc09c: ; ImmutableOopMap {rbp=Oop [0]=NarrowOop [4]=NarrowOop [16]=NarrowOop }
                      ;*if_icmple {reexecute=1 rethrow=0 return_oop=0}
                      ; - (reexecute) java.nio.Buffer::limit@55 (line 383)
                      ; - java.nio.ShortBuffer::limit@2 (line 1565)
                      ; - java.nio.ShortBuffer::limit@2 (line 285)
                      ; - com.badlogic.gdx.graphics.Mesh::render@105 (line 501)
                      ; - com.badlogic.gdx.graphics.Mesh::render@10 (line 460)
                      ; - com.badlogic.gdx.graphics.g2d.SpriteBatch::flush@184 (line 977)
  0x00000229c5ddc09c: 60bc 7aff 

  0x00000229c5ddc0a0: ;   {other}
  0x00000229c5ddc0a0: 0f1f 8400 | 901e 0052 | ba45 ffff | ff89 4c24 | 0866 6690 

  0x00000229c5ddc0b4: ;   {runtime_call UncommonTrapBlob}
  0x00000229c5ddc0b4: c5f8 77e8 

  0x00000229c5ddc0b8: ; ImmutableOopMap {[8]=NarrowOop [24]=Oop }
                      ;*ifeq {reexecute=1 rethrow=0 return_oop=0}
                      ; - (reexecute) com.badlogic.gdx.graphics.glutils.IndexArray::getNumIndices@4 (line 49)
                      ; - com.badlogic.gdx.graphics.Mesh::unbind@15 (line 410)
                      ; - com.badlogic.gdx.graphics.Mesh::unbind@3 (line 400)
                      ; - com.badlogic.gdx.graphics.Mesh::render@253 (line 518)
                      ; - com.badlogic.gdx.graphics.Mesh::render@10 (line 460)
                      ; - com.badlogic.gdx.graphics.g2d.SpriteBatch::flush@184 (line 977)
  0x00000229c5ddc0b8: 44bc 7aff 

  0x00000229c5ddc0bc: ;   {other}
  0x00000229c5ddc0bc: 0f1f 8400 | ac1e 0053 | bade ffff | ff48 ff74 | 2418 488f | 4424 1048 | 8944 24f8 | 8b44 2424 
  0x00000229c5ddc0dc: 8944 241c | 488b 4424 | f848 8944 | 24f8 8b44 | 243c 8944 | 2424 488b | 4424 f848 | 8944 24f8 
  0x00000229c5ddc0fc: 8b44 2438 | 8944 2428 | 488b 4424 | f848 8944 | 24f8 8b44 | 2440 8944 | 2430 488b | 4424 f844 
  0x00000229c5ddc11c: 8954 243c | 4489 5c24 | 4066 6690 

  0x00000229c5ddc128: ;   {runtime_call UncommonTrapBlob}
  0x00000229c5ddc128: c5f8 77e8 

  0x00000229c5ddc12c: ; ImmutableOopMap {rbp=NarrowOop [0]=Oop [12]=NarrowOop [16]=Oop [32]=NarrowOop [36]=NarrowOop [40]=NarrowOop [48]=NarrowOop }
                      ;*instanceof {reexecute=0 rethrow=0 return_oop=0}
                      ; - java.lang.String::equals@8 (line 1863)
                      ; - com.badlogic.gdx.utils.ObjectIntMap::get@21 (line 281)
                      ; - com.badlogic.gdx.graphics.glutils.ShaderProgram::fetchAttributeLocation@11 (line 290)
                      ; - com.badlogic.gdx.graphics.glutils.ShaderProgram::disableVertexAttribute@10 (line 717)
                      ; - com.badlogic.gdx.graphics.glutils.VertexArray::unbind@34 (line 157)
                      ; - com.badlogic.gdx.graphics.Mesh::unbind@6 (line 409)
                      ; - com.badlogic.gdx.graphics.Mesh::unbind@3 (line 400)
                      ; - com.badlogic.gdx.graphics.Mesh::render@253 (line 518)
                      ; - com.badlogic.gdx.graphics.Mesh::render@10 (line 460)
                      ; - com.badlogic.gdx.graphics.g2d.SpriteBatch::flush@184 (line 977)
  0x00000229c5ddc12c: d0bb 7aff 

  0x00000229c5ddc130: ;   {other}
  0x00000229c5ddc130: 0f1f 8400 | 201f 0054 | baf6 ffff | ff8b eb90 

  0x00000229c5ddc140: ;   {runtime_call UncommonTrapBlob}
  0x00000229c5ddc140: c5f8 77e8 

  0x00000229c5ddc144: ; ImmutableOopMap {}
                      ;*invokevirtual get {reexecute=0 rethrow=0 return_oop=0}
                      ; - com.badlogic.gdx.graphics.glutils.VertexArray::unbind@28 (line 157)
                      ; - com.badlogic.gdx.graphics.Mesh::unbind@6 (line 409)
                      ; - com.badlogic.gdx.graphics.Mesh::unbind@3 (line 400)
                      ; - com.badlogic.gdx.graphics.Mesh::render@253 (line 518)
                      ; - com.badlogic.gdx.graphics.Mesh::render@10 (line 460)
                      ; - com.badlogic.gdx.graphics.g2d.SpriteBatch::flush@184 (line 977)
  0x00000229c5ddc144: b8bb 7aff 

  0x00000229c5ddc148: ;   {other}
  0x00000229c5ddc148: 0f1f 8400 | 381f 0055 | baf6 ffff | ff8b eb90 

  0x00000229c5ddc158: ;   {runtime_call UncommonTrapBlob}
  0x00000229c5ddc158: c5f8 77e8 

  0x00000229c5ddc15c: ; ImmutableOopMap {}
                      ;*aaload {reexecute=0 rethrow=0 return_oop=0}
                      ; - com.badlogic.gdx.graphics.VertexAttributes::get@5 (line 109)
                      ; - com.badlogic.gdx.graphics.glutils.VertexArray::unbind@28 (line 157)
                      ; - com.badlogic.gdx.graphics.Mesh::unbind@6 (line 409)
                      ; - com.badlogic.gdx.graphics.Mesh::unbind@3 (line 400)
                      ; - com.badlogic.gdx.graphics.Mesh::render@253 (line 518)
                      ; - com.badlogic.gdx.graphics.Mesh::render@10 (line 460)
                      ; - com.badlogic.gdx.graphics.g2d.SpriteBatch::flush@184 (line 977)
  0x00000229c5ddc15c: a0bb 7aff 

  0x00000229c5ddc160: ;   {other}
  0x00000229c5ddc160: 0f1f 8400 | 501f 0056 | baf6 ffff | ff66 6690 

  0x00000229c5ddc170: ;   {runtime_call UncommonTrapBlob}
  0x00000229c5ddc170: c5f8 77e8 

  0x00000229c5ddc174: ; ImmutableOopMap {}
                      ;*getfield alias {reexecute=1 rethrow=0 return_oop=0}
                      ; - (reexecute) com.badlogic.gdx.graphics.glutils.VertexArray::unbind@31 (line 157)
                      ; - com.badlogic.gdx.graphics.Mesh::unbind@6 (line 409)
                      ; - com.badlogic.gdx.graphics.Mesh::unbind@3 (line 400)
                      ; - com.badlogic.gdx.graphics.Mesh::render@253 (line 518)
                      ; - com.badlogic.gdx.graphics.Mesh::render@10 (line 460)
                      ; - com.badlogic.gdx.graphics.g2d.SpriteBatch::flush@184 (line 977)
  0x00000229c5ddc174: 88bb 7aff 

  0x00000229c5ddc178: ;   {other}
  0x00000229c5ddc178: 0f1f 8400 | 681f 0057 | baf6 ffff | ff66 6690 

  0x00000229c5ddc188: ;   {runtime_call UncommonTrapBlob}
  0x00000229c5ddc188: c5f8 77e8 

  0x00000229c5ddc18c: ; ImmutableOopMap {}
                      ;*invokevirtual hashCode {reexecute=0 rethrow=0 return_oop=0}
                      ; - com.badlogic.gdx.utils.ObjectIntMap::get@1 (line 279)
                      ; - com.badlogic.gdx.graphics.glutils.ShaderProgram::fetchAttributeLocation@11 (line 290)
                      ; - com.badlogic.gdx.graphics.glutils.ShaderProgram::disableVertexAttribute@10 (line 717)
                      ; - com.badlogic.gdx.graphics.glutils.VertexArray::unbind@34 (line 157)
                      ; - com.badlogic.gdx.graphics.Mesh::unbind@6 (line 409)
                      ; - com.badlogic.gdx.graphics.Mesh::unbind@3 (line 400)
                      ; - com.badlogic.gdx.graphics.Mesh::render@253 (line 518)
                      ; - com.badlogic.gdx.graphics.Mesh::render@10 (line 460)
                      ; - com.badlogic.gdx.graphics.g2d.SpriteBatch::flush@184 (line 977)
  0x00000229c5ddc18c: 70bb 7aff 

  0x00000229c5ddc190: ;   {other}
  0x00000229c5ddc190: 0f1f 8400 | 801f 0058 | baf6 ffff | ff41 8beb 

  0x00000229c5ddc1a0: ;   {runtime_call UncommonTrapBlob}
  0x00000229c5ddc1a0: c5f8 77e8 

  0x00000229c5ddc1a4: ; ImmutableOopMap {}
                      ;*aaload {reexecute=0 rethrow=0 return_oop=0}
                      ; - com.badlogic.gdx.utils.ObjectIntMap::get@20 (line 281)
                      ; - com.badlogic.gdx.graphics.glutils.ShaderProgram::fetchAttributeLocation@11 (line 290)
                      ; - com.badlogic.gdx.graphics.glutils.ShaderProgram::disableVertexAttribute@10 (line 717)
                      ; - com.badlogic.gdx.graphics.glutils.VertexArray::unbind@34 (line 157)
                      ; - com.badlogic.gdx.graphics.Mesh::unbind@6 (line 409)
                      ; - com.badlogic.gdx.graphics.Mesh::unbind@3 (line 400)
                      ; - com.badlogic.gdx.graphics.Mesh::render@253 (line 518)
                      ; - com.badlogic.gdx.graphics.Mesh::render@10 (line 460)
                      ; - com.badlogic.gdx.graphics.g2d.SpriteBatch::flush@184 (line 977)
  0x00000229c5ddc1a4: 58bb 7aff 

  0x00000229c5ddc1a8: ;   {other}
  0x00000229c5ddc1a8: 0f1f 8400 | 981f 0059 | baf6 ffff | ff41 8beb 

  0x00000229c5ddc1b8: ;   {runtime_call UncommonTrapBlob}
  0x00000229c5ddc1b8: c5f8 77e8 

  0x00000229c5ddc1bc: ; ImmutableOopMap {}
                      ;*iaload {reexecute=0 rethrow=0 return_oop=0}
                      ; - com.badlogic.gdx.utils.ObjectIntMap::get@82 (line 288)
                      ; - com.badlogic.gdx.graphics.glutils.ShaderProgram::fetchAttributeLocation@11 (line 290)
                      ; - com.badlogic.gdx.graphics.glutils.ShaderProgram::disableVertexAttribute@10 (line 717)
                      ; - com.badlogic.gdx.graphics.glutils.VertexArray::unbind@34 (line 157)
                      ; - com.badlogic.gdx.graphics.Mesh::unbind@6 (line 409)
                      ; - com.badlogic.gdx.graphics.Mesh::unbind@3 (line 400)
                      ; - com.badlogic.gdx.graphics.Mesh::render@253 (line 518)
                      ; - com.badlogic.gdx.graphics.Mesh::render@10 (line 460)
                      ; - com.badlogic.gdx.graphics.g2d.SpriteBatch::flush@184 (line 977)
  0x00000229c5ddc1bc: 40bb 7aff 

  0x00000229c5ddc1c0: ;   {other}
  0x00000229c5ddc1c0: 0f1f 8400 | b01f 005a | baf6 ffff | ff41 8be9 

  0x00000229c5ddc1d0: ;   {runtime_call UncommonTrapBlob}
  0x00000229c5ddc1d0: c5f8 77e8 

  0x00000229c5ddc1d4: ; ImmutableOopMap {}
                      ;*invokeinterface glDisableVertexAttribArray {reexecute=0 rethrow=0 return_oop=0}
                      ; - com.badlogic.gdx.graphics.glutils.ShaderProgram::disableVertexAttribute@22 (line 719)
                      ; - com.badlogic.gdx.graphics.glutils.VertexArray::unbind@34 (line 157)
                      ; - com.badlogic.gdx.graphics.Mesh::unbind@6 (line 409)
                      ; - com.badlogic.gdx.graphics.Mesh::unbind@3 (line 400)
                      ; - com.badlogic.gdx.graphics.Mesh::render@253 (line 518)
                      ; - com.badlogic.gdx.graphics.Mesh::render@10 (line 460)
                      ; - com.badlogic.gdx.graphics.g2d.SpriteBatch::flush@184 (line 977)
  0x00000229c5ddc1d4: 28bb 7aff 

  0x00000229c5ddc1d8: ;   {other}
  0x00000229c5ddc1d8: 0f1f 8400 | c81f 005b | baf6 ffff | ff66 6690 

  0x00000229c5ddc1e8: ;   {runtime_call UncommonTrapBlob}
  0x00000229c5ddc1e8: c5f8 77e8 

  0x00000229c5ddc1ec: ; ImmutableOopMap {}
                      ;*getfield owner {reexecute=1 rethrow=0 return_oop=0}
                      ; - (reexecute) org.lwjgl.opengl.GLContext::getCapabilitiesImpl@5 (line 132)
                      ; - org.lwjgl.opengl.GLContext::getCapabilities@0 (line 122)
                      ; - org.lwjgl.opengl.GL20::glDisableVertexAttribArray@0 (line 917)
                      ; - com.badlogic.gdx.backends.lwjgl.LwjglGL20::glDisableVertexAttribArray@1 (line 272)
                      ; - com.badlogic.gdx.graphics.glutils.ShaderProgram::disableVertexAttribute@22 (line 719)
                      ; - com.badlogic.gdx.graphics.glutils.VertexArray::unbind@34 (line 157)
                      ; - com.badlogic.gdx.graphics.Mesh::unbind@6 (line 409)
                      ; - com.badlogic.gdx.graphics.Mesh::unbind@3 (line 400)
                      ; - com.badlogic.gdx.graphics.Mesh::render@253 (line 518)
                      ; - com.badlogic.gdx.graphics.Mesh::render@10 (line 460)
                      ; - com.badlogic.gdx.graphics.g2d.SpriteBatch::flush@184 (line 977)
  0x00000229c5ddc1ec: 10bb 7aff 

  0x00000229c5ddc1f0: ;   {other}
  0x00000229c5ddc1f0: 0f1f 8400 | e01f 005c | baf6 ffff | ff66 6690 

  0x00000229c5ddc200: ;   {runtime_call UncommonTrapBlob}
  0x00000229c5ddc200: c5f8 77e8 

  0x00000229c5ddc204: ; ImmutableOopMap {}
                      ;*invokevirtual bind {reexecute=0 rethrow=0 return_oop=0}
                      ; - com.badlogic.gdx.graphics.g2d.SpriteBatch::flush@58 (line 964)
  0x00000229c5ddc204: f8ba 7aff 

  0x00000229c5ddc208: ;   {other}
  0x00000229c5ddc208: 0f1f 8400 | f81f 005d | baf6 ffff | ff41 8bea | 4489 0c24 

  0x00000229c5ddc21c: ;   {runtime_call UncommonTrapBlob}
  0x00000229c5ddc21c: c5f8 77e8 

  0x00000229c5ddc220: ; ImmutableOopMap {}
                      ;*invokeinterface glBindTexture {reexecute=0 rethrow=0 return_oop=0}
                      ; - com.badlogic.gdx.graphics.GLTexture::bind@11 (line 66)
                      ; - com.badlogic.gdx.graphics.g2d.SpriteBatch::flush@58 (line 964)
  0x00000229c5ddc220: dcba 7aff 

  0x00000229c5ddc224: ;   {other}
  0x00000229c5ddc224: 0f1f 8400 | 1420 005e | baf6 ffff | ff66 6690 

  0x00000229c5ddc234: ;   {runtime_call UncommonTrapBlob}
  0x00000229c5ddc234: c5f8 77e8 

  0x00000229c5ddc238: ; ImmutableOopMap {}
                      ;*getfield owner {reexecute=1 rethrow=0 return_oop=0}
                      ; - (reexecute) org.lwjgl.opengl.GLContext::getCapabilitiesImpl@5 (line 132)
                      ; - org.lwjgl.opengl.GLContext::getCapabilities@0 (line 122)
                      ; - org.lwjgl.opengl.GL11::glBindTexture@0 (line 651)
                      ; - com.badlogic.gdx.backends.lwjgl.LwjglGL20::glBindTexture@2 (line 93)
                      ; - com.badlogic.gdx.graphics.GLTexture::bind@11 (line 66)
                      ; - com.badlogic.gdx.graphics.g2d.SpriteBatch::flush@58 (line 964)
  0x00000229c5ddc238: c4ba 7aff 

  0x00000229c5ddc23c: ;   {other}
  0x00000229c5ddc23c: 0f1f 8400 | 2c20 005f | baf6 ffff | ff41 8be8 | 4489 1c24 

  0x00000229c5ddc250: ;   {runtime_call UncommonTrapBlob}
  0x00000229c5ddc250: c5f8 77e8 

  0x00000229c5ddc254: ; ImmutableOopMap {rbp=NarrowOop }
                      ;*invokevirtual setVertices {reexecute=0 rethrow=0 return_oop=0}
                      ; - com.badlogic.gdx.graphics.g2d.SpriteBatch::flush@76 (line 966)
  0x00000229c5ddc254: a8ba 7aff 

  0x00000229c5ddc258: ;   {other}
  0x00000229c5ddc258: 0f1f 8400 | 4820 0060 | baf6 ffff | ff41 8be8 | 4489 1c24 

  0x00000229c5ddc26c: ;   {runtime_call UncommonTrapBlob}
  0x00000229c5ddc26c: c5f8 77e8 

  0x00000229c5ddc270: ; ImmutableOopMap {rbp=NarrowOop }
                      ;*invokeinterface setVertices {reexecute=0 rethrow=0 return_oop=0}
                      ; - com.badlogic.gdx.graphics.Mesh::setVertices@7 (line 208)
                      ; - com.badlogic.gdx.graphics.g2d.SpriteBatch::flush@76 (line 966)
  0x00000229c5ddc270: 8cba 7aff 

  0x00000229c5ddc274: ;   {other}
  0x00000229c5ddc274: 0f1f 8400 | 6420 0061 | baf4 ffff | ff49 8be9 | 8974 2408 | 4889 4c24 | 1044 8944 | 2418 4489 
  0x00000229c5ddc294: 5c24 1c90 

  0x00000229c5ddc298: ;   {runtime_call UncommonTrapBlob}
  0x00000229c5ddc298: c5f8 77e8 

  0x00000229c5ddc29c: ; ImmutableOopMap {rbp=Oop [8]=NarrowOop [16]=Oop [24]=NarrowOop }
                      ;*instanceof {reexecute=0 rethrow=0 return_oop=0}
                      ; - com.badlogic.gdx.utils.BufferUtils::copy@1 (line 50)
                      ; - com.badlogic.gdx.graphics.glutils.VertexArray::setVertices@7 (line 84)
                      ; - com.badlogic.gdx.graphics.Mesh::setVertices@7 (line 208)
                      ; - com.badlogic.gdx.graphics.g2d.SpriteBatch::flush@76 (line 966)
  0x00000229c5ddc29c: 60ba 7aff 

  0x00000229c5ddc2a0: ;   {other}
  0x00000229c5ddc2a0: 0f1f 8400 | 9020 0062 | baf6 ffff | ff66 6690 

  0x00000229c5ddc2b0: ;   {runtime_call UncommonTrapBlob}
  0x00000229c5ddc2b0: c5f8 77e8 

  0x00000229c5ddc2b4: ; ImmutableOopMap {}
                      ;*invokevirtual position {reexecute=0 rethrow=0 return_oop=0}
                      ; - com.badlogic.gdx.graphics.glutils.VertexArray::setVertices@15 (line 85)
                      ; - com.badlogic.gdx.graphics.Mesh::setVertices@7 (line 208)
                      ; - com.badlogic.gdx.graphics.g2d.SpriteBatch::flush@76 (line 966)
  0x00000229c5ddc2b4: 48ba 7aff 

  0x00000229c5ddc2b8: ;   {other}
  0x00000229c5ddc2b8: 0f1f 8400 | a820 0063 | baf6 ffff | ff66 6690 

  0x00000229c5ddc2c8: ;   {runtime_call UncommonTrapBlob}
  0x00000229c5ddc2c8: c5f8 77e8 

  0x00000229c5ddc2cc: ; ImmutableOopMap {}
                      ;*invokeinterface getBuffer {reexecute=0 rethrow=0 return_oop=0}
                      ; - com.badlogic.gdx.graphics.Mesh::getIndicesBuffer@4 (line 814)
                      ; - com.badlogic.gdx.graphics.g2d.SpriteBatch::flush@81 (line 967)
  0x00000229c5ddc2cc: 30ba 7aff 

  0x00000229c5ddc2d0: ;   {other}
  0x00000229c5ddc2d0: 0f1f 8400 | c020 0064 | baf6 ffff | ff66 6690 

  0x00000229c5ddc2e0: ;   {runtime_call UncommonTrapBlob}
  0x00000229c5ddc2e0: c5f8 77e8 

  0x00000229c5ddc2e4: ; ImmutableOopMap {}
                      ;*invokevirtual position {reexecute=0 rethrow=0 return_oop=0}
                      ; - com.badlogic.gdx.graphics.g2d.SpriteBatch::flush@85 (line 967)
  0x00000229c5ddc2e4: 18ba 7aff 

  0x00000229c5ddc2e8: ;   {other}
  0x00000229c5ddc2e8: 0f1f 8400 | d820 0065 | baf6 ffff | ff66 6690 

  0x00000229c5ddc2f8: ;   {runtime_call UncommonTrapBlob}
  0x00000229c5ddc2f8: c5f8 77e8 

  0x00000229c5ddc2fc: ; ImmutableOopMap {}
                      ;*invokeinterface glEnable {reexecute=0 rethrow=0 return_oop=0}
                      ; - com.badlogic.gdx.graphics.g2d.SpriteBatch::flush@125 (line 973)
  0x00000229c5ddc2fc: 00ba 7aff 

  0x00000229c5ddc300: ;   {other}
  0x00000229c5ddc300: 0f1f 8400 | f020 0066 | baf6 ffff | ff66 6690 

  0x00000229c5ddc310: ;   {runtime_call UncommonTrapBlob}
  0x00000229c5ddc310: c5f8 77e8 

  0x00000229c5ddc314: ; ImmutableOopMap {}
                      ;*getfield owner {reexecute=1 rethrow=0 return_oop=0}
                      ; - (reexecute) org.lwjgl.opengl.GLContext::getCapabilitiesImpl@5 (line 132)
                      ; - org.lwjgl.opengl.GLContext::getCapabilities@0 (line 122)
                      ; - org.lwjgl.opengl.GL11::glEnable@0 (line 1012)
                      ; - com.badlogic.gdx.backends.lwjgl.LwjglGL20::glEnable@1 (line 292)
                      ; - com.badlogic.gdx.graphics.g2d.SpriteBatch::flush@125 (line 973)
  0x00000229c5ddc314: e8b9 7aff 

  0x00000229c5ddc318: ;   {other}
  0x00000229c5ddc318: 0f1f 8400 | 0821 0067 | baf6 ffff | ff41 8beb | 4489 0424 | 4489 4c24 | 0444 8954 | 2408 6690 
  0x00000229c5ddc338: ;   {runtime_call UncommonTrapBlob}
  0x00000229c5ddc338: c5f8 77e8 

  0x00000229c5ddc33c: ; ImmutableOopMap {}
                      ;*invokeinterface glBlendFuncSeparate {reexecute=0 rethrow=0 return_oop=0}
                      ; - com.badlogic.gdx.graphics.g2d.SpriteBatch::flush@157 (line 974)
  0x00000229c5ddc33c: c0b9 7aff 

  0x00000229c5ddc340: ;   {other}
  0x00000229c5ddc340: 0f1f 8400 | 3021 0068 | baf6 ffff | ff66 6690 

  0x00000229c5ddc350: ;   {runtime_call UncommonTrapBlob}
  0x00000229c5ddc350: c5f8 77e8 

  0x00000229c5ddc354: ; ImmutableOopMap {}
                      ;*getfield owner {reexecute=1 rethrow=0 return_oop=0}
                      ; - (reexecute) org.lwjgl.opengl.GLContext::getCapabilitiesImpl@5 (line 132)
                      ; - org.lwjgl.opengl.GLContext::getCapabilities@0 (line 122)
                      ; - org.lwjgl.opengl.GL14::glBlendFuncSeparate@0 (line 238)
                      ; - com.badlogic.gdx.backends.lwjgl.LwjglGL20::glBlendFuncSeparate@5 (line 113)
                      ; - com.badlogic.gdx.graphics.g2d.SpriteBatch::flush@157 (line 974)
  0x00000229c5ddc354: a8b9 7aff 

  0x00000229c5ddc358: ;   {other}
  0x00000229c5ddc358: 0f1f 8400 | 4821 0069 | baf6 ffff | ff8b eb90 

  0x00000229c5ddc368: ;   {runtime_call UncommonTrapBlob}
  0x00000229c5ddc368: c5f8 77e8 

  0x00000229c5ddc36c: ; ImmutableOopMap {rbp=NarrowOop }
                      ;*invokeinterface bind {reexecute=0 rethrow=0 return_oop=0}
                      ; - com.badlogic.gdx.graphics.Mesh::bind@6 (line 391)
                      ; - com.badlogic.gdx.graphics.Mesh::bind@3 (line 382)
                      ; - com.badlogic.gdx.graphics.Mesh::render@13 (line 490)
                      ; - com.badlogic.gdx.graphics.Mesh::render@10 (line 460)
                      ; - com.badlogic.gdx.graphics.g2d.SpriteBatch::flush@184 (line 977)
  0x00000229c5ddc36c: 90b9 7aff 

  0x00000229c5ddc370: ;   {other}
  0x00000229c5ddc370: 0f1f 8400 | 6021 006a | baf6 ffff | ff66 6690 

  0x00000229c5ddc380: ;   {runtime_call UncommonTrapBlob}
  0x00000229c5ddc380: c5f8 77e8 

  0x00000229c5ddc384: ; ImmutableOopMap {}
                      ;*invokeinterface getNumIndices {reexecute=0 rethrow=0 return_oop=0}
                      ; - com.badlogic.gdx.graphics.Mesh::bind@15 (line 392)
                      ; - com.badlogic.gdx.graphics.Mesh::bind@3 (line 382)
                      ; - com.badlogic.gdx.graphics.Mesh::render@13 (line 490)
                      ; - com.badlogic.gdx.graphics.Mesh::render@10 (line 460)
                      ; - com.badlogic.gdx.graphics.g2d.SpriteBatch::flush@184 (line 977)
  0x00000229c5ddc384: 78b9 7aff 

  0x00000229c5ddc388: ;   {other}
  0x00000229c5ddc388: 0f1f 8400 | 7821 006b | baf6 ffff | ff66 6690 

  0x00000229c5ddc398: ;   {runtime_call UncommonTrapBlob}
  0x00000229c5ddc398: c5f8 77e8 

  0x00000229c5ddc39c: ; ImmutableOopMap {}
                      ;*invokevirtual limit {reexecute=0 rethrow=0 return_oop=0}
                      ; - com.badlogic.gdx.graphics.glutils.IndexArray::getNumIndices@15 (line 49)
                      ; - com.badlogic.gdx.graphics.Mesh::bind@15 (line 392)
                      ; - com.badlogic.gdx.graphics.Mesh::bind@3 (line 382)
                      ; - com.badlogic.gdx.graphics.Mesh::render@13 (line 490)
                      ; - com.badlogic.gdx.graphics.Mesh::render@10 (line 460)
                      ; - com.badlogic.gdx.graphics.g2d.SpriteBatch::flush@184 (line 977)
  0x00000229c5ddc39c: 60b9 7aff 

  0x00000229c5ddc3a0: ;   {other}
  0x00000229c5ddc3a0: 0f1f 8400 | 9021 006c | baf6 ffff | ff41 8bea 

  0x00000229c5ddc3b0: ;   {runtime_call UncommonTrapBlob}
  0x00000229c5ddc3b0: c5f8 77e8 

  0x00000229c5ddc3b4: ; ImmutableOopMap {[0]=NarrowOop }
                      ;*invokeinterface glDrawElements {reexecute=0 rethrow=0 return_oop=0}
                      ; - com.badlogic.gdx.graphics.Mesh::render@88 (line 499)
                      ; - com.badlogic.gdx.graphics.Mesh::render@10 (line 460)
                      ; - com.badlogic.gdx.graphics.g2d.SpriteBatch::flush@184 (line 977)
  0x00000229c5ddc3b4: 48b9 7aff 

  0x00000229c5ddc3b8: ;   {other}
  0x00000229c5ddc3b8: 0f1f 8400 | a821 006d | baf6 ffff | ff66 6690 

  0x00000229c5ddc3c8: ;   {runtime_call UncommonTrapBlob}
  0x00000229c5ddc3c8: c5f8 77e8 

  0x00000229c5ddc3cc: ; ImmutableOopMap {}
                      ;*getfield owner {reexecute=1 rethrow=0 return_oop=0}
                      ; - (reexecute) org.lwjgl.opengl.GLContext::getCapabilitiesImpl@5 (line 132)
                      ; - org.lwjgl.opengl.GLContext::getCapabilities@0 (line 122)
                      ; - org.lwjgl.opengl.GL11::glDrawElements@0 (line 1105)
                      ; - com.badlogic.gdx.backends.lwjgl.LwjglGL20::glDrawElements@21 (line 281)
                      ; - com.badlogic.gdx.graphics.Mesh::render@88 (line 499)
                      ; - com.badlogic.gdx.graphics.Mesh::render@10 (line 460)
                      ; - com.badlogic.gdx.graphics.g2d.SpriteBatch::flush@184 (line 977)
  0x00000229c5ddc3cc: 30b9 7aff 

  0x00000229c5ddc3d0: ;   {other}
  0x00000229c5ddc3d0: 0f1f 8400 | c021 006e | baf6 ffff | ff66 6690 

  0x00000229c5ddc3e0: ;   {runtime_call UncommonTrapBlob}
  0x00000229c5ddc3e0: c5f8 77e8 

  0x00000229c5ddc3e4: ; ImmutableOopMap {}
                      ;*getfield references_stack {reexecute=1 rethrow=0 return_oop=0}
                      ; - (reexecute) org.lwjgl.opengl.StateTracker::getReferences@4 (line 85)
                      ; - org.lwjgl.opengl.StateTracker::getElementArrayBufferBound@1 (line 143)
                      ; - org.lwjgl.opengl.GLChecks::ensureElementVBOdisabled@7 (line 82)
                      ; - org.lwjgl.opengl.GL11::glDrawElements@14 (line 1108)
                      ; - com.badlogic.gdx.backends.lwjgl.LwjglGL20::glDrawElements@21 (line 281)
                      ; - com.badlogic.gdx.graphics.Mesh::render@88 (line 499)
                      ; - com.badlogic.gdx.graphics.Mesh::render@10 (line 460)
                      ; - com.badlogic.gdx.graphics.g2d.SpriteBatch::flush@184 (line 977)
  0x00000229c5ddc3e4: 18b9 7aff 

  0x00000229c5ddc3e8: ;   {other}
  0x00000229c5ddc3e8: 0f1f 8400 | d821 006f | baf6 ffff | ff66 6690 

  0x00000229c5ddc3f8: ;   {runtime_call UncommonTrapBlob}
  0x00000229c5ddc3f8: c5f8 77e8 

  0x00000229c5ddc3fc: ; ImmutableOopMap {}
                      ;*invokevirtual getReferences {reexecute=0 rethrow=0 return_oop=0}
                      ; - org.lwjgl.opengl.StateTracker::getReferences@7 (line 85)
                      ; - org.lwjgl.opengl.StateTracker::getElementArrayBufferBound@1 (line 143)
                      ; - org.lwjgl.opengl.GLChecks::ensureElementVBOdisabled@7 (line 82)
                      ; - org.lwjgl.opengl.GL11::glDrawElements@14 (line 1108)
                      ; - com.badlogic.gdx.backends.lwjgl.LwjglGL20::glDrawElements@21 (line 281)
                      ; - com.badlogic.gdx.graphics.Mesh::render@88 (line 499)
                      ; - com.badlogic.gdx.graphics.Mesh::render@10 (line 460)
                      ; - com.badlogic.gdx.graphics.g2d.SpriteBatch::flush@184 (line 977)
  0x00000229c5ddc3fc: 00b9 7aff 

  0x00000229c5ddc400: ;   {other}
  0x00000229c5ddc400: 0f1f 8400 | f021 0070 | baf6 ffff | ff66 6690 

  0x00000229c5ddc410: ;   {runtime_call UncommonTrapBlob}
  0x00000229c5ddc410: c5f8 77e8 

  0x00000229c5ddc414: ; ImmutableOopMap {}
                      ;*aaload {reexecute=0 rethrow=0 return_oop=0}
                      ; - org.lwjgl.opengl.ReferencesStack::getReferences@8 (line 41)
                      ; - org.lwjgl.opengl.StateTracker::getReferences@7 (line 85)
                      ; - org.lwjgl.opengl.StateTracker::getElementArrayBufferBound@1 (line 143)
                      ; - org.lwjgl.opengl.GLChecks::ensureElementVBOdisabled@7 (line 82)
                      ; - org.lwjgl.opengl.GL11::glDrawElements@14 (line 1108)
                      ; - com.badlogic.gdx.backends.lwjgl.LwjglGL20::glDrawElements@21 (line 281)
                      ; - com.badlogic.gdx.graphics.Mesh::render@88 (line 499)
                      ; - com.badlogic.gdx.graphics.Mesh::render@10 (line 460)
                      ; - com.badlogic.gdx.graphics.g2d.SpriteBatch::flush@184 (line 977)
  0x00000229c5ddc414: e8b8 7aff 

  0x00000229c5ddc418: ;   {other}
  0x00000229c5ddc418: 0f1f 8400 | 0822 0071 | baf6 ffff | ff66 6690 

  0x00000229c5ddc428: ;   {runtime_call UncommonTrapBlob}
  0x00000229c5ddc428: c5f8 77e8 

  0x00000229c5ddc42c: ; ImmutableOopMap {}
                      ;*getfield vertexArrayObject {reexecute=1 rethrow=0 return_oop=0}
                      ; - (reexecute) org.lwjgl.opengl.StateTracker::getElementArrayBufferBound@6 (line 145)
                      ; - org.lwjgl.opengl.GLChecks::ensureElementVBOdisabled@7 (line 82)
                      ; - org.lwjgl.opengl.GL11::glDrawElements@14 (line 1108)
                      ; - com.badlogic.gdx.backends.lwjgl.LwjglGL20::glDrawElements@21 (line 281)
                      ; - com.badlogic.gdx.graphics.Mesh::render@88 (line 499)
                      ; - com.badlogic.gdx.graphics.Mesh::render@10 (line 460)
                      ; - com.badlogic.gdx.graphics.g2d.SpriteBatch::flush@184 (line 977)
  0x00000229c5ddc42c: d0b8 7aff 

  0x00000229c5ddc430: ;   {other}
  0x00000229c5ddc430: 0f1f 8400 | 2022 0072 | baf6 ffff | ff8b 6c24 | 0866 6690 

  0x00000229c5ddc444: ;   {runtime_call UncommonTrapBlob}
  0x00000229c5ddc444: c5f8 77e8 

  0x00000229c5ddc448: ; ImmutableOopMap {rbp=NarrowOop }
                      ;*invokeinterface unbind {reexecute=0 rethrow=0 return_oop=0}
                      ; - com.badlogic.gdx.graphics.Mesh::unbind@6 (line 409)
                      ; - com.badlogic.gdx.graphics.Mesh::unbind@3 (line 400)
                      ; - com.badlogic.gdx.graphics.Mesh::render@253 (line 518)
                      ; - com.badlogic.gdx.graphics.Mesh::render@10 (line 460)
                      ; - com.badlogic.gdx.graphics.g2d.SpriteBatch::flush@184 (line 977)
  0x00000229c5ddc448: b4b8 7aff 

  0x00000229c5ddc44c: ;   {other}
  0x00000229c5ddc44c: 0f1f 8400 | 3c22 0073 | baf6 ffff | ff66 6690 

  0x00000229c5ddc45c: ;   {runtime_call UncommonTrapBlob}
  0x00000229c5ddc45c: c5f8 77e8 

  0x00000229c5ddc460: ; ImmutableOopMap {}
                      ;*invokevirtual size {reexecute=0 rethrow=0 return_oop=0}
                      ; - com.badlogic.gdx.graphics.glutils.VertexArray::unbind@4 (line 154)
                      ; - com.badlogic.gdx.graphics.Mesh::unbind@6 (line 409)
                      ; - com.badlogic.gdx.graphics.Mesh::unbind@3 (line 400)
                      ; - com.badlogic.gdx.graphics.Mesh::render@253 (line 518)
                      ; - com.badlogic.gdx.graphics.Mesh::render@10 (line 460)
                      ; - com.badlogic.gdx.graphics.g2d.SpriteBatch::flush@184 (line 977)
  0x00000229c5ddc460: 9cb8 7aff 

  0x00000229c5ddc464: ;   {other}
  0x00000229c5ddc464: 0f1f 8400 | 5422 0074 | baf6 ffff | ff66 6690 

  0x00000229c5ddc474: ;   {runtime_call UncommonTrapBlob}
  0x00000229c5ddc474: c5f8 77e8 

  0x00000229c5ddc478: ; ImmutableOopMap {}
                      ;*arraylength {reexecute=0 rethrow=0 return_oop=0}
                      ; - com.badlogic.gdx.graphics.VertexAttributes::size@4 (line 103)
                      ; - com.badlogic.gdx.graphics.glutils.VertexArray::unbind@4 (line 154)
                      ; - com.badlogic.gdx.graphics.Mesh::unbind@6 (line 409)
                      ; - com.badlogic.gdx.graphics.Mesh::unbind@3 (line 400)
                      ; - com.badlogic.gdx.graphics.Mesh::render@253 (line 518)
                      ; - com.badlogic.gdx.graphics.Mesh::render@10 (line 460)
                      ; - com.badlogic.gdx.graphics.g2d.SpriteBatch::flush@184 (line 977)
  0x00000229c5ddc478: 84b8 7aff 

  0x00000229c5ddc47c: ;   {other}
  0x00000229c5ddc47c: 0f1f 8400 | 6c22 0075 | baf6 ffff | ff66 6690 

  0x00000229c5ddc48c: ;   {runtime_call UncommonTrapBlob}
  0x00000229c5ddc48c: c5f8 77e8 

  0x00000229c5ddc490: ; ImmutableOopMap {}
                      ;*invokeinterface getNumIndices {reexecute=0 rethrow=0 return_oop=0}
                      ; - com.badlogic.gdx.graphics.Mesh::unbind@15 (line 410)
                      ; - com.badlogic.gdx.graphics.Mesh::unbind@3 (line 400)
                      ; - com.badlogic.gdx.graphics.Mesh::render@253 (line 518)
                      ; - com.badlogic.gdx.graphics.Mesh::render@10 (line 460)
                      ; - com.badlogic.gdx.graphics.g2d.SpriteBatch::flush@184 (line 977)
  0x00000229c5ddc490: 6cb8 7aff 

  0x00000229c5ddc494: ;   {other}
  0x00000229c5ddc494: 0f1f 8400 | 8422 0076 | baf6 ffff | ff66 6690 

  0x00000229c5ddc4a4: ;   {runtime_call UncommonTrapBlob}
  0x00000229c5ddc4a4: c5f8 77e8 

  0x00000229c5ddc4a8: ; ImmutableOopMap {}
                      ;*invokevirtual limit {reexecute=0 rethrow=0 return_oop=0}
                      ; - com.badlogic.gdx.graphics.glutils.IndexArray::getNumIndices@15 (line 49)
                      ; - com.badlogic.gdx.graphics.Mesh::unbind@15 (line 410)
                      ; - com.badlogic.gdx.graphics.Mesh::unbind@3 (line 400)
                      ; - com.badlogic.gdx.graphics.Mesh::render@253 (line 518)
                      ; - com.badlogic.gdx.graphics.Mesh::render@10 (line 460)
                      ; - com.badlogic.gdx.graphics.g2d.SpriteBatch::flush@184 (line 977)
  0x00000229c5ddc4a8: 54b8 7aff 

  0x00000229c5ddc4ac: ;   {other}
  0x00000229c5ddc4ac: 0f1f 8400 | 9c22 0077 | eb00 488b | d0eb 2148 | 8bd0 eb1c | 488b d0eb | 1748 8bd0 | eb12 488b 
  0x00000229c5ddc4cc: d0eb 0d48 | 8bd0 eb08 | 488b d0eb | 0348 8bd0 | c5f8 7748 | 83c4 705d 

  0x00000229c5ddc4e4: ;   {runtime_call _rethrow_Java}
  0x00000229c5ddc4e4: e997 b688 

  0x00000229c5ddc4e8: ;   {internal_word}
  0x00000229c5ddc4e8: ff49 bade | afdd c529 | 0200 004d | 8997 6004 

  0x00000229c5ddc4f8: ;   {runtime_call SafepointBlob}
  0x00000229c5ddc4f8: 0000 e981 

  0x00000229c5ddc4fc: ;   {runtime_call StubRoutines (final stubs)}
  0x00000229c5ddc4fc: a67a ffe8 | bc97 78ff | e951 e1ff | fff4 f4f4 | f4f4 f4f4 
[Stub Code]
  0x00000229c5ddc510: ;   {no_reloc}
  0x00000229c5ddc510: 48bb 0000 | 0000 0000 

  0x00000229c5ddc518: ;   {runtime_call nmethod}
  0x00000229c5ddc518: 0000 e9fb 

  0x00000229c5ddc51c: ;   {static_stub}
  0x00000229c5ddc51c: ffff ff48 | bb00 0000 | 0000 0000 

  0x00000229c5ddc528: ;   {runtime_call nmethod}
  0x00000229c5ddc528: 00e9 fbff 

  0x00000229c5ddc52c: ;   {static_stub}
  0x00000229c5ddc52c: ffff 48bb | 0000 0000 | 0000 0000 

  0x00000229c5ddc538: ;   {runtime_call nmethod}
  0x00000229c5ddc538: e9fb ffff 

  0x00000229c5ddc53c: ;   {static_stub}
  0x00000229c5ddc53c: ff48 bb00 | 0000 0000 

  0x00000229c5ddc544: ;   {runtime_call nmethod}
  0x00000229c5ddc544: 0000 00e9 | fbff ffff 

  0x00000229c5ddc54c: ;   {static_stub}
  0x00000229c5ddc54c: 48bb 0000 | 0000 0000 

  0x00000229c5ddc554: ;   {runtime_call nmethod}
  0x00000229c5ddc554: 0000 e9fb 

  0x00000229c5ddc558: ;   {static_stub}
  0x00000229c5ddc558: ffff ff48 | bb00 0000 | 0000 0000 

  0x00000229c5ddc564: ;   {runtime_call nmethod}
  0x00000229c5ddc564: 00e9 fbff 

  0x00000229c5ddc568: ;   {static_stub}
  0x00000229c5ddc568: ffff 48bb | 0000 0000 | 0000 0000 

  0x00000229c5ddc574: ;   {runtime_call nmethod}
  0x00000229c5ddc574: e9fb ffff 

  0x00000229c5ddc578: ;   {static_stub}
  0x00000229c5ddc578: ff48 bb00 | 0000 0000 

  0x00000229c5ddc580: ;   {runtime_call nmethod}
  0x00000229c5ddc580: 0000 00e9 | fbff ffff 

  0x00000229c5ddc588: ;   {static_stub}
  0x00000229c5ddc588: 48bb 0000 | 0000 0000 

  0x00000229c5ddc590: ;   {runtime_call nmethod}
  0x00000229c5ddc590: 0000 e9fb 

  0x00000229c5ddc594: ;   {runtime_call ExceptionBlob}
  0x00000229c5ddc594: ffff ffe9 | 6446 88ff 
[Deopt Handler Code]
  0x00000229c5ddc59c: e800 0000 | 0048 832c 

  0x00000229c5ddc5a4: ;   {runtime_call DeoptimizationBlob}
  0x00000229c5ddc5a4: 2405 e975 | ba7a fff4 | f4f4 f4f4 
[/MachCode]


Compiled method (c2) 591692 5002       4       com.badlogic.gdx.scenes.scene2d.ui.Image::draw (200 bytes)
 total in heap  [0x00000229c605fa90,0x00000229c6060e70] = 5088
 relocation     [0x00000229c605fbf0,0x00000229c605fcf8] = 264
 constants      [0x00000229c605fd00,0x00000229c605fd20] = 32
 main code      [0x00000229c605fd20,0x00000229c6060680] = 2400
 stub code      [0x00000229c6060680,0x00000229c60606c8] = 72
 oops           [0x00000229c60606c8,0x00000229c60606d0] = 8
 metadata       [0x00000229c60606d0,0x00000229c60607a0] = 208
 scopes data    [0x00000229c60607a0,0x00000229c6060b48] = 936
 scopes pcs     [0x00000229c6060b48,0x00000229c6060d08] = 448
 dependencies   [0x00000229c6060d08,0x00000229c6060d48] = 64
 handler table  [0x00000229c6060d48,0x00000229c6060e38] = 240
 nul chk table  [0x00000229c6060e38,0x00000229c6060e70] = 56


[Constant Pool]
             Address          hex4                    hex8      
  0x00000229c605fd00:   0x437f0000      0x3f800000437f0000      
  0x00000229c605fd04:   0x3f800000                              
  0x00000229c605fd08:   0x00000000      0xf4f4f4f400000000      
  0x00000229c605fd0c:   0xf4f4f4f4                              
  0x00000229c605fd10:   0xf4f4f4f4      0xf4f4f4f4f4f4f4f4      
  0x00000229c605fd14:   0xf4f4f4f4                              
  0x00000229c605fd18:   0xf4f4f4f4      0xf4f4f4f4f4f4f4f4      
  0x00000229c605fd1c:   0xf4f4f4f4                              

[MachCode]
[Entry Point]
  # {method} {0x0000022a1c84ede0} 'draw' '(Lcom/badlogic/gdx/graphics/g2d/Batch;F)V' in 'com/badlogic/gdx/scenes/scene2d/ui/Image'
  # this:     rdx:rdx   = 'com/badlogic/gdx/scenes/scene2d/ui/Image'
  # parm0:    r8:r8     = 'com/badlogic/gdx/graphics/g2d/Batch'
  # parm1:    xmm0      = float
  #           [sp+0x80]  (sp of caller)
  0x00000229c605fd20: ;   {no_reloc}
  0x00000229c605fd20: 448b 5208 | 49bb 0000 | 00db 2902 | 0000 4d03 | d349 3bc2 

  0x00000229c605fd34: ;   {runtime_call ic_miss_stub}
  0x00000229c605fd34: 0f85 46ec | 51ff 6690 | 0f1f 4000 
[Verified Entry Point]
  0x00000229c605fd40: 8984 2400 | 80ff ff55 | 4883 ec70 | 4181 7f20 | 0100 0000 | 0f85 1b09 | 0000 c5fa | 1144 2430 
  0x00000229c605fd60: 4c89 4424 | 2848 8954 | 2420 440f | b652 5845 | 85d2 0f84 | 2c06 0000 | 440f b65a | 3345 85db 
  0x00000229c605fd80: 0f85 4206 | 0000 440f | b65a 3245 | 85db 0f85 | 3005 0000 | 488b 5424 | 2048 b8ff | ffff ffff 
  0x00000229c605fda0: ;   {virtual_call}
  0x00000229c605fda0: ffff ffe8 

  0x00000229c605fda4: ; ImmutableOopMap {[32]=Oop [40]=Oop }
                      ;*invokevirtual getColor {reexecute=0 rethrow=0 return_oop=1}
                      ; - com.badlogic.gdx.scenes.scene2d.ui.Image::draw@5 (line 118)
  0x00000229c605fda4: 38cd 6cff 

  0x00000229c605fda8: ;   {other}
  0x00000229c605fda8: 0f1f 8400 | 1803 0000 

  0x00000229c605fdb0: ; implicit exception: dispatches to 0x00000229c6060540
  0x00000229c605fdb0: c5fa 1050 | 0cc5 fa10 | 4c24 30c5 | f259 5818 | c5fa 1068 | 14c5 fa10 | 4010 488b | 4c24 2844 
  0x00000229c605fdd0: ;   {metadata('com/badlogic/gdx/graphics/g2d/SpriteBatch')}
  0x00000229c605fdd0: 8b59 0841 | 81fb 400a | 1001 0f85 | 9405 0000 | 4889 4c24 

  0x00000229c605fde4: ;   {section_word}
  0x00000229c605fde4: 28c5 fa59 | 0d13 ffff 

  0x00000229c605fdec: ;   {section_word}
  0x00000229c605fdec: ffc5 ea59 | 050b ffff 

  0x00000229c605fdf4: ;   {section_word}
  0x00000229c605fdf4: ffc5 e259 | 1d03 ffff 

  0x00000229c605fdfc: ;   {section_word}
  0x00000229c605fdfc: ffc5 d259 | 15fb feff | ffc5 7a2c | d941 81fb | 0000 0080 | 0f84 4a08 | 0000 c57a | 2cc3 4181 
  0x00000229c605fe1c: f800 0000 | 800f 8424 | 0800 00c5 | 7a2c c841 | 81f9 0000 | 0080 0f84 | fe07 0000 | c5fa 2cca 
  0x00000229c605fe3c: 81f9 0000 | 0080 0f84 | da07 0000 | 41c1 e308 | c1e1 1041 | c1e0 1844 | 0bc1 450b | c345 0bc1 
  0x00000229c605fe5c: 4181 e0ff | ffff fe4c | 8b54 2428 | 4589 4228 | 488b 5424 | 2048 b8ff | ffff ffff 

  0x00000229c605fe78: ;   {virtual_call}
  0x00000229c605fe78: ffff ffe8 

  0x00000229c605fe7c: ; ImmutableOopMap {[32]=Oop [40]=Oop }
                      ;*invokevirtual getX {reexecute=0 rethrow=0 return_oop=0}
                      ; - com.badlogic.gdx.scenes.scene2d.ui.Image::draw@34 (line 121)
  0x00000229c605fe7c: 90cc 6cff 

  0x00000229c605fe80: ;   {other}
  0x00000229c605fe80: 0f1f 8400 | f003 0001 | c5fa 1144 | 2430 488b | 5424 2066 | 9048 b8ff | ffff ffff 

  0x00000229c605fe9c: ;   {virtual_call}
  0x00000229c605fe9c: ffff ffe8 

  0x00000229c605fea0: ; ImmutableOopMap {[32]=Oop [40]=Oop }
                      ;*invokevirtual getY {reexecute=0 rethrow=0 return_oop=0}
                      ; - com.badlogic.gdx.scenes.scene2d.ui.Image::draw@40 (line 122)
  0x00000229c605fea0: 9ccc 6cff 

  0x00000229c605fea4: ;   {other}
  0x00000229c605fea4: 0f1f 8400 | 1404 0002 | c5fa 1144 | 2434 488b | 5424 2066 | 9048 b8ff | ffff ffff 

  0x00000229c605fec0: ;   {virtual_call}
  0x00000229c605fec0: ffff ffe8 

  0x00000229c605fec4: ; ImmutableOopMap {[32]=Oop [40]=Oop }
                      ;*invokevirtual getScaleX {reexecute=0 rethrow=0 return_oop=0}
                      ; - com.badlogic.gdx.scenes.scene2d.ui.Image::draw@46 (line 123)
  0x00000229c605fec4: a8cc 6cff 

  0x00000229c605fec8: ;   {other}
  0x00000229c605fec8: 0f1f 8400 | 3804 0003 | c5fa 1144 | 2438 488b | 5424 2066 | 9048 b8ff | ffff ffff 

  0x00000229c605fee4: ;   {virtual_call}
  0x00000229c605fee4: ffff ffe8 

  0x00000229c605fee8: ; ImmutableOopMap {[32]=Oop [40]=Oop }
                      ;*invokevirtual getScaleY {reexecute=0 rethrow=0 return_oop=0}
                      ; - com.badlogic.gdx.scenes.scene2d.ui.Image::draw@52 (line 124)
  0x00000229c605fee8: b4cc 6cff 

  0x00000229c605feec: ;   {other}
  0x00000229c605feec: 0f1f 8400 | 5c04 0004 | c5f8 28f8 | 4c8b 5424 | 2041 8b6a | 7485 ed0f | 84ef 0000 | 0045 8b54 
  0x00000229c605ff0c: ;   {metadata('com/badlogic/gdx/scenes/scene2d/utils/TextureRegionDrawable')}
  0x00000229c605ff0c: ec08 4181 | fac0 3b03 | 010f 85e6 | 0500 004c | 8b5c 2420 | c4c1 7a10 | 6b6c c441 | 7a10 5b2c 
  0x00000229c605ff2c: c4c1 7a10 | 4360 c4c1 | 7a10 5b64 | c5fa 104c | 2430 c572 | 58c8 c5fa | 1064 2434 | c55a 58d3 
  0x00000229c605ff4c: c441 7a10 | 4368 4d8d | 1cec c5fa | 1074 2438 

  0x00000229c605ff5c: ;   {section_word}
  0x00000229c605ff5c: c5f8 2e35 | a0fd ffff | 7a36 7534 

  0x00000229c605ff68: ;   {section_word}
  0x00000229c605ff68: c5f8 2e3d | 94fd ffff | 0f8a 6703 | 0000 0f85 | 6103 0000 

  0x00000229c605ff7c: ;   {section_word}
  0x00000229c605ff7c: c578 2e1d | 84fd ffff | 7a06 0f84 | 7f00 0000 

  0x00000229c605ff8c: ;   {section_word}
  0x00000229c605ff8c: c5fa 103d | 70fd ffff 

  0x00000229c605ff94: ;   {section_word}
  0x00000229c605ff94: c5fa 1035 | 68fd ffff 

  0x00000229c605ff9c: ;   {metadata('com/badlogic/gdx/scenes/scene2d/utils/TextureRegionDrawable')}
  0x00000229c605ff9c: 4181 fac0 | 3b03 010f | 8573 0500 | 004c 8b54 | 2420 c4c1 | 7a10 521c | 458b 5328 | c5ea 5cd0 
  0x00000229c605ffbc: 4c8b 5c24 | 20c4 c17a | 1043 20c5 | fa5c db4d | 8bc2 49c1 | e003 488b | 5424 28c4 | c178 28c1 
  0x00000229c605ffdc: c4c1 7828 | cac4 c178 | 28e0 c57a 

  0x00000229c605ffe8: ;   {optimized virtual_call}
  0x00000229c605ffe8: 111c 24e8 

  0x00000229c605ffec: ; ImmutableOopMap {}
                      ;*invokeinterface draw {reexecute=0 rethrow=0 return_oop=0}
                      ; - com.badlogic.gdx.scenes.scene2d.utils.TextureRegionDrawable::draw@21 (line 50)
                      ; - com.badlogic.gdx.scenes.scene2d.ui.Image::draw@148 (line 129)
  0x00000229c605ffec: d010 0000 

  0x00000229c605fff0: ;   {other}
  0x00000229c605fff0: 0f1f 8400 | 6005 0005 | 4883 c470 

  0x00000229c605fffc: ;   {poll_return}
  0x00000229c605fffc: 5d49 3ba7 | 4804 0000 | 0f87 0206 

  0x00000229c6060008: ;   {metadata('com/badlogic/gdx/scenes/scene2d/utils/TextureRegionDrawable')}
  0x00000229c6060008: 0000 c341 | 81fa c03b | 0301 0f85 | 8404 0000 | 4c8b 5424 | 2841 0fb6 | 6a38 85ed | 0f84 a604 
  0x00000229c6060028: 0000 418b | 5b28 458b | 44dc 2441 | 8b42 4045 | 8b5a 4445 | 3bc3 0f84 | 2e02 0000 | 8944 2440 
  0x00000229c6060048: c57a 1144 | 2434 c57a | 1154 2430 | c57a 114c | 2424 c5fa | 116c 2420 | 4d8d 14dc | 4c89 5424 
  0x00000229c6060068: 4889 5c24 | 3849 8be8 | 48c1 e503 | 4489 4424 | 3c48 8b54 

  0x00000229c606007c: ;   {optimized virtual_call}
  0x00000229c606007c: 2428 90e8 

  0x00000229c6060080: ; ImmutableOopMap {rbp=Oop [40]=Oop [56]=NarrowOop [60]=NarrowOop [64]=NarrowOop [72]=Oop }
                      ;*invokevirtual flush {reexecute=0 rethrow=0 return_oop=0}
                      ; - com.badlogic.gdx.graphics.g2d.SpriteBatch::switchTexture@1 (line 1073)
                      ; - com.badlogic.gdx.graphics.g2d.SpriteBatch::draw@41 (line 603)
                      ; - com.badlogic.gdx.scenes.scene2d.utils.TextureRegionDrawable::draw@11 (line 45)
                      ; - com.badlogic.gdx.scenes.scene2d.ui.Image::draw@194 (line 134)
  0x00000229c6060080: bca5 d7ff 

  0x00000229c6060084: ;   {other}
  0x00000229c6060084: 0f1f 8400 | f405 0006 | 4180 7f40 | 000f 8553 | 0200 0048 | 8b5c 2428 | 8b7c 243c | 897b 444c 
  0x00000229c60600a4: 8bd5 4c8b | db4d 33d3 | 49c1 ea16 | 4d85 d274 | 1e85 ff74 | 1a49 c1eb | 0948 b900 | e091 cb29 
  0x00000229c60600c4: 0200 0049 | 03cb 8039 | 020f 8553 | 0200 0045 | 8b54 fc24 | 4889 5c24 | 2849 8d2c | fc49 8bd2 
  0x00000229c60600e4: 48c1 e203 | 9048 b840 | 1003 dc29 

  0x00000229c60600f0: ;   {virtual_call}
  0x00000229c60600f0: 0200 00e8 

  0x00000229c60600f4: ; ImmutableOopMap {rbp=Oop [40]=Oop [56]=NarrowOop [60]=NarrowOop [64]=NarrowOop [72]=Oop }
                      ;*invokeinterface getWidth {reexecute=0 rethrow=0 return_oop=0}
                      ; - com.badlogic.gdx.graphics.Texture::getWidth@4 (line 169)
                      ; - com.badlogic.gdx.graphics.g2d.SpriteBatch::switchTexture@12 (line 1075)
                      ; - com.badlogic.gdx.graphics.g2d.SpriteBatch::draw@41 (line 603)
                      ; - com.badlogic.gdx.scenes.scene2d.utils.TextureRegionDrawable::draw@11 (line 45)
                      ; - com.badlogic.gdx.scenes.scene2d.ui.Image::draw@194 (line 134)
  0x00000229c60600f4: a82a c7ff 

  0x00000229c60600f8: ;   {other}
  0x00000229c60600f8: 0f1f 8400 | 6806 0007 | 448b 5424 | 3c47 8b54 | d424 c5f2 

  0x00000229c606010c: ;   {section_word}
  0x00000229c606010c: 2ac8 c5fa | 1015 eefb | ffff c5ea | 5ec1 4c8b | 5c24 28c4 | c17a 1143 | 1049 8bd2 | 48c1 e203 
  0x00000229c606012c: 9048 b840 | 1003 dc29 

  0x00000229c6060134: ;   {virtual_call}
  0x00000229c6060134: 0200 00e8 

  0x00000229c6060138: ; ImmutableOopMap {[40]=Oop [56]=NarrowOop [64]=NarrowOop [72]=Oop }
                      ;*invokeinterface getHeight {reexecute=0 rethrow=0 return_oop=0}
                      ; - com.badlogic.gdx.graphics.Texture::getHeight@4 (line 174)
                      ; - com.badlogic.gdx.graphics.g2d.SpriteBatch::switchTexture@23 (line 1076)
                      ; - com.badlogic.gdx.graphics.g2d.SpriteBatch::draw@41 (line 603)
                      ; - com.badlogic.gdx.scenes.scene2d.utils.TextureRegionDrawable::draw@11 (line 45)
                      ; - com.badlogic.gdx.scenes.scene2d.ui.Image::draw@194 (line 134)
  0x00000229c6060138: 6427 c7ff 

  0x00000229c606013c: ;   {other}
  0x00000229c606013c: 0f1f 8400 | ac06 0008 | 4c8b 5424 | 2841 8b7a | 0cc5 fa2a 

  0x00000229c6060150: ;   {section_word}
  0x00000229c6060150: c0c5 fa10 | 0dab fbff | ffc5 f25e | c8c4 c17a | 114a 14c5 | fa10 6c24 | 20c5 7a10 | 4c24 24c5 
  0x00000229c6060170: 7a10 5424 | 30c5 7a10 | 4424 348b | 5c24 388b | 4424 4045 | 8b5c c40c | c4c1 7a10 | 4cdc 14c5 
  0x00000229c6060190: aa58 c5c4 | c132 58d8 | c4c1 7a10 | 54dc 104c | 8b54 2428 | c4c1 7a10 | 6a28 c4c1 | 7a10 64dc 
  0x00000229c60601b0: 0cc4 c17a | 107c dc18 | 413b fb0f | 8323 0200 | 0044 8d47 | 134d 8d0c | c4c4 417a | 114c b910 
  0x00000229c60601d0: 453b c30f | 8363 0200 | 004c 63d7 | c401 7a11 | 5491 14c4 | 817a 116c | 9118 c481 | 7a11 6491 
  0x00000229c60601f0: 1cc4 817a | 117c 9120 | c401 7a11 | 4c91 24c4 | 817a 1144 | 9128 c481 | 7a11 6c91 | 2cc4 817a 
  0x00000229c6060210: 1164 9130 | c481 7a11 | 5491 34c4 | 817a 115c | 9138 c481 | 7a11 4491 | 3cc4 817a | 116c 9140 
  0x00000229c6060230: c481 7a11 | 4c91 44c4 | 817a 1154 | 9148 c481 | 7a11 5c91 | 4cc4 017a | 1154 9150 | c481 7a11 
  0x00000229c6060250: ;   {no_reloc}
  0x00000229c6060250: 6c91 54c4 | 817a 114c | 9158 c481 | 7a11 7c91 | 5c83 c714 | 4c8b 5424 | 2841 897a | 0ce9 86fd 
  0x00000229c6060270: ffff 418b | 4cc4 0c41 | 8b7a 0c3b | f90f 8500 | ffff ffba | 45ff ffff | 488b 6c24 | 2889 5c24 
  0x00000229c6060290: 20c5 7a11 | 4c24 24c5 | 7a11 5424 | 28c5 7a11 | 4424 2cc5 | fa11 6c24 | 3089 4424 | 3489 7c24 
  0x00000229c60602b0: 3889 4c24 

  0x00000229c60602b4: ;   {runtime_call UncommonTrapBlob}
  0x00000229c60602b4: 3c66 90e8 

  0x00000229c60602b8: ; ImmutableOopMap {rbp=Oop [32]=NarrowOop [52]=NarrowOop }
                      ;*if_icmpne {reexecute=1 rethrow=0 return_oop=0}
                      ; - (reexecute) com.badlogic.gdx.graphics.g2d.SpriteBatch::draw@54 (line 604)
                      ; - com.badlogic.gdx.scenes.scene2d.utils.TextureRegionDrawable::draw@11 (line 45)
                      ; - com.badlogic.gdx.scenes.scene2d.ui.Image::draw@194 (line 134)
  0x00000229c60602b8: 447a 52ff 

  0x00000229c60602bc: ;   {other}
  0x00000229c60602bc: 0f1f 8400 | 2c08 0009 | 4488 6232 

  0x00000229c60602c8: ;   {optimized virtual_call}
  0x00000229c60602c8: 498b e8e8 

  0x00000229c60602cc: ; ImmutableOopMap {rbp=Oop [32]=Oop [40]=Oop }
                      ;*invokevirtual layout {reexecute=0 rethrow=0 return_oop=0}
                      ; - com.badlogic.gdx.scenes.scene2d.ui.Widget::validate@89 (line 88)
                      ; - com.badlogic.gdx.scenes.scene2d.ui.Image::draw@1 (line 116)
  0x00000229c60602cc: 501f ecff 

  0x00000229c60602d0: ;   {other}
  0x00000229c60602d0: 0f1f 8400 | 4008 000a | e9b7 faff 

  0x00000229c60602dc: ;   {section_word}
  0x00000229c60602dc: ffc5 fa10 | 351f faff | ffe9 b2fc | ffff 488b | 5c24 2844 | 8b53 4445 | 85d2 0f84 | a0fd ffff 
  0x00000229c60602fc: 4d8b 5f28 | 498b ca48 | c1e1 034d | 85db 0f84 | d401 0000 | 4d8b 5738 | 4b89 4c1a | f849 83c3 
  0x00000229c606031c: f84d 895f | 28e9 76fd | ffff 4d8b | 5748 4d8b | 5f58 f083 | 4424 c000 | 8039 000f | 8496 fdff 
  0x00000229c606033c: ff44 8821 | 4d85 d275 | 1d49 8bd7 | 49ba 10a1 | d844 fe7f | 0000 41ff 

  0x00000229c6060354: ;   {other}
  0x00000229c6060354: d20f 1f84 | 0000 0000 | 00e9 71fd | ffff 4b89 | 4c13 f849 | 83c2 f84d | 8957 48e9 | 5ffd ffff 
  0x00000229c6060374: bade ffff | ff48 8b6c | 2420 c5fa | 1154 2430 | c5fa 1144 | 2434 c5fa | 116c 2438 | c5fa 115c 
  0x00000229c6060394: ;   {runtime_call UncommonTrapBlob}
  0x00000229c6060394: 243c 90e8 

  0x00000229c6060398: ; ImmutableOopMap {rbp=Oop [40]=Oop }
                      ;*invokeinterface setColor {reexecute=0 rethrow=0 return_oop=0}
                      ; - com.badlogic.gdx.scenes.scene2d.ui.Image::draw@28 (line 119)
  0x00000229c6060398: 6479 52ff 

  0x00000229c606039c: ;   {other}
  0x00000229c606039c: 0f1f 8400 | 0c09 000b | ba45 ffff | ff48 8b6c | 2420 4c89 | 4424 2044 | 8954 242c 

  0x00000229c60603b8: ;   {runtime_call UncommonTrapBlob}
  0x00000229c60603b8: 6666 90e8 

  0x00000229c60603bc: ; ImmutableOopMap {rbp=Oop [32]=Oop }
                      ;*ifne {reexecute=1 rethrow=0 return_oop=0}
                      ; - (reexecute) com.badlogic.gdx.scenes.scene2d.ui.Widget::validate@4 (line 70)
                      ; - com.badlogic.gdx.scenes.scene2d.ui.Image::draw@1 (line 116)
  0x00000229c60603bc: 4079 52ff 

  0x00000229c60603c0: ;   {other}
  0x00000229c60603c0: 0f1f 8400 | 3009 000c | 8b6a 38ba | 45ff ffff | 4489 5c24 

  0x00000229c60603d4: ;   {runtime_call UncommonTrapBlob}
  0x00000229c60603d4: 3466 90e8 

  0x00000229c60603d8: ; ImmutableOopMap {rbp=NarrowOop [32]=Oop [40]=Oop }
                      ;*ifeq {reexecute=1 rethrow=0 return_oop=0}
                      ; - (reexecute) com.badlogic.gdx.scenes.scene2d.ui.Widget::validate@17 (line 73)
                      ; - com.badlogic.gdx.scenes.scene2d.ui.Image::draw@1 (line 116)
  0x00000229c60603d8: 2479 52ff 

  0x00000229c60603dc: ;   {other}
  0x00000229c60603dc: 0f1f 8400 | 4c09 000d | bae4 ffff | ff48 ff74 | 2428 488f | 4424 20c5 | 7a11 5424 | 2cc5 fa11 
  0x00000229c60603fc: 5c24 34c5 | fa11 4424 | 38c5 fa11 | 6424 3cc5 | fa11 7c24 | 40c5 fa11 | 4c24 44c5 | fa11 5424 
  0x00000229c606041c: 48c5 f97e | ed89 4424 | 5089 7c24 | 54c5 7a11 

  0x00000229c606042c: ;   {runtime_call UncommonTrapBlob}
  0x00000229c606042c: 4c24 58e8 

  0x00000229c6060430: ; ImmutableOopMap {[32]=Oop [80]=NarrowOop }
                      ;*fastore {reexecute=0 rethrow=0 return_oop=0}
                      ; - com.badlogic.gdx.graphics.g2d.SpriteBatch::draw@114 (line 616)
                      ; - com.badlogic.gdx.scenes.scene2d.utils.TextureRegionDrawable::draw@11 (line 45)
                      ; - com.badlogic.gdx.scenes.scene2d.ui.Image::draw@194 (line 134)
  0x00000229c6060430: cc78 52ff 

  0x00000229c6060434: ;   {other}
  0x00000229c6060434: 0f1f 8400 | a409 000e | 8d6f 01ba | e4ff ffff | 48ff 7424 | 2848 8f44 | 2420 c57a | 114c 2428 
  0x00000229c6060454: c5fa 115c | 2434 c5fa | 1144 2438 | c5fa 1164 | 243c c5fa | 117c 2440 | c5fa 114c | 2444 c5fa 
  0x00000229c6060474: 1154 2448 | c5fa 116c | 244c 897c | 2450 8944 | 2454 c57a | 1154 2458 

  0x00000229c606048c: ;   {runtime_call UncommonTrapBlob}
  0x00000229c606048c: 6666 90e8 

  0x00000229c6060490: ; ImmutableOopMap {[32]=Oop [84]=NarrowOop }
                      ;*fastore {reexecute=0 rethrow=0 return_oop=0}
                      ; - com.badlogic.gdx.graphics.g2d.SpriteBatch::draw@122 (line 617)
                      ; - com.badlogic.gdx.scenes.scene2d.utils.TextureRegionDrawable::draw@11 (line 45)
                      ; - com.badlogic.gdx.scenes.scene2d.ui.Image::draw@194 (line 134)
  0x00000229c6060490: 6c78 52ff 

  0x00000229c6060494: ;   {other}
  0x00000229c6060494: 0f1f 8400 | 040a 000f | bade ffff | ff48 ff74 | 2428 488f | 4424 20c5 | 7a11 4c24 | 28c5 7a11 
  0x00000229c60604b4: 5424 2cc5 | 7a11 4424 | 30c5 fa11 

  0x00000229c60604c0: ;   {runtime_call UncommonTrapBlob}
  0x00000229c60604c0: 6c24 34e8 

  0x00000229c60604c4: ; ImmutableOopMap {rbp=NarrowOop [32]=Oop }
                      ;*invokeinterface draw {reexecute=0 rethrow=0 return_oop=0}
                      ; - com.badlogic.gdx.scenes.scene2d.ui.Image::draw@194 (line 134)
  0x00000229c60604c4: 3878 52ff 

  0x00000229c60604c8: ;   {other}
  0x00000229c60604c8: 0f1f 8400 | 380a 0010 | ba45 ffff 

  0x00000229c60604d4: ;   {runtime_call UncommonTrapBlob}
  0x00000229c60604d4: ff66 90e8 

  0x00000229c60604d8: ; ImmutableOopMap {}
                      ;*ifne {reexecute=1 rethrow=0 return_oop=0}
                      ; - (reexecute) com.badlogic.gdx.graphics.g2d.SpriteBatch::draw@4 (line 597)
                      ; - com.badlogic.gdx.scenes.scene2d.utils.TextureRegionDrawable::draw@11 (line 45)
                      ; - com.badlogic.gdx.scenes.scene2d.ui.Image::draw@194 (line 134)
  0x00000229c60604d8: 2478 52ff 

  0x00000229c60604dc: ;   {other}
  0x00000229c60604dc: 0f1f 8400 | 4c0a 0011 | 498b d749 | ba30 a1d8 | 44fe 7f00 | 0041 ffd2 

  0x00000229c60604f4: ;   {other}
  0x00000229c60604f4: 0f1f 8400 | 0000 0000 | e99b fbff | ffba deff | ffff c5fa | 1144 243c 

  0x00000229c606050c: ;   {runtime_call UncommonTrapBlob}
  0x00000229c606050c: 6666 90e8 

  0x00000229c6060510: ; ImmutableOopMap {rbp=NarrowOop [32]=Oop [40]=Oop }
                      ;*instanceof {reexecute=0 rethrow=0 return_oop=0}
                      ; - com.badlogic.gdx.scenes.scene2d.ui.Image::draw@61 (line 126)
  0x00000229c6060510: ec77 52ff 

  0x00000229c6060514: ;   {other}
  0x00000229c6060514: 0f1f 8400 | 840a 0012 | bade ffff | ffc5 fa11 | 7424 38c5 | fa11 7c24 | 3cc5 7a11 

  0x00000229c6060530: ;   {runtime_call UncommonTrapBlob}
  0x00000229c6060530: 5c24 40e8 

  0x00000229c6060534: ; ImmutableOopMap {rbp=NarrowOop [32]=Oop [40]=Oop }
                      ;*checkcast {reexecute=0 rethrow=0 return_oop=0}
                      ; - com.badlogic.gdx.scenes.scene2d.ui.Image::draw@98 (line 129)
  0x00000229c6060534: c877 52ff 

  0x00000229c6060538: ;   {other}
  0x00000229c6060538: 0f1f 8400 | a80a 0013 | baf6 ffff 

  0x00000229c6060544: ;   {runtime_call UncommonTrapBlob}
  0x00000229c6060544: ff66 90e8 

  0x00000229c6060548: ; ImmutableOopMap {}
                      ;*getfield r {reexecute=1 rethrow=0 return_oop=0}
                      ; - (reexecute) com.badlogic.gdx.scenes.scene2d.ui.Image::draw@11 (line 119)
  0x00000229c6060548: b477 52ff 

  0x00000229c606054c: ;   {other}
  0x00000229c606054c: 0f1f 8400 | bc0a 0014 | baf6 ffff | ffc5 f97e | d5c5 fa11 | 4424 20c5 | fa11 6c24 | 24c5 fa11 
  0x00000229c606056c: ;   {runtime_call UncommonTrapBlob}
  0x00000229c606056c: 5c24 28e8 

  0x00000229c6060570: ; ImmutableOopMap {}
                      ;*invokeinterface setColor {reexecute=0 rethrow=0 return_oop=0}
                      ; - com.badlogic.gdx.scenes.scene2d.ui.Image::draw@28 (line 119)
  0x00000229c6060570: 8c77 52ff 

  0x00000229c6060574: ;   {other}
  0x00000229c6060574: 0f1f 8400 | e40a 0015 | 488b d0eb | 2b48 8bd0 | eb26 488b | d0eb 2148 | 8bd0 eb1c | 488b d0eb 
  0x00000229c6060594: 1748 8bd0 | eb12 488b | d0eb 0d48 | 8bd0 eb08 | 488b d0eb | 0348 8bd0 | 4883 c470 

  0x00000229c60605b0: ;   {runtime_call _rethrow_Java}
  0x00000229c60605b0: 5de9 ca75 | 60ff baf6 

  0x00000229c60605b8: ;   {runtime_call UncommonTrapBlob}
  0x00000229c60605b8: ffff ffe8 

  0x00000229c60605bc: ; ImmutableOopMap {}
                      ;*getfield texture {reexecute=1 rethrow=0 return_oop=0}
                      ; - (reexecute) com.badlogic.gdx.graphics.g2d.SpriteBatch::draw@24 (line 601)
                      ; - com.badlogic.gdx.scenes.scene2d.utils.TextureRegionDrawable::draw@11 (line 45)
                      ; - com.badlogic.gdx.scenes.scene2d.ui.Image::draw@194 (line 134)
  0x00000229c60605bc: 4077 52ff 

  0x00000229c60605c0: ;   {other}
  0x00000229c60605c0: 0f1f 8400 | 300b 0016 | baf6 ffff | ff8b efc5 | 7a11 4c24 

  0x00000229c60605d4: ;   {runtime_call UncommonTrapBlob}
  0x00000229c60605d4: 2066 90e8 

  0x00000229c60605d8: ; ImmutableOopMap {}
                      ;*fastore {reexecute=0 rethrow=0 return_oop=0}
                      ; - com.badlogic.gdx.graphics.g2d.SpriteBatch::draw@114 (line 616)
                      ; - com.badlogic.gdx.scenes.scene2d.utils.TextureRegionDrawable::draw@11 (line 45)
                      ; - com.badlogic.gdx.scenes.scene2d.ui.Image::draw@194 (line 134)
  0x00000229c60605d8: 2477 52ff 

  0x00000229c60605dc: ;   {other}
  0x00000229c60605dc: 0f1f 8400 | 4c0b 0017 | baf6 ffff 

  0x00000229c60605e8: ;   {runtime_call UncommonTrapBlob}
  0x00000229c60605e8: ff66 90e8 

  0x00000229c60605ec: ; ImmutableOopMap {}
                      ;*invokevirtual getWidth {reexecute=0 rethrow=0 return_oop=0}
                      ; - com.badlogic.gdx.graphics.g2d.SpriteBatch::switchTexture@12 (line 1075)
                      ; - com.badlogic.gdx.graphics.g2d.SpriteBatch::draw@41 (line 603)
                      ; - com.badlogic.gdx.scenes.scene2d.utils.TextureRegionDrawable::draw@11 (line 45)
                      ; - com.badlogic.gdx.scenes.scene2d.ui.Image::draw@194 (line 134)
  0x00000229c60605ec: 1077 52ff 

  0x00000229c60605f0: ;   {other}
  0x00000229c60605f0: 0f1f 8400 | 600b 0018 | baf6 ffff 

  0x00000229c60605fc: ;   {runtime_call UncommonTrapBlob}
  0x00000229c60605fc: ff66 90e8 

  0x00000229c6060600: ; ImmutableOopMap {}
                      ;*arraylength {reexecute=0 rethrow=0 return_oop=0}
                      ; - com.badlogic.gdx.graphics.g2d.SpriteBatch::draw@53 (line 604)
                      ; - com.badlogic.gdx.scenes.scene2d.utils.TextureRegionDrawable::draw@11 (line 45)
                      ; - com.badlogic.gdx.scenes.scene2d.ui.Image::draw@194 (line 134)
  0x00000229c6060600: fc76 52ff 

  0x00000229c6060604: ;   {other}
  0x00000229c6060604: 0f1f 8400 | 740b 0019 

  0x00000229c606060c: ;   {internal_word}
  0x00000229c606060c: 49ba fdff | 05c6 2902 | 0000 4d89 | 9760 0400 

  0x00000229c606061c: ;   {runtime_call SafepointBlob}
  0x00000229c606061c: 00e9 5e65 | 52ff 4883 | ec08 c5fb 

  0x00000229c6060628: ;   {runtime_call StubRoutines (initial stubs)}
  0x00000229c6060628: 1114 24e8 | 8e0c 4dff | 59e9 12f8 | ffff 4883 | ec08 c5fb 

  0x00000229c606063c: ;   {runtime_call StubRoutines (initial stubs)}
  0x00000229c606063c: 1104 24e8 | 7a0c 4dff | 4159 e9ed | f7ff ff48 | 83ec 08c5 | fb11 1c24 

  0x00000229c6060654: ;   {runtime_call StubRoutines (initial stubs)}
  0x00000229c6060654: e865 0c4d | ff41 58e9 | c7f7 ffff | 4883 ec08 | c5fb 110c 

  0x00000229c6060668: ;   {runtime_call StubRoutines (initial stubs)}
  0x00000229c6060668: 24e8 500c | 4dff 415b | e9a1 f7ff 

  0x00000229c6060674: ;   {runtime_call StubRoutines (final stubs)}
  0x00000229c6060674: ffe8 4656 | 50ff e9db | f6ff fff4 
[Stub Code]
  0x00000229c6060680: ;   {no_reloc}
  0x00000229c6060680: 48bb 0000 | 0000 0000 

  0x00000229c6060688: ;   {runtime_call nmethod}
  0x00000229c6060688: 0000 e9fb 

  0x00000229c606068c: ;   {static_stub}
  0x00000229c606068c: ffff ff48 | bb00 0000 | 0000 0000 

  0x00000229c6060698: ;   {runtime_call nmethod}
  0x00000229c6060698: 00e9 fbff 

  0x00000229c606069c: ;   {static_stub}
  0x00000229c606069c: ffff 48bb | 0000 0000 | 0000 0000 

  0x00000229c60606a8: ;   {runtime_call nmethod}
  0x00000229c60606a8: e9fb ffff 

  0x00000229c60606ac: ;   {runtime_call ExceptionBlob}
  0x00000229c60606ac: ffe9 4e05 | 60ff e800 | 0000 0048 | 832c 2405 

  0x00000229c60606bc: ;   {runtime_call DeoptimizationBlob}
  0x00000229c60606bc: e95f 7952 | fff4 f4f4 | f4f4 f4f4 
[/MachCode]


---------------  P R O C E S S  ---------------

Threads class SMR info:
_java_thread_list=0x0000022a2b6f0cb0, length=21, elements={
0x00000229d79fec90, 0x00000229d7a00400, 0x00000229d7a03f10, 0x00000229d7a05090,
0x00000229d7a06800, 0x00000229da949fc0, 0x00000229d7a0cb00, 0x00000229da976d60,
0x00000229daaf1ab0, 0x00000229daaf7ea0, 0x0000022a2048a0d0, 0x00000229b5a5fbc0,
0x0000022a211cf320, 0x0000022a2ac804a0, 0x0000022a2b09bbe0, 0x0000022a2ad0b890,
0x0000022a2ad0dff0, 0x0000022a2ad0d960, 0x0000022a2ad0e680, 0x0000022a2ad0d2d0,
0x0000022a20f620d0
}

Java Threads: ( => current thread )
  0x00000229d79fec90 JavaThread "Reference Handler"          daemon [_thread_blocked, id=40980, stack(0x00000040d6500000,0x00000040d6600000) (1024K)]
  0x00000229d7a00400 JavaThread "Finalizer"                  daemon [_thread_blocked, id=37972, stack(0x00000040d6600000,0x00000040d6700000) (1024K)]
  0x00000229d7a03f10 JavaThread "Signal Dispatcher"          daemon [_thread_blocked, id=23272, stack(0x00000040d6700000,0x00000040d6800000) (1024K)]
  0x00000229d7a05090 JavaThread "Attach Listener"            daemon [_thread_blocked, id=28384, stack(0x00000040d6800000,0x00000040d6900000) (1024K)]
  0x00000229d7a06800 JavaThread "Service Thread"             daemon [_thread_blocked, id=6944, stack(0x00000040d6900000,0x00000040d6a00000) (1024K)]
  0x00000229da949fc0 JavaThread "Monitor Deflation Thread"   daemon [_thread_blocked, id=42420, stack(0x00000040d6a00000,0x00000040d6b00000) (1024K)]
  0x00000229d7a0cb00 JavaThread "C2 CompilerThread0"         daemon [_thread_blocked, id=18560, stack(0x00000040d6b00000,0x00000040d6c00000) (1024K)]
  0x00000229da976d60 JavaThread "C1 CompilerThread0"         daemon [_thread_blocked, id=3712, stack(0x00000040d6c00000,0x00000040d6d00000) (1024K)]
  0x00000229daaf1ab0 JavaThread "Notification Thread"        daemon [_thread_blocked, id=42144, stack(0x00000040d6f00000,0x00000040d7000000) (1024K)]
  0x00000229daaf7ea0 JavaThread "Common-Cleaner"             daemon [_thread_blocked, id=5192, stack(0x00000040d7000000,0x00000040d7100000) (1024K)]
=>0x0000022a2048a0d0 JavaThread "LWJGL Application"                 [_thread_in_native, id=26840, stack(0x00000040d6e00000,0x00000040d6f00000) (1024K)]
  0x00000229b5a5fbc0 JavaThread "DestroyJavaVM"                     [_thread_blocked, id=35980, stack(0x00000040d5d00000,0x00000040d5e00000) (1024K)]
  0x0000022a211cf320 JavaThread "AsynchExecutor-Thread"      daemon [_thread_blocked, id=20080, stack(0x00000040d7b00000,0x00000040d7c00000) (1024K)]
  0x0000022a2ac804a0 JavaThread "RxIoScheduler-1 (Evictor)"  daemon [_thread_blocked, id=36440, stack(0x00000040d8a00000,0x00000040d8b00000) (1024K)]
  0x0000022a2b09bbe0 JavaThread "RxComputationScheduler-1"   daemon [_thread_blocked, id=19416, stack(0x00000040d7d00000,0x00000040d7e00000) (1024K)]
  0x0000022a2ad0b890 JavaThread "RxIoScheduler-44"           daemon [_thread_blocked, id=33552, stack(0x00000040db400000,0x00000040db500000) (1024K)]
  0x0000022a2ad0dff0 JavaThread "LWJGL Timer"                daemon [_thread_blocked, id=42988, stack(0x00000040d7a00000,0x00000040d7b00000) (1024K)]
  0x0000022a2ad0d960 JavaThread "RxComputationScheduler-2"   daemon [_thread_blocked, id=34980, stack(0x00000040db600000,0x00000040db700000) (1024K)]
  0x0000022a2ad0e680 JavaThread "Timer"                      daemon [_thread_blocked, id=40268, stack(0x00000040d7900000,0x00000040d7a00000) (1024K)]
  0x0000022a2ad0d2d0 JavaThread "RxComputationScheduler-3"   daemon [_thread_blocked, id=14420, stack(0x00000040d5a00000,0x00000040d5b00000) (1024K)]
  0x0000022a20f620d0 JavaThread "RxComputationScheduler-4"   daemon [_thread_blocked, id=28676, stack(0x00000040d5b00000,0x00000040d5c00000) (1024K)]
Total: 21

Other Threads:
  0x00000229d79e7160 VMThread "VM Thread"                           [id=7732, stack(0x00000040d6400000,0x00000040d6500000) (1024K)]
  0x00000229da9414d0 WatcherThread "VM Periodic Task Thread"        [id=25120, stack(0x00000040d6300000,0x00000040d6400000) (1024K)]
  0x00000229d7857790 WorkerThread "GC Thread#0"                     [id=16380, stack(0x00000040d5e00000,0x00000040d5f00000) (1024K)]
  0x0000022a216d40a0 WorkerThread "GC Thread#1"                     [id=38060, stack(0x00000040d7f00000,0x00000040d8000000) (1024K)]
  0x0000022a218e5330 WorkerThread "GC Thread#2"                     [id=29164, stack(0x00000040d8000000,0x00000040d8100000) (1024K)]
  0x0000022a218e5ef0 WorkerThread "GC Thread#3"                     [id=23672, stack(0x00000040d8100000,0x00000040d8200000) (1024K)]
  0x0000022a218c3de0 WorkerThread "GC Thread#4"                     [id=41644, stack(0x00000040d8200000,0x00000040d8300000) (1024K)]
  0x0000022a21955960 WorkerThread "GC Thread#5"                     [id=36064, stack(0x00000040d8300000,0x00000040d8400000) (1024K)]
  0x0000022a21954ae0 WorkerThread "GC Thread#6"                     [id=9416, stack(0x00000040d8400000,0x00000040d8500000) (1024K)]
  0x0000022a21954e80 WorkerThread "GC Thread#7"                     [id=40132, stack(0x00000040d8500000,0x00000040d8600000) (1024K)]
  0x0000022a21955220 WorkerThread "GC Thread#8"                     [id=31088, stack(0x00000040d8600000,0x00000040d8700000) (1024K)]
  0x0000022a219555c0 WorkerThread "GC Thread#9"                     [id=1584, stack(0x00000040d8700000,0x00000040d8800000) (1024K)]
  0x0000022a21954740 WorkerThread "GC Thread#10"                    [id=18596, stack(0x00000040d8800000,0x00000040d8900000) (1024K)]
  0x0000022a21954000 WorkerThread "GC Thread#11"                    [id=25380, stack(0x00000040d8900000,0x00000040d8a00000) (1024K)]
  0x0000022a217b87d0 WorkerThread "GC Thread#12"                    [id=40536, stack(0x00000040db500000,0x00000040db600000) (1024K)]
  0x00000229d78681f0 ConcurrentGCThread "G1 Main Marker"            [id=24712, stack(0x00000040d5f00000,0x00000040d6000000) (1024K)]
  0x00000229d786aaa0 WorkerThread "G1 Conc#0"                       [id=41716, stack(0x00000040d6000000,0x00000040d6100000) (1024K)]
  0x00000229d79243b0 ConcurrentGCThread "G1 Refine#0"               [id=37380, stack(0x00000040d6100000,0x00000040d6200000) (1024K)]
  0x00000229d7924e30 ConcurrentGCThread "G1 Service"                [id=16836, stack(0x00000040d6200000,0x00000040d6300000) (1024K)]
Total: 19

Threads with active compile tasks:
Total: 0

VM state: not at safepoint (normal execution)

VM Mutex/Monitor currently owned by a thread: None

Heap address: 0x0000000604400000, size: 8124 MB, Compressed Oops mode: Zero based, Oop shift amount: 3

CDS archive(s) mapped at: [0x00000229db000000-0x00000229dbc80000-0x00000229dbc80000), size 13107200, SharedBaseAddress: 0x00000229db000000, ArchiveRelocationMode: 1.
Compressed class space mapped at: 0x00000229dc000000-0x0000022a1c000000, reserved size: 1073741824
Narrow klass base: 0x00000229db000000, Narrow klass shift: 0, Narrow klass range: 0x100000000

GC Precious Log:
 CardTable entry size: 512
 Card Set container configuration: InlinePtr #cards 4 size 8 Array Of Cards #cards 32 size 80 Howl #buckets 8 coarsen threshold 7372 Howl Bitmap #cards 1024 size 144 coarsen threshold 921 Card regions per heap region 1 cards per card region 8192
 CPUs: 16 total, 16 available
 Memory: 32490M
 Large Page Support: Disabled
 NUMA Support: Disabled
 Compressed Oops: Enabled (Zero based)
 Heap Region Size: 4M
 Heap Min Capacity: 8M
 Heap Initial Capacity: 508M
 Heap Max Capacity: 8124M
 Pre-touch: Disabled
 Parallel Workers: 13
 Concurrent Workers: 3
 Concurrent Refinement Workers: 13
 Periodic GC: Disabled

Heap:
 garbage-first heap   total 520192K, used 108469K [0x0000000604400000, 0x0000000800000000)
  region size 4096K, 25 young (102400K), 2 survivors (8192K)
 Metaspace       used 20523K, committed 20928K, reserved 1114112K
  class space    used 2753K, committed 2944K, reserved 1048576K

Heap Regions: E=young(eden), S=young(survivor), O=old, HS=humongous(starts), HC=humongous(continues), CS=collection set, F=free, TAMS=top-at-mark-start, PB=parsable bottom
|   0|0x0000000604400000, 0x0000000604800000, 0x0000000604800000|100%| O|  |TAMS 0x0000000604400000| PB 0x0000000604400000| Untracked 
|   1|0x0000000604800000, 0x0000000604c00000, 0x0000000604c00000|100%|HS|  |TAMS 0x0000000604800000| PB 0x0000000604800000| Complete 
|   2|0x0000000604c00000, 0x0000000605000000, 0x0000000605000000|100%|HS|  |TAMS 0x0000000604c00000| PB 0x0000000604c00000| Complete 
|   3|0x0000000605000000, 0x00000006050df080, 0x0000000605400000| 21%| O|  |TAMS 0x0000000605000000| PB 0x0000000605000000| Untracked 
|   4|0x0000000605400000, 0x0000000605400000, 0x0000000605800000|  0%| F|  |TAMS 0x0000000605400000| PB 0x0000000605400000| Untracked 
|   5|0x0000000605800000, 0x0000000605800000, 0x0000000605c00000|  0%| F|  |TAMS 0x0000000605800000| PB 0x0000000605800000| Untracked 
|   6|0x0000000605c00000, 0x0000000605c00000, 0x0000000606000000|  0%| F|  |TAMS 0x0000000605c00000| PB 0x0000000605c00000| Untracked 
|   7|0x0000000606000000, 0x0000000606000000, 0x0000000606400000|  0%| F|  |TAMS 0x0000000606000000| PB 0x0000000606000000| Untracked 
|   8|0x0000000606400000, 0x0000000606400000, 0x0000000606800000|  0%| F|  |TAMS 0x0000000606400000| PB 0x0000000606400000| Untracked 
|   9|0x0000000606800000, 0x0000000606800000, 0x0000000606c00000|  0%| F|  |TAMS 0x0000000606800000| PB 0x0000000606800000| Untracked 
|  10|0x0000000606c00000, 0x0000000606c00000, 0x0000000607000000|  0%| F|  |TAMS 0x0000000606c00000| PB 0x0000000606c00000| Untracked 
|  11|0x0000000607000000, 0x0000000607000000, 0x0000000607400000|  0%| F|  |TAMS 0x0000000607000000| PB 0x0000000607000000| Untracked 
|  12|0x0000000607400000, 0x0000000607400000, 0x0000000607800000|  0%| F|  |TAMS 0x0000000607400000| PB 0x0000000607400000| Untracked 
|  13|0x0000000607800000, 0x0000000607800000, 0x0000000607c00000|  0%| F|  |TAMS 0x0000000607800000| PB 0x0000000607800000| Untracked 
|  14|0x0000000607c00000, 0x0000000607c00000, 0x0000000608000000|  0%| F|  |TAMS 0x0000000607c00000| PB 0x0000000607c00000| Untracked 
|  15|0x0000000608000000, 0x0000000608000000, 0x0000000608400000|  0%| F|  |TAMS 0x0000000608000000| PB 0x0000000608000000| Untracked 
|  16|0x0000000608400000, 0x0000000608400000, 0x0000000608800000|  0%| F|  |TAMS 0x0000000608400000| PB 0x0000000608400000| Untracked 
|  17|0x0000000608800000, 0x0000000608800000, 0x0000000608c00000|  0%| F|  |TAMS 0x0000000608800000| PB 0x0000000608800000| Untracked 
|  18|0x0000000608c00000, 0x0000000608c00000, 0x0000000609000000|  0%| F|  |TAMS 0x0000000608c00000| PB 0x0000000608c00000| Untracked 
|  19|0x0000000609000000, 0x0000000609000000, 0x0000000609400000|  0%| F|  |TAMS 0x0000000609000000| PB 0x0000000609000000| Untracked 
|  20|0x0000000609400000, 0x0000000609400000, 0x0000000609800000|  0%| F|  |TAMS 0x0000000609400000| PB 0x0000000609400000| Untracked 
|  21|0x0000000609800000, 0x0000000609800000, 0x0000000609c00000|  0%| F|  |TAMS 0x0000000609800000| PB 0x0000000609800000| Untracked 
|  22|0x0000000609c00000, 0x0000000609c00000, 0x000000060a000000|  0%| F|  |TAMS 0x0000000609c00000| PB 0x0000000609c00000| Untracked 
|  23|0x000000060a000000, 0x000000060a000000, 0x000000060a400000|  0%| F|  |TAMS 0x000000060a000000| PB 0x000000060a000000| Untracked 
|  24|0x000000060a400000, 0x000000060a400000, 0x000000060a800000|  0%| F|  |TAMS 0x000000060a400000| PB 0x000000060a400000| Untracked 
|  25|0x000000060a800000, 0x000000060a800000, 0x000000060ac00000|  0%| F|  |TAMS 0x000000060a800000| PB 0x000000060a800000| Untracked 
|  26|0x000000060ac00000, 0x000000060ac00000, 0x000000060b000000|  0%| F|  |TAMS 0x000000060ac00000| PB 0x000000060ac00000| Untracked 
|  27|0x000000060b000000, 0x000000060b000000, 0x000000060b400000|  0%| F|  |TAMS 0x000000060b000000| PB 0x000000060b000000| Untracked 
|  28|0x000000060b400000, 0x000000060b400000, 0x000000060b800000|  0%| F|  |TAMS 0x000000060b400000| PB 0x000000060b400000| Untracked 
|  29|0x000000060b800000, 0x000000060b800000, 0x000000060bc00000|  0%| F|  |TAMS 0x000000060b800000| PB 0x000000060b800000| Untracked 
|  30|0x000000060bc00000, 0x000000060bc00000, 0x000000060c000000|  0%| F|  |TAMS 0x000000060bc00000| PB 0x000000060bc00000| Untracked 
|  31|0x000000060c000000, 0x000000060c000000, 0x000000060c400000|  0%| F|  |TAMS 0x000000060c000000| PB 0x000000060c000000| Untracked 
|  32|0x000000060c400000, 0x000000060c400000, 0x000000060c800000|  0%| F|  |TAMS 0x000000060c400000| PB 0x000000060c400000| Untracked 
|  33|0x000000060c800000, 0x000000060c800000, 0x000000060cc00000|  0%| F|  |TAMS 0x000000060c800000| PB 0x000000060c800000| Untracked 
|  34|0x000000060cc00000, 0x000000060cc00000, 0x000000060d000000|  0%| F|  |TAMS 0x000000060cc00000| PB 0x000000060cc00000| Untracked 
|  35|0x000000060d000000, 0x000000060d000000, 0x000000060d400000|  0%| F|  |TAMS 0x000000060d000000| PB 0x000000060d000000| Untracked 
|  36|0x000000060d400000, 0x000000060d400000, 0x000000060d800000|  0%| F|  |TAMS 0x000000060d400000| PB 0x000000060d400000| Untracked 
|  37|0x000000060d800000, 0x000000060d800000, 0x000000060dc00000|  0%| F|  |TAMS 0x000000060d800000| PB 0x000000060d800000| Untracked 
|  38|0x000000060dc00000, 0x000000060dc00000, 0x000000060e000000|  0%| F|  |TAMS 0x000000060dc00000| PB 0x000000060dc00000| Untracked 
|  39|0x000000060e000000, 0x000000060e000000, 0x000000060e400000|  0%| F|  |TAMS 0x000000060e000000| PB 0x000000060e000000| Untracked 
|  40|0x000000060e400000, 0x000000060e400000, 0x000000060e800000|  0%| F|  |TAMS 0x000000060e400000| PB 0x000000060e400000| Untracked 
|  41|0x000000060e800000, 0x000000060e800000, 0x000000060ec00000|  0%| F|  |TAMS 0x000000060e800000| PB 0x000000060e800000| Untracked 
|  42|0x000000060ec00000, 0x000000060ec00000, 0x000000060f000000|  0%| F|  |TAMS 0x000000060ec00000| PB 0x000000060ec00000| Untracked 
|  43|0x000000060f000000, 0x000000060f000000, 0x000000060f400000|  0%| F|  |TAMS 0x000000060f000000| PB 0x000000060f000000| Untracked 
|  44|0x000000060f400000, 0x000000060f400000, 0x000000060f800000|  0%| F|  |TAMS 0x000000060f400000| PB 0x000000060f400000| Untracked 
|  45|0x000000060f800000, 0x000000060f800000, 0x000000060fc00000|  0%| F|  |TAMS 0x000000060f800000| PB 0x000000060f800000| Untracked 
|  46|0x000000060fc00000, 0x000000060fc00000, 0x0000000610000000|  0%| F|  |TAMS 0x000000060fc00000| PB 0x000000060fc00000| Untracked 
|  47|0x0000000610000000, 0x0000000610000000, 0x0000000610400000|  0%| F|  |TAMS 0x0000000610000000| PB 0x0000000610000000| Untracked 
|  48|0x0000000610400000, 0x0000000610400000, 0x0000000610800000|  0%| F|  |TAMS 0x0000000610400000| PB 0x0000000610400000| Untracked 
|  49|0x0000000610800000, 0x0000000610800000, 0x0000000610c00000|  0%| F|  |TAMS 0x0000000610800000| PB 0x0000000610800000| Untracked 
|  50|0x0000000610c00000, 0x0000000610c00000, 0x0000000611000000|  0%| F|  |TAMS 0x0000000610c00000| PB 0x0000000610c00000| Untracked 
|  51|0x0000000611000000, 0x0000000611000000, 0x0000000611400000|  0%| F|  |TAMS 0x0000000611000000| PB 0x0000000611000000| Untracked 
|  52|0x0000000611400000, 0x0000000611400000, 0x0000000611800000|  0%| F|  |TAMS 0x0000000611400000| PB 0x0000000611400000| Untracked 
|  53|0x0000000611800000, 0x0000000611800000, 0x0000000611c00000|  0%| F|  |TAMS 0x0000000611800000| PB 0x0000000611800000| Untracked 
|  54|0x0000000611c00000, 0x0000000611c00000, 0x0000000612000000|  0%| F|  |TAMS 0x0000000611c00000| PB 0x0000000611c00000| Untracked 
|  55|0x0000000612000000, 0x0000000612000000, 0x0000000612400000|  0%| F|  |TAMS 0x0000000612000000| PB 0x0000000612000000| Untracked 
|  56|0x0000000612400000, 0x0000000612400000, 0x0000000612800000|  0%| F|  |TAMS 0x0000000612400000| PB 0x0000000612400000| Untracked 
|  57|0x0000000612800000, 0x0000000612800000, 0x0000000612c00000|  0%| F|  |TAMS 0x0000000612800000| PB 0x0000000612800000| Untracked 
|  58|0x0000000612c00000, 0x0000000612c00000, 0x0000000613000000|  0%| F|  |TAMS 0x0000000612c00000| PB 0x0000000612c00000| Untracked 
|  59|0x0000000613000000, 0x0000000613000000, 0x0000000613400000|  0%| F|  |TAMS 0x0000000613000000| PB 0x0000000613000000| Untracked 
|  60|0x0000000613400000, 0x0000000613400000, 0x0000000613800000|  0%| F|  |TAMS 0x0000000613400000| PB 0x0000000613400000| Untracked 
|  61|0x0000000613800000, 0x0000000613800000, 0x0000000613c00000|  0%| F|  |TAMS 0x0000000613800000| PB 0x0000000613800000| Untracked 
|  62|0x0000000613c00000, 0x0000000613c00000, 0x0000000614000000|  0%| F|  |TAMS 0x0000000613c00000| PB 0x0000000613c00000| Untracked 
|  63|0x0000000614000000, 0x0000000614000000, 0x0000000614400000|  0%| F|  |TAMS 0x0000000614000000| PB 0x0000000614000000| Untracked 
|  64|0x0000000614400000, 0x0000000614400000, 0x0000000614800000|  0%| F|  |TAMS 0x0000000614400000| PB 0x0000000614400000| Untracked 
|  65|0x0000000614800000, 0x0000000614800000, 0x0000000614c00000|  0%| F|  |TAMS 0x0000000614800000| PB 0x0000000614800000| Untracked 
|  66|0x0000000614c00000, 0x0000000614c00000, 0x0000000615000000|  0%| F|  |TAMS 0x0000000614c00000| PB 0x0000000614c00000| Untracked 
|  67|0x0000000615000000, 0x0000000615000000, 0x0000000615400000|  0%| F|  |TAMS 0x0000000615000000| PB 0x0000000615000000| Untracked 
|  68|0x0000000615400000, 0x0000000615400000, 0x0000000615800000|  0%| F|  |TAMS 0x0000000615400000| PB 0x0000000615400000| Untracked 
|  69|0x0000000615800000, 0x0000000615800000, 0x0000000615c00000|  0%| F|  |TAMS 0x0000000615800000| PB 0x0000000615800000| Untracked 
|  70|0x0000000615c00000, 0x0000000615c00000, 0x0000000616000000|  0%| F|  |TAMS 0x0000000615c00000| PB 0x0000000615c00000| Untracked 
|  71|0x0000000616000000, 0x0000000616000000, 0x0000000616400000|  0%| F|  |TAMS 0x0000000616000000| PB 0x0000000616000000| Untracked 
|  72|0x0000000616400000, 0x0000000616400000, 0x0000000616800000|  0%| F|  |TAMS 0x0000000616400000| PB 0x0000000616400000| Untracked 
|  73|0x0000000616800000, 0x0000000616800000, 0x0000000616c00000|  0%| F|  |TAMS 0x0000000616800000| PB 0x0000000616800000| Untracked 
|  74|0x0000000616c00000, 0x0000000616c00000, 0x0000000617000000|  0%| F|  |TAMS 0x0000000616c00000| PB 0x0000000616c00000| Untracked 
|  75|0x0000000617000000, 0x0000000617000000, 0x0000000617400000|  0%| F|  |TAMS 0x0000000617000000| PB 0x0000000617000000| Untracked 
|  76|0x0000000617400000, 0x0000000617400000, 0x0000000617800000|  0%| F|  |TAMS 0x0000000617400000| PB 0x0000000617400000| Untracked 
|  77|0x0000000617800000, 0x0000000617800000, 0x0000000617c00000|  0%| F|  |TAMS 0x0000000617800000| PB 0x0000000617800000| Untracked 
|  78|0x0000000617c00000, 0x0000000617c00000, 0x0000000618000000|  0%| F|  |TAMS 0x0000000617c00000| PB 0x0000000617c00000| Untracked 
|  79|0x0000000618000000, 0x0000000618000000, 0x0000000618400000|  0%| F|  |TAMS 0x0000000618000000| PB 0x0000000618000000| Untracked 
|  80|0x0000000618400000, 0x0000000618400000, 0x0000000618800000|  0%| F|  |TAMS 0x0000000618400000| PB 0x0000000618400000| Untracked 
|  81|0x0000000618800000, 0x0000000618800000, 0x0000000618c00000|  0%| F|  |TAMS 0x0000000618800000| PB 0x0000000618800000| Untracked 
|  82|0x0000000618c00000, 0x0000000618c00000, 0x0000000619000000|  0%| F|  |TAMS 0x0000000618c00000| PB 0x0000000618c00000| Untracked 
|  83|0x0000000619000000, 0x0000000619000000, 0x0000000619400000|  0%| F|  |TAMS 0x0000000619000000| PB 0x0000000619000000| Untracked 
|  84|0x0000000619400000, 0x0000000619400000, 0x0000000619800000|  0%| F|  |TAMS 0x0000000619400000| PB 0x0000000619400000| Untracked 
|  85|0x0000000619800000, 0x0000000619800000, 0x0000000619c00000|  0%| F|  |TAMS 0x0000000619800000| PB 0x0000000619800000| Untracked 
|  86|0x0000000619c00000, 0x0000000619c00000, 0x000000061a000000|  0%| F|  |TAMS 0x0000000619c00000| PB 0x0000000619c00000| Untracked 
|  87|0x000000061a000000, 0x000000061a000000, 0x000000061a400000|  0%| F|  |TAMS 0x000000061a000000| PB 0x000000061a000000| Untracked 
|  88|0x000000061a400000, 0x000000061a400000, 0x000000061a800000|  0%| F|  |TAMS 0x000000061a400000| PB 0x000000061a400000| Untracked 
|  89|0x000000061a800000, 0x000000061a800000, 0x000000061ac00000|  0%| F|  |TAMS 0x000000061a800000| PB 0x000000061a800000| Untracked 
|  90|0x000000061ac00000, 0x000000061ac00000, 0x000000061b000000|  0%| F|  |TAMS 0x000000061ac00000| PB 0x000000061ac00000| Untracked 
|  91|0x000000061b000000, 0x000000061b000000, 0x000000061b400000|  0%| F|  |TAMS 0x000000061b000000| PB 0x000000061b000000| Untracked 
|  92|0x000000061b400000, 0x000000061b400000, 0x000000061b800000|  0%| F|  |TAMS 0x000000061b400000| PB 0x000000061b400000| Untracked 
|  93|0x000000061b800000, 0x000000061b800000, 0x000000061bc00000|  0%| F|  |TAMS 0x000000061b800000| PB 0x000000061b800000| Untracked 
|  94|0x000000061bc00000, 0x000000061bc00000, 0x000000061c000000|  0%| F|  |TAMS 0x000000061bc00000| PB 0x000000061bc00000| Untracked 
|  95|0x000000061c000000, 0x000000061c000000, 0x000000061c400000|  0%| F|  |TAMS 0x000000061c000000| PB 0x000000061c000000| Untracked 
|  96|0x000000061c400000, 0x000000061c400000, 0x000000061c800000|  0%| F|  |TAMS 0x000000061c400000| PB 0x000000061c400000| Untracked 
|  97|0x000000061c800000, 0x000000061c800000, 0x000000061cc00000|  0%| F|  |TAMS 0x000000061c800000| PB 0x000000061c800000| Untracked 
|  98|0x000000061cc00000, 0x000000061cc00000, 0x000000061d000000|  0%| F|  |TAMS 0x000000061cc00000| PB 0x000000061cc00000| Untracked 
|  99|0x000000061d000000, 0x000000061d000000, 0x000000061d400000|  0%| F|  |TAMS 0x000000061d000000| PB 0x000000061d000000| Untracked 
| 100|0x000000061d400000, 0x000000061d400000, 0x000000061d800000|  0%| F|  |TAMS 0x000000061d400000| PB 0x000000061d400000| Untracked 
| 101|0x000000061d800000, 0x000000061d800000, 0x000000061dc00000|  0%| F|  |TAMS 0x000000061d800000| PB 0x000000061d800000| Untracked 
| 102|0x000000061dc00000, 0x000000061dcc0860, 0x000000061e000000| 18%| E|  |TAMS 0x000000061dc00000| PB 0x000000061dc00000| Complete 
| 103|0x000000061e000000, 0x000000061e400000, 0x000000061e400000|100%| E|CS|TAMS 0x000000061e000000| PB 0x000000061e000000| Complete 
| 104|0x000000061e400000, 0x000000061e800000, 0x000000061e800000|100%| E|CS|TAMS 0x000000061e400000| PB 0x000000061e400000| Complete 
| 105|0x000000061e800000, 0x000000061e90e558, 0x000000061ec00000| 26%| S|CS|TAMS 0x000000061e800000| PB 0x000000061e800000| Complete 
| 106|0x000000061ec00000, 0x000000061f000000, 0x000000061f000000|100%| S|CS|TAMS 0x000000061ec00000| PB 0x000000061ec00000| Complete 
| 107|0x000000061f000000, 0x000000061f400000, 0x000000061f400000|100%| E|CS|TAMS 0x000000061f000000| PB 0x000000061f000000| Complete 
| 108|0x000000061f400000, 0x000000061f800000, 0x000000061f800000|100%| E|CS|TAMS 0x000000061f400000| PB 0x000000061f400000| Complete 
| 109|0x000000061f800000, 0x000000061fc00000, 0x000000061fc00000|100%| E|CS|TAMS 0x000000061f800000| PB 0x000000061f800000| Complete 
| 110|0x000000061fc00000, 0x0000000620000000, 0x0000000620000000|100%| E|CS|TAMS 0x000000061fc00000| PB 0x000000061fc00000| Complete 
| 111|0x0000000620000000, 0x0000000620400000, 0x0000000620400000|100%| E|CS|TAMS 0x0000000620000000| PB 0x0000000620000000| Complete 
| 112|0x0000000620400000, 0x0000000620800000, 0x0000000620800000|100%| E|CS|TAMS 0x0000000620400000| PB 0x0000000620400000| Complete 
| 113|0x0000000620800000, 0x0000000620c00000, 0x0000000620c00000|100%| E|CS|TAMS 0x0000000620800000| PB 0x0000000620800000| Complete 
| 114|0x0000000620c00000, 0x0000000621000000, 0x0000000621000000|100%| E|CS|TAMS 0x0000000620c00000| PB 0x0000000620c00000| Complete 
| 115|0x0000000621000000, 0x0000000621400000, 0x0000000621400000|100%| E|CS|TAMS 0x0000000621000000| PB 0x0000000621000000| Complete 
| 116|0x0000000621400000, 0x0000000621800000, 0x0000000621800000|100%| E|CS|TAMS 0x0000000621400000| PB 0x0000000621400000| Complete 
| 117|0x0000000621800000, 0x0000000621c00000, 0x0000000621c00000|100%| E|CS|TAMS 0x0000000621800000| PB 0x0000000621800000| Complete 
| 118|0x0000000621c00000, 0x0000000622000000, 0x0000000622000000|100%| E|CS|TAMS 0x0000000621c00000| PB 0x0000000621c00000| Complete 
| 119|0x0000000622000000, 0x0000000622400000, 0x0000000622400000|100%| E|CS|TAMS 0x0000000622000000| PB 0x0000000622000000| Complete 
| 120|0x0000000622400000, 0x0000000622800000, 0x0000000622800000|100%| E|CS|TAMS 0x0000000622400000| PB 0x0000000622400000| Complete 
| 121|0x0000000622800000, 0x0000000622c00000, 0x0000000622c00000|100%| E|CS|TAMS 0x0000000622800000| PB 0x0000000622800000| Complete 
| 122|0x0000000622c00000, 0x0000000623000000, 0x0000000623000000|100%| E|CS|TAMS 0x0000000622c00000| PB 0x0000000622c00000| Complete 
| 123|0x0000000623000000, 0x0000000623400000, 0x0000000623400000|100%| E|CS|TAMS 0x0000000623000000| PB 0x0000000623000000| Complete 
| 124|0x0000000623400000, 0x0000000623800000, 0x0000000623800000|100%| E|CS|TAMS 0x0000000623400000| PB 0x0000000623400000| Complete 
| 125|0x0000000623800000, 0x0000000623c00000, 0x0000000623c00000|100%| E|CS|TAMS 0x0000000623800000| PB 0x0000000623800000| Complete 
| 126|0x0000000623c00000, 0x0000000624000000, 0x0000000624000000|100%| E|CS|TAMS 0x0000000623c00000| PB 0x0000000623c00000| Complete 

Card table byte_map: [0x00000229ce940000,0x00000229cf920000] _byte_map_base: 0x00000229cb91e000

Marking Bits: (CMBitMap*) 0x00000229d7857b40
 Bits: [0x00000229cf920000, 0x00000229d7810000)

Polling page: 0x00000229b51c0000

Metaspace:

Usage:
  Non-class:     17.35 MB used.
      Class:      2.69 MB used.
       Both:     20.04 MB used.

Virtual space:
  Non-class space:       64.00 MB reserved,      17.56 MB ( 27%) committed,  1 nodes.
      Class space:        1.00 GB reserved,       2.88 MB ( <1%) committed,  1 nodes.
             Both:        1.06 GB reserved,      20.44 MB (  2%) committed. 

Chunk freelists:
   Non-Class:  14.02 MB
       Class:  12.97 MB
        Both:  26.98 MB

MaxMetaspaceSize: unlimited
CompressedClassSpaceSize: 1.00 GB
Initial GC threshold: 21.00 MB
Current GC threshold: 21.00 MB
CDS: on
 - commit_granule_bytes: 65536.
 - commit_granule_words: 8192.
 - virtual_space_node_default_size: 8388608.
 - enlarge_chunks_in_place: 1.
 - use_allocation_guard: 0.


Internal statistics:

num_allocs_failed_limit: 0.
num_arena_births: 388.
num_arena_deaths: 0.
num_vsnodes_births: 2.
num_vsnodes_deaths: 0.
num_space_committed: 325.
num_space_uncommitted: 0.
num_chunks_returned_to_freelist: 0.
num_chunks_taken_from_freelist: 1092.
num_chunk_merges: 0.
num_chunk_splits: 747.
num_chunks_enlarged: 582.
num_inconsistent_stats: 0.

CodeHeap 'non-profiled nmethods': size=119168Kb used=4003Kb max_used=4003Kb free=115164Kb
 bounds [0x00000229c5c80000, 0x00000229c6070000, 0x00000229cd0e0000]
CodeHeap 'profiled nmethods': size=119104Kb used=9862Kb max_used=9862Kb free=109241Kb
 bounds [0x00000229be0e0000, 0x00000229bea90000, 0x00000229c5530000]
CodeHeap 'non-nmethods': size=7488Kb used=1866Kb max_used=3498Kb free=5621Kb
 bounds [0x00000229c5530000, 0x00000229c5950000, 0x00000229c5c80000]
 total_blobs=5722 nmethods=5013 adapters=612
 compilation: enabled
              stopped_count=0, restarted_count=0
 full_count=0

Compilation events (20 events):
Event: 472.071 Thread 0x00000229da976d60 5005   !   3       java.util.regex.Matcher::appendExpandedReplacement (508 bytes)
Event: 472.074 Thread 0x00000229da976d60 nmethod 5005 0x00000229bea75c10 code [0x00000229bea76480, 0x00000229bea7b298]
Event: 472.074 Thread 0x00000229da976d60 5004   !   3       java.util.regex.Matcher::appendReplacement (65 bytes)
Event: 472.075 Thread 0x00000229da976d60 nmethod 5004 0x00000229bea7da90 code [0x00000229bea7dca0, 0x00000229bea7e268]
Event: 475.969 Thread 0x00000229d7a0cb00 5006       4       com.kotcrab.vis.ui.widget.Separator::draw (59 bytes)
Event: 475.972 Thread 0x00000229d7a0cb00 nmethod 5006 0x00000229c6061c90 code [0x00000229c6061ec0, 0x00000229c60625e8]
Event: 475.986 Thread 0x00000229da976d60 5007       3       com.badlogic.gdx.scenes.scene2d.Stage::addTouchFocus (52 bytes)
Event: 475.986 Thread 0x00000229da976d60 nmethod 5007 0x00000229bea7e510 code [0x00000229bea7e720, 0x00000229bea7ef08]
Event: 476.202 Thread 0x00000229da976d60 5009       3       rx.subjects.PublishSubject$PublishSubjectState::onNext (39 bytes)
Event: 476.202 Thread 0x00000229da976d60 nmethod 5009 0x00000229bea7f190 code [0x00000229bea7f360, 0x00000229bea7f690]
Event: 476.202 Thread 0x00000229da976d60 5008       3       rx.subjects.PublishSubject::onNext (9 bytes)
Event: 476.202 Thread 0x00000229da976d60 nmethod 5008 0x00000229bea7f810 code [0x00000229bea7f9c0, 0x00000229bea7fb08]
Event: 476.202 Thread 0x00000229da976d60 5010       3       com.badlogic.gdx.scenes.scene2d.Stage$TouchFocus::reset (16 bytes)
Event: 476.202 Thread 0x00000229da976d60 nmethod 5010 0x00000229bea7fc10 code [0x00000229bea7fdc0, 0x00000229bea7ff50]
Event: 478.720 Thread 0x00000229da976d60 5011       3       sk.sivak.eldritchhorror.core.view.assetmanager.CustomAssetManager::getBitmapFontNew (86 bytes)
Event: 478.721 Thread 0x00000229da976d60 nmethod 5011 0x00000229bea80010 code [0x00000229bea802e0, 0x00000229bea81418]
Event: 479.269 Thread 0x00000229d7a0cb00 5012       4       sk.sivak.eldritchhorror.core.view.map.monster.MonsterImage::draw (201 bytes)
Event: 479.328 Thread 0x00000229d7a0cb00 nmethod 5012 0x00000229c6062b10 code [0x00000229c6063040, 0x00000229c6065f70]
Event: 522.384 Thread 0x00000229d7a0cb00 5013       4       com.badlogic.gdx.scenes.scene2d.actions.RunnableAction::reset (10 bytes)
Event: 522.385 Thread 0x00000229d7a0cb00 nmethod 5013 0x00000229c6068710 code [0x00000229c60688a0, 0x00000229c6068aa0]

GC Heap History (6 events):
Event: 6.746 GC heap before
{Heap before GC invocations=0 (full 0):
 garbage-first heap   total 520192K, used 24576K [0x0000000604400000, 0x0000000800000000)
  region size 4096K, 6 young (24576K), 0 survivors (0K)
 Metaspace       used 6125K, committed 6272K, reserved 1114112K
  class space    used 497K, committed 576K, reserved 1048576K
}
Event: 6.749 GC heap after
{Heap after GC invocations=1 (full 0):
 garbage-first heap   total 520192K, used 4963K [0x0000000604400000, 0x0000000800000000)
  region size 4096K, 1 young (4096K), 1 survivors (4096K)
 Metaspace       used 6125K, committed 6272K, reserved 1114112K
  class space    used 497K, committed 576K, reserved 1048576K
}
Event: 7.364 GC heap before
{Heap before GC invocations=1 (full 0):
 garbage-first heap   total 520192K, used 33635K [0x0000000604400000, 0x0000000800000000)
  region size 4096K, 7 young (28672K), 1 survivors (4096K)
 Metaspace       used 11263K, committed 11456K, reserved 1114112K
  class space    used 1146K, committed 1216K, reserved 1048576K
}
Event: 7.366 GC heap after
{Heap after GC invocations=2 (full 0):
 garbage-first heap   total 520192K, used 7141K [0x0000000604400000, 0x0000000800000000)
  region size 4096K, 1 young (4096K), 1 survivors (4096K)
 Metaspace       used 11263K, committed 11456K, reserved 1114112K
  class space    used 1146K, committed 1216K, reserved 1048576K
}
Event: 19.340 GC heap before
{Heap before GC invocations=2 (full 0):
 garbage-first heap   total 520192K, used 84965K [0x0000000604400000, 0x0000000800000000)
  region size 4096K, 20 young (81920K), 1 survivors (4096K)
 Metaspace       used 16237K, committed 16512K, reserved 1114112K
  class space    used 1988K, committed 2112K, reserved 1048576K
}
Event: 19.345 GC heap after
{Heap after GC invocations=3 (full 0):
 garbage-first heap   total 520192K, used 10165K [0x0000000604400000, 0x0000000800000000)
  region size 4096K, 2 young (8192K), 2 survivors (8192K)
 Metaspace       used 16237K, committed 16512K, reserved 1114112K
  class space    used 1988K, committed 2112K, reserved 1048576K
}

Dll operation events (10 events):
Event: 0.023 Loaded shared library C:\Users\matus.sivak\.jdks\corretto-21.0.6\bin\java.dll
Event: 0.066 Loaded shared library C:\Users\matus.sivak\.jdks\corretto-21.0.6\bin\jsvml.dll
Event: 0.179 Loaded shared library C:\Users\matus.sivak\.jdks\corretto-21.0.6\bin\net.dll
Event: 0.182 Loaded shared library C:\Users\matus.sivak\.jdks\corretto-21.0.6\bin\nio.dll
Event: 0.333 Loaded shared library C:\Users\matus.sivak\.jdks\corretto-21.0.6\bin\zip.dll
Event: 5.093 Loaded shared library C:\Users\matus.sivak\.jdks\corretto-21.0.6\bin\jimage.dll
Event: 5.108 Loaded shared library C:\Users\matus.sivak\AppData\Local\Temp\libgdxmatus.sivak\12dfaa03\gdx64.dll
Event: 5.220 Loaded shared library C:\Users\matus.sivak\.jdks\corretto-21.0.6\bin\verify.dll
Event: 5.233 Loaded shared library C:\Users\matus.sivak\AppData\Local\Temp\libgdxmatus.sivak\dc0f0009\lwjgl64.dll
Event: 6.601 Loaded shared library C:\Users\matus.sivak\AppData\Local\Temp\libgdxmatus.sivak\a04a55a\gdx-freetype64.dll

Deoptimization events (20 events):
Event: 469.856 Thread 0x0000022a2048a0d0 Uncommon trap: trap_request=0xffffff45 fr.pc=0x00000229c5dffdd4 relative=0x0000000000000674
Event: 469.856 Thread 0x0000022a2048a0d0 Uncommon trap: reason=unstable_if action=reinterpret pc=0x00000229c5dffdd4 method=com.badlogic.gdx.graphics.g2d.SpriteBatch.draw(Lcom/badlogic/gdx/graphics/g2d/TextureRegion;FFFFFFFFF)V @ 108 c2
Event: 469.856 Thread 0x0000022a2048a0d0 DEOPT PACKING pc=0x00000229c5dffdd4 sp=0x00000040d6efed40
Event: 469.856 Thread 0x0000022a2048a0d0 DEOPT UNPACKING pc=0x00000229c5587da2 sp=0x00000040d6efebf8 mode 2
Event: 469.856 Thread 0x0000022a2048a0d0 Uncommon trap: trap_request=0xffffff45 fr.pc=0x00000229c5ecb698 relative=0x00000000000007f8
Event: 469.856 Thread 0x0000022a2048a0d0 Uncommon trap: reason=unstable_if action=reinterpret pc=0x00000229c5ecb698 method=com.badlogic.gdx.scenes.scene2d.ui.Image.draw(Lcom/badlogic/gdx/graphics/g2d/Batch;F)V @ 84 c2
Event: 469.856 Thread 0x0000022a2048a0d0 DEOPT PACKING pc=0x00000229c5ecb698 sp=0x00000040d6efee80
Event: 469.856 Thread 0x0000022a2048a0d0 DEOPT UNPACKING pc=0x00000229c5587da2 sp=0x00000040d6efee40 mode 2
Event: 591.173 Thread 0x0000022a2048a0d0 Uncommon trap: trap_request=0xffffff45 fr.pc=0x00000229c5f342e0 relative=0x00000000000002c0
Event: 591.173 Thread 0x0000022a2048a0d0 Uncommon trap: reason=unstable_if action=reinterpret pc=0x00000229c5f342e0 method=com.badlogic.gdx.backends.lwjgl.audio.OpenALMusic.update()V @ 157 c2
Event: 591.173 Thread 0x0000022a2048a0d0 DEOPT PACKING pc=0x00000229c5f342e0 sp=0x00000040d6eff2e0
Event: 591.173 Thread 0x0000022a2048a0d0 DEOPT UNPACKING pc=0x00000229c5587da2 sp=0x00000040d6eff208 mode 2
Event: 591.176 Thread 0x0000022a2048a0d0 Uncommon trap: trap_request=0xffffff45 fr.pc=0x00000229c5ee2b7c relative=0x00000000000001fc
Event: 591.176 Thread 0x0000022a2048a0d0 Uncommon trap: reason=unstable_if action=reinterpret pc=0x00000229c5ee2b7c method=com.badlogic.gdx.backends.lwjgl.audio.OpenALMusic.update()V @ 157 c2
Event: 591.176 Thread 0x0000022a2048a0d0 DEOPT PACKING pc=0x00000229c5ee2b7c sp=0x00000040d6eff270
Event: 591.177 Thread 0x0000022a2048a0d0 DEOPT UNPACKING pc=0x00000229c5587da2 sp=0x00000040d6eff200 mode 2
Event: 591.192 Thread 0x0000022a2048a0d0 Uncommon trap: trap_request=0xffffff45 fr.pc=0x00000229c5f2cf70 relative=0x0000000000000ad0
Event: 591.192 Thread 0x0000022a2048a0d0 Uncommon trap: reason=unstable_if action=reinterpret pc=0x00000229c5f2cf70 method=org.lwjgl.opengl.WindowsDisplay.wasResized()Z @ 4 c2
Event: 591.192 Thread 0x0000022a2048a0d0 DEOPT PACKING pc=0x00000229c5f2cf70 sp=0x00000040d6eff280
Event: 591.192 Thread 0x0000022a2048a0d0 DEOPT UNPACKING pc=0x00000229c5587da2 sp=0x00000040d6eff208 mode 2

Classes loaded (20 events):
Event: 15.961 Loading class java/text/MessageFormat$Field
Event: 15.961 Loading class java/text/MessageFormat$Field done
Event: 23.724 Loading class java/util/regex/Pattern$SliceI
Event: 23.724 Loading class java/util/regex/Pattern$SliceI done
Event: 31.717 Loading class java/lang/Math$RandomNumberGeneratorHolder
Event: 31.717 Loading class java/lang/Math$RandomNumberGeneratorHolder done
Event: 37.418 Loading class java/util/ArrayList$SubList$1
Event: 37.418 Loading class java/util/ArrayList$SubList$1 done
Event: 66.959 Loading class java/util/concurrent/ConcurrentLinkedQueue$Itr
Event: 66.960 Loading class java/util/concurrent/ConcurrentLinkedQueue$Itr done
Event: 86.632 Loading class jdk/internal/math/FDBigInteger
Event: 86.632 Loading class jdk/internal/math/FDBigInteger done
Event: 314.031 Loading class java/lang/Class$EnclosingMethodInfo
Event: 314.031 Loading class java/lang/Class$EnclosingMethodInfo done
Event: 354.814 Loading class java/util/concurrent/PriorityBlockingQueue
Event: 354.814 Loading class java/util/concurrent/PriorityBlockingQueue done
Event: 437.567 Loading class sun/text/resources/cldr/FormatData_en_US
Event: 437.567 Loading class sun/text/resources/cldr/FormatData_en_US done
Event: 437.568 Loading class java/text/FieldPosition$Delegate
Event: 437.569 Loading class java/text/FieldPosition$Delegate done

Classes unloaded (0 events):
No events

Classes redefined (0 events):
No events

Internal exceptions (20 events):
Event: 62.344 Thread 0x0000022a2048a0d0 Exception <a 'java/lang/NoSuchMethodError'{0x0000000622800a58}: 'java.lang.Object java.lang.invoke.DirectMethodHandle$Holder.newInvokeSpecial(java.lang.Object, java.lang.Object, java.lang.Object, java.lang.Object, java.lang.Object, int)'> (0x0000000622800a58) 
thrown [s\src\hotspot\share\interpreter\linkResolver.cpp, line 773]
Event: 62.344 Thread 0x0000022a2048a0d0 Exception <a 'java/lang/NoSuchMethodError'{0x0000000622804e70}: 'java.lang.Object java.lang.invoke.DirectMethodHandle$Holder.invokeSpecial(java.lang.Object, java.lang.Object, java.lang.Object, java.lang.Object, java.lang.Object, java.lang.Object, int)'> (0x0000000622804e70) 
thrown [s\src\hotspot\share\interpreter\linkResolver.cpp, line 773]
Event: 86.618 Thread 0x0000022a2048a0d0 Exception <a 'java/lang/NoSuchMethodError'{0x00000006225eb460}: 'void java.lang.invoke.DirectMethodHandle$Holder.invokeStatic(java.lang.Object, java.lang.Object, java.lang.Object, int, java.lang.Object)'> (0x00000006225eb460) 
thrown [s\src\hotspot\share\interpreter\linkResolver.cpp, line 773]
Event: 86.619 Thread 0x0000022a2048a0d0 Exception <a 'java/lang/NoSuchMethodError'{0x00000006225f1840}: 'java.lang.Object java.lang.invoke.DirectMethodHandle$Holder.newInvokeSpecial(java.lang.Object, java.lang.Object, java.lang.Object, int, java.lang.Object)'> (0x00000006225f1840) 
thrown [s\src\hotspot\share\interpreter\linkResolver.cpp, line 773]
Event: 86.619 Thread 0x0000022a2048a0d0 Exception <a 'java/lang/NoSuchMethodError'{0x00000006225f5820}: 'java.lang.Object java.lang.invoke.DirectMethodHandle$Holder.invokeSpecial(java.lang.Object, java.lang.Object, java.lang.Object, java.lang.Object, int, java.lang.Object)'> (0x00000006225f5820) 
thrown [s\src\hotspot\share\interpreter\linkResolver.cpp, line 773]
Event: 86.619 Thread 0x0000022a2048a0d0 Exception <a 'java/lang/NoSuchMethodError'{0x00000006225f90a0}: 'java.lang.Object java.lang.invoke.Invokers$Holder.linkToTargetMethod(java.lang.Object, java.lang.Object, int, java.lang.Object, java.lang.Object)'> (0x00000006225f90a0) 
thrown [s\src\hotspot\share\interpreter\linkResolver.cpp, line 773]
Event: 86.682 Thread 0x0000022a2048a0d0 Exception <a 'java/lang/NoSuchMethodError'{0x00000006227b8558}: 'java.lang.Object java.lang.invoke.DirectMethodHandle$Holder.newInvokeSpecial(java.lang.Object, java.lang.Object, java.lang.Object, java.lang.Object, java.lang.Object, java.lang.Object, java.lang.Object, java.lang.Object)'> (0x00000006227b8558) 
thrown [s\src\hotspot\share\interpreter\linkResolver.cpp, line 773]
Event: 90.571 Thread 0x0000022a2048a0d0 Exception <a 'java/lang/NoSuchMethodError'{0x00000006220f4ab8}: 'void java.lang.invoke.DirectMethodHandle$Holder.invokeStatic(java.lang.Object, java.lang.Object, java.lang.Object, java.lang.Object, java.lang.Object, java.lang.Object, java.lang.Object, java.lang.Object)'> (0x00000006220f4ab8) 
thrown [s\src\hotspot\share\interpreter\linkResolver.cpp, line 773]
Event: 99.214 Thread 0x0000022a2048a0d0 Exception <a 'java/lang/NoSuchMethodError'{0x000000062236ef30}: 'java.lang.Object java.lang.invoke.DirectMethodHandle$Holder.newInvokeSpecial(java.lang.Object, java.lang.Object, java.lang.Object, java.lang.Object, int)'> (0x000000062236ef30) 
thrown [s\src\hotspot\share\interpreter\linkResolver.cpp, line 773]
Event: 99.215 Thread 0x0000022a2048a0d0 Exception <a 'java/lang/NoSuchMethodError'{0x0000000622372b98}: 'java.lang.Object java.lang.invoke.DirectMethodHandle$Holder.invokeSpecial(java.lang.Object, java.lang.Object, java.lang.Object, java.lang.Object, java.lang.Object, int)'> (0x0000000622372b98) 
thrown [s\src\hotspot\share\interpreter\linkResolver.cpp, line 773]
Event: 99.215 Thread 0x0000022a2048a0d0 Exception <a 'java/lang/NoSuchMethodError'{0x0000000622376418}: 'java.lang.Object java.lang.invoke.Invokers$Holder.linkToTargetMethod(java.lang.Object, java.lang.Object, java.lang.Object, int, java.lang.Object)'> (0x0000000622376418) 
thrown [s\src\hotspot\share\interpreter\linkResolver.cpp, line 773]
Event: 107.845 Thread 0x0000022a2048a0d0 Exception <a 'java/lang/NoSuchMethodError'{0x0000000621d900c0}: 'void java.lang.invoke.DirectMethodHandle$Holder.invokeStatic(java.lang.Object, java.lang.Object, float)'> (0x0000000621d900c0) 
thrown [s\src\hotspot\share\interpreter\linkResolver.cpp, line 773]
Event: 207.649 Thread 0x0000022a2048a0d0 Exception <a 'java/lang/NoSuchMethodError'{0x0000000620dbf668}: 'int java.lang.invoke.Invokers$Holder.invokeExact_MT(java.lang.Object, java.lang.Object, java.lang.Object)'> (0x0000000620dbf668) 
thrown [s\src\hotspot\share\interpreter\linkResolver.cpp, line 773]
Event: 215.111 Thread 0x0000022a2048a0d0 Exception <a 'java/lang/NoSuchMethodError'{0x0000000620f00d58}: 'java.lang.Object java.lang.invoke.DirectMethodHandle$Holder.newInvokeSpecial(java.lang.Object, int, java.lang.Object)'> (0x0000000620f00d58) 
thrown [s\src\hotspot\share\interpreter\linkResolver.cpp, line 773]
Event: 280.581 Thread 0x0000022a2048a0d0 Exception <a 'java/lang/NoSuchMethodError'{0x000000062053ab00}: 'java.lang.Object java.lang.invoke.DirectMethodHandle$Holder.newInvokeSpecial(java.lang.Object, java.lang.Object, int, int)'> (0x000000062053ab00) 
thrown [s\src\hotspot\share\interpreter\linkResolver.cpp, line 773]
Event: 280.582 Thread 0x0000022a2048a0d0 Exception <a 'java/lang/NoSuchMethodError'{0x000000062053eaa0}: 'java.lang.Object java.lang.invoke.DirectMethodHandle$Holder.invokeSpecial(java.lang.Object, java.lang.Object, java.lang.Object, int, int)'> (0x000000062053eaa0) 
thrown [s\src\hotspot\share\interpreter\linkResolver.cpp, line 773]
Event: 285.313 Thread 0x0000022a2048a0d0 Exception <a 'java/lang/NoSuchMethodError'{0x00000006205fdea8}: 'java.lang.Object java.lang.invoke.DirectMethodHandle$Holder.newInvokeSpecial(java.lang.Object, java.lang.Object, java.lang.Object, int, int)'> (0x00000006205fdea8) 
thrown [s\src\hotspot\share\interpreter\linkResolver.cpp, line 773]
Event: 340.868 Thread 0x0000022a2048a0d0 Exception <a 'java/lang/NoSuchMethodError'{0x000000061ffef780}: 'void java.lang.invoke.DirectMethodHandle$Holder.invokeSpecial(java.lang.Object, java.lang.Object, float)'> (0x000000061ffef780) 
thrown [s\src\hotspot\share\interpreter\linkResolver.cpp, line 773]
Event: 354.681 Thread 0x0000022a2048a0d0 Exception <a 'java/lang/NoSuchMethodError'{0x000000061f92cea0}: 'int java.lang.invoke.DirectMethodHandle$Holder.invokeStatic(java.lang.Object, java.lang.Object, java.lang.Object, java.lang.Object)'> (0x000000061f92cea0) 
thrown [s\src\hotspot\share\interpreter\linkResolver.cpp, line 773]
Event: 418.972 Thread 0x0000022a2048a0d0 Exception <a 'java/lang/NoSuchMethodError'{0x000000061f2b1198}: 'void java.lang.invoke.DirectMethodHandle$Holder.invokeSpecial(java.lang.Object, java.lang.Object, java.lang.Object, java.lang.Object, int, java.lang.Object)'> (0x000000061f2b1198) 
thrown [s\src\hotspot\share\interpreter\linkResolver.cpp, line 773]

ZGC Phase Switch (0 events):
No events

VM Operations (20 events):
Event: 460.015 Executing VM operation: Cleanup
Event: 460.015 Executing VM operation: Cleanup done
Event: 463.017 Executing VM operation: Cleanup
Event: 463.017 Executing VM operation: Cleanup done
Event: 468.018 Executing VM operation: Cleanup
Event: 468.018 Executing VM operation: Cleanup done
Event: 470.018 Executing VM operation: Cleanup
Event: 470.018 Executing VM operation: Cleanup done
Event: 472.019 Executing VM operation: Cleanup
Event: 472.019 Executing VM operation: Cleanup done
Event: 475.020 Executing VM operation: Cleanup
Event: 475.020 Executing VM operation: Cleanup done
Event: 481.029 Executing VM operation: HandshakeAllThreads (HandshakeForDeflation)
Event: 481.029 Executing VM operation: HandshakeAllThreads (HandshakeForDeflation) done
Event: 481.029 Executing VM operation: RendezvousGCThreads
Event: 481.029 Executing VM operation: RendezvousGCThreads done
Event: 541.151 Executing VM operation: HandshakeAllThreads (HandshakeForDeflation)
Event: 541.151 Executing VM operation: HandshakeAllThreads (HandshakeForDeflation) done
Event: 541.151 Executing VM operation: RendezvousGCThreads
Event: 541.151 Executing VM operation: RendezvousGCThreads done

Memory protections (0 events):
No events

Nmethod flushes (0 events):
No events

Events (20 events):
Event: 208.292 Thread 0x00000229da9781d0 Thread exited: 0x00000229da9781d0
Event: 228.053 Thread 0x0000022a2048a0d0 Thread added: 0x0000022a2ae6b6b0
Event: 306.963 Thread 0x0000022a2ae6c3d0 Thread exited: 0x0000022a2ae6c3d0
Event: 318.999 Thread 0x00000229d7a0cb00 Thread added: 0x00000229da9781d0
Event: 321.063 Thread 0x00000229da9781d0 Thread exited: 0x00000229da9781d0
Event: 351.333 Thread 0x00000229d7a0cb00 Thread added: 0x00000229da9781d0
Event: 354.565 Thread 0x00000229da9781d0 Thread exited: 0x00000229da9781d0
Event: 366.965 Thread 0x0000022a2ae6b6b0 Thread exited: 0x0000022a2ae6b6b0
Event: 439.002 Thread 0x0000022a2048a0d0 Thread added: 0x0000022a20f63480
Event: 439.002 Thread 0x0000022a2048a0d0 Thread added: 0x0000022a20f62760
Event: 439.002 Thread 0x0000022a2048a0d0 Thread added: 0x0000022a20f62df0
Event: 439.002 Thread 0x0000022a2048a0d0 Thread added: 0x0000022a20f63b10
Event: 439.003 Thread 0x0000022a2048a0d0 Thread added: 0x0000022a20f64830
Event: 439.063 Thread 0x0000022a2048a0d0 Thread added: 0x0000022a20f613b0
Event: 546.967 Thread 0x0000022a20f613b0 Thread exited: 0x0000022a20f613b0
Event: 546.967 Thread 0x0000022a20f63b10 Thread exited: 0x0000022a20f63b10
Event: 546.967 Thread 0x0000022a20f62760 Thread exited: 0x0000022a20f62760
Event: 546.967 Thread 0x0000022a20f64830 Thread exited: 0x0000022a20f64830
Event: 546.967 Thread 0x0000022a20f63480 Thread exited: 0x0000022a20f63480
Event: 546.967 Thread 0x0000022a20f62df0 Thread exited: 0x0000022a20f62df0


Dynamic libraries:
0x00007ff6444a0000 - 0x00007ff6444ae000 	C:\Users\matus.sivak\.jdks\corretto-21.0.6\bin\java.exe
0x00007fff2c420000 - 0x00007fff2c686000 	C:\WINDOWS\SYSTEM32\ntdll.dll
0x00007fff2b9b0000 - 0x00007fff2ba79000 	C:\WINDOWS\System32\KERNEL32.DLL
0x00007fff29790000 - 0x00007fff29b8f000 	C:\WINDOWS\System32\KERNELBASE.dll
0x00007fff29630000 - 0x00007fff2977c000 	C:\WINDOWS\System32\ucrtbase.dll
0x00007fff20600000 - 0x00007fff2061b000 	C:\Users\matus.sivak\.jdks\corretto-21.0.6\bin\VCRUNTIME140.dll
0x00007fff208f0000 - 0x00007fff20908000 	C:\Users\matus.sivak\.jdks\corretto-21.0.6\bin\jli.dll
0x00007fff06400000 - 0x00007fff06691000 	C:\WINDOWS\WinSxS\amd64_microsoft.windows.common-controls_6595b64144ccf1df_6.0.26100.8972_none_3e0da176e32f9d4b\COMCTL32.dll
0x00007fff2a150000 - 0x00007fff2a316000 	C:\WINDOWS\System32\USER32.dll
0x00007fff2c1e0000 - 0x00007fff2c289000 	C:\WINDOWS\System32\msvcrt.dll
0x00007fff2a060000 - 0x00007fff2a087000 	C:\WINDOWS\System32\win32u.dll
0x00007fff2a320000 - 0x00007fff2a34b000 	C:\WINDOWS\System32\GDI32.dll
0x00007fff29f30000 - 0x00007fff2a059000 	C:\WINDOWS\System32\gdi32full.dll
0x00007fff29e80000 - 0x00007fff29f23000 	C:\WINDOWS\System32\msvcp_win.dll
0x00007fff2c2c0000 - 0x00007fff2c2f2000 	C:\WINDOWS\System32\IMM32.DLL
0x00007fff29260000 - 0x00007fff293b9000 	C:\Program Files\Avecto\Privilege Guard Client\PGHook.dll
0x00007fff2adf0000 - 0x00007fff2aeac000 	C:\WINDOWS\System32\ADVAPI32.dll
0x00007fff2bbf0000 - 0x00007fff2bc9a000 	C:\WINDOWS\System32\sechost.dll
0x00007fff2b520000 - 0x00007fff2b638000 	C:\WINDOWS\System32\RPCRT4.dll
0x0000000076a30000 - 0x0000000076aa3000 	C:\WINDOWS\System32\QIPCAP64.dll
0x00007fff2a4e0000 - 0x00007fff2ac68000 	C:\WINDOWS\System32\SHELL32.dll
0x00007fff2c040000 - 0x00007fff2c1d9000 	C:\WINDOWS\System32\ole32.dll
0x00007fff2bca0000 - 0x00007fff2c025000 	C:\WINDOWS\System32\combase.dll
0x00007fff2b380000 - 0x00007fff2b459000 	C:\WINDOWS\System32\OLEAUT32.dll
0x00007fff277a0000 - 0x00007fff278f8000 	C:\WINDOWS\SYSTEM32\DNSAPI.dll
0x00007fff284e0000 - 0x00007fff284ed000 	C:\WINDOWS\SYSTEM32\DSPARSE.dll
0x00007fff27760000 - 0x00007fff27793000 	C:\WINDOWS\SYSTEM32\IPHLPAPI.DLL
0x00007fff2aec0000 - 0x00007fff2aeca000 	C:\WINDOWS\System32\NSI.dll
0x00007fff24780000 - 0x00007fff2478c000 	C:\Users\matus.sivak\.jdks\corretto-21.0.6\bin\vcruntime140_1.dll
0x00007fff136a0000 - 0x00007fff1372d000 	C:\Users\matus.sivak\.jdks\corretto-21.0.6\bin\msvcp140.dll
0x00007ffe44a60000 - 0x00007ffe457ff000 	C:\Users\matus.sivak\.jdks\corretto-21.0.6\bin\server\jvm.dll
0x00007fff2a450000 - 0x00007fff2a4d2000 	C:\WINDOWS\System32\WS2_32.dll
0x00007fff293e0000 - 0x00007fff2943e000 	C:\WINDOWS\SYSTEM32\POWRPROF.dll
0x00007fff1d860000 - 0x00007fff1d896000 	C:\WINDOWS\SYSTEM32\WINMM.dll
0x00007fff270f0000 - 0x00007fff270fb000 	C:\WINDOWS\SYSTEM32\VERSION.dll
0x00007fff293c0000 - 0x00007fff293d5000 	C:\WINDOWS\SYSTEM32\UMPDC.dll
0x00007fff28050000 - 0x00007fff2806b000 	C:\WINDOWS\SYSTEM32\kernel.appcore.dll
0x00007fff209a0000 - 0x00007fff209aa000 	C:\Users\matus.sivak\.jdks\corretto-21.0.6\bin\jimage.dll
0x00007fff25b90000 - 0x00007fff25dd2000 	C:\WINDOWS\SYSTEM32\DBGHELP.DLL
0x00007ffefcfc0000 - 0x00007ffefcffb000 	C:\WINDOWS\SYSTEM32\dbgcore.DLL
0x00007fff29d30000 - 0x00007fff29ddc000 	C:\WINDOWS\System32\bcryptPrimitives.dll
0x00007fff1fda0000 - 0x00007fff1fdbf000 	C:\Users\matus.sivak\.jdks\corretto-21.0.6\bin\java.dll
0x00007fff267e0000 - 0x00007fff2707b000 	C:\WINDOWS\SYSTEM32\windows.storage.dll
0x00007fff2a350000 - 0x00007fff2a449000 	C:\WINDOWS\System32\SHCORE.dll
0x00007fff2c360000 - 0x00007fff2c3c6000 	C:\WINDOWS\System32\shlwapi.dll
0x00007fff29550000 - 0x00007fff29579000 	C:\WINDOWS\SYSTEM32\profapi.dll
0x00007fff135c0000 - 0x00007fff13697000 	C:\Users\matus.sivak\.jdks\corretto-21.0.6\bin\jsvml.dll
0x00007fff20640000 - 0x00007fff20650000 	C:\Users\matus.sivak\.jdks\corretto-21.0.6\bin\net.dll
0x00007fff28070000 - 0x00007fff28198000 	C:\WINDOWS\SYSTEM32\WINHTTP.dll
0x00007fff28710000 - 0x00007fff2877c000 	C:\WINDOWS\system32\mswsock.dll
0x00007fff13310000 - 0x00007fff13326000 	C:\Users\matus.sivak\.jdks\corretto-21.0.6\bin\nio.dll
0x00007fff13330000 - 0x00007fff13348000 	C:\Users\matus.sivak\.jdks\corretto-21.0.6\bin\zip.dll
0x0000000065580000 - 0x0000000065616000 	C:\Users\matus.sivak\AppData\Local\Temp\libgdxmatus.sivak\12dfaa03\gdx64.dll
0x00007fff28b30000 - 0x00007fff28b4b000 	C:\WINDOWS\SYSTEM32\CRYPTSP.dll
0x00007fff27fb0000 - 0x00007fff27fe9000 	C:\WINDOWS\system32\rsaenh.dll
0x00007fff287c0000 - 0x00007fff287f2000 	C:\WINDOWS\SYSTEM32\USERENV.dll
0x00007fff29520000 - 0x00007fff2954a000 	C:\WINDOWS\SYSTEM32\bcrypt.dll
0x00007fff28b00000 - 0x00007fff28b0c000 	C:\WINDOWS\SYSTEM32\CRYPTBASE.dll
0x00007fff205d0000 - 0x00007fff205e0000 	C:\Users\matus.sivak\.jdks\corretto-21.0.6\bin\verify.dll
0x0000000180000000 - 0x0000000180053000 	C:\Users\matus.sivak\AppData\Local\Temp\libgdxmatus.sivak\dc0f0009\lwjgl64.dll
0x00007ffede0c0000 - 0x00007ffede1cc000 	C:\WINDOWS\SYSTEM32\OPENGL32.dll
0x00007ffede030000 - 0x00007ffede05d000 	C:\WINDOWS\SYSTEM32\GLU32.dll
0x00007fff25550000 - 0x00007fff25595000 	C:\WINDOWS\SYSTEM32\dxcore.dll
0x00000229dacc0000 - 0x00000229dad24000 	C:\Users\MATUS~1.SIV\AppData\Local\Temp\libgdxmatus.sivak\dc0f0009\OpenAL64.dll
0x00007fff25470000 - 0x00007fff25518000 	C:\WINDOWS\system32\uxtheme.dll
0x00007fff2b460000 - 0x00007fff2b50e000 	C:\WINDOWS\System32\clbcatq.dll
0x00007ffefcbe0000 - 0x00007ffefcc74000 	C:\WINDOWS\SYSTEM32\dsound.dll
0x00007ffefbbe0000 - 0x00007ffefbc97000 	C:\WINDOWS\SYSTEM32\ResampleDmo.DLL
0x00007ffefd6d0000 - 0x00007ffefd707000 	C:\WINDOWS\SYSTEM32\winmmbase.dll
0x00007ffed7430000 - 0x00007ffed743e000 	C:\WINDOWS\SYSTEM32\msdmo.dll
0x00007fff290a0000 - 0x00007fff290f2000 	C:\WINDOWS\SYSTEM32\cfgmgr32.dll
0x00007ffefeac0000 - 0x00007ffefeb66000 	C:\WINDOWS\System32\MMDevApi.dll
0x00007fff29060000 - 0x00007fff2908f000 	C:\WINDOWS\System32\DEVOBJ.dll
0x00007ffefe3d0000 - 0x00007ffefe587000 	C:\WINDOWS\SYSTEM32\AUDIOSES.DLL
0x00007fff25f60000 - 0x00007fff25f74000 	C:\WINDOWS\SYSTEM32\resourcepolicyclient.dll
0x00007fff1d420000 - 0x00007fff1d4df000 	C:\WINDOWS\SYSTEM32\mscms.dll
0x00007fff14850000 - 0x00007fff148e2000 	C:\Windows\System32\Windows.Internal.Graphics.Display.DisplayColorManagement.dll
0x0000022a219a0000 - 0x0000022a21afd000 	C:\WINDOWS\System32\MSCTF.dll
0x00007fff0bc10000 - 0x00007fff0bd56000 	C:\WINDOWS\SYSTEM32\textinputframework.dll
0x00007fff24bc0000 - 0x00007fff24ceb000 	C:\WINDOWS\SYSTEM32\CoreMessaging.dll
0x00007fff1f710000 - 0x00007fff1f9f4000 	C:\WINDOWS\SYSTEM32\CoreUIComponents.dll
0x00007fff1f580000 - 0x00007fff1f6ea000 	C:\WINDOWS\SYSTEM32\wintypes.dll
0x00007fff20350000 - 0x00007fff203af000 	C:\WINDOWS\SYSTEM32\directxdatabasehelper.dll
0x00007fff12880000 - 0x00007fff1289f000 	C:\WINDOWS\SYSTEM32\windows.staterepositorycore.dll
0x00007ffe1d330000 - 0x00007ffe1e882000 	C:\WINDOWS\System32\DriverStore\FileRepository\iigd_dch.inf_amd64_b20bdb7dfb36a7ef\igxelpicd64.dll
0x00007fff255a0000 - 0x00007fff256da000 	C:\WINDOWS\SYSTEM32\dxgi.dll
0x00007ffe83ff0000 - 0x00007ffe84013000 	C:\WINDOWS\SYSTEM32\d3d12.dll
0x00007fff25700000 - 0x00007fff2572f000 	C:\WINDOWS\system32\dwmapi.dll
0x00007ffe7fa10000 - 0x00007ffe7fbb1000 	C:\WINDOWS\System32\DriverStore\FileRepository\iigd_dch.inf_amd64_b20bdb7dfb36a7ef\igdml64.dll
0x00007fff1cd80000 - 0x00007fff1d32b000 	C:\WINDOWS\System32\DriverStore\FileRepository\iigd_dch.inf_amd64_b20bdb7dfb36a7ef\igdgmm64.dll
0x00007ffef9e90000 - 0x00007ffef9edb000 	C:\WINDOWS\SYSTEM32\icm32.dll
0x00007fff17580000 - 0x00007fff1c834000 	C:\WINDOWS\System32\DriverStore\FileRepository\iigd_dch.inf_amd64_b20bdb7dfb36a7ef\igc64.dll
0x000000006a740000 - 0x000000006a7f1000 	C:\Users\matus.sivak\AppData\Local\Temp\libgdxmatus.sivak\a04a55a\gdx-freetype64.dll
0x00007ffec7e60000 - 0x00007ffec7ee0000 	C:\WINDOWS\system32\Ninput.dll
0x00007fff07cd0000 - 0x00007fff07d86000 	C:\WINDOWS\SYSTEM32\TextShaping.dll

dbghelp: loaded successfully - version: 4.0.5 - missing functions: none
symbol engine: initialized successfully - sym options: 0x614 - pdb path: .;C:\Users\matus.sivak\.jdks\corretto-21.0.6\bin;C:\WINDOWS\SYSTEM32;C:\WINDOWS\WinSxS\amd64_microsoft.windows.common-controls_6595b64144ccf1df_6.0.26100.8972_none_3e0da176e32f9d4b;C:\Program Files\Avecto\Privilege Guard Client;C:\Users\matus.sivak\.jdks\corretto-21.0.6\bin\server;C:\Users\matus.sivak\AppData\Local\Temp\libgdxmatus.sivak\12dfaa03;C:\Users\matus.sivak\AppData\Local\Temp\libgdxmatus.sivak\dc0f0009;C:\Users\MATUS~1.SIV\AppData\Local\Temp\libgdxmatus.sivak\dc0f0009;C:\WINDOWS\System32\DriverStore\FileRepository\iigd_dch.inf_amd64_b20bdb7dfb36a7ef;C:\Users\matus.sivak\AppData\Local\Temp\libgdxmatus.sivak\a04a55a

VM Arguments:
jvm_args: -Dfile.encoding=UTF-8 -Duser.country=US -Duser.language=en -Duser.variant 
java_command: sk.sivak.eldritchhorror.GameDesktop
java_class_path (initial): C:\WORK\Projects\Ancient Terror\desktop\build\classes\java\main;C:\WORK\Projects\Ancient Terror\desktop\build\resources\main;C:\WORK\Projects\Ancient Terror\core\entry\build\libs\Entry-1.0.jar;C:\Users\matus.sivak\.gradle\caches\modules-2\files-2.1\org.springframework.boot\spring-boot-starter-web\2.7.18\dd62ea85098187b4604e78dc15a7ff87dba173d\spring-boot-starter-web-2.7.18.jar;C:\Users\matus.sivak\.gradle\caches\modules-2\files-2.1\com.badlogicgames.gdx\gdx-backend-lwjgl\1.9.8\b7c138f14ed67ad830ae7597da3d86ae02b20eee\gdx-backend-lwjgl-1.9.8.jar;C:\Users\matus.sivak\.gradle\caches\modules-2\files-2.1\com.badlogicgames.gdx\gdx-platform\1.9.8\604a2ef2c7c92a5900114757cbd3fb4dcbb8270c\gdx-platform-1.9.8-natives-desktop.jar;C:\Users\matus.sivak\.gradle\caches\modules-2\files-2.1\com.badlogicgames.gdx\gdx-freetype-platform\1.9.8\b21a8def0c70ec49ea5e2658e788b7a9177399f8\gdx-freetype-platform-1.9.8-natives-desktop.jar;C:\WORK\Projects\Ancient Terror\core\initializer\build\libs\initializer-1.0.jar;C:\WORK\Projects\Ancient Terror\core\binder\binder-view-controller\build\libs\binder-view-controller-1.0.jar;C:\WORK\Projects\Ancient Terror\core\view\view-provider\view-provider-impl\build\libs\view-provider-impl-1.0.jar;C:\WORK\Projects\Ancient Terror\core\view\view-provider\view-provider-interface\build\libs\view-provider-interface-1.0.jar;C:\WORK\Projects\Ancient Terror\core\view\view-impl\build\libs\view-impl-1.0.jar;C:\WORK\Projects\Ancient Terror\core\skin-composer\build\libs\skin-composer-1.0.jar;C:\Users\matus.sivak\.gradle\caches\modules-2\files-2.1\com.badlogicgames.gdx\gdx-ai\1.8.1\a52367e373fe52f0d20f162cbf8711c38f002a25\gdx-ai-1.8.1.jar;C:\Users\matus.sivak\.gradle\caches\modules-2\files-2.1\com.badlogicgames.gdx\gdx-freetype\1.9.8\d92b5b8beab10e3b3c0dd836d4fc186f95e7ea4b\gdx-freetype-1.9.8.jar;C:\Users\matus.sivak\.gradle\caches\modules-2\files-2.1\com.kotcrab.vis\vis-ui\1.3.0\639741faa66a560197ee06a9412949402c831796\vis-ui-1.3.0.jar;C:\WORK\Projects\Ancient Terror\core\binder\binder-action\build\libs\binder-action-1.0.jar;C:\WORK\Projects\Ancient Terror\core\action\action-provider\action-provider-impl\build\libs\action-provider-impl-1.0.jar;C:\WORK\Projects\Ancient Terror\core\action\action-impl\build\libs\action-impl-1.0.jar;C:\WORK\Projects\Ancient Terror\core\binder\binder-controller-model\build\libs\binder-controller-model-1.0.jar;C:\WORK\Projects\Ancient Terror\core\controller\controller-provider\controller-provider-impl\build\libs\controller-provider-impl-1.0.jar;C:\WORK\Projects\Ancient Terror\core\controller\controller-provider\controller-provider-interface\build\libs\controller-provider-interface-1.0.jar;C:\WORK\Projects\Ancient Terror\core\controller\controller-impl\build\libs\controller-impl-1.0.jar;C:\WORK\Projects\Ancient Terror\core\controller\controller-interface\build\libs\controller-interface-1.0.jar;C:\WORK\Projects\Ancient Terror\core\view\view-interface\build\libs\view-interface-1.0.jar;C:\WORK\Projects\Ancient Terror\core\model\model-provider\model-provider-impl\build\libs\model-provider-impl-1.0.jar;C:\WORK\Projects\Ancient Terror\core\model\model-provider\model-provider-interface\build\libs\model-provider-interface-1.0.jar;C:\WORK\Projects\Ancient Terror\core\model\model-impl\build\libs\model-impl-1.0.jar;C:\WORK\Projects\Ancient Terror\core\model\model-write\build\libs\model-write-1.0.jar;C:\WORK\Projects\Ancient Terror\core\binder\binder-event-listener\build\libs\binder-event-listener-1.0.jar;C:\WORK\Projects\Ancient Terror\core\event-listener\event-listener-provider\event-listener-provider-impl\build\libs\event-listener-provider-impl-1.0.jar;C:\WORK\Projects\Ancient Terror\core\event-listener\event-listener-provider\event-listener-provider-interface\build\libs\event-listener-provider-interface-1.0.jar;C:\WORK\Projects\Ancient Terror\core\event-listener\event-listener-impl\build\libs\event-listener-impl-1.0.jar;C:\WORK\Projects\Ancient Terror\core\model\model-read\build\libs\model-read-1.0.jar;C:\WORK\Projects\Ancient Terror\core\binder\binder-service\build\libs\binder-service-1.0.jar;C:\WORK\Projects\Ancient Terror\core\service\service-provider\service-provider-impl\build\libs\service-provider-impl-1.0.jar;C:\WORK\Projects\Ancient Terror\core\service\service-provider\service-provider-interface\build\libs\service-provider-interface-1.0.jar;C:\WORK\Projects\Ancient Terror\core\service\service-impl\build\libs\service-impl-1.0.jar;C:\WORK\Projects\Ancient Terror\core\action\action-provider\action-provider-interface\build\libs\action-provider-interface-1.0.jar;C:\WORK\Projects\Ancient Terror\core\action\action-interface\build\libs\action-interface-1.0.jar;C:\WORK\Projects\Ancient Terror\core\event-queue\event-queue-provider\event-queue-provider-impl\build\libs\event-queue-provider-impl-1.0.jar;C:\WORK\Projects\Ancient Terror\core\event-queue\event-queue-provider\event-queue-provider-interface\build\libs\event-queue-provider-interface-1.0.jar;C:\WORK\Projects\Ancient Terror\core\event-queue\event-queue-impl\build\libs\event-queue-impl-1.0.jar;C:\WORK\Projects\Ancient Terror\core\event-queue\event-queue-write\build\libs\event-queue-write-1.0.jar;C:\WORK\Projects\Ancient Terror\core\event-queue\event-queue-read\build\libs\event-queue-read-1.0.jar;C:\WORK\Projects\Ancient Terror\core\service\service-interface\build\libs\service-interface-1.0.jar;C:\WORK\Projects\Ancient Terror\core\event-type\build\libs\event-type-1.0.jar;C:\WORK\Projects\Ancient Terror\core\constants\build\libs\constants-1.0.jar;C:\Users\matus.sivak\.gradle\caches\modules-2\files-2.1\com.badlogicgames.gdxpay\gdx-pay-client\1.3.13\7ee97c4ea70bb172bd7d7ae80d79d50abe94e4da\gdx-pay-client-1.3.13.jar;C:\Users\matus.sivak\.gradle\caches\modules-2\files-2.1\com.badlogicgames.gdx\gdx\1.9.8\a35a0076fbce873f9c2d5a1a1c8066244231bb3c\gdx-1.9.8.jar;C:\Users\matus.sivak\.gradle\caches\modules-2\files-2.1\javax.mail\mail\1.5.0-b01\c128515e42609622ce3f7dc0b431026d80bdb688\mail-1.5.0-b01.jar;C:\Users\matus.sivak\.gradle\caches\modules-2\files-2.1\org.springframework.boot\spring-boot-starter-json\2.7.18\b6d9ed5cae0c1929a9e561bf4799a3dc93a10db1\spring-boot-starter-json-2.7.18.jar;C:\Users\matus.sivak\.gradle\caches\modules-2\files-2.1\org.springframework.boot\spring-boot-starter\2.7.18\e56b75105f9ace6df154fd47eeeeadc2f5791e56\spring-boot-starter-2.7.18.jar;C:\Users\matus.sivak\.gradle\caches\modules-2\files-2.1\org.springframework.boot\spring-boot-starter-tomcat\2.7.18\c56e50e006448e75a8bde595dbc754ba294389af\spring-boot-starter-tomcat-2.7.18.jar;C:\Users\matus.sivak\.gradle\caches\modules-2\files-2.1\org.springframework\spring-webmvc\5.3.31\45754d056effe8257a012f6b98ed5454cf1e8960\spring-webmvc-5.3.31.jar;C:\Users\matus.sivak\.gradle\caches\modules-2\files-2.1\org.springframework\spring-web\5.3.31\3bf73c385a1f2f4a0d482149d6a205e854cec497\spring-web-5.3.31.jar;C:\Users\matus.sivak\.gradle\caches\modules-2\files-2.1\org.lwjgl.lwjgl\lwjgl_util\2.9.2\4b9e37300a87799856e0bd15ed81663cdb6b0947\lwjgl_util-2.9.2.jar;C:\Users\matus.sivak\.gradle\caches\modules-2\files-2.1\org.lwjgl.lwjgl\lwjgl\2.9.2\a9d80fe5935c7a9149f6584d9777cfd471f65489\lwjgl-2.9.2.jar;C:\Users\matus.sivak\.gradle\caches\modules-2\files-2.1\com.badlogicgames.jlayer\jlayer\1.0.1-gdx\7cca83cec5c1b2f011362f4d85aabd71a73b049d\jlayer-1.0.1-gdx.jar;C:\Users\matus.sivak\.gradle\caches\modules-2\files-2.1\org.jcraft\jorbis\0.0.17\8872d22b293e8f5d7d56ff92be966e6dc28ebdc6\jorbis-0.0.17.jar;C:\WORK\Projects\Ancient Terror\core\command-queue\command-queue-impl\build\libs\command-queue-impl-1.0.jar;C:\Users\matus.sivak\.gradle\caches\modules-2\files-2.1\javax.activation\activation\1.1\e6cb541461c2834bdea3eb920f1884d1eb508b50\activation-1.1.jar;C:\Users\matus.sivak\.gradle\caches\modules-2\files-2.1\org.springframework.boot\spring-boot-autoconfigure\2.7.18\9cf147c6ca274c75b32556acdcba5a1de081ebcd\spring-boot-autoconfigure-2.7.18.jar;C:\Users\matus.sivak\.gradle\caches\modules-2\files-2.1\org.springframework.boot\spring-boot\2.7.18\f6dbdd8da7c2bded63dff9b1f48d01a4923f20a0\spring-boot-2.7.18.jar;C:\Users\matus.sivak\.gradle\caches\modules-2\files-2.1\org.springframework.boot\spring-boot-starter-logging\2.7.18\19f7c255ba5255116f58c3bbaf52c7b88ea6af3e\spring-boot-starter-logging-2.7.18.jar;C:\Users\matus.sivak\.gradle\caches\modules-2\files-2.1\jakarta.annotation\jakarta.annotation-api\1.3.5\59eb84ee0d616332ff44aba065f3888cf002cd2d\jakarta.annotation-api-1.3.5.jar;C:\Users\matus.sivak\.gradle\caches\modules-2\files-2.1\org.springframework\spring-context\5.3.31\a2d6e76507f037ad835e8c2288dfedf28981999f\spring-context-5.3.31.jar;C:\Users\matus.sivak\.gradle\caches\modules-2\files-2.1\org.springframework\spring-aop\5.3.31\3be929dbdb5f4516919ad09a3d3720d779bb65d9\spring-aop-5.3.31.jar;C:\Users\matus.sivak\.gradle\caches\modules-2\files-2.1\org.springframework\spring-beans\5.3.31\d27258849071b3b268ecc388eca35bbfcc586448\spring-beans-5.3.31.jar;C:\Users\matus.sivak\.gradle\caches\modules-2\files-2.1\org.springframework\spring-expression\5.3.31\55637af1b186d1008890980c2876c5fc83599756\spring-expression-5.3.31.jar;C:\Users\matus.sivak\.gradle\caches\modules-2\files-2.1\org.springframework\spring-core\5.3.31\368e76f732a3c331b970f69cafec1525d27b34d3\spring-core-5.3.31.jar;C:\Users\matus.sivak\.gradle\caches\modules-2\files-2.1\org.yaml\snakeyaml\1.30\8fde7fe2586328ac3c68db92045e1c8759125000\snakeyaml-1.30.jar;C:\Users\matus.sivak\.gradle\caches\modules-2\files-2.1\com.fasterxml.jackson.datatype\jackson-datatype-jsr310\2.13.5\8ba3b868e81d7fc6ead686bd2353859b111d9eaf\jackson-datatype-jsr310-2.13.5.jar;C:\Users\matus.sivak\.gradle\caches\modules-2\files-2.1\com.fasterxml.jackson.module\jackson-module-parameter-names\2.13.5\a401a99e7a45450fd3ef76e82ba39005fd1a8c22\jackson-module-parameter-names-2.13.5.jar;C:\Users\matus.sivak\.gradle\caches\modules-2\files-2.1\com.fasterxml.jackson.core\jackson-annotations\2.13.5\136f77ab424f302c9e27230b4482e8000e142edf\jackson-annotations-2.13.5.jar;C:\Users\matus.sivak\.gradle\caches\modules-2\files-2.1\com.fasterxml.jackson.core\jackson-core\2.13.5\d07c97d3de9ea658caf1ff1809fd9de930a286a\jackson-core-2.13.5.jar;C:\Users\matus.sivak\.gradle\caches\modules-2\files-2.1\com.fasterxml.jackson.datatype\jackson-datatype-jdk8\2.13.5\1278f38160812811c56eb77f67213662ed1c7a2e\jackson-datatype-jdk8-2.13.5.jar;C:\Users\matus.sivak\.gradle\caches\modules-2\files-2.1\com.fasterxml.jackson.core\jackson-databind\2.13.5\aa95e46dbc32454f3983221d420e78ef19ddf844\jackson-databind-2.13.5.jar;C:\Users\matus.sivak\.gradle\caches\modules-2\files-2.1\org.apache.tomcat.embed\tomcat-embed-websocket\9.0.83\9af4b7450296bb4eff93b2ee3e52ab69d07512e4\tomcat-embed-websocket-9.0.83.jar;C:\Users\matus.sivak\.gradle\caches\modules-2\files-2.1\org.apache.tomcat.embed\tomcat-embed-core\9.0.83\d771e4343b0515c67dab2a09fe02f5d47550153f\tomcat-embed-core-9.0.83.jar;C:\Users\matus.sivak\.gradle\caches\modules-2\files-2.1\org.apache.tomcat.embed\tomcat-embed-el\9.0.83\b0cdada70099c25f45fceb48e1ebce60d138a5ce\tomcat-embed-el-9.0.83.jar;C:\Users\matus.sivak\.gradle\caches\modules-2\files-2.1\org.lwjgl.lwjgl\lwjgl-platform\2.9.2\510c7d317f5e9e700b9cfaac5fd38bdebf0702e0\lwjgl-platform-2.9.2-natives-windows.jar;C:\Users\matus.sivak\.gradle\caches\modules-2\files-2.1\org.lwjgl.lwjgl\lwjgl-platform\2.9.2\d276cdf61fe2b516c7b7f4aa1b8dea91dbdc8d56\lwjgl-platform-2.9.2-natives-linux.jar;C:\Users\matus.sivak\.gradle\caches\modules-2\files-2.1\org.lwjgl.lwjgl\lwjgl-platform\2.9.2\d55b46b40b40249d627a83a7f7f22649709d70c3\lwjgl-platform-2.9.2-natives-osx.jar;C:\Users\matus.sivak\.gradle\caches\modules-2\files-2.1\net.java.jinput\jinput\2.0.5\39c7796b469a600f72380316f6b1f11db6c2c7c4\jinput-2.0.5.jar;C:\WORK\Projects\Ancient Terror\core\command-queue\command-queue-interface\build\libs\command-queue-interface-1.0.jar;C:\Users\matus.sivak\.gradle\caches\modules-2\files-2.1\ch.qos.reload4j\reload4j\1.2.26\f9a29cea570c15844d2ec98bf8e2e523017a6a53\reload4j-1.2.26.jar;C:\Users\matus.sivak\.gradle\caches\modules-2\files-2.1\ch.qos.logback\logback-classic\1.2.12\d4dee19148dccb177a0736eb2027bd195341da78\logback-classic-1.2.12.jar;C:\Users\matus.sivak\.gradle\caches\modules-2\files-2.1\org.apache.logging.log4j\log4j-to-slf4j\2.17.2\17dd0fae2747d9a28c67bc9534108823d2376b46\log4j-to-slf4j-2.17.2.jar;C:\Users\matus.sivak\.gradle\caches\modules-2\files-2.1\org.slf4j\jul-to-slf4j\1.7.36\ed46d81cef9c412a88caef405b58f93a678ff2ca\jul-to-slf4j-1.7.36.jar;C:\Users\matus.sivak\.gradle\caches\modules-2\files-2.1\org.springframework\spring-jcl\5.3.31\e7ab9ee590a195415dd6b898440d776b4c8db78c\spring-jcl-5.3.31.jar;C:\Users\matus.sivak\.gradle\caches\modules-2\files-2.1\net.java.jutils\jutils\1.0.0\e12fe1fda814bd348c1579329c86943d2cd3c6a6\jutils-1.0.0.jar;C:\Users\matus.sivak\.gradle\caches\modules-2\files-2.1\net.java.jinput\jinput-platform\2.0.5\7ff832a6eb9ab6a767f1ade2b548092d0fa64795\jinput-platform-2.0.5-natives-linux.jar;C:\Users\matus.sivak\.gradle\caches\modules-2\files-2.1\net.java.jinput\jinput-platform\2.0.5\385ee093e01f587f30ee1c8a2ee7d408fd732e16\jinput-platform-2.0.5-natives-windows.jar;C:\Users\matus.sivak\.gradle\caches\modules-2\files-2.1\net.java.jinput\jinput-platform\2.0.5\53f9c919f34d2ca9de8c51fc4e1e8282029a9232\jinput-platform-2.0.5-natives-osx.jar;C:\WORK\Projects\Ancient Terror\java8-features\build\libs\java8-features-1.0.jar;C:\Users\matus.sivak\.gradle\caches\modules-2\files-2.1\io.reactivex\rxjava\1.3.0\af000bec2036a2a9d07197c4b03b8966bfc60b03\rxjava-1.3.0.jar;C:\Users\matus.sivak\.gradle\caches\modules-2\files-2.1\junit\junit\4.12\2973d150c0dc1fefe998f834810d68f278ea58ec\junit-4.12.jar;C:\Users\matus.sivak\.gradle\caches\modules-2\files-2.1\ch.qos.logback\logback-core\1.2.12\1d8e51a698b138065d73baefb4f94531faa323cb\logback-core-1.2.12.jar;C:\Users\matus.sivak\.m2\repository\org\slf4j\slf4j-api\1.7.36\slf4j-api-1.7.36.jar;C:\Users\matus.sivak\.gradle\caches\modules-2\files-2.1\org.apache.logging.log4j\log4j-api\2.17.2\f42d6afa111b4dec5d2aea0fe2197240749a4ea6\log4j-api-2.17.2.jar;C:\Users\matus.sivak\.gradle\caches\modules-2\files-2.1\com.rafaskoberg.gdx\typing-label\1.0.4\45dddf6ddba01c056f1742133c4030ce34dde488\typing-label-1.0.4.jar;C:\Users\matus.sivak\.m2\repository\org\hamcrest\hamcrest-core\1.3\hamcrest-core-1.3.jar;C:\Users\matus.sivak\.gradle\caches\modules-2\files-2.1\com.badlogicgames.gdxpay\gdx-pay\1.3.13\a0bd1fbf1489e66ab2681529ccad389762ad6f95\gdx-pay-1.3.13.jar;C:\Users\matus.sivak\.m2\repository\com\google\code\findbugs\jsr305\3.0.2\jsr305-3.0.2.jar
Launcher Type: SUN_STANDARD

[Global flags]
     intx CICompilerCount                          = 12                                        {product} {ergonomic}
     uint ConcGCThreads                            = 3                                         {product} {ergonomic}
     uint G1ConcRefinementThreads                  = 13                                        {product} {ergonomic}
   size_t G1HeapRegionSize                         = 4194304                                   {product} {ergonomic}
    uintx GCDrainStackTargetSize                   = 64                                        {product} {ergonomic}
   size_t InitialHeapSize                          = 532676608                                 {product} {ergonomic}
   size_t MarkStackSize                            = 4194304                                   {product} {ergonomic}
   size_t MaxHeapSize                              = 8518631424                                {product} {ergonomic}
   size_t MaxNewSize                               = 5108662272                                {product} {ergonomic}
   size_t MinHeapDeltaBytes                        = 4194304                                   {product} {ergonomic}
   size_t MinHeapSize                              = 8388608                                   {product} {ergonomic}
    uintx NonNMethodCodeHeapSize                   = 7602480                                {pd product} {ergonomic}
    uintx NonProfiledCodeHeapSize                  = 122027880                              {pd product} {ergonomic}
    uintx ProfiledCodeHeapSize                     = 122027880                              {pd product} {ergonomic}
    uintx ReservedCodeCacheSize                    = 251658240                              {pd product} {ergonomic}
     bool SegmentedCodeCache                       = true                                      {product} {ergonomic}
   size_t SoftMaxHeapSize                          = 8518631424                             {manageable} {ergonomic}
     bool UseCompressedOops                        = true                           {product lp64_product} {ergonomic}
     bool UseG1GC                                  = true                                      {product} {ergonomic}
     bool UseLargePagesIndividualAllocation        = false                                  {pd product} {ergonomic}

Logging:
Log output configuration:
 #0: stdout all=warning uptime,level,tags foldmultilines=false
 #1: stderr all=off uptime,level,tags foldmultilines=false

Environment Variables:
JAVA_HOME=C:\Users\matus.sivak\.jdks\corretto-21.0.6
PATH=C:\Program Files\Microsoft SDKs\Azure\CLI2\wbin;C:\windows\system32;C:\windows;C:\windows\System32\Wbem;C:\windows\System32\WindowsPowerShell\v1.0\;C:\windows\System32\OpenSSH\;C:\Program Files (x86)\Pulse Secure\VC142.CRT\X64\;C:\Program Files (x86)\Pulse Secure\VC142.CRT\X86\;C:\Users\matus.sivak\.jdks\openjdk-25.0.2\bin;C:\WORK\Tools\apache-maven-3.9.1\bin;C:\Program Files\PuTTY\;C:\Program Files (x86)\Microsoft SQL Server\160\DTS\Binn\;C:\Program Files\Azure Data Studio\bin;C:\Program Files (x86)\NVIDIA Corporation\PhysX\Common;C:\WINDOWS\system32;C:\WINDOWS;C:\WINDOWS\System32\Wbem;C:\WINDOWS\System32\WindowsPowerShell\v1.0\;C:\WINDOWS\System32\OpenSSH\;C:\Program Files\dotnet\;C:\Users\matus.sivak\AppData\Local\Programs\Python\Python314\Scripts\;C:\Users\matus.sivak\AppData\Local\Programs\Python\Python314\;C:\Users\matus.sivak\AppData\Local\Programs\Python\Launcher\;C:\Users\matus.sivak\AppData\Local\Microsoft\WindowsApps;C:\Users\matus.sivak\AppData\Local\Programs\IntelliJ IDEA 2025.3.1.1\bin;C:\Program Files\Azure Data Studio\bin;C:\Users\matus.sivak\.dotnet\tools;C:\WORK\Projects\EntriX\docker;C:\Program Files (x86)\Nmap;C:\Users\matus.sivak\AppData\Local\Programs\Git\cmd;
USERNAME=matus.sivak
OS=Windows_NT
PROCESSOR_IDENTIFIER=Intel64 Family 6 Model 141 Stepping 1, GenuineIntel
TMP=C:\Users\MATUS~1.SIV\AppData\Local\Temp
TEMP=C:\Users\MATUS~1.SIV\AppData\Local\Temp




Periodic native trim disabled

---------------  S Y S T E M  ---------------

OS:
 Windows 11 , 64 bit Build 26100 (10.0.26100.9168)
OS uptime: 1 days 4:35 hours
Hyper-V role detected

CPU: total 16 (initial active 16) (8 cores per cpu, 2 threads per core) family 6 model 141 stepping 1 microcode 0x56, cx8, cmov, fxsr, ht, mmx, 3dnowpref, sse, sse2, sse3, ssse3, sse4.1, sse4.2, popcnt, lzcnt, tsc, tscinvbit, avx, avx2, aes, erms, clmul, bmi1, bmi2, adx, avx512f, avx512dq, avx512cd, avx512bw, avx512vl, sha, fma, vzeroupper, avx512_vpopcntdq, avx512_vpclmulqdq, avx512_vaes, avx512_vnni, clflush, clflushopt, clwb, avx512_vbmi2, avx512_vbmi, hv, rdtscp, rdpid, fsrm, gfni, avx512_bitalg, f16c, cet_ibt, cet_ss, avx512_ifma
Processor Information for the first 16 processors :
  Max Mhz: 2496, Current Mhz: 2496, Mhz Limit: 2496

Memory: 4k page, system-wide physical 32490M (9893M free)
TotalPageFile size 44812M (AvailPageFile size 11404M)
current process WorkingSet (physical memory assigned to process): 1185M, peak: 1249M
current process commit charge ("private bytes"): 1591M, peak: 1680M

vm_info: OpenJDK 64-Bit Server VM (21.0.6+7-LTS) for windows-amd64 JRE (21.0.6+7-LTS), built on 2025-01-07T23:42:01Z by "Administrator" with MS VC++ 16.10 / 16.11 (VS2019)

END.
