#
# A fatal error has been detected by the Java Runtime Environment:
#
#  EXCEPTION_ACCESS_VIOLATION (0xc0000005) at pc=0x00007ffbf7ad4982, pid=26612, tid=4960
#
# JRE version: OpenJDK Runtime Environment Corretto-21.0.6.7.1 (21.0.6+7) (build 21.0.6+7-LTS)
# Java VM: OpenJDK 64-Bit Server VM Corretto-21.0.6.7.1 (21.0.6+7-LTS, mixed mode, sharing, tiered, compressed oops, compressed class ptrs, g1 gc, windows-amd64)
# Problematic frame:
# C  [igxelpicd64.dll+0x324982]
#
# No core dump will be written. Minidumps are not enabled by default on client versions of Windows
#
# If you would like to submit a bug report, please visit:
#   https://github.com/corretto/corretto-21/issues/
# The crash happened outside the Java Virtual Machine in native code.
# See problematic frame for where to report the bug.
#

---------------  S U M M A R Y ------------

Command Line: -Dfile.encoding=UTF-8 -Duser.country=US -Duser.language=en -Duser.variant sk.sivak.eldritchhorror.GameDesktop

Host: 11th Gen Intel(R) Core(TM) i7-11850H @ 2.50GHz, 16 cores, 31G,  Windows 11 , 64 bit Build 26100 (10.0.26100.9444)
Time: Fri Sep 25 20:14:43 2026 Central Europe Daylight Time elapsed time: 468.445689 seconds (0d 0h 7m 48s)

---------------  T H R E A D  ---------------

Current thread (0x000002abe3ad54a0):  JavaThread "LWJGL Application"        [_thread_in_native, id=4960, stack(0x000000ff1f600000,0x000000ff1f700000) (1024K)]

Stack: [0x000000ff1f600000,0x000000ff1f700000],  sp=0x000000ff1f6f87d0,  free space=993k
Native frames: (J=compiled Java code, j=interpreted, Vv=VM code, C=native code)
C  [igxelpicd64.dll+0x324982]

Java frames: (J=compiled Java code, j=interpreted, Vv=VM code)
J 1925  org.lwjgl.opengl.GL11.nglDrawElements(IIIJJ)V (0 bytes) @ 0x000002abce5843af [0x000002abce584340+0x000000000000006f]
J 4977 c2 com.badlogic.gdx.graphics.Mesh.render(Lcom/badlogic/gdx/graphics/glutils/ShaderProgram;IIIZ)V (257 bytes) @ 0x000002abce865688 [0x000002abce8653e0+0x00000000000002a8]
J 2986 c2 com.badlogic.gdx.graphics.g2d.SpriteBatch.flush()V (193 bytes) @ 0x000002abce63f760 [0x000002abce63f340+0x0000000000000420]
J 5163 c2 com.badlogic.gdx.scenes.scene2d.ui.Image.draw(Lcom/badlogic/gdx/graphics/g2d/Batch;F)V (200 bytes) @ 0x000002abce89b15c [0x000002abce89ae20+0x000000000000033c]
J 5061 c2 com.badlogic.gdx.scenes.scene2d.Group.drawChildren(Lcom/badlogic/gdx/graphics/g2d/Batch;F)V (551 bytes) @ 0x000002abce874368 [0x000002abce874040+0x0000000000000328]
J 3693 c2 com.badlogic.gdx.scenes.scene2d.Stage.draw()V (70 bytes) @ 0x000002abce6e0d80 [0x000002abce6e06e0+0x00000000000006a0]
J 4606 c2 sk.sivak.eldritchhorror.core.Game.render()V (47 bytes) @ 0x000002abce7cb2dc [0x000002abce7cb080+0x000000000000025c]
j  com.badlogic.gdx.backends.lwjgl.LwjglApplication.mainLoop()V+698
j  com.badlogic.gdx.backends.lwjgl.LwjglApplication$1.run()V+27
v  ~StubRoutines::call_stub 0x000002abcdd510e7

siginfo: EXCEPTION_ACCESS_VIOLATION (0xc0000005), writing address 0x0000000000000018


Registers:
RAX=0x0000000078080003, RBX=0x000002abe38d8480, RCX=0x0000000000000000, RDX=0x0000000000000034
RSP=0x000000ff1f6f87d0, RBP=0x000000ff1f6f88d0, RSI=0x0000000000000000, RDI=0x0000000000000018
R8 =0x000002abe3755cb0, R9 =0x0000000000000000, R10=0x0000000000000003, R11=0x0000000000000003
R12=0x0000000000000003, R13=0x0000000000000000, R14=0x0000000000000000, R15=0x000002abe3742c50
RIP=0x00007ffbf7ad4982, EFLAGS=0x0000000000010202

XMM[0]=0x0000000000000000 0x0000000000000000
XMM[1]=0x0000000000000000 0x0000000000000018
XMM[2]=0x0000000000000000 0x0000000000000000
XMM[3]=0x0000000000000000 0x0000000000000000
XMM[4]=0x3f8000003f800000 0x4278000041e00000
XMM[5]=0x0000000000000000 0x0000000044070000
XMM[6]=0x0000000000000000 0x0000000000000000
XMM[7]=0x0000000000000000 0x000000004417e000
XMM[8]=0x0000000000000000 0x000000003f800000
XMM[9]=0x0000000000000000 0x0000000000000000
XMM[10]=0x0000000000000000 0x00000000c2f00000
XMM[11]=0x0000000000000000 0x0000000000000000
XMM[12]=0x0000000000000000 0x00000000c3a8c000
XMM[13]=0x0000000000000000 0x000000004417e000
XMM[14]=0x0000000000000000 0x00000000c2870000
XMM[15]=0x0000000000000000 0x00000000c2f00000
  MXCSR=0x00001fa7


Register to memory mapping:

RAX=0x0000000078080003 is an unknown value
RBX=0x000002abe38d8480 points into unknown readable memory: 0x000002abe3aedd00 | 00 dd ae e3 ab 02 00 00
RCX=0x0 is null
RDX=0x0000000000000034 is an unknown value
RSP=0x000000ff1f6f87d0 is pointing into the stack for thread: 0x000002abe3ad54a0
RBP=0x000000ff1f6f88d0 is pointing into the stack for thread: 0x000002abe3ad54a0
RSI=0x0 is null
RDI=0x0000000000000018 is an unknown value
R8 =0x000002abe3755cb0 points into unknown readable memory: 0x02c7000078090005 | 05 00 09 78 00 00 c7 02
R9 =0x0 is null
R10=0x0000000000000003 is an unknown value
R11=0x0000000000000003 is an unknown value
R12=0x0000000000000003 is an unknown value
R13=0x0 is null
R14=0x0 is null
R15=0x000002abe3742c50 points into unknown readable memory: 0x0000b13411000001 | 01 00 00 11 34 b1 00 00

Top of Stack: (sp=0x000000ff1f6f87d0)
0x000000ff1f6f87d0:   000002abe38d8480 000002abe3908168
0x000000ff1f6f87e0:   000002abe38d8480 000002ac00000008
0x000000ff1f6f87f0:   000002abe3742c00 000002abe38d8480
0x000000ff1f6f8800:   000000ff1f6fe6a0 000000ff1f6fe6a4
0x000000ff1f6f8810:   1123000000000000 000000ff1f6fbd00
0x000000ff1f6f8820:   00000004e3900100 0000000000000000
0x000000ff1f6f8830:   ffffffff00000003 0000020040000000
0x000000ff1f6f8840:   00000003ffffffff 0000000300000000
0x000000ff1f6f8850:   00000000e3ba0100 000002ab00000008
0x000000ff1f6f8860:   000002abe3742c50 000002abe3755cc4
0x000000ff1f6f8870:   000002abe3755c01 0000000000000018
0x000000ff1f6f8880:   000000ff00000000 000000ff1f6fbee0
0x000000ff1f6f8890:   000002abe3908168 000000000000692f
0x000000ff1f6f88a0:   112300000a850000 000002ac2949c970
0x000000ff1f6f88b0:   000002abe3ba0f98 000000000000003c
0x000000ff1f6f88c0:   000000ff1f6fe290 000002abe38d8480
0x000000ff1f6f88d0:   000000ff1f6fbbb0 000002abe3755cc4
0x000000ff1f6f88e0:   000002abe3755cb0 000000000000692d
0x000000ff1f6f88f0:   0000000000000008 0000000000000014
0x000000ff1f6f8900:   000002abe3755ccc 000000ff00000018
0x000000ff1f6f8910:   000002abe38d8480 00007ffbf7b4464f
0x000000ff1f6f8920:   000000ff1f6fba90 000002ac2d260000
0x000000ff1f6f8930:   112300000a850000 000002abe3908168
0x000000ff1f6f8940:   000000ff1f6fe2d0 000000ff1f6fe2d4
0x000000ff1f6f8950:   000002abe38d8480 000002abe3908168
0x000000ff1f6f8960:   000002abe38d8480 00007ffc48c8f24d
0x000000ff1f6f8970:   000002abe3908100 000000000000692d
0x000000ff1f6f8980:   000000ff1f6fe6d0 000000ff1f6fe6d4
0x000000ff1f6f8990:   0000001c00000100 0000020000000000
0x000000ff1f6f89a0:   0000000400000100 0000000000000000
0x000000ff1f6f89b0:   ffffffff00000003 0000000040000000
0x000000ff1f6f89c0:   000000ff1f6fe300 000000ff1f6fe314 

Instructions: (pc=0x00007ffbf7ad4982)
0x00007ffbf7ad4882:   01 00 89 44 24 64 41 0f be bf 99 31 01 00 89 7c
0x00007ffbf7ad4892:   24 70 45 85 d2 0f 85 ab 00 00 00 49 8b 8f 80 31
0x00007ffbf7ad48a2:   01 00 49 39 48 04 74 0e 49 89 48 04 81 8b b0 54
0x00007ffbf7ad48b2:   04 00 00 00 00 02 45 33 f6 44 89 74 24 64 45 39
0x00007ffbf7ad48c2:   b7 28 2f 01 00 75 09 45 39 b7 2c 2f 01 00 74 6d
0x00007ffbf7ad48d2:   41 8b c5 48 8d 0c 40 f2 0f 10 05 2f 76 d9 00 f2
0x00007ffbf7ad48e2:   0f 11 84 8d a0 02 00 00 8b 05 28 76 d9 00 89 84
0x00007ffbf7ad48f2:   8d a8 02 00 00 8b 84 8d a4 02 00 00 44 33 d0 41
0x00007ffbf7ad4902:   83 e2 3f 44 33 d0 41 0f ba f2 08 44 89 94 8d a4
0x00007ffbf7ad4912:   02 00 00 44 89 b4 8d a8 02 00 00 4d 89 b7 28 2f
0x00007ffbf7ad4922:   01 00 49 8b 87 40 30 01 00 48 0f ba e8 00 49 89
0x00007ffbf7ad4932:   87 40 30 01 00 41 ff c5 44 89 6c 24 78 44 88 b3
0x00007ffbf7ad4942:   21 fc 02 00 eb 03 45 33 f6 80 bb 21 fc 02 00 00
0x00007ffbf7ad4952:   0f 85 6b 0d 00 00 48 c7 83 14 fc 02 00 00 00 00
0x00007ffbf7ad4962:   00 45 85 e4 0f 84 d3 05 00 00 0f ae e8 41 8b d4
0x00007ffbf7ad4972:   c1 e2 04 83 c2 04 8b 05 d2 91 04 01 48 8b 7d a8
0x00007ffbf7ad4982:   89 07 8b c2 c1 e8 02 2c 02 88 07 48 8d 8d c0 05
0x00007ffbf7ad4992:   00 00 e8 83 3e d4 ff 48 8d 8d c0 05 00 00 e8 97
0x00007ffbf7ad49a2:   60 d0 ff 4c 8b c8 48 8b 95 f0 09 00 00 48 8b 8d
0x00007ffbf7ad49b2:   c0 05 00 00 80 b9 c0 df 04 00 00 48 0f 45 95 e0
0x00007ffbf7ad49c2:   09 00 00 44 0f b6 83 b4 62 04 00 48 8b 0d cc 85
0x00007ffbf7ad49d2:   01 01 83 b9 60 0a 00 00 00 74 63 45 84 c0 0f 84
0x00007ffbf7ad49e2:   aa 00 00 00 83 bb fc 63 04 00 00 0f 85 9d 00 00
0x00007ffbf7ad49f2:   00 80 bb ac 61 04 00 00 74 32 8b 83 a8 61 04 00
0x00007ffbf7ad4a02:   ff c0 3b 83 48 61 04 00 75 22 80 bb 68 66 04 00
0x00007ffbf7ad4a12:   00 74 19 81 8b 98 61 04 00 00 80 00 00 8b 8b 98
0x00007ffbf7ad4a22:   61 04 00 48 8b 83 a0 61 04 00 89 08 48 89 93 a0
0x00007ffbf7ad4a32:   61 04 00 41 8b 01 89 83 98 61 04 00 eb 44 45 84
0x00007ffbf7ad4a42:   c0 74 4b 83 bb fc 63 04 00 00 75 42 80 bb ac 61
0x00007ffbf7ad4a52:   04 00 00 74 26 8b 83 a8 61 04 00 ff c0 3b 83 48
0x00007ffbf7ad4a62:   61 04 00 75 16 80 bb 68 66 04 00 00 74 0d 48 8b
0x00007ffbf7ad4a72:   83 a0 61 04 00 81 08 00 80 00 00 48 89 93 a0 61 


Stack slot to memory mapping:

stack at sp + 0 slots: 0x000002abe38d8480 points into unknown readable memory: 0x000002abe3aedd00 | 00 dd ae e3 ab 02 00 00
stack at sp + 1 slots: 0x000002abe3908168 points into unknown readable memory: 0x0000000000000000 | 00 00 00 00 00 00 00 00
stack at sp + 2 slots: 0x000002abe38d8480 points into unknown readable memory: 0x000002abe3aedd00 | 00 dd ae e3 ab 02 00 00
stack at sp + 3 slots: 0x000002ac00000008 is an unknown value
stack at sp + 4 slots: 0x000002abe3742c00 points into unknown readable memory: 0x00000000e5353ff6 | f6 3f 35 e5 00 00 00 00
stack at sp + 5 slots: 0x000002abe38d8480 points into unknown readable memory: 0x000002abe3aedd00 | 00 dd ae e3 ab 02 00 00
stack at sp + 6 slots: 0x000000ff1f6fe6a0 is pointing into the stack for thread: 0x000002abe3ad54a0
stack at sp + 7 slots: 0x000000ff1f6fe6a4 is pointing into the stack for thread: 0x000002abe3ad54a0


Compiled method (n/a) 468556 1925     n 0       org.lwjgl.opengl.GL11::nglDrawElements (native)
 total in heap  [0x000002abce584190,0x000002abce584578] = 1000
 relocation     [0x000002abce5842f0,0x000002abce584328] = 56
 main code      [0x000002abce584340,0x000002abce58456e] = 558
 stub code      [0x000002abce58456e,0x000002abce584570] = 2
 oops           [0x000002abce584570,0x000002abce584578] = 8

[Constant Pool (empty)]

[MachCode]
[Entry Point]
  # {method} {0x000002ac2553c3a0} 'nglDrawElements' '(IIIJJ)V' in 'org/lwjgl/opengl/GL11'
  # parm0:    rdx       = int
  # parm1:    r8        = int
  # parm2:    r9        = int
  # parm3:    rdi:rdi   = long
  # parm4:    rsi:rsi   = long
  #           [sp+0x90]  (sp of caller)
  0x000002abce584340: 448b 5208 | 49bb 0000 | 00e4 ab02 | 0000 4d03 | d349 3bc2 | 0f84 0600 

  0x000002abce584358: ;   {runtime_call ic_miss_stub}
  0x000002abce584358: 0000 e921 | a681 ff90 
[Verified Entry Point]
  0x000002abce584360: 8984 2400 | 80ff ff55 | 488b ec48 | 81ec 8000 | 0000 6690 | 4181 7f20 | 0300 0000 

  0x000002abce58437c: ;   {runtime_call StubRoutines (final stubs)}
  0x000002abce58437c: 7405 e83d | 1980 ff48 | 8974 2430 | 4889 7c24 | 284c 894c | 2420 4d8b | c84c 8bc2 

  0x000002abce584398: ;   {oop(a 'java/lang/Class'{0x00000006047d0450} = 'org/lwjgl/opengl/GL11')}
  0x000002abce584398: 49be 5004 | 7d04 0600 | 0000 4c89 | 7424 684c | 8d74 2468 | 498b d6c5 

  0x000002abce5843b0: ;   {internal_word}
  0x000002abce5843b0: f877 49ba | af43 58ce | ab02 0000 | 4d89 97a0 | 0300 0049 | 89a7 9803 

  0x000002abce5843c8: ;   {external_word}
  0x000002abce5843c8: 0000 49ba | c75a 5049 | fc7f 0000 | 4180 3a00 | 0f84 4e00 | 0000 5241 

  0x000002abce5843e0: ;   {metadata({method} {0x000002ac2553c3a0} 'nglDrawElements' '(IIIJJ)V' in 'org/lwjgl/opengl/GL11')}
  0x000002abce5843e0: 5041 5148 | ba98 c353 | 25ac 0200 | 0049 8bcf | 4883 ec20 | 40f6 c40f | 0f84 1900 | 0000 4883 
  0x000002abce584400: ;   {runtime_call}
  0x000002abce584400: ec08 48b8 | d010 fa48 | fc7f 0000 | ffd0 4883 | c408 e90c 

  0x000002abce584414: ;   {runtime_call}
  0x000002abce584414: 0000 0048 | b8d0 10fa | 48fc 7f00 | 00ff d048 | 83c4 2041 | 5941 585a | 498d 8fb8 | 0300 0041 
  0x000002abce584434: c787 4404 | 0000 0400 

  0x000002abce58443c: ;   {runtime_call}
  0x000002abce58443c: 0000 48b8 | d0d8 0080 | 0100 0000 | ffd0 c5f8 | 7741 c787 | 4404 0000 | 0500 0000 | f083 4424 
  0x000002abce58445c: c000 493b | af48 0400 | 000f 870e | 0000 0041 | 83bf 4004 | 0000 000f | 8423 0000 | 00c5 f877 
  0x000002abce58447c: 498b cf4c | 8be4 4883 | ec20 4883 

  0x000002abce584488: ;   {runtime_call}
  0x000002abce584488: e4f0 48b8 | 407a c548 | fc7f 0000 | ffd0 498b | e44d 33e4 | 41c7 8744 | 0400 0008 | 0000 0041 
  0x000002abce5844a8: 83bf c004 | 0000 020f | 8494 0000 

  0x000002abce5844b4: ;   {external_word}
  0x000002abce5844b4: 0049 bac7 | 5a50 49fc | 7f00 0041 | 803a 000f | 8444 0000 

  0x000002abce5844c8: ;   {metadata({method} {0x000002ac2553c3a0} 'nglDrawElements' '(IIIJJ)V' in 'org/lwjgl/opengl/GL11')}
  0x000002abce5844c8: 0048 ba98 | c353 25ac | 0200 0049 | 8bcf 4883 | ec20 40f6 | c40f 0f84 | 1900 0000 | 4883 ec08 
  0x000002abce5844e8: ;   {runtime_call}
  0x000002abce5844e8: 48b8 d010 | fa48 fc7f | 0000 ffd0 | 4883 c408 | e90c 0000 

  0x000002abce5844fc: ;   {runtime_call}
  0x000002abce5844fc: 0048 b8d0 | 10fa 48fc | 7f00 00ff | d048 83c4 | 2049 c787 | 9803 0000 | 0000 0000 | 49c7 87a0 
  0x000002abce58451c: 0300 0000 | 0000 00c5 | f877 498b | 8f28 0400 | 00c7 8100 | 0100 0000 | 0000 00c9 | 4983 7f08 
  0x000002abce58453c: 000f 8501 | 0000 00c3 

  0x000002abce584544: ;   {runtime_call StubRoutines (initial stubs)}
  0x000002abce584544: e9b7 c97c | ffc5 f877 | 4c8b e448 | 83ec 2048 

  0x000002abce584554: ;   {runtime_call}
  0x000002abce584554: 83e4 f048 | b870 48fa | 48fc 7f00 | 00ff d049 | 8be4 4d33 | e4e9 47ff | ffff f4f4 
[/MachCode]


Compiled method (c2) 468577 4977       4       com.badlogic.gdx.graphics.Mesh::render (257 bytes)
 total in heap  [0x000002abce864f90,0x000002abce868c10] = 15488
 relocation     [0x000002abce8650f0,0x000002abce8653e0] = 752
 main code      [0x000002abce8653e0,0x000002abce867020] = 7232
 stub code      [0x000002abce867020,0x000002abce867118] = 248
 oops           [0x000002abce867118,0x000002abce867120] = 8
 metadata       [0x000002abce867120,0x000002abce867338] = 536
 scopes data    [0x000002abce867338,0x000002abce868150] = 3608
 scopes pcs     [0x000002abce868150,0x000002abce8688b0] = 1888
 dependencies   [0x000002abce8688b0,0x000002abce868908] = 88
 handler table  [0x000002abce868908,0x000002abce868ad0] = 456
 nul chk table  [0x000002abce868ad0,0x000002abce868c10] = 320

[Constant Pool (empty)]

[MachCode]
[Entry Point]
  # {method} {0x000002ac25618460} 'render' '(Lcom/badlogic/gdx/graphics/glutils/ShaderProgram;IIIZ)V' in 'com/badlogic/gdx/graphics/Mesh'
  # this:     rdx:rdx   = 'com/badlogic/gdx/graphics/Mesh'
  # parm0:    r8:r8     = 'com/badlogic/gdx/graphics/glutils/ShaderProgram'
  # parm1:    r9        = int
  # parm2:    rdi       = int
  # parm3:    rsi       = int
  # parm4:    rcx       = boolean
  #           [sp+0x80]  (sp of caller)
  0x000002abce8653e0: 448b 5208 | 49bb 0000 | 00e4 ab02 | 0000 4d03 | d349 3bc2 

  0x000002abce8653f4: ;   {runtime_call ic_miss_stub}
  0x000002abce8653f4: 0f85 8695 | 53ff 6690 | 0f1f 4000 
[Verified Entry Point]
  0x000002abce865400: 8984 2400 | 80ff ff55 | 4883 ec70 | 4181 7f20 | 0300 0000 | 0f85 fc1b | 0000 897c | 241c 4489 
  0x000002abce865420: 4c24 244c | 8944 2430 | 4c8b d285 | f60f 8419 | 1000 0085 | c90f 8429 | 1000 004c | 8bc2 448b 
  0x000002abce865440: 5210 438b | 5cd4 084b | 8d14 d44d | 8b9f 8003 | 0000 4d8b 

  0x000002abce865454: ;   {metadata('com/badlogic/gdx/graphics/glutils/VertexArray')}
  0x000002abce865454: 1b81 fb88 | f002 010f | 85b9 0700 | 004c 895c | 2438 4c89 | 4424 0889 | 4c24 2089 | 7424 2845 
  0x000002abce865474: 33c9 4c8b | 4424 3090 

  0x000002abce86547c: ;   {optimized virtual_call}
  0x000002abce86547c: c5f8 77e8 

  0x000002abce865480: ; ImmutableOopMap {[8]=Oop [48]=Oop [56]=Oop }
                      ;*invokeinterface bind {reexecute=0 rethrow=0 return_oop=0}
                      ; - com.badlogic.gdx.graphics.Mesh::bind@6 (line 391)
                      ; - com.badlogic.gdx.graphics.Mesh::bind@3 (line 382)
                      ; - com.badlogic.gdx.graphics.Mesh::render@13 (line 490)
  0x000002abce865480: 3c9a d6ff 

  0x000002abce865484: ;   {other}
  0x000002abce865484: 0f1f 8400 | f404 0000 | 33ed 488b | 5c24 0844 | 8b43 1443 | 8b4c c408 | 4b8d 14c4 

  0x000002abce8654a0: ;   {metadata('com/badlogic/gdx/graphics/glutils/IndexArray')}
  0x000002abce8654a0: 81f9 68f5 | 0201 0f85 | a208 0000 | 4c8b d245 | 0fb6 5a0c | 4585 db0f | 854b 1300 | 0045 8b5a 
  0x000002abce8654c0: 1047 8b54 | dc1c 4585 

  0x000002abce8654c8: ;   {metadata('com/badlogic/gdx/graphics/glutils/IndexArray')}
  0x000002abce8654c8: d27e 0c81 | f968 f502 | 010f 85d9 | 0d00 0044 | 0fb6 5b0d | 8b7c 241c | 037c 2428 | 8b44 241c 
  0x000002abce8654e8: d1e0 4585 | db0f 8480 

  0x000002abce8654f0: ;   {metadata('com/badlogic/gdx/graphics/glutils/IndexArray')}
  0x000002abce8654f0: 0800 0081 | f968 f502 | 010f 85dd | 0d00 0044 | 0fb6 5a0c | 4585 db0f | 857b 0f00 | 0044 8b52 
  0x000002abce865510: 1047 8b5c | d41c 4585 | db0f 8e71 | 0e00 0047 | 8b4c d418 | 448b 4424 | 1c45 3bc3 | 0f8f 820f 
  0x000002abce865530: 0000 4585 | c00f 8cd5 | 0f00 0043 | 8b74 d40c | 413b f00f | 8f23 1000 | 0047 8944 | d418 438b 
  0x000002abce865550: 4cd4 203b | f90f 8f71 | 1000 0085 | ff0f 8cc5 | 1000 0043 | 897c d41c | 443b c70f | 8f0f 1100 
  0x000002abce865570: 003b f70f | 8f63 1100 

  0x000002abce865578: ;   {oop(a 'java/lang/Class'{0x00000006044d6580} = 'com/badlogic/gdx/Gdx')}
  0x000002abce865578: 0049 b880 | 654d 0406 | 0000 0045 | 8b80 8c00 | 0000 438b 

  0x000002abce86558c: ;   {metadata('com/badlogic/gdx/backends/lwjgl/LwjglGL20')}
  0x000002abce86558c: 7cc4 0881 | ff60 1202 | 010f 856d 

  0x000002abce865598: ;   {oop(a 'java/lang/Class'{0x00000006047c87e8} = 'org/lwjgl/opengl/GLContext')}
  0x000002abce865598: 0d00 0049 | b8e8 877c | 0406 0000 | 0041 8b78 | 7441 8b4c | fc0c 4c8b | c149 c1e0 | 034c 8b6c 
  0x000002abce8655b8: 2438 4d3b | c50f 85f9 | 0d00 0041 | 8b7c fc10 | 85ff 0f84 | 6811 0000 | 498b b4fc | 881a 0000 
  0x000002abce8655d8: 4885 f60f | 849b 1100 | 0045 8b84 | fcac 3f00 | 0047 8b44 | c410 438b | 4cc4 1044 | 894c 2414 
  0x000002abce8655f8: 4489 5c24 | 1844 8954 | 2410 896c | 2404 478b | 54c4 0c45 | 8b44 cc0c | 453b d00f | 832b 0c00 
  0x000002abce865618: 004d 8d1c | cc47 8b54 | 9310 478b | 4cd4 1845 | 85c9 0f85 | d00d 0000 | 478b 54d4 | 0c45 85d2 
  0x000002abce865638: 0f85 9211 

  0x000002abce86563c: ;   {oop(a 'org/lwjgl/MemoryUtilSun$AccessorUnsafe'{0x00000006047bc528})}
  0x000002abce86563c: 0000 49bb | 28c5 7b04 | 0600 0000 | 4d8b 5310 | 448b 4424 | 2845 85c0 | 0f8e 5004 | 0000 453b 
  0x000002abce86565c: 630c 0f84 | 2c0c 0000 | 4863 f844 | 8b5c 2410 | 4b8d 2cdc | 4a03 7c15 | 008b 5424 | 2441 b903 
  0x000002abce86567c: 1400 0090 

  0x000002abce865680: ;   {static_call}
  0x000002abce865680: c5f8 77e8 

  0x000002abce865684: ; ImmutableOopMap {rbp=Oop [8]=Oop [16]=NarrowOop [48]=Oop [56]=Oop }
                      ;*invokestatic nglDrawElements {reexecute=0 rethrow=0 return_oop=0}
                      ; - org.lwjgl.opengl.GL11::glDrawElements@34 (line 1110)
                      ; - com.badlogic.gdx.backends.lwjgl.LwjglGL20::glDrawElements@21 (line 281)
                      ; - com.badlogic.gdx.graphics.Mesh::render@88 (line 499)
  0x000002abce865684: d8ec d1ff 

  0x000002abce865688: ;   {other}
  0x000002abce865688: 0f1f 8400 | f806 0001 | 448b 5424 | 1047 8b44 | d41c 448b | 5c24 1445 | 3bd8 0f8f | a011 0000 
  0x000002abce8656a8: 4585 db0f | 8ccf 1100 | 0043 8b4c | d40c 413b | cb0f 8ff5 | 1100 0047 | 895c d418 | 478b 4cd4 
  0x000002abce8656c8: 2044 8b44 | 2418 453b | c10f 8f15 | 1200 0045 | 85c0 0f8c | 3412 0000 | 4789 44d4 | 1c45 3bd8 
  0x000002abce8656e8: 0f8f 4212 | 0000 413b | c80f 8f61 | 1200 004c | 8b5c 2408 | 458b 5310 

  0x000002abce865700: ; implicit exception: dispatches to 0x000002abce866d04
  0x000002abce865700: 438b 4cd4 | 084f 8d0c 

  0x000002abce865708: ;   {metadata('com/badlogic/gdx/graphics/glutils/VertexArray')}
  0x000002abce865708: d481 f988 | f002 010f | 85bd 0300 | 0045 8b51 | 1047 8b44 | d418 438b | 4cc4 0c85 | c90f 8696 
  0x000002abce865728: 0200 0048 | 8b5c 2430 | 4885 db0f | 8433 0c00 | 0045 33c0 | eb15 6690 | 4c8b 5c24 | 2048 8b5c 
  0x000002abce865748: 2428 4c8b | 4c24 308b | 4c24 4045 | 8b51 1047 | 8b54 d418 

  0x000002abce86575c: ; implicit exception: dispatches to 0x000002abce866c28
  0x000002abce86575c: 438b 54d4 | 0c44 3bc2 | 0f83 5e08 | 0000 49c1 | e203 478b | 5482 1047 | 8b74 d428 | 440f b653 
  0x000002abce86577c: ;   {oop(a 'java/lang/Class'{0x00000006044d6580} = 'com/badlogic/gdx/Gdx')}
  0x000002abce86577c: 1d48 bf80 | 654d 0406 | 0000 0044 | 8baf 8c00 | 0000 4585 | d20f 85a9 | 0900 008b | 6b34 85ed 
  0x000002abce86579c: 0f84 5608 | 0000 478b | 54f4 0c45 | 85d2 0f84 | 6d02 0000 | 4c89 5c24 | 2048 895c | 2428 4c89 
  0x000002abce8657bc: 4c24 3089 | 4c24 4044 | 8944 2444 | c4c1 796e | c245 2354 | ec20 458b | 44ec 3047 | 8b4c c40c 
  0x000002abce8657dc: 453b d10f | 832b 0800 | 004f 8d1c | c447 8b4c | 9310 453b | f10f 8416 | 0100 0047 | 8b5c cc08 
  0x000002abce8657fc: ;   {metadata('java/lang/String')}
  0x000002abce8657fc: 4181 fb40 | e700 000f | 85ab 1300 | 0047 0fbe | 44f4 1049 | c1e1 0345 | 0fbe 5910 | 453b c30f 
  0x000002abce86581c: 85b3 0800 | 0045 8b59 | 1447 8b4c | f414 478b | 44dc 0c43 | 8b4c cc0c | 413b c80f | 8597 0800 
  0x000002abce86583c: 004f 8d04 | dc4b 8d74 | dc10 4f8d | 1ccc 4b8d | 7ccc 1085 | c90f 849d | 0000 008b | c183 e01f 
  0x000002abce86585c: 83e1 e00f | 844b 0000 | 0048 8d3c | 0f48 8d34 | 0e48 f7d9 | c5fe 6f0c | 0fc5 fe6f | 140e c5f5 
  0x000002abce86587c: efca c4e2 | 7d17 c90f | 8572 0000 | 0048 83c1 | 2075 e185 | c00f 845d | 0000 00c5 | fe6f 4c07 
  0x000002abce86589c: e0c5 fe6f | 5406 e0c5 | f5ef cac4 | e27d 17c9 | 754d eb44 | 8bc8 83e1 | fc74 1948 | 8d3c 0f48 
  0x000002abce8658bc: 8d34 0e48 | f7d9 8b1c | 0f3b 1c0e | 7531 4883 | c104 75f2 | a802 7412 | 0fb7 1f0f | b70e 3bd9 
  0x000002abce8658dc: 751d 488d | 7f02 488d | 7602 a801 | 740a 0fb6 | 1f0f b60e | 3bd9 7507 | b801 0000 

  0x000002abce8658f8: ;   {no_reloc}
  0x000002abce8658f8: 00eb 0233 | c0c5 f5ef | c9c5 edef | d285 c00f | 84c7 0700 | 0045 8b44 | ec34 478b | 5cc4 0c45 
  0x000002abce865918: 3bd3 0f83 | 4c07 0000 | 4f8d 1cc4 | 438b 5493 | 1083 fafe | 0f84 4e08 | 0000 83fa | ff0f 8481 
  0x000002abce865938: 0800 0047 | 8b5c ec08 

  0x000002abce865940: ;   {metadata('com/badlogic/gdx/backends/lwjgl/LwjglGL20')}
  0x000002abce865940: 4181 fb60 | 1202 010f | 8563 0700 

  0x000002abce86594c: ;   {oop(a 'java/lang/Class'{0x00000006047c87e8} = 'org/lwjgl/opengl/GLContext')}
  0x000002abce86594c: 0049 bae8 | 877c 0406 | 0000 0045 | 8b42 7447 | 8b5c c40c | 4d8b d349 | c1e2 034c | 8b4c 2438 
  0x000002abce86596c: 4d3b d10f | 859b 0700 | 0047 8b54 | c410 4585 | d20f 8455 | 0800 004f | 8b84 d4f0 | 2300 004d 
  0x000002abce86598c: 85c0 0f84 | 6808 0000 

  0x000002abce865994: ;   {static_call}
  0x000002abce865994: c5f8 77e8 

  0x000002abce865998: ; ImmutableOopMap {[32]=Oop [40]=Oop [48]=Oop [56]=Oop }
                      ;*invokestatic nglDisableVertexAttribArray {reexecute=0 rethrow=0 return_oop=0}
                      ; - org.lwjgl.opengl.GL20::glDisableVertexAttribArray@15 (line 920)
                      ; - com.badlogic.gdx.backends.lwjgl.LwjglGL20::glDisableVertexAttribArray@1 (line 272)
                      ; - com.badlogic.gdx.graphics.glutils.ShaderProgram::disableVertexAttribute@22 (line 719)
                      ; - com.badlogic.gdx.graphics.glutils.VertexArray::unbind@34 (line 157)
                      ; - com.badlogic.gdx.graphics.Mesh::unbind@6 (line 409)
                      ; - com.badlogic.gdx.graphics.Mesh::unbind@3 (line 400)
                      ; - com.badlogic.gdx.graphics.Mesh::render@253 (line 518)
  0x000002abce865998: 440d d0ff 

  0x000002abce86599c: ;   {other}
  0x000002abce86599c: 0f1f 8400 | 0c0a 0002 | 448b 4424 | 4441 ffc0 | 443b 4424 | 400f 8c89 | fdff ff4c | 8b5c 2420 
  0x000002abce8659bc: 4c8b 4c24 | 3045 8861 | 0c41 8b5b | 1445 8b54 | dc08 4d8d 

  0x000002abce8659d0: ;   {metadata('com/badlogic/gdx/graphics/glutils/IndexArray')}
  0x000002abce8659d0: 04dc 4181 | fa68 f502 | 010f 8516 | 0200 0041 | 0fb6 480c | 85c9 0f85 | 900f 0000 | 458b 4010 
  0x000002abce8659f0: ; implicit exception: dispatches to 0x000002abce866e2c
  0x000002abce8659f0: 478b 44c4 | 1c45 85c0 

  0x000002abce8659f8: ;   {metadata('com/badlogic/gdx/graphics/glutils/IndexArray')}
  0x000002abce8659f8: 7e0d 4181 | fa68 f502 | 010f 854d | 0900 00c5 | f877 4883 

  0x000002abce865a0c: ;   {poll_return}
  0x000002abce865a0c: c470 5d49 | 3ba7 4804 | 0000 0f87 | e415 0000 | c347 0fb6 | 54f4 1145 | 85d2 0f85 | 8600 0000 
  0x000002abce865a2c: 4489 4424 | 4489 4c24 | 404c 894c | 2430 4889 | 5c24 284c | 895c 2420 | 478b 54f4 | 1444 8974 
  0x000002abce865a4c: 2448 4d8d | 04ec 498b | d248 c1e2 | 034f 8d1c | f443 807c | f410 000f | 8504 0500 | 0044 896c 
  0x000002abce865a6c: 244c 4c89 | 4424 084c | 895c 2418 

  0x000002abce865a78: ;   {static_call}
  0x000002abce865a78: c5f8 77e8 

  0x000002abce865a7c: ; ImmutableOopMap {rbp=NarrowOop [8]=Oop [24]=Oop [32]=Oop [40]=Oop [48]=Oop [56]=Oop [72]=NarrowOop [76]=NarrowOop }
                      ;*invokestatic hashCode {reexecute=0 rethrow=0 return_oop=0}
                      ; - java.lang.String::hashCode@27 (line 2369)
                      ; - com.badlogic.gdx.utils.ObjectIntMap::get@1 (line 279)
                      ; - com.badlogic.gdx.graphics.glutils.ShaderProgram::fetchAttributeLocation@11 (line 290)
                      ; - com.badlogic.gdx.graphics.glutils.ShaderProgram::disableVertexAttribute@10 (line 717)
                      ; - com.badlogic.gdx.graphics.glutils.VertexArray::unbind@34 (line 157)
                      ; - com.badlogic.gdx.graphics.Mesh::unbind@6 (line 409)
                      ; - com.badlogic.gdx.graphics.Mesh::unbind@3 (line 400)
                      ; - com.badlogic.gdx.graphics.Mesh::render@253 (line 518)
  0x000002abce865a7c: 009e 53ff 

  0x000002abce865a80: ;   {other}
  0x000002abce865a80: 0f1f 8400 | f00a 0003 | 448b d085 | c00f 84fe | 0400 0044 | 8b44 2448 | 4389 44c4 | 0c45 8bf0 
  0x000002abce865aa0: 448b 6c24 | 4ce9 1efd | ffff 4533 | c0e9 a8fb | ffff 4533 | d24c 895c | 2420 4889 | 5c24 284c 
  0x000002abce865ac0: 894c 2430 | 894c 2440 | 4489 4424 | 44e9 f6fc 

  0x000002abce865ad0: ;   {metadata('com/badlogic/gdx/graphics/glutils/VertexBufferObject')}
  0x000002abce865ad0: ffff 81f9 | b0cb 2e01 | 0f85 ea0e | 0000 418b | 4918 458b | 44cc 1843 | 8b7c c40c 

  0x000002abce865aec: ;   {oop(a 'java/lang/Class'{0x00000006044d6580} = 'com/badlogic/gdx/Gdx')}
  0x000002abce865aec: 49ba 8065 | 4d04 0600 | 0000 418b | aa8c 0000 | 0085 ff0f | 86a8 0000 | 004c 8b54 | 2430 4d85 
  0x000002abce865b0c: d20f 84f5 | 0f00 0045 | 33c0 eb22 | 0f1f 8400 | 0000 0000 | 4c8b 4c24 | 1841 8b49 | 1845 8bc2 
  0x000002abce865b2c: 4c8b 5c24 | 084c 8b54 | 2410 8b7c | 2420 85c9 | 0f84 560e | 0000 4489 | 4424 2489 | 7c24 204c 
  0x000002abce865b4c: 894c 2418 | 4c89 5424 | 104c 895c | 2408 498d | 14cc 6690 

  0x000002abce865b60: ;   {optimized virtual_call}
  0x000002abce865b60: c5f8 77e8 

  0x000002abce865b64: ; ImmutableOopMap {rbp=NarrowOop [8]=Oop [16]=Oop [24]=Oop }
                      ;*invokevirtual get {reexecute=0 rethrow=0 return_oop=1}
                      ; - com.badlogic.gdx.graphics.glutils.VertexBufferObject::unbind@34 (line 222)
                      ; - com.badlogic.gdx.graphics.Mesh::unbind@6 (line 409)
                      ; - com.badlogic.gdx.graphics.Mesh::unbind@3 (line 400)
                      ; - com.badlogic.gdx.graphics.Mesh::render@253 (line 518)
  0x000002abce865b64: d811 d2ff 

  0x000002abce865b68: ;   {other}
  0x000002abce865b68: 0f1f 8400 | d80b 0004 

  0x000002abce865b70: ; implicit exception: dispatches to 0x000002abce866e44
  0x000002abce865b70: 448b 5028 | 4d8b c249 | c1e0 0348 | 8b54 2410 

  0x000002abce865b80: ;   {optimized virtual_call}
  0x000002abce865b80: c5f8 77e8 

  0x000002abce865b84: ; ImmutableOopMap {rbp=NarrowOop [8]=Oop [16]=Oop [24]=Oop }
                      ;*invokevirtual disableVertexAttribute {reexecute=0 rethrow=0 return_oop=0}
                      ; - com.badlogic.gdx.graphics.glutils.VertexBufferObject::unbind@40 (line 222)
                      ; - com.badlogic.gdx.graphics.Mesh::unbind@6 (line 409)
                      ; - com.badlogic.gdx.graphics.Mesh::unbind@3 (line 400)
                      ; - com.badlogic.gdx.graphics.Mesh::render@253 (line 518)
  0x000002abce865b84: 9877 0000 

  0x000002abce865b88: ;   {other}
  0x000002abce865b88: 0f1f 8400 | f80b 0005 | 448b 5424 | 2441 ffc2 | 443b 5424 | 200f 8c7d | ffff ff4c | 8b5c 2408 
  0x000002abce865ba8: 4c8b 4c24 | 1845 8b54 

  0x000002abce865bb0: ;   {metadata('com/badlogic/gdx/backends/lwjgl/LwjglGL20')}
  0x000002abce865bb0: ec08 4181 | fa60 1202 | 010f 8545 | 0e00 004c | 894c 2408 | 498b ebba | 9288 0000 | 448b 4424 
  0x000002abce865bd0: 0466 6690 

  0x000002abce865bd4: ;   {static_call}
  0x000002abce865bd4: c5f8 77e8 

  0x000002abce865bd8: ; ImmutableOopMap {rbp=Oop [8]=Oop }
                      ;*invokestatic glBindBuffer {reexecute=0 rethrow=0 return_oop=0}
                      ; - com.badlogic.gdx.backends.lwjgl.LwjglGL20::glBindBuffer@2 (line 81)
                      ; - com.badlogic.gdx.graphics.glutils.VertexBufferObject::unbind@89 (line 230)
                      ; - com.badlogic.gdx.graphics.Mesh::unbind@6 (line 409)
                      ; - com.badlogic.gdx.graphics.Mesh::unbind@3 (line 400)
                      ; - com.badlogic.gdx.graphics.Mesh::render@253 (line 518)
  0x000002abce865bd8: 849e a6f8 

  0x000002abce865bdc: ;   {other}
  0x000002abce865bdc: 0f1f 8400 | 4c0c 0006 | 4c8b 5424 | 0845 8862 | 164c 8bdd | e9d0 fdff 

  0x000002abce865bf4: ;   {metadata('com/badlogic/gdx/graphics/glutils/IndexBufferObject')}
  0x000002abce865bf4: ff41 81fa | a8d0 2e01 | 0f85 e60d | 0000 450f | b658 1745 | 85db 0f84 | 9c03 0000 | 448b 4424 
  0x000002abce865c14: 04e9 dbfd 

  0x000002abce865c18: ;   {metadata('com/badlogic/gdx/graphics/glutils/VertexBufferObject')}
  0x000002abce865c18: ffff 81fb | b0cb 2e01 | 0f85 fe0d | 0000 4c8b 

  0x000002abce865c28: ;   {oop(a 'java/lang/Class'{0x00000006044d6580} = 'com/badlogic/gdx/Gdx')}
  0x000002abce865c28: ca49 ba80 | 654d 0406 | 0000 0041 | 8baa 8c00 | 0000 458b | 510c 418b 

  0x000002abce865c40: ;   {metadata('com/badlogic/gdx/backends/lwjgl/LwjglGL20')}
  0x000002abce865c40: 5cec 0881 | fb60 1202 | 010f 8511 | 0e00 004c | 894c 2410 | 4c89 5c24 | 384c 8944 | 2408 894c 
  0x000002abce865c60: 2420 8974 | 2428 4d8d | 1cec 498b | ebba 9288 | 0000 458b | c266 6690 

  0x000002abce865c78: ;   {static_call}
  0x000002abce865c78: c5f8 77e8 

  0x000002abce865c7c: ; ImmutableOopMap {rbp=Oop [8]=Oop [16]=Oop [48]=Oop [56]=Oop }
                      ;*invokestatic glBindBuffer {reexecute=0 rethrow=0 return_oop=0}
                      ; - com.badlogic.gdx.backends.lwjgl.LwjglGL20::glBindBuffer@2 (line 81)
                      ; - com.badlogic.gdx.graphics.glutils.VertexBufferObject::bind@11 (line 175)
                      ; - com.badlogic.gdx.graphics.Mesh::bind@6 (line 391)
                      ; - com.badlogic.gdx.graphics.Mesh::bind@3 (line 382)
                      ; - com.badlogic.gdx.graphics.Mesh::render@13 (line 490)
  0x000002abce865c7c: e09d a6f8 

  0x000002abce865c80: ;   {other}
  0x000002abce865c80: 0f1f 8400 | f00c 0007 | 4c8b 4c24 | 1045 0fb6 | 5915 4585 | db74 7645 | 8b59 1c47 | 8b44 dc1c 
  0x000002abce865ca0: 458b 5120 | 41c1 e002 | 498b d248 | c1e2 0366 | 6690 c5f8 | 7748 b8e8 | ea1b e4ab 

  0x000002abce865cbc: ;   {virtual_call}
  0x000002abce865cbc: 0200 00e8 

  0x000002abce865cc0: ; ImmutableOopMap {rbp=Oop [8]=Oop [16]=Oop [48]=Oop [56]=Oop }
                      ;*invokevirtual limit {reexecute=0 rethrow=0 return_oop=1}
                      ; - com.badlogic.gdx.graphics.glutils.VertexBufferObject::bind@36 (line 177)
                      ; - com.badlogic.gdx.graphics.Mesh::bind@6 (line 391)
                      ; - com.badlogic.gdx.graphics.Mesh::bind@3 (line 382)
                      ; - com.badlogic.gdx.graphics.Mesh::render@13 (line 490)
  0x000002abce865cc0: dc8e d5ff 

  0x000002abce865cc4: ;   {other}
  0x000002abce865cc4: 0f1f 8400 | 340d 0008 | 4c8b 5424 | 1045 8b5a | 2047 8b4c | dc1c 418b | 7210 498b | fb48 c1e7 
  0x000002abce865ce4: 0348 8bd5 | 41b8 9288 | 0000 488b | 6c24 0890 

  0x000002abce865cf4: ;   {optimized virtual_call}
  0x000002abce865cf4: c5f8 77e8 

  0x000002abce865cf8: ; ImmutableOopMap {rbp=Oop [8]=Oop [16]=Oop [48]=Oop [56]=Oop }
                      ;*invokeinterface glBufferData {reexecute=0 rethrow=0 return_oop=0}
                      ; - com.badlogic.gdx.graphics.glutils.VertexBufferObject::bind@58 (line 178)
                      ; - com.badlogic.gdx.graphics.Mesh::bind@6 (line 391)
                      ; - com.badlogic.gdx.graphics.Mesh::bind@3 (line 382)
                      ; - com.badlogic.gdx.graphics.Mesh::render@13 (line 490)
  0x000002abce865cf8: 4431 a7f8 

  0x000002abce865cfc: ;   {other}
  0x000002abce865cfc: 0f1f 8400 | 6c0d 0009 | 4c8b 4c24 | 1045 8861 | 1545 8b41 | 1847 8b54 | c418 438b | 6cd4 0c85 
  0x000002abce865d1c: ed76 184c | 8b5c 2430 | 4d85 db0f | 84fb 0d00 | 0033 db45 | 33d2 e9cc | 0100 0033 | edeb 098b 
  0x000002abce865d3c: 6c24 044c | 8b4c 2410 | 41c6 4116 | 01e9 40f7 

  0x000002abce865d4c: ;   {metadata('com/badlogic/gdx/graphics/glutils/IndexBufferObject')}
  0x000002abce865d4c: ffff 81f9 | a8d0 2e01 | 0f85 420d | 0000 4c8b | d245 0fb6 | 5a17 4585 | db0f 844f | 0200 0045 
  0x000002abce865d6c: 33d2 e953 

  0x000002abce865d70: ;   {metadata('com/badlogic/gdx/graphics/glutils/IndexBufferObject')}
  0x000002abce865d70: f7ff ff81 | f9a8 d02e | 010f 855d | 0d00 0089 | 4424 2c89 | 7c24 1089 | 6c24 0490 

  0x000002abce865d8c: ;   {optimized virtual_call}
  0x000002abce865d8c: c5f8 77e8 

  0x000002abce865d90: ; ImmutableOopMap {[8]=Oop [48]=Oop [56]=Oop }
                      ;*invokeinterface getNumIndices {reexecute=0 rethrow=0 return_oop=0}
                      ; - com.badlogic.gdx.graphics.Mesh::render@131 (line 506)
  0x000002abce865d90: ccef a6f8 

  0x000002abce865d94: ;   {other}
  0x000002abce865d94: 0f1f 8400 | 040e 000a | 85c0 7f4d 

  0x000002abce865da0: ;   {oop(a 'java/lang/Class'{0x00000006044d6580} = 'com/badlogic/gdx/Gdx')}
  0x000002abce865da0: 49ba 8065 | 4d04 0600 | 0000 418b | aa8c 0000 | 0045 8b5c 

  0x000002abce865db4: ;   {metadata('com/badlogic/gdx/backends/lwjgl/LwjglGL20')}
  0x000002abce865db4: ec08 4181 | fb60 1202 | 010f 85b1 | 0d00 0049 | 8d14 ec44 | 8b44 2424 | 448b 4c24 | 1c8b 7c24 
  0x000002abce865dd4: 2866 6690 

  0x000002abce865dd8: ;   {optimized virtual_call}
  0x000002abce865dd8: c5f8 77e8 

  0x000002abce865ddc: ; ImmutableOopMap {[8]=Oop [48]=Oop [56]=Oop }
                      ;*invokeinterface glDrawArrays {reexecute=0 rethrow=0 return_oop=0}
                      ; - com.badlogic.gdx.graphics.Mesh::render@241 (line 514)
  0x000002abce865ddc: 0057 a7f8 

  0x000002abce865de0: ;   {other}
  0x000002abce865de0: 0f1f 8400 | 500e 000b | e90a f9ff | ff4c 8b54 | 2408 458b | 5214 498b | d248 c1e2 | 0390 c5f8 
  0x000002abce865e00: 7748 b8ff | ffff ffff 

  0x000002abce865e08: ;   {virtual_call}
  0x000002abce865e08: ffff ffe8 

  0x000002abce865e0c: ; ImmutableOopMap {[8]=Oop [48]=Oop [56]=Oop }
                      ;*invokeinterface getNumMaxIndices {reexecute=0 rethrow=0 return_oop=0}
                      ; - com.badlogic.gdx.graphics.Mesh::render@147 (line 507)
  0x000002abce865e0c: 7095 53ff 

  0x000002abce865e10: ;   {other}
  0x000002abce865e10: 0f1f 8400 | 800e 000c | 448b 5c24 | 1044 3bd8 | 0f8f 320d 

  0x000002abce865e24: ;   {oop(a 'java/lang/Class'{0x00000006044d6580} = 'com/badlogic/gdx/Gdx')}
  0x000002abce865e24: 0000 49ba | 8065 4d04 | 0600 0000 | 418b aa8c | 0000 0045 | 8b5c ec08 

  0x000002abce865e3c: ;   {metadata('com/badlogic/gdx/backends/lwjgl/LwjglGL20')}
  0x000002abce865e3c: 4181 fb60 | 1202 010f | 854b 0d00 | 0049 8d14 | ec44 8b44 | 2424 448b | 4c24 28bf | 0314 0000 
  0x000002abce865e5c: 8b74 242c 

  0x000002abce865e60: ;   {optimized virtual_call}
  0x000002abce865e60: c5f8 77e8 

  0x000002abce865e64: ; ImmutableOopMap {[8]=Oop [48]=Oop [56]=Oop }
                      ;*invokeinterface glDrawElements {reexecute=0 rethrow=0 return_oop=0}
                      ; - com.badlogic.gdx.graphics.Mesh::render@226 (line 512)
  0x000002abce865e64: 1890 53ff 

  0x000002abce865e68: ;   {other}
  0x000002abce865e68: 0f1f 8400 | d80e 000d | e982 f8ff | ff89 4424 | 2c48 8b54 | 2430 448b | c066 6690 

  0x000002abce865e84: ;   {optimized virtual_call}
  0x000002abce865e84: c5f8 77e8 

  0x000002abce865e88: ; ImmutableOopMap {[8]=Oop [16]=Oop [48]=Oop [56]=Oop [64]=Oop }
                      ;*invokevirtual enableVertexAttribute {reexecute=0 rethrow=0 return_oop=0}
                      ; - com.badlogic.gdx.graphics.glutils.VertexBufferObject::bind@124 (line 188)
                      ; - com.badlogic.gdx.graphics.Mesh::bind@6 (line 391)
                      ; - com.badlogic.gdx.graphics.Mesh::bind@3 (line 382)
                      ; - com.badlogic.gdx.graphics.Mesh::render@13 (line 490)
  0x000002abce865e88: 546e 0000 

  0x000002abce865e8c: ;   {other}
  0x000002abce865e8c: 0f1f 8400 | fc0e 000e | 4c8b 5c24 | 1045 8b53 | 1843 8b4c | d40c 4c8b | 5424 4045 | 8b42 1845 
  0x000002abce865eac: 8bd8 458b | 4a10 418b | 7a14 410f | b672 2448 | 8b54 2430 | 448b 4424 | 2c44 891c | 2466 6690 
  0x000002abce865ecc: ;   {optimized virtual_call}
  0x000002abce865ecc: c5f8 77e8 

  0x000002abce865ed0: ; ImmutableOopMap {[8]=Oop [16]=Oop [48]=Oop [56]=Oop }
                      ;*invokevirtual setVertexAttribute {reexecute=0 rethrow=0 return_oop=0}
                      ; - com.badlogic.gdx.graphics.glutils.VertexBufferObject::bind@157 (line 190)
                      ; - com.badlogic.gdx.graphics.Mesh::bind@6 (line 391)
                      ; - com.badlogic.gdx.graphics.Mesh::bind@3 (line 382)
                      ; - com.badlogic.gdx.graphics.Mesh::render@13 (line 490)
  0x000002abce865ed0: ac77 a6f8 

  0x000002abce865ed4: ;   {other}
  0x000002abce865ed4: 0f1f 8400 | 440f 000f | 0f1f 4000 | 448b 5424 | 1841 ffc2 | 443b d50f | 8d4a feff | ff4c 8b4c 
  0x000002abce865ef4: 2410 458b | 4118 4c8b | 5c24 308b | 5c24 0445 | 85c0 0f84 | a40a 0000 | 4489 5424 | 184c 894c 
  0x000002abce865f14: 2410 895c | 2404 4c89 | 5c24 304b | 8d14 c445 | 8bc2 6690 

  0x000002abce865f28: ;   {optimized virtual_call}
  0x000002abce865f28: c5f8 77e8 

  0x000002abce865f2c: ; ImmutableOopMap {[8]=Oop [16]=Oop [48]=Oop [56]=Oop }
                      ;*invokevirtual get {reexecute=0 rethrow=0 return_oop=1}
                      ; - com.badlogic.gdx.graphics.glutils.VertexBufferObject::bind@97 (line 185)
                      ; - com.badlogic.gdx.graphics.Mesh::bind@6 (line 391)
                      ; - com.badlogic.gdx.graphics.Mesh::bind@3 (line 382)
                      ; - com.badlogic.gdx.graphics.Mesh::render@13 (line 490)
  0x000002abce865f2c: 100e d2ff 

  0x000002abce865f30: ;   {other}
  0x000002abce865f30: 0f1f 8400 | a00f 0010 

  0x000002abce865f38: ; implicit exception: dispatches to 0x000002abce866e5c
  0x000002abce865f38: 448b 5828 | 4889 4424 | 404d 8bc3 | 49c1 e003 | 488b 5424 | 3066 6690 

  0x000002abce865f50: ;   {optimized virtual_call}
  0x000002abce865f50: c5f8 77e8 

  0x000002abce865f54: ; ImmutableOopMap {[8]=Oop [16]=Oop [48]=Oop [56]=Oop [64]=Oop }
                      ;*invokevirtual getAttributeLocation {reexecute=0 rethrow=0 return_oop=0}
                      ; - com.badlogic.gdx.graphics.glutils.VertexBufferObject::bind@108 (line 186)
                      ; - com.badlogic.gdx.graphics.Mesh::bind@6 (line 391)
                      ; - com.badlogic.gdx.graphics.Mesh::bind@3 (line 382)
                      ; - com.badlogic.gdx.graphics.Mesh::render@13 (line 490)
  0x000002abce865f54: a865 0000 

  0x000002abce865f58: ;   {other}
  0x000002abce865f58: 0f1f 8400 | c80f 0011 | 85c0 0f8d | 0dff ffff | e973 ffff | ff44 896c | 244c 4c89 | 4424 084c 
  0x000002abce865f78: 895c 2418 

  0x000002abce865f7c: ;   {static_call}
  0x000002abce865f7c: c5f8 77e8 

  0x000002abce865f80: ; ImmutableOopMap {rbp=NarrowOop [8]=Oop [24]=Oop [32]=Oop [40]=Oop [48]=Oop [56]=Oop [72]=NarrowOop [76]=NarrowOop }
                      ;*invokestatic hashCode {reexecute=0 rethrow=0 return_oop=0}
                      ; - java.lang.String::hashCode@37 (line 2370)
                      ; - com.badlogic.gdx.utils.ObjectIntMap::get@1 (line 279)
                      ; - com.badlogic.gdx.graphics.glutils.ShaderProgram::fetchAttributeLocation@11 (line 290)
                      ; - com.badlogic.gdx.graphics.glutils.ShaderProgram::disableVertexAttribute@10 (line 717)
                      ; - com.badlogic.gdx.graphics.glutils.VertexArray::unbind@34 (line 157)
                      ; - com.badlogic.gdx.graphics.Mesh::unbind@6 (line 409)
                      ; - com.badlogic.gdx.graphics.Mesh::unbind@3 (line 400)
                      ; - com.badlogic.gdx.graphics.Mesh::render@253 (line 518)
  0x000002abce865f80: fc98 53ff 

  0x000002abce865f84: ;   {other}
  0x000002abce865f84: 0f1f 8400 | f40f 0012 | e9f7 faff | ff44 8b5c | 2448 43c6 | 44dc 1101 | 4533 d245 | 8bf3 448b 
  0x000002abce865fa4: 6c24 4ce9 | 1cf8 ffff | 458b 5818 

  0x000002abce865fb0: ; implicit exception: dispatches to 0x000002abce866fd0
  0x000002abce865fb0: 478b 44dc | 1ce9 3bfa | ffff 458b | 5218 478b | 54d4 1ce9 | fef4 ffff | bae4 ffff | ff49 8beb 
  0x000002abce865fd0: 4c89 4c24 | 0889 4c24 | 0448 895c | 2420 4489 | 5424 1c44 | 8944 2428 

  0x000002abce865fe8: ;   {runtime_call UncommonTrapBlob}
  0x000002abce865fe8: c5f8 77e8 

  0x000002abce865fec: ; ImmutableOopMap {rbp=Oop [8]=Oop [28]=NarrowOop [32]=Oop }
                      ;*aaload {reexecute=0 rethrow=0 return_oop=0}
                      ; - com.badlogic.gdx.graphics.VertexAttributes::get@5 (line 109)
                      ; - com.badlogic.gdx.graphics.glutils.VertexArray::unbind@28 (line 157)
                      ; - com.badlogic.gdx.graphics.Mesh::unbind@6 (line 409)
                      ; - com.badlogic.gdx.graphics.Mesh::unbind@3 (line 400)
                      ; - com.badlogic.gdx.graphics.Mesh::render@253 (line 518)
  0x000002abce865fec: 101d 54ff 

  0x000002abce865ff0: ;   {other}
  0x000002abce865ff0: 0f1f 8400 | 6010 0013 | baf6 ffff | ff41 8bee 

  0x000002abce866000: ;   {runtime_call UncommonTrapBlob}
  0x000002abce866000: c5f8 77e8 

  0x000002abce866004: ; ImmutableOopMap {rbp=NarrowOop }
                      ;*invokevirtual get {reexecute=0 rethrow=0 return_oop=0}
                      ; - com.badlogic.gdx.graphics.glutils.ShaderProgram::fetchAttributeLocation@11 (line 290)
                      ; - com.badlogic.gdx.graphics.glutils.ShaderProgram::disableVertexAttribute@10 (line 717)
                      ; - com.badlogic.gdx.graphics.glutils.VertexArray::unbind@34 (line 157)
                      ; - com.badlogic.gdx.graphics.Mesh::unbind@6 (line 409)
                      ; - com.badlogic.gdx.graphics.Mesh::unbind@3 (line 400)
                      ; - com.badlogic.gdx.graphics.Mesh::render@253 (line 518)
  0x000002abce866004: f81c 54ff 

  0x000002abce866008: ;   {other}
  0x000002abce866008: 0f1f 8400 | 7810 0014 | bae4 ffff | ff4c 8b5c | 2420 4c89 | 5c24 084c | 8b5c 2430 | 4c89 5c24 
  0x000002abce866028: 1044 8b4c | 2440 4489 | 4c24 0444 | 8b5c 2444 | 4489 5c24 | 2044 896c | 2434 4489 | 7424 38c5 
  0x000002abce866048: fa11 4424 | 3c44 8974 | 2444 4489 | 4424 4844 | 8954 244c 

  0x000002abce86605c: ;   {runtime_call UncommonTrapBlob}
  0x000002abce86605c: c5f8 77e8 

  0x000002abce866060: ; ImmutableOopMap {rbp=NarrowOop [8]=Oop [16]=Oop [40]=Oop [52]=NarrowOop [56]=NarrowOop [68]=NarrowOop [72]=NarrowOop }
                      ;*aaload {reexecute=0 rethrow=0 return_oop=0}
                      ; - com.badlogic.gdx.utils.ObjectIntMap::get@20 (line 281)
                      ; - com.badlogic.gdx.graphics.glutils.ShaderProgram::fetchAttributeLocation@11 (line 290)
                      ; - com.badlogic.gdx.graphics.glutils.ShaderProgram::disableVertexAttribute@10 (line 717)
                      ; - com.badlogic.gdx.graphics.glutils.VertexArray::unbind@34 (line 157)
                      ; - com.badlogic.gdx.graphics.Mesh::unbind@6 (line 409)
                      ; - com.badlogic.gdx.graphics.Mesh::unbind@3 (line 400)
                      ; - com.badlogic.gdx.graphics.Mesh::render@253 (line 518)
  0x000002abce866060: 9c1c 54ff 

  0x000002abce866064: ;   {other}
  0x000002abce866064: 0f1f 8400 | d410 0015 | bae4 ffff | ff48 8b6c | 2420 4c8b | 5c24 304c | 895c 2408 | 4c8b 5c24 
  0x000002abce866084: 284c 895c | 2420 4489 | 7424 2844 | 896c 242c | 4489 4424 | 3044 8954 | 2434 6690 

  0x000002abce8660a0: ;   {runtime_call UncommonTrapBlob}
  0x000002abce8660a0: c5f8 77e8 

  0x000002abce8660a4: ; ImmutableOopMap {rbp=Oop [8]=Oop [32]=Oop [40]=NarrowOop [44]=NarrowOop [48]=NarrowOop }
                      ;*iaload {reexecute=0 rethrow=0 return_oop=0}
                      ; - com.badlogic.gdx.utils.ObjectIntMap::get@82 (line 288)
                      ; - com.badlogic.gdx.graphics.glutils.ShaderProgram::fetchAttributeLocation@11 (line 290)
                      ; - com.badlogic.gdx.graphics.glutils.ShaderProgram::disableVertexAttribute@10 (line 717)
                      ; - com.badlogic.gdx.graphics.glutils.VertexArray::unbind@34 (line 157)
                      ; - com.badlogic.gdx.graphics.Mesh::unbind@6 (line 409)
                      ; - com.badlogic.gdx.graphics.Mesh::unbind@3 (line 400)
                      ; - com.badlogic.gdx.graphics.Mesh::render@253 (line 518)
  0x000002abce8660a4: 581c 54ff 

  0x000002abce8660a8: ;   {other}
  0x000002abce8660a8: 0f1f 8400 | 1811 0016 | 488b 6c24 | 2044 896c | 241c 8954 | 2420 bade | ffff ff90 

  0x000002abce8660c4: ;   {runtime_call UncommonTrapBlob}
  0x000002abce8660c4: c5f8 77e8 

  0x000002abce8660c8: ; ImmutableOopMap {rbp=Oop [28]=NarrowOop [40]=Oop [48]=Oop }
                      ;*invokeinterface glDisableVertexAttribArray {reexecute=0 rethrow=0 return_oop=0}
                      ; - com.badlogic.gdx.graphics.glutils.ShaderProgram::disableVertexAttribute@22 (line 719)
                      ; - com.badlogic.gdx.graphics.glutils.VertexArray::unbind@34 (line 157)
                      ; - com.badlogic.gdx.graphics.Mesh::unbind@6 (line 409)
                      ; - com.badlogic.gdx.graphics.Mesh::unbind@3 (line 400)
                      ; - com.badlogic.gdx.graphics.Mesh::render@253 (line 518)
  0x000002abce8660c8: 341c 54ff 

  0x000002abce8660cc: ;   {other}
  0x000002abce8660cc: 0f1f 8400 | 3c11 0017 | ba45 ffff | ff4c 8b54 | 2420 4c89 | 5424 084c | 8b54 2430 | 4c89 5424 
  0x000002abce8660ec: 1044 896c | 2434 4489 | 7424 38c5 | fa11 4424 | 3c66 6690 

  0x000002abce866100: ;   {runtime_call UncommonTrapBlob}
  0x000002abce866100: c5f8 77e8 

  0x000002abce866104: ; ImmutableOopMap {rbp=NarrowOop [8]=Oop [16]=Oop [40]=Oop [52]=NarrowOop [56]=NarrowOop }
                      ;*ifne {reexecute=1 rethrow=0 return_oop=0}
                      ; - (reexecute) com.badlogic.gdx.utils.ObjectIntMap::get@24 (line 281)
                      ; - com.badlogic.gdx.graphics.glutils.ShaderProgram::fetchAttributeLocation@11 (line 290)
                      ; - com.badlogic.gdx.graphics.glutils.ShaderProgram::disableVertexAttribute@10 (line 717)
                      ; - com.badlogic.gdx.graphics.glutils.VertexArray::unbind@34 (line 157)
                      ; - com.badlogic.gdx.graphics.Mesh::unbind@6 (line 409)
                      ; - com.badlogic.gdx.graphics.Mesh::unbind@3 (line 400)
                      ; - com.badlogic.gdx.graphics.Mesh::render@253 (line 518)
  0x000002abce866104: f81b 54ff 

  0x000002abce866108: ;   {other}
  0x000002abce866108: 0f1f 8400 | 7811 0018 | 488b 6c24 | 204c 8b54 | 2428 4c89 | 5424 1089 | 5424 1c44 | 895c 2420 
  0x000002abce866128: ba45 ffff | ff66 6690 

  0x000002abce866130: ;   {runtime_call UncommonTrapBlob}
  0x000002abce866130: c5f8 77e8 

  0x000002abce866134: ; ImmutableOopMap {rbp=Oop [16]=Oop [32]=NarrowOop [48]=Oop [56]=Oop }
                      ;*if_acmpne {reexecute=1 rethrow=0 return_oop=0}
                      ; - (reexecute) org.lwjgl.opengl.GLContext::getCapabilitiesImpl@11 (line 132)
                      ; - org.lwjgl.opengl.GLContext::getCapabilities@0 (line 122)
                      ; - org.lwjgl.opengl.GL20::glDisableVertexAttribArray@0 (line 917)
                      ; - com.badlogic.gdx.backends.lwjgl.LwjglGL20::glDisableVertexAttribArray@1 (line 272)
                      ; - com.badlogic.gdx.graphics.glutils.ShaderProgram::disableVertexAttribute@22 (line 719)
                      ; - com.badlogic.gdx.graphics.glutils.VertexArray::unbind@34 (line 157)
                      ; - com.badlogic.gdx.graphics.Mesh::unbind@6 (line 409)
                      ; - com.badlogic.gdx.graphics.Mesh::unbind@3 (line 400)
                      ; - com.badlogic.gdx.graphics.Mesh::render@253 (line 518)
  0x000002abce866134: c81b 54ff 

  0x000002abce866138: ;   {other}
  0x000002abce866138: 0f1f 8400 | a811 0019 | ba45 ffff | ff49 8beb | 4c89 4c24 | 0889 4c24 | 0444 8944 | 2418 4889 
  0x000002abce866158: 5c24 2044 | 8974 241c | 4489 6c24 | 2848 895c | 2430 4489 | 5424 2c90 

  0x000002abce866170: ;   {runtime_call UncommonTrapBlob}
  0x000002abce866170: c5f8 77e8 

  0x000002abce866174: ; ImmutableOopMap {rbp=Oop [8]=Oop [28]=NarrowOop [32]=Oop [40]=NarrowOop [48]=Oop }
                      ;*ifeq {reexecute=1 rethrow=0 return_oop=0}
                      ; - (reexecute) com.badlogic.gdx.graphics.glutils.ShaderProgram::checkManaged@4 (line 746)
                      ; - com.badlogic.gdx.graphics.glutils.ShaderProgram::disableVertexAttribute@5 (line 716)
                      ; - com.badlogic.gdx.graphics.glutils.VertexArray::unbind@34 (line 157)
                      ; - com.badlogic.gdx.graphics.Mesh::unbind@6 (line 409)
                      ; - com.badlogic.gdx.graphics.Mesh::unbind@3 (line 400)
                      ; - com.badlogic.gdx.graphics.Mesh::render@253 (line 518)
  0x000002abce866174: 881b 54ff 

  0x000002abce866178: ;   {other}
  0x000002abce866178: 0f1f 8400 | e811 001a | 488b 6c24 | 204c 8b54 | 2430 4c89 | 5424 084c | 8b54 2428 | 4c89 5424 
  0x000002abce866198: 2044 8974 | 2428 4489 | 6c24 2c89 | 5424 30ba | 45ff ffff 

  0x000002abce8661ac: ;   {runtime_call UncommonTrapBlob}
  0x000002abce8661ac: c5f8 77e8 

  0x000002abce8661b0: ; ImmutableOopMap {rbp=Oop [8]=Oop [32]=Oop [40]=NarrowOop [44]=NarrowOop }
                      ;*if_icmpne {reexecute=1 rethrow=0 return_oop=0}
                      ; - (reexecute) com.badlogic.gdx.graphics.glutils.ShaderProgram::fetchAttributeLocation@18 (line 290)
                      ; - com.badlogic.gdx.graphics.glutils.ShaderProgram::disableVertexAttribute@10 (line 717)
                      ; - com.badlogic.gdx.graphics.glutils.VertexArray::unbind@34 (line 157)
                      ; - com.badlogic.gdx.graphics.Mesh::unbind@6 (line 409)
                      ; - com.badlogic.gdx.graphics.Mesh::unbind@3 (line 400)
                      ; - com.badlogic.gdx.graphics.Mesh::render@253 (line 518)
  0x000002abce8661b0: 4c1b 54ff 

  0x000002abce8661b4: ;   {other}
  0x000002abce8661b4: 0f1f 8400 | 2412 001b | 8954 241c | ba45 ffff | ff66 6690 

  0x000002abce8661c8: ;   {runtime_call UncommonTrapBlob}
  0x000002abce8661c8: c5f8 77e8 

  0x000002abce8661cc: ; ImmutableOopMap {[32]=Oop [40]=Oop [48]=Oop }
                      ;*if_icmpne {reexecute=1 rethrow=0 return_oop=0}
                      ; - (reexecute) com.badlogic.gdx.graphics.glutils.ShaderProgram::disableVertexAttribute@16 (line 718)
                      ; - com.badlogic.gdx.graphics.glutils.VertexArray::unbind@34 (line 157)
                      ; - com.badlogic.gdx.graphics.Mesh::unbind@6 (line 409)
                      ; - com.badlogic.gdx.graphics.Mesh::unbind@3 (line 400)
                      ; - com.badlogic.gdx.graphics.Mesh::render@253 (line 518)
  0x000002abce8661cc: 301b 54ff 

  0x000002abce8661d0: ;   {other}
  0x000002abce8661d0: 0f1f 8400 | 4012 001c | 488b 6c24 | 2089 5424 | 1c44 8954 | 2424 ba45 | ffff ff90 

  0x000002abce8661ec: ;   {runtime_call UncommonTrapBlob}
  0x000002abce8661ec: c5f8 77e8 

  0x000002abce8661f0: ; ImmutableOopMap {rbp=Oop [36]=NarrowOop [40]=Oop [48]=Oop }
                      ;*ifnonnull {reexecute=1 rethrow=0 return_oop=0}
                      ; - (reexecute) org.lwjgl.opengl.GLContext::getCapabilities@5 (line 123)
                      ; - org.lwjgl.opengl.GL20::glDisableVertexAttribArray@0 (line 917)
                      ; - com.badlogic.gdx.backends.lwjgl.LwjglGL20::glDisableVertexAttribArray@1 (line 272)
                      ; - com.badlogic.gdx.graphics.glutils.ShaderProgram::disableVertexAttribute@22 (line 719)
                      ; - com.badlogic.gdx.graphics.glutils.VertexArray::unbind@34 (line 157)
                      ; - com.badlogic.gdx.graphics.Mesh::unbind@6 (line 409)
                      ; - com.badlogic.gdx.graphics.Mesh::unbind@3 (line 400)
                      ; - com.badlogic.gdx.graphics.Mesh::render@253 (line 518)
  0x000002abce8661f0: 0c1b 54ff 

  0x000002abce8661f4: ;   {other}
  0x000002abce8661f4: 0f1f 8400 | 6412 001d | 4533 d24d | 3bc2 bdff | ffff ff7c | 0840 0f95 | c540 0fb6 | ed4c 8b54 
  0x000002abce866214: 2420 4c89 | 5424 084c | 8b54 2428 | 4c89 5424 | 1889 5424 | 244c 8944 | 2428 ba45 | ffff ff90 
  0x000002abce866234: ;   {runtime_call UncommonTrapBlob}
  0x000002abce866234: c5f8 77e8 

  0x000002abce866238: ; ImmutableOopMap {[8]=Oop [24]=Oop [48]=Oop }
                      ;*ifne {reexecute=1 rethrow=0 return_oop=0}
                      ; - (reexecute) org.lwjgl.BufferChecks::checkFunctionAddress@9 (line 57)
                      ; - org.lwjgl.opengl.GL20::glDisableVertexAttribArray@10 (line 919)
                      ; - com.badlogic.gdx.backends.lwjgl.LwjglGL20::glDisableVertexAttribArray@1 (line 272)
                      ; - com.badlogic.gdx.graphics.glutils.ShaderProgram::disableVertexAttribute@22 (line 719)
                      ; - com.badlogic.gdx.graphics.glutils.VertexArray::unbind@34 (line 157)
                      ; - com.badlogic.gdx.graphics.Mesh::unbind@6 (line 409)
                      ; - com.badlogic.gdx.graphics.Mesh::unbind@3 (line 400)
                      ; - com.badlogic.gdx.graphics.Mesh::render@253 (line 518)
  0x000002abce866238: c41a 54ff 

  0x000002abce86623c: ;   {other}
  0x000002abce86623c: 0f1f 8400 | ac12 001e | bae4 ffff | ff48 8b6c | 2408 4c8b | 5c24 304c | 895c 2408 | 448b 4424 
  0x000002abce86625c: 2044 8944 | 2404 448b | 4424 2444 | 8944 241c | 4889 7424 | 2889 7c24 | 2489 4c24 | 3044 8954 
  0x000002abce86627c: 2434 6690 

  0x000002abce866280: ;   {runtime_call UncommonTrapBlob}
  0x000002abce866280: c5f8 77e8 

  0x000002abce866284: ; ImmutableOopMap {rbp=Oop [8]=Oop [16]=NarrowOop [36]=NarrowOop [48]=NarrowOop }
                      ;*aaload {reexecute=0 rethrow=0 return_oop=0}
                      ; - org.lwjgl.opengl.ReferencesStack::getReferences@8 (line 41)
                      ; - org.lwjgl.opengl.StateTracker::getReferences@7 (line 85)
                      ; - org.lwjgl.opengl.StateTracker::getElementArrayBufferBound@1 (line 143)
                      ; - org.lwjgl.opengl.GLChecks::ensureElementVBOdisabled@7 (line 82)
                      ; - org.lwjgl.opengl.GL11::glDrawElements@14 (line 1108)
                      ; - com.badlogic.gdx.backends.lwjgl.LwjglGL20::glDrawElements@21 (line 281)
                      ; - com.badlogic.gdx.graphics.Mesh::render@88 (line 499)
  0x000002abce866284: 781a 54ff 

  0x000002abce866288: ;   {other}
  0x000002abce866288: 0f1f 8400 | f812 001f | baf6 ffff | ff8b 6c24 | 104c 8954 | 2408 6690 

  0x000002abce8662a0: ;   {runtime_call UncommonTrapBlob}
  0x000002abce8662a0: c5f8 77e8 

  0x000002abce8662a4: ; ImmutableOopMap {rbp=NarrowOop }
                      ;*invokevirtual getLong {reexecute=0 rethrow=0 return_oop=0}
                      ; - org.lwjgl.MemoryUtilSun$AccessorUnsafe::getAddress@9 (line 70)
                      ; - org.lwjgl.MemoryUtil::getAddress0@4 (line 113)
                      ; - org.lwjgl.MemoryUtil::getAddress@1 (line 129)
                      ; - org.lwjgl.MemoryUtil::getAddress@5 (line 127)
                      ; - org.lwjgl.opengl.GL11::glDrawElements@30 (line 1110)
                      ; - com.badlogic.gdx.backends.lwjgl.LwjglGL20::glDrawElements@21 (line 281)
                      ; - com.badlogic.gdx.graphics.Mesh::render@88 (line 499)
  0x000002abce8662a4: 581a 54ff 

  0x000002abce8662a8: ;   {other}
  0x000002abce8662a8: 0f1f 8400 | 1813 0020 | bade ffff | ff48 8b6c | 2408 448b | 5c24 1c44 | 895c 2410 | 4489 4424 
  0x000002abce8662c8: 1c66 6690 

  0x000002abce8662cc: ;   {runtime_call UncommonTrapBlob}
  0x000002abce8662cc: c5f8 77e8 

  0x000002abce8662d0: ; ImmutableOopMap {rbp=Oop [28]=NarrowOop [48]=Oop }
                      ;*invokeinterface bind {reexecute=0 rethrow=0 return_oop=0}
                      ; - com.badlogic.gdx.graphics.Mesh::bind@27 (line 392)
                      ; - com.badlogic.gdx.graphics.Mesh::bind@3 (line 382)
                      ; - com.badlogic.gdx.graphics.Mesh::render@13 (line 490)
  0x000002abce8662d0: 2c1a 54ff 

  0x000002abce8662d4: ;   {other}
  0x000002abce8662d4: 0f1f 8400 | 4413 0021 | bade ffff | ff48 8b6c | 2408 448b | 5c24 1c44 | 895c 2410 | 4489 4424 
  0x000002abce8662f4: 1c66 6690 

  0x000002abce8662f8: ;   {runtime_call UncommonTrapBlob}
  0x000002abce8662f8: c5f8 77e8 

  0x000002abce8662fc: ; ImmutableOopMap {rbp=Oop [28]=NarrowOop [48]=Oop }
                      ;*invokeinterface getNumIndices {reexecute=0 rethrow=0 return_oop=0}
                      ; - com.badlogic.gdx.graphics.Mesh::render@27 (line 493)
  0x000002abce8662fc: 001a 54ff 

  0x000002abce866300: ;   {other}
  0x000002abce866300: 0f1f 8400 | 7013 0022 | bade ffff | ff48 8b6c | 2408 8b5c | 2420 895c | 2404 4489 | 4c24 1444 
  0x000002abce866320: 895c 2418 | 4489 4424 | 1c44 8b5c | 2424 4489 | 5c24 2044 | 8b44 2428 | 4489 4424 | 2444 8954 
  0x000002abce866340: 2428 6690 

  0x000002abce866344: ;   {runtime_call UncommonTrapBlob}
  0x000002abce866344: c5f8 77e8 

  0x000002abce866348: ; ImmutableOopMap {rbp=Oop [28]=NarrowOop [40]=NarrowOop [48]=Oop }
                      ;*invokeinterface glDrawElements {reexecute=0 rethrow=0 return_oop=0}
                      ; - com.badlogic.gdx.graphics.Mesh::render@88 (line 499)
  0x000002abce866348: b419 54ff 

  0x000002abce86634c: ;   {other}
  0x000002abce86634c: 0f1f 8400 | bc13 0023 | bade ffff | ff8b eb90 

  0x000002abce86635c: ;   {runtime_call UncommonTrapBlob}
  0x000002abce86635c: c5f8 77e8 

  0x000002abce866360: ; ImmutableOopMap {rbp=NarrowOop }
                      ;*invokeinterface unbind {reexecute=0 rethrow=0 return_oop=0}
                      ; - com.badlogic.gdx.graphics.Mesh::unbind@27 (line 410)
                      ; - com.badlogic.gdx.graphics.Mesh::unbind@3 (line 400)
                      ; - com.badlogic.gdx.graphics.Mesh::render@253 (line 518)
  0x000002abce866360: 9c19 54ff 

  0x000002abce866364: ;   {other}
  0x000002abce866364: 0f1f 8400 | d413 0024 | ba76 ffff | ff48 8b6c | 2408 4c89 | 4c24 0889 | 4c24 1890 

  0x000002abce866380: ;   {runtime_call UncommonTrapBlob}
  0x000002abce866380: c5f8 77e8 

  0x000002abce866384: ; ImmutableOopMap {rbp=Oop [8]=Oop [48]=Oop }
                      ;*if_icmpge {reexecute=1 rethrow=0 return_oop=0}
                      ; - (reexecute) com.badlogic.gdx.graphics.glutils.VertexArray::unbind@18 (line 156)
                      ; - com.badlogic.gdx.graphics.Mesh::unbind@6 (line 409)
                      ; - com.badlogic.gdx.graphics.Mesh::unbind@3 (line 400)
                      ; - com.badlogic.gdx.graphics.Mesh::render@253 (line 518)
  0x000002abce866384: 7819 54ff 

  0x000002abce866388: ;   {other}
  0x000002abce866388: 0f1f 8400 | f813 0025 | ba45 ffff | ff48 8b6c | 2408 448b | 5424 1c44 | 8954 2410 | 4489 5c24 
  0x000002abce8663a8: 1c66 6690 

  0x000002abce8663ac: ;   {runtime_call UncommonTrapBlob}
  0x000002abce8663ac: c5f8 77e8 

  0x000002abce8663b0: ; ImmutableOopMap {rbp=Oop [48]=Oop }
                      ;*ifle {reexecute=1 rethrow=0 return_oop=0}
                      ; - (reexecute) com.badlogic.gdx.graphics.Mesh::render@32 (line 493)
  0x000002abce8663b0: 4c19 54ff 

  0x000002abce8663b4: ;   {other}
  0x000002abce8663b4: 0f1f 8400 | 2414 0026 | ba45 ffff | ff48 8b6c | 2408 448b | 4424 2044 | 8944 2404 | 4489 4c24 
  0x000002abce8663d4: 1444 895c | 2418 448b | 4424 2444 | 8944 241c | 4489 5424 | 2089 4c24 | 2466 6690 

  0x000002abce8663f0: ;   {runtime_call UncommonTrapBlob}
  0x000002abce8663f0: c5f8 77e8 

  0x000002abce8663f4: ; ImmutableOopMap {rbp=Oop [32]=NarrowOop [36]=NarrowOop [48]=Oop [56]=Oop }
                      ;*if_acmpne {reexecute=1 rethrow=0 return_oop=0}
                      ; - (reexecute) org.lwjgl.opengl.GLContext::getCapabilitiesImpl@11 (line 132)
                      ; - org.lwjgl.opengl.GLContext::getCapabilities@0 (line 122)
                      ; - org.lwjgl.opengl.GL11::glDrawElements@0 (line 1105)
                      ; - com.badlogic.gdx.backends.lwjgl.LwjglGL20::glDrawElements@21 (line 281)
                      ; - com.badlogic.gdx.graphics.Mesh::render@88 (line 499)
  0x000002abce8663f4: 0819 54ff 

  0x000002abce8663f8: ;   {other}
  0x000002abce8663f8: 0f1f 8400 | 6814 0027 | ba45 ffff | ff48 8b6c | 2408 4c8b | 5c24 304c | 895c 2408 | 448b 5c24 
  0x000002abce866418: 2044 895c | 2404 448b | 5c24 2444 | 895c 241c | 4889 7424 | 2889 7c24 | 2444 8954 | 2430 4489 
  0x000002abce866438: 4c24 3490 

  0x000002abce86643c: ;   {runtime_call UncommonTrapBlob}
  0x000002abce86643c: c5f8 77e8 

  0x000002abce866440: ; ImmutableOopMap {rbp=Oop [8]=Oop [16]=NarrowOop [36]=NarrowOop [48]=NarrowOop }
                      ;*ifne {reexecute=1 rethrow=0 return_oop=0}
                      ; - (reexecute) org.lwjgl.opengl.StateTracker::getElementArrayBufferBound@9 (line 145)
                      ; - org.lwjgl.opengl.GLChecks::ensureElementVBOdisabled@7 (line 82)
                      ; - org.lwjgl.opengl.GL11::glDrawElements@14 (line 1108)
                      ; - com.badlogic.gdx.backends.lwjgl.LwjglGL20::glDrawElements@21 (line 281)
                      ; - com.badlogic.gdx.graphics.Mesh::render@88 (line 499)
  0x000002abce866440: bc18 54ff 

  0x000002abce866444: ;   {other}
  0x000002abce866444: 0f1f 8400 | b414 0028 | ba45 ffff | ff8b ee90 

  0x000002abce866454: ;   {runtime_call UncommonTrapBlob}
  0x000002abce866454: c5f8 77e8 

  0x000002abce866458: ; ImmutableOopMap {}
                      ;*ifne {reexecute=1 rethrow=0 return_oop=0}
                      ; - (reexecute) com.badlogic.gdx.graphics.Mesh::render@2 (line 488)
  0x000002abce866458: a418 54ff 

  0x000002abce86645c: ;   {other}
  0x000002abce86645c: 0f1f 8400 | cc14 0029 | ba45 ffff | ff49 8bea | 897c 2410 | 8974 2414 | 894c 241c 

  0x000002abce866478: ;   {runtime_call UncommonTrapBlob}
  0x000002abce866478: c5f8 77e8 

  0x000002abce86647c: ; ImmutableOopMap {rbp=Oop [48]=Oop }
                      ;*ifeq {reexecute=1 rethrow=0 return_oop=0}
                      ; - (reexecute) com.badlogic.gdx.graphics.Mesh::render@8 (line 490)
  0x000002abce86647c: 8018 54ff 

  0x000002abce866480: ;   {other}
  0x000002abce866480: 0f1f 8400 | f014 002a | ba45 ffff | ff48 8b6c | 2408 448b | 5424 1c44 | 8954 2410 | 4489 5c24 
  0x000002abce8664a0: 1c66 6690 

  0x000002abce8664a4: ;   {runtime_call UncommonTrapBlob}
  0x000002abce8664a4: c5f8 77e8 

  0x000002abce8664a8: ; ImmutableOopMap {rbp=Oop [48]=Oop }
                      ;*ifeq {reexecute=1 rethrow=0 return_oop=0}
                      ; - (reexecute) com.badlogic.gdx.graphics.glutils.IndexArray::getNumIndices@4 (line 49)
                      ; - com.badlogic.gdx.graphics.Mesh::render@27 (line 493)
  0x000002abce8664a8: 5418 54ff 

  0x000002abce8664ac: ;   {other}
  0x000002abce8664ac: 0f1f 8400 | 1c15 002b | ba45 ffff | ff48 8b6c | 2408 488b | 4c24 3048 | 894c 2408 | 8b4c 2424 
  0x000002abce8664cc: 894c 2404 | 8b5c 2428 | 895c 2414 | 8b4c 2420 | 894c 2418 | 4489 4c24 | 2044 8954 | 2428 4489 
  0x000002abce8664ec: 5424 2c44 | 8944 2430 | 4489 4424 | 3444 895c | 2438 6690 

  0x000002abce866500: ;   {runtime_call UncommonTrapBlob}
  0x000002abce866500: c5f8 77e8 

  0x000002abce866504: ; ImmutableOopMap {rbp=Oop [8]=Oop [40]=NarrowOop [44]=NarrowOop }
                      ;*if_icmple {reexecute=1 rethrow=0 return_oop=0}
                      ; - (reexecute) java.nio.Buffer::position@5 (line 326)
                      ; - java.nio.ShortBuffer::position@2 (line 1551)
                      ; - java.nio.ShortBuffer::position@2 (line 285)
                      ; - com.badlogic.gdx.graphics.Mesh::render@63 (line 497)
  0x000002abce866504: f817 54ff 

  0x000002abce866508: ;   {other}
  0x000002abce866508: 0f1f 8400 | 7815 002c | ba45 ffff | ff48 8b6c | 2408 488b | 4c24 3048 | 894c 2408 | 8b5c 2424 
  0x000002abce866528: 895c 2404 | 8b4c 2428 | 894c 2414 | 8b5c 2420 | 895c 2418 | 4489 4c24 | 2044 895c | 2424 4489 
  0x000002abce866548: 5424 2844 | 8954 242c | 4489 4424 | 3044 8944 | 2434 6690 

  0x000002abce86655c: ;   {runtime_call UncommonTrapBlob}
  0x000002abce86655c: c5f8 77e8 

  0x000002abce866560: ; ImmutableOopMap {rbp=Oop [8]=Oop [40]=NarrowOop [44]=NarrowOop }
                      ;*ifge {reexecute=1 rethrow=0 return_oop=0}
                      ; - (reexecute) java.nio.Buffer::position@14 (line 326)
                      ; - java.nio.ShortBuffer::position@2 (line 1551)
                      ; - java.nio.ShortBuffer::position@2 (line 285)
                      ; - com.badlogic.gdx.graphics.Mesh::render@63 (line 497)
  0x000002abce866560: 9c17 54ff 

  0x000002abce866564: ;   {other}
  0x000002abce866564: 0f1f 8400 | d415 002d | ba45 ffff | ff48 8b6c | 2408 488b | 4c24 3048 | 894c 2408 | 8b5c 2424 
  0x000002abce866584: 895c 2404 | 8b4c 2428 | 894c 2414 | 8b5c 2420 | 895c 2418 | 4489 4c24 | 2044 895c | 2424 4489 
  0x000002abce8665a4: 5424 2844 | 8954 242c | 4489 4424 | 3089 7424 | 3444 8944 | 2438 6690 

  0x000002abce8665bc: ;   {runtime_call UncommonTrapBlob}
  0x000002abce8665bc: c5f8 77e8 

  0x000002abce8665c0: ; ImmutableOopMap {rbp=Oop [8]=Oop [40]=NarrowOop [44]=NarrowOop }
                      ;*if_icmple {reexecute=1 rethrow=0 return_oop=0}
                      ; - (reexecute) java.nio.Buffer::position@37 (line 328)
                      ; - java.nio.ShortBuffer::position@2 (line 1551)
                      ; - java.nio.ShortBuffer::position@2 (line 285)
                      ; - com.badlogic.gdx.graphics.Mesh::render@63 (line 497)
  0x000002abce8665c0: 3c17 54ff 

  0x000002abce8665c4: ;   {other}
  0x000002abce8665c4: 0f1f 8400 | 3416 002e | ba45 ffff | ff48 8b6c | 2408 4c8b | 4424 304c | 8944 2408 | 448b 4424 
  0x000002abce8665e4: 2444 8944 | 2404 8b5c | 2428 895c | 2410 448b | 4424 2044 | 8944 2414 | 4489 4c24 | 1c44 895c 
  0x000002abce866604: 2420 4489 | 5424 2444 | 8954 2428 | 897c 2430 | 894c 2434 

  0x000002abce866618: ;   {runtime_call UncommonTrapBlob}
  0x000002abce866618: c5f8 77e8 

  0x000002abce86661c: ; ImmutableOopMap {rbp=Oop [8]=Oop [36]=NarrowOop [40]=NarrowOop }
                      ;*if_icmple {reexecute=1 rethrow=0 return_oop=0}
                      ; - (reexecute) java.nio.Buffer::limit@5 (line 379)
                      ; - java.nio.ShortBuffer::limit@2 (line 1565)
                      ; - java.nio.ShortBuffer::limit@2 (line 285)
                      ; - com.badlogic.gdx.graphics.Mesh::render@73 (line 498)
  0x000002abce86661c: e016 54ff 

  0x000002abce866620: ;   {other}
  0x000002abce866620: 0f1f 8400 | 9016 002f | ba45 ffff | ff48 8b6c | 2408 4c8b | 4424 304c | 8944 2408 | 8b4c 2424 
  0x000002abce866640: 894c 2404 | 448b 4424 | 2844 8944 | 2410 8b4c | 2420 894c | 2414 4489 | 4c24 1c44 | 895c 2420 
  0x000002abce866660: 4489 5424 | 2444 8954 | 2428 897c | 2430 6690 

  0x000002abce866670: ;   {runtime_call UncommonTrapBlob}
  0x000002abce866670: c5f8 77e8 

  0x000002abce866674: ; ImmutableOopMap {rbp=Oop [8]=Oop [36]=NarrowOop [40]=NarrowOop }
                      ;*ifge {reexecute=1 rethrow=0 return_oop=0}
                      ; - (reexecute) java.nio.Buffer::limit@14 (line 379)
                      ; - java.nio.ShortBuffer::limit@2 (line 1565)
                      ; - java.nio.ShortBuffer::limit@2 (line 285)
                      ; - com.badlogic.gdx.graphics.Mesh::render@73 (line 498)
  0x000002abce866674: 8816 54ff 

  0x000002abce866678: ;   {other}
  0x000002abce866678: 0f1f 8400 | e816 0030 | ba45 ffff | ff48 8b6c | 2408 488b | 4c24 3048 | 894c 2408 | 8b4c 2424 
  0x000002abce866698: 894c 2404 | 8b5c 2428 | 895c 2410 | 8b4c 2420 | 894c 2414 | 4489 4c24 | 1c44 895c | 2420 4489 
  0x000002abce8666b8: 5424 2444 | 8954 2428 | 4489 4424 | 3089 7c24 | 3466 6690 

  0x000002abce8666cc: ;   {runtime_call UncommonTrapBlob}
  0x000002abce8666cc: c5f8 77e8 

  0x000002abce8666d0: ; ImmutableOopMap {rbp=Oop [8]=Oop [36]=NarrowOop [40]=NarrowOop }
                      ;*if_icmple {reexecute=1 rethrow=0 return_oop=0}
                      ; - (reexecute) java.nio.Buffer::limit@42 (line 382)
                      ; - java.nio.ShortBuffer::limit@2 (line 1565)
                      ; - java.nio.ShortBuffer::limit@2 (line 285)
                      ; - com.badlogic.gdx.graphics.Mesh::render@73 (line 498)
  0x000002abce8666d0: 2c16 54ff 

  0x000002abce8666d4: ;   {other}
  0x000002abce8666d4: 0f1f 8400 | 4417 0031 | ba45 ffff | ff48 8b6c | 2408 4c8b | 4424 304c | 8944 2408 | 8b4c 2424 
  0x000002abce8666f4: 894c 2404 | 448b 4424 | 2844 8944 | 2410 8b4c | 2420 894c | 2414 4489 | 4c24 1c44 | 895c 2420 
  0x000002abce866714: 4489 5424 | 2444 8954 | 2428 8974 | 242c 897c | 2430 6690 

  0x000002abce866728: ;   {runtime_call UncommonTrapBlob}
  0x000002abce866728: c5f8 77e8 

  0x000002abce86672c: ; ImmutableOopMap {rbp=Oop [8]=Oop [36]=NarrowOop [40]=NarrowOop }
                      ;*if_icmple {reexecute=1 rethrow=0 return_oop=0}
                      ; - (reexecute) java.nio.Buffer::limit@55 (line 383)
                      ; - java.nio.ShortBuffer::limit@2 (line 1565)
                      ; - java.nio.ShortBuffer::limit@2 (line 285)
                      ; - com.badlogic.gdx.graphics.Mesh::render@73 (line 498)
  0x000002abce86672c: d015 54ff 

  0x000002abce866730: ;   {other}
  0x000002abce866730: 0f1f 8400 | a017 0032 | ba45 ffff | ff48 8b6c | 2408 448b | 4424 2044 | 8944 2404 | 4489 4c24 
  0x000002abce866750: 1444 895c | 2418 448b | 4424 2444 | 8944 241c | 4489 5424 | 2089 7c24 | 2866 6690 

  0x000002abce86676c: ;   {runtime_call UncommonTrapBlob}
  0x000002abce86676c: c5f8 77e8 

  0x000002abce866770: ; ImmutableOopMap {rbp=Oop [32]=NarrowOop [40]=NarrowOop [48]=Oop }
                      ;*ifnonnull {reexecute=1 rethrow=0 return_oop=0}
                      ; - (reexecute) org.lwjgl.opengl.GLContext::getCapabilities@5 (line 123)
                      ; - org.lwjgl.opengl.GL11::glDrawElements@0 (line 1105)
                      ; - com.badlogic.gdx.backends.lwjgl.LwjglGL20::glDrawElements@21 (line 281)
                      ; - com.badlogic.gdx.graphics.Mesh::render@88 (line 499)
  0x000002abce866770: 8c15 54ff 

  0x000002abce866774: ;   {other}
  0x000002abce866774: 0f1f 8400 | e417 0033 | 4533 c049 | 3bf0 bdff | ffff ff7c | 0840 0f95 | c540 0fb6 | edba 45ff 
  0x000002abce866794: ffff 4c8b | 4424 304c | 8944 2410 | 8b4c 2420 | 894c 2404 | 4489 4c24 | 1c44 895c | 2420 4489 
  0x000002abce8667b4: 5424 2889 | 7c24 2c48 | 8974 2430 

  0x000002abce8667c0: ;   {runtime_call UncommonTrapBlob}
  0x000002abce8667c0: c5f8 77e8 

  0x000002abce8667c4: ; ImmutableOopMap {[8]=Oop [16]=Oop [40]=NarrowOop [44]=NarrowOop }
                      ;*ifne {reexecute=1 rethrow=0 return_oop=0}
                      ; - (reexecute) org.lwjgl.BufferChecks::checkFunctionAddress@9 (line 57)
                      ; - org.lwjgl.opengl.GL11::glDrawElements@10 (line 1107)
                      ; - com.badlogic.gdx.backends.lwjgl.LwjglGL20::glDrawElements@21 (line 281)
                      ; - com.badlogic.gdx.graphics.Mesh::render@88 (line 499)
  0x000002abce8667c4: 3815 54ff 

  0x000002abce8667c8: ;   {other}
  0x000002abce8667c8: 0f1f 8400 | 3818 0034 | ba45 ffff | ff48 8b6c | 2408 448b | 5c24 2044 | 895c 2404 | 448b 4424 
  0x000002abce8667e8: 2444 8944 | 241c 4889 | 7424 2844 | 8954 2424 

  0x000002abce8667f8: ;   {runtime_call UncommonTrapBlob}
  0x000002abce8667f8: c5f8 77e8 

  0x000002abce8667fc: ; ImmutableOopMap {rbp=Oop [16]=NarrowOop [48]=Oop }
                      ;*ifeq {reexecute=1 rethrow=0 return_oop=0}
                      ; - (reexecute) org.lwjgl.opengl.GLChecks::ensureElementVBOdisabled@10 (line 82)
                      ; - org.lwjgl.opengl.GL11::glDrawElements@14 (line 1108)
                      ; - com.badlogic.gdx.backends.lwjgl.LwjglGL20::glDrawElements@21 (line 281)
                      ; - com.badlogic.gdx.graphics.Mesh::render@88 (line 499)
  0x000002abce8667fc: 0015 54ff 

  0x000002abce866800: ;   {other}
  0x000002abce866800: 0f1f 8400 | 7018 0035 | ba45 ffff | ff44 8b44 | 2424 4489 | 4424 0444 | 8b54 241c | 4489 5424 
  0x000002abce866820: 1044 8b54 | 2420 4489 | 5424 1848 | 895c 2420 | 4489 5c24 | 1c66 6690 

  0x000002abce866838: ;   {runtime_call UncommonTrapBlob}
  0x000002abce866838: c5f8 77e8 

  0x000002abce86683c: ; ImmutableOopMap {[32]=Oop [48]=Oop }
                      ;*ifeq {reexecute=1 rethrow=0 return_oop=0}
                      ; - (reexecute) com.badlogic.gdx.graphics.glutils.IndexArray::getNumIndices@4 (line 49)
                      ; - com.badlogic.gdx.graphics.Mesh::bind@15 (line 392)
                      ; - com.badlogic.gdx.graphics.Mesh::bind@3 (line 382)
                      ; - com.badlogic.gdx.graphics.Mesh::render@13 (line 490)
  0x000002abce86683c: c014 54ff 

  0x000002abce866840: ;   {other}
  0x000002abce866840: 0f1f 8400 | b018 0036 | ba45 ffff | ff48 8b6c | 2408 448b | 4c24 2044 | 894c 2404 | 8b4c 2418 
  0x000002abce866860: 894c 2414 | 4489 5c24 | 2444 8944 | 2428 6690 

  0x000002abce866870: ;   {runtime_call UncommonTrapBlob}
  0x000002abce866870: c5f8 77e8 

  0x000002abce866874: ; ImmutableOopMap {rbp=Oop [16]=NarrowOop [48]=Oop }
                      ;*if_icmple {reexecute=1 rethrow=0 return_oop=0}
                      ; - (reexecute) java.nio.Buffer::position@5 (line 326)
                      ; - java.nio.ShortBuffer::position@2 (line 1551)
                      ; - java.nio.ShortBuffer::position@2 (line 285)
                      ; - com.badlogic.gdx.graphics.Mesh::render@97 (line 500)
  0x000002abce866874: 8814 54ff 

  0x000002abce866878: ;   {other}
  0x000002abce866878: 0f1f 8400 | e818 0037 | ba45 ffff | ff48 8b6c | 2408 448b | 4424 2044 | 8944 2404 | 448b 4c24 
  0x000002abce866898: 1844 894c | 2414 4489 | 5c24 2490 

  0x000002abce8668a4: ;   {runtime_call UncommonTrapBlob}
  0x000002abce8668a4: c5f8 77e8 

  0x000002abce8668a8: ; ImmutableOopMap {rbp=Oop [16]=NarrowOop [48]=Oop }
                      ;*ifge {reexecute=1 rethrow=0 return_oop=0}
                      ; - (reexecute) java.nio.Buffer::position@14 (line 326)
                      ; - java.nio.ShortBuffer::position@2 (line 1551)
                      ; - java.nio.ShortBuffer::position@2 (line 285)
                      ; - com.badlogic.gdx.graphics.Mesh::render@97 (line 500)
  0x000002abce8668a8: 5414 54ff 

  0x000002abce8668ac: ;   {other}
  0x000002abce8668ac: 0f1f 8400 | 1c19 0038 | ba45 ffff | ff48 8b6c | 2408 448b | 4424 2044 | 8944 2404 | 448b 4c24 
  0x000002abce8668cc: 1844 894c | 2414 894c | 2424 4489 | 5c24 2890 

  0x000002abce8668dc: ;   {runtime_call UncommonTrapBlob}
  0x000002abce8668dc: c5f8 77e8 

  0x000002abce8668e0: ; ImmutableOopMap {rbp=Oop [16]=NarrowOop [48]=Oop }
                      ;*if_icmple {reexecute=1 rethrow=0 return_oop=0}
                      ; - (reexecute) java.nio.Buffer::position@37 (line 328)
                      ; - java.nio.ShortBuffer::position@2 (line 1551)
                      ; - java.nio.ShortBuffer::position@2 (line 285)
                      ; - com.badlogic.gdx.graphics.Mesh::render@97 (line 500)
  0x000002abce8668e0: 1c14 54ff 

  0x000002abce8668e4: ;   {other}
  0x000002abce8668e4: 0f1f 8400 | 5419 0039 | ba45 ffff | ff48 8b6c | 2408 8b4c | 2420 894c | 2404 4489 | 4c24 2090 
  0x000002abce866904: ;   {runtime_call UncommonTrapBlob}
  0x000002abce866904: c5f8 77e8 

  0x000002abce866908: ; ImmutableOopMap {rbp=Oop [16]=NarrowOop [48]=Oop }
                      ;*if_icmple {reexecute=1 rethrow=0 return_oop=0}
                      ; - (reexecute) java.nio.Buffer::limit@5 (line 379)
                      ; - java.nio.ShortBuffer::limit@2 (line 1565)
                      ; - java.nio.ShortBuffer::limit@2 (line 285)
                      ; - com.badlogic.gdx.graphics.Mesh::render@105 (line 501)
  0x000002abce866908: f413 54ff 

  0x000002abce86690c: ;   {other}
  0x000002abce86690c: 0f1f 8400 | 7c19 003a | ba45 ffff | ff48 8b6c | 2408 6690 

  0x000002abce866920: ;   {runtime_call UncommonTrapBlob}
  0x000002abce866920: c5f8 77e8 

  0x000002abce866924: ; ImmutableOopMap {rbp=Oop [16]=NarrowOop [48]=Oop }
                      ;*ifge {reexecute=1 rethrow=0 return_oop=0}
                      ; - (reexecute) java.nio.Buffer::limit@14 (line 379)
                      ; - java.nio.ShortBuffer::limit@2 (line 1565)
                      ; - java.nio.ShortBuffer::limit@2 (line 285)
                      ; - com.badlogic.gdx.graphics.Mesh::render@105 (line 501)
  0x000002abce866924: d813 54ff 

  0x000002abce866928: ;   {other}
  0x000002abce866928: 0f1f 8400 | 9819 003b | ba45 ffff | ff48 8b6c | 2408 8b4c | 2420 894c | 2404 4489 | 5c24 1c90 
  0x000002abce866948: ;   {runtime_call UncommonTrapBlob}
  0x000002abce866948: c5f8 77e8 

  0x000002abce86694c: ; ImmutableOopMap {rbp=Oop [16]=NarrowOop [48]=Oop }
                      ;*if_icmple {reexecute=1 rethrow=0 return_oop=0}
                      ; - (reexecute) java.nio.Buffer::limit@42 (line 382)
                      ; - java.nio.ShortBuffer::limit@2 (line 1565)
                      ; - java.nio.ShortBuffer::limit@2 (line 285)
                      ; - com.badlogic.gdx.graphics.Mesh::render@105 (line 501)
  0x000002abce86694c: b013 54ff 

  0x000002abce866950: ;   {other}
  0x000002abce866950: 0f1f 8400 | c019 003c | ba45 ffff | ff48 8b6c | 2408 894c | 2418 4489 | 4424 1c90 

  0x000002abce86696c: ;   {runtime_call UncommonTrapBlob}
  0x000002abce86696c: c5f8 77e8 

  0x000002abce866970: ; ImmutableOopMap {rbp=Oop [16]=NarrowOop [48]=Oop }
                      ;*if_icmple {reexecute=1 rethrow=0 return_oop=0}
                      ; - (reexecute) java.nio.Buffer::limit@55 (line 383)
                      ; - java.nio.ShortBuffer::limit@2 (line 1565)
                      ; - java.nio.ShortBuffer::limit@2 (line 285)
                      ; - com.badlogic.gdx.graphics.Mesh::render@105 (line 501)
  0x000002abce866970: 8c13 54ff 

  0x000002abce866974: ;   {other}
  0x000002abce866974: 0f1f 8400 | e419 003d | ba45 ffff | ff49 8beb | 894c 2404 

  0x000002abce866988: ;   {runtime_call UncommonTrapBlob}
  0x000002abce866988: c5f8 77e8 

  0x000002abce86698c: ; ImmutableOopMap {rbp=Oop }
                      ;*ifeq {reexecute=1 rethrow=0 return_oop=0}
                      ; - (reexecute) com.badlogic.gdx.graphics.glutils.IndexArray::getNumIndices@4 (line 49)
                      ; - com.badlogic.gdx.graphics.Mesh::unbind@15 (line 410)
                      ; - com.badlogic.gdx.graphics.Mesh::unbind@3 (line 400)
                      ; - com.badlogic.gdx.graphics.Mesh::render@253 (line 518)
  0x000002abce86698c: 7013 54ff 

  0x000002abce866990: ;   {other}
  0x000002abce866990: 0f1f 8400 | 001a 003e | baf6 ffff | ff41 8be8 

  0x000002abce8669a0: ;   {runtime_call UncommonTrapBlob}
  0x000002abce8669a0: c5f8 77e8 

  0x000002abce8669a4: ; ImmutableOopMap {}
                      ;*invokevirtual get {reexecute=0 rethrow=0 return_oop=0}
                      ; - com.badlogic.gdx.graphics.glutils.VertexBufferObject::unbind@34 (line 222)
                      ; - com.badlogic.gdx.graphics.Mesh::unbind@6 (line 409)
                      ; - com.badlogic.gdx.graphics.Mesh::unbind@3 (line 400)
                      ; - com.badlogic.gdx.graphics.Mesh::render@253 (line 518)
  0x000002abce8669a4: 5813 54ff 

  0x000002abce8669a8: ;   {other}
  0x000002abce8669a8: 0f1f 8400 | 181a 003f | baf6 ffff | ff41 8bea 

  0x000002abce8669b8: ;   {runtime_call UncommonTrapBlob}
  0x000002abce8669b8: c5f8 77e8 

  0x000002abce8669bc: ; ImmutableOopMap {}
                      ;*invokevirtual get {reexecute=0 rethrow=0 return_oop=0}
                      ; - com.badlogic.gdx.graphics.glutils.VertexBufferObject::bind@97 (line 185)
                      ; - com.badlogic.gdx.graphics.Mesh::bind@6 (line 391)
                      ; - com.badlogic.gdx.graphics.Mesh::bind@3 (line 382)
                      ; - com.badlogic.gdx.graphics.Mesh::render@13 (line 490)
  0x000002abce8669bc: 4013 54ff 

  0x000002abce8669c0: ;   {other}
  0x000002abce8669c0: 0f1f 8400 | 301a 0040 | bac6 ffff | ff48 8b6c | 2408 4489 | 5424 0490 

  0x000002abce8669d8: ;   {runtime_call UncommonTrapBlob}
  0x000002abce8669d8: c5f8 77e8 

  0x000002abce8669dc: ; ImmutableOopMap {rbp=Oop [4]=NarrowOop [48]=Oop }
                      ;*invokeinterface unbind {reexecute=0 rethrow=0 return_oop=0}
                      ; - com.badlogic.gdx.graphics.Mesh::unbind@6 (line 409)
                      ; - com.badlogic.gdx.graphics.Mesh::unbind@3 (line 400)
                      ; - com.badlogic.gdx.graphics.Mesh::render@253 (line 518)
  0x000002abce8669dc: 2013 54ff 

  0x000002abce8669e0: ;   {other}
  0x000002abce8669e0: 0f1f 8400 | 501a 0041 | bac6 ffff | ff49 8beb | 895c 2404 

  0x000002abce8669f4: ;   {runtime_call UncommonTrapBlob}
  0x000002abce8669f4: c5f8 77e8 

  0x000002abce8669f8: ; ImmutableOopMap {rbp=Oop [4]=NarrowOop }
                      ;*invokeinterface getNumIndices {reexecute=0 rethrow=0 return_oop=0}
                      ; - com.badlogic.gdx.graphics.Mesh::unbind@15 (line 410)
                      ; - com.badlogic.gdx.graphics.Mesh::unbind@3 (line 400)
                      ; - com.badlogic.gdx.graphics.Mesh::render@253 (line 518)
  0x000002abce8669f8: 0413 54ff 

  0x000002abce8669fc: ;   {other}
  0x000002abce8669fc: 0f1f 8400 | 6c1a 0042 | badf ffff | ff4c 895c | 2408 4c89 | 4c24 1090 

  0x000002abce866a14: ;   {runtime_call UncommonTrapBlob}
  0x000002abce866a14: c5f8 77e8 

  0x000002abce866a18: ; ImmutableOopMap {rbp=NarrowOop [8]=Oop [16]=Oop }
                      ;*invokeinterface glBindBuffer {reexecute=0 rethrow=0 return_oop=0}
                      ; - com.badlogic.gdx.graphics.glutils.VertexBufferObject::unbind@89 (line 230)
                      ; - com.badlogic.gdx.graphics.Mesh::unbind@6 (line 409)
                      ; - com.badlogic.gdx.graphics.Mesh::unbind@3 (line 400)
                      ; - com.badlogic.gdx.graphics.Mesh::render@253 (line 518)
  0x000002abce866a18: e412 54ff 

  0x000002abce866a1c: ;   {other}
  0x000002abce866a1c: 0f1f 8400 | 8c1a 0043 | bac6 ffff | ff4c 8b5c | 2430 4c89 | 5c24 0844 | 894c 2404 | 897c 2410 
  0x000002abce866a3c: 8974 2414 | 894c 2418 | 4c89 4424 | 2044 8954 | 241c 6690 

  0x000002abce866a50: ;   {runtime_call UncommonTrapBlob}
  0x000002abce866a50: c5f8 77e8 

  0x000002abce866a54: ; ImmutableOopMap {[8]=Oop [28]=NarrowOop [32]=Oop }
                      ;*invokeinterface bind {reexecute=0 rethrow=0 return_oop=0}
                      ; - com.badlogic.gdx.graphics.Mesh::bind@6 (line 391)
                      ; - com.badlogic.gdx.graphics.Mesh::bind@3 (line 382)
                      ; - com.badlogic.gdx.graphics.Mesh::render@13 (line 490)
  0x000002abce866a54: a812 54ff 

  0x000002abce866a58: ;   {other}
  0x000002abce866a58: 0f1f 8400 | c81a 0044 | badf ffff | ff44 8b5c | 2424 4489 | 5c24 0489 | 7c24 1889 | 7424 1c89 
  0x000002abce866a78: 4c24 204c | 8944 2428 | 4c89 4c24 | 3844 8954 | 2424 6690 

  0x000002abce866a8c: ;   {runtime_call UncommonTrapBlob}
  0x000002abce866a8c: c5f8 77e8 

  0x000002abce866a90: ; ImmutableOopMap {rbp=NarrowOop [40]=Oop [48]=Oop [56]=Oop }
                      ;*invokeinterface glBindBuffer {reexecute=0 rethrow=0 return_oop=0}
                      ; - com.badlogic.gdx.graphics.glutils.VertexBufferObject::bind@11 (line 175)
                      ; - com.badlogic.gdx.graphics.Mesh::bind@6 (line 391)
                      ; - com.badlogic.gdx.graphics.Mesh::bind@3 (line 382)
                      ; - com.badlogic.gdx.graphics.Mesh::render@13 (line 490)
  0x000002abce866a90: 6c12 54ff 

  0x000002abce866a94: ;   {other}
  0x000002abce866a94: 0f1f 8400 | 041b 0045 | bac6 ffff | ff44 8b5c | 2424 4489 | 5c24 0444 | 8b54 241c | 4489 5424 
  0x000002abce866ab4: 1044 8b54 | 2420 4489 | 5424 1848 | 895c 2420 | 4489 4424 | 1c66 6690 

  0x000002abce866acc: ;   {runtime_call UncommonTrapBlob}
  0x000002abce866acc: c5f8 77e8 

  0x000002abce866ad0: ; ImmutableOopMap {[28]=NarrowOop [32]=Oop [48]=Oop }
                      ;*invokeinterface getNumIndices {reexecute=0 rethrow=0 return_oop=0}
                      ; - com.badlogic.gdx.graphics.Mesh::bind@15 (line 392)
                      ; - com.badlogic.gdx.graphics.Mesh::bind@3 (line 382)
                      ; - com.badlogic.gdx.graphics.Mesh::render@13 (line 490)
  0x000002abce866ad0: 2c12 54ff 

  0x000002abce866ad4: ;   {other}
  0x000002abce866ad4: 0f1f 8400 | 441b 0046 | bade ffff | ff48 8b6c | 2408 448b | 5c24 1c44 | 895c 2410 | 4489 4424 
  0x000002abce866af4: 1c66 6690 

  0x000002abce866af8: ;   {runtime_call UncommonTrapBlob}
  0x000002abce866af8: c5f8 77e8 

  0x000002abce866afc: ; ImmutableOopMap {rbp=Oop [28]=NarrowOop [48]=Oop }
                      ;*invokeinterface getNumIndices {reexecute=0 rethrow=0 return_oop=0}
                      ; - com.badlogic.gdx.graphics.Mesh::render@131 (line 506)
  0x000002abce866afc: 0012 54ff 

  0x000002abce866b00: ;   {other}
  0x000002abce866b00: 0f1f 8400 | 701b 0047 | ba76 ffff | ff4c 894c | 2410 897c | 2420 6690 

  0x000002abce866b18: ;   {runtime_call UncommonTrapBlob}
  0x000002abce866b18: c5f8 77e8 

  0x000002abce866b1c: ; ImmutableOopMap {rbp=NarrowOop [8]=Oop [16]=Oop [48]=Oop }
                      ;*if_icmpge {reexecute=1 rethrow=0 return_oop=0}
                      ; - (reexecute) com.badlogic.gdx.graphics.glutils.VertexBufferObject::unbind@24 (line 221)
                      ; - com.badlogic.gdx.graphics.Mesh::unbind@6 (line 409)
                      ; - com.badlogic.gdx.graphics.Mesh::unbind@3 (line 400)
                      ; - com.badlogic.gdx.graphics.Mesh::render@253 (line 518)
  0x000002abce866b1c: e011 54ff 

  0x000002abce866b20: ;   {other}
  0x000002abce866b20: 0f1f 8400 | 901b 0048 | ba76 ffff | ff44 8b44 | 241c 4489 | 4424 1844 | 8b54 2428 | 4489 5424 
  0x000002abce866b40: 1c4c 894c | 2438 6690 

  0x000002abce866b48: ;   {runtime_call UncommonTrapBlob}
  0x000002abce866b48: c5f8 77e8 

  0x000002abce866b4c: ; ImmutableOopMap {[8]=Oop [48]=Oop [56]=Oop }
                      ;*if_icmpge {reexecute=1 rethrow=0 return_oop=0}
                      ; - (reexecute) com.badlogic.gdx.graphics.glutils.VertexBufferObject::bind@88 (line 184)
                      ; - com.badlogic.gdx.graphics.Mesh::bind@6 (line 391)
                      ; - com.badlogic.gdx.graphics.Mesh::bind@3 (line 382)
                      ; - com.badlogic.gdx.graphics.Mesh::render@13 (line 490)
  0x000002abce866b4c: b011 54ff 

  0x000002abce866b50: ;   {other}
  0x000002abce866b50: 0f1f 8400 | c01b 0049 | ba59 0000 | 0048 8b6c | 2408 6690 

  0x000002abce866b64: ;   {runtime_call UncommonTrapBlob}
  0x000002abce866b64: c5f8 77e8 

  0x000002abce866b68: ; ImmutableOopMap {rbp=Oop }
                      ;*new {reexecute=0 rethrow=0 return_oop=0}
                      ; - com.badlogic.gdx.graphics.Mesh::render@155 (line 508)
  0x000002abce866b68: 9411 54ff 

  0x000002abce866b6c: ;   {other}
  0x000002abce866b6c: 0f1f 8400 | dc1b 004a | bade ffff | ff44 8b54 | 2420 4489 | 5424 0490 

  0x000002abce866b84: ;   {runtime_call UncommonTrapBlob}
  0x000002abce866b84: c5f8 77e8 

  0x000002abce866b88: ; ImmutableOopMap {rbp=NarrowOop [8]=Oop [48]=Oop }
                      ;*invokeinterface glDrawArrays {reexecute=0 rethrow=0 return_oop=0}
                      ; - com.badlogic.gdx.graphics.Mesh::render@241 (line 514)
  0x000002abce866b88: 7411 54ff 

  0x000002abce866b8c: ;   {other}
  0x000002abce866b8c: 0f1f 8400 | fc1b 004b | badf ffff | ff44 8b5c | 2420 4489 | 5c24 0490 

  0x000002abce866ba4: ;   {runtime_call UncommonTrapBlob}
  0x000002abce866ba4: c5f8 77e8 

  0x000002abce866ba8: ; ImmutableOopMap {rbp=NarrowOop [8]=Oop [48]=Oop }
                      ;*invokeinterface glDrawElements {reexecute=0 rethrow=0 return_oop=0}
                      ; - com.badlogic.gdx.graphics.Mesh::render@226 (line 512)
  0x000002abce866ba8: 5411 54ff 

  0x000002abce866bac: ;   {other}
  0x000002abce866bac: 0f1f 8400 | 1c1c 004c | bade ffff | ff4c 8b5c | 2420 4c89 | 5c24 084c | 8b5c 2430 | 4c89 5c24 
  0x000002abce866bcc: 1044 8b5c | 2440 4489 | 5c24 0444 | 8b44 2444 | 4489 4424 | 2044 896c | 2434 4489 | 7424 38c5 
  0x000002abce866bec: fa11 4424 | 3c44 8954 | 2440 4489 | 7424 4444 | 894c 244c 

  0x000002abce866c00: ;   {runtime_call UncommonTrapBlob}
  0x000002abce866c00: c5f8 77e8 

  0x000002abce866c04: ; ImmutableOopMap {rbp=NarrowOop [8]=Oop [16]=Oop [40]=Oop [52]=NarrowOop [56]=NarrowOop [68]=NarrowOop [76]=NarrowOop }
                      ;*instanceof {reexecute=0 rethrow=0 return_oop=0}
                      ; - java.lang.String::equals@8 (line 1863)
                      ; - com.badlogic.gdx.utils.ObjectIntMap::get@21 (line 281)
                      ; - com.badlogic.gdx.graphics.glutils.ShaderProgram::fetchAttributeLocation@11 (line 290)
                      ; - com.badlogic.gdx.graphics.glutils.ShaderProgram::disableVertexAttribute@10 (line 717)
                      ; - com.badlogic.gdx.graphics.glutils.VertexArray::unbind@34 (line 157)
                      ; - com.badlogic.gdx.graphics.Mesh::unbind@6 (line 409)
                      ; - com.badlogic.gdx.graphics.Mesh::unbind@3 (line 400)
                      ; - com.badlogic.gdx.graphics.Mesh::render@253 (line 518)
  0x000002abce866c04: f810 54ff 

  0x000002abce866c08: ;   {other}
  0x000002abce866c08: 0f1f 8400 | 781c 004d | baf6 ffff | ff41 8be8 

  0x000002abce866c18: ;   {runtime_call UncommonTrapBlob}
  0x000002abce866c18: c5f8 77e8 

  0x000002abce866c1c: ; ImmutableOopMap {}
                      ;*invokevirtual get {reexecute=0 rethrow=0 return_oop=0}
                      ; - com.badlogic.gdx.graphics.glutils.VertexArray::unbind@28 (line 157)
                      ; - com.badlogic.gdx.graphics.Mesh::unbind@6 (line 409)
                      ; - com.badlogic.gdx.graphics.Mesh::unbind@3 (line 400)
                      ; - com.badlogic.gdx.graphics.Mesh::render@253 (line 518)
  0x000002abce866c1c: e010 54ff 

  0x000002abce866c20: ;   {other}
  0x000002abce866c20: 0f1f 8400 | 901c 004e | baf6 ffff | ff41 8be8 

  0x000002abce866c30: ;   {runtime_call UncommonTrapBlob}
  0x000002abce866c30: c5f8 77e8 

  0x000002abce866c34: ; ImmutableOopMap {}
                      ;*aaload {reexecute=0 rethrow=0 return_oop=0}
                      ; - com.badlogic.gdx.graphics.VertexAttributes::get@5 (line 109)
                      ; - com.badlogic.gdx.graphics.glutils.VertexArray::unbind@28 (line 157)
                      ; - com.badlogic.gdx.graphics.Mesh::unbind@6 (line 409)
                      ; - com.badlogic.gdx.graphics.Mesh::unbind@3 (line 400)
                      ; - com.badlogic.gdx.graphics.Mesh::render@253 (line 518)
  0x000002abce866c34: c810 54ff 

  0x000002abce866c38: ;   {other}
  0x000002abce866c38: 0f1f 8400 | a81c 004f | baf6 ffff | ff66 6690 

  0x000002abce866c48: ;   {runtime_call UncommonTrapBlob}
  0x000002abce866c48: c5f8 77e8 

  0x000002abce866c4c: ; ImmutableOopMap {}
                      ;*getfield alias {reexecute=1 rethrow=0 return_oop=0}
                      ; - (reexecute) com.badlogic.gdx.graphics.glutils.VertexArray::unbind@31 (line 157)
                      ; - com.badlogic.gdx.graphics.Mesh::unbind@6 (line 409)
                      ; - com.badlogic.gdx.graphics.Mesh::unbind@3 (line 400)
                      ; - com.badlogic.gdx.graphics.Mesh::render@253 (line 518)
  0x000002abce866c4c: b010 54ff 

  0x000002abce866c50: ;   {other}
  0x000002abce866c50: 0f1f 8400 | c01c 0050 | baf6 ffff | ff66 6690 

  0x000002abce866c60: ;   {runtime_call UncommonTrapBlob}
  0x000002abce866c60: c5f8 77e8 

  0x000002abce866c64: ; ImmutableOopMap {}
                      ;*invokevirtual hashCode {reexecute=0 rethrow=0 return_oop=0}
                      ; - com.badlogic.gdx.utils.ObjectIntMap::get@1 (line 279)
                      ; - com.badlogic.gdx.graphics.glutils.ShaderProgram::fetchAttributeLocation@11 (line 290)
                      ; - com.badlogic.gdx.graphics.glutils.ShaderProgram::disableVertexAttribute@10 (line 717)
                      ; - com.badlogic.gdx.graphics.glutils.VertexArray::unbind@34 (line 157)
                      ; - com.badlogic.gdx.graphics.Mesh::unbind@6 (line 409)
                      ; - com.badlogic.gdx.graphics.Mesh::unbind@3 (line 400)
                      ; - com.badlogic.gdx.graphics.Mesh::render@253 (line 518)
  0x000002abce866c64: 9810 54ff 

  0x000002abce866c68: ;   {other}
  0x000002abce866c68: 0f1f 8400 | d81c 0051 | baf6 ffff | ff41 8bea 

  0x000002abce866c78: ;   {runtime_call UncommonTrapBlob}
  0x000002abce866c78: c5f8 77e8 

  0x000002abce866c7c: ; ImmutableOopMap {}
                      ;*aaload {reexecute=0 rethrow=0 return_oop=0}
                      ; - com.badlogic.gdx.utils.ObjectIntMap::get@20 (line 281)
                      ; - com.badlogic.gdx.graphics.glutils.ShaderProgram::fetchAttributeLocation@11 (line 290)
                      ; - com.badlogic.gdx.graphics.glutils.ShaderProgram::disableVertexAttribute@10 (line 717)
                      ; - com.badlogic.gdx.graphics.glutils.VertexArray::unbind@34 (line 157)
                      ; - com.badlogic.gdx.graphics.Mesh::unbind@6 (line 409)
                      ; - com.badlogic.gdx.graphics.Mesh::unbind@3 (line 400)
                      ; - com.badlogic.gdx.graphics.Mesh::render@253 (line 518)
  0x000002abce866c7c: 8010 54ff 

  0x000002abce866c80: ;   {other}
  0x000002abce866c80: 0f1f 8400 | f01c 0052 | baf6 ffff | ff41 8bea 

  0x000002abce866c90: ;   {runtime_call UncommonTrapBlob}
  0x000002abce866c90: c5f8 77e8 

  0x000002abce866c94: ; ImmutableOopMap {}
                      ;*iaload {reexecute=0 rethrow=0 return_oop=0}
                      ; - com.badlogic.gdx.utils.ObjectIntMap::get@82 (line 288)
                      ; - com.badlogic.gdx.graphics.glutils.ShaderProgram::fetchAttributeLocation@11 (line 290)
                      ; - com.badlogic.gdx.graphics.glutils.ShaderProgram::disableVertexAttribute@10 (line 717)
                      ; - com.badlogic.gdx.graphics.glutils.VertexArray::unbind@34 (line 157)
                      ; - com.badlogic.gdx.graphics.Mesh::unbind@6 (line 409)
                      ; - com.badlogic.gdx.graphics.Mesh::unbind@3 (line 400)
                      ; - com.badlogic.gdx.graphics.Mesh::render@253 (line 518)
  0x000002abce866c94: 6810 54ff 

  0x000002abce866c98: ;   {other}
  0x000002abce866c98: 0f1f 8400 | 081d 0053 | 8bea baf6 | ffff ff90 

  0x000002abce866ca8: ;   {runtime_call UncommonTrapBlob}
  0x000002abce866ca8: c5f8 77e8 

  0x000002abce866cac: ; ImmutableOopMap {}
                      ;*invokeinterface glDisableVertexAttribArray {reexecute=0 rethrow=0 return_oop=0}
                      ; - com.badlogic.gdx.graphics.glutils.ShaderProgram::disableVertexAttribute@22 (line 719)
                      ; - com.badlogic.gdx.graphics.glutils.VertexArray::unbind@34 (line 157)
                      ; - com.badlogic.gdx.graphics.Mesh::unbind@6 (line 409)
                      ; - com.badlogic.gdx.graphics.Mesh::unbind@3 (line 400)
                      ; - com.badlogic.gdx.graphics.Mesh::render@253 (line 518)
  0x000002abce866cac: 5010 54ff 

  0x000002abce866cb0: ;   {other}
  0x000002abce866cb0: 0f1f 8400 | 201d 0054 | baf6 ffff | ff66 6690 

  0x000002abce866cc0: ;   {runtime_call UncommonTrapBlob}
  0x000002abce866cc0: c5f8 77e8 

  0x000002abce866cc4: ; ImmutableOopMap {}
                      ;*getfield owner {reexecute=1 rethrow=0 return_oop=0}
                      ; - (reexecute) org.lwjgl.opengl.GLContext::getCapabilitiesImpl@5 (line 132)
                      ; - org.lwjgl.opengl.GLContext::getCapabilities@0 (line 122)
                      ; - org.lwjgl.opengl.GL20::glDisableVertexAttribArray@0 (line 917)
                      ; - com.badlogic.gdx.backends.lwjgl.LwjglGL20::glDisableVertexAttribArray@1 (line 272)
                      ; - com.badlogic.gdx.graphics.glutils.ShaderProgram::disableVertexAttribute@22 (line 719)
                      ; - com.badlogic.gdx.graphics.glutils.VertexArray::unbind@34 (line 157)
                      ; - com.badlogic.gdx.graphics.Mesh::unbind@6 (line 409)
                      ; - com.badlogic.gdx.graphics.Mesh::unbind@3 (line 400)
                      ; - com.badlogic.gdx.graphics.Mesh::render@253 (line 518)
  0x000002abce866cc4: 3810 54ff 

  0x000002abce866cc8: ;   {other}
  0x000002abce866cc8: 0f1f 8400 | 381d 0055 | baf6 ffff | ff48 8b6c | 2430 6690 

  0x000002abce866cdc: ;   {runtime_call UncommonTrapBlob}
  0x000002abce866cdc: c5f8 77e8 

  0x000002abce866ce0: ; ImmutableOopMap {rbp=Oop }
                      ;*invokeinterface bind {reexecute=0 rethrow=0 return_oop=0}
                      ; - com.badlogic.gdx.graphics.Mesh::bind@6 (line 391)
                      ; - com.badlogic.gdx.graphics.Mesh::bind@3 (line 382)
                      ; - com.badlogic.gdx.graphics.Mesh::render@13 (line 490)
  0x000002abce866ce0: 1c10 54ff 

  0x000002abce866ce4: ;   {other}
  0x000002abce866ce4: 0f1f 8400 | 541d 0056 | baf6 ffff | ff66 6690 

  0x000002abce866cf4: ;   {runtime_call UncommonTrapBlob}
  0x000002abce866cf4: c5f8 77e8 

  0x000002abce866cf8: ; ImmutableOopMap {}
                      ;*invokeinterface getNumIndices {reexecute=0 rethrow=0 return_oop=0}
                      ; - com.badlogic.gdx.graphics.Mesh::bind@15 (line 392)
                      ; - com.badlogic.gdx.graphics.Mesh::bind@3 (line 382)
                      ; - com.badlogic.gdx.graphics.Mesh::render@13 (line 490)
  0x000002abce866cf8: 0410 54ff 

  0x000002abce866cfc: ;   {other}
  0x000002abce866cfc: 0f1f 8400 | 6c1d 0057 | baf6 ffff | ff66 6690 

  0x000002abce866d0c: ;   {runtime_call UncommonTrapBlob}
  0x000002abce866d0c: c5f8 77e8 

  0x000002abce866d10: ; ImmutableOopMap {[48]=Oop }
                      ;*invokeinterface unbind {reexecute=0 rethrow=0 return_oop=0}
                      ; - com.badlogic.gdx.graphics.Mesh::unbind@6 (line 409)
                      ; - com.badlogic.gdx.graphics.Mesh::unbind@3 (line 400)
                      ; - com.badlogic.gdx.graphics.Mesh::render@253 (line 518)
  0x000002abce866d10: ec0f 54ff 

  0x000002abce866d14: ;   {other}
  0x000002abce866d14: 0f1f 8400 | 841d 0058 | baf6 ffff | ff66 6690 

  0x000002abce866d24: ;   {runtime_call UncommonTrapBlob}
  0x000002abce866d24: c5f8 77e8 

  0x000002abce866d28: ; ImmutableOopMap {}
                      ;*invokeinterface getNumIndices {reexecute=0 rethrow=0 return_oop=0}
                      ; - com.badlogic.gdx.graphics.Mesh::unbind@15 (line 410)
                      ; - com.badlogic.gdx.graphics.Mesh::unbind@3 (line 400)
                      ; - com.badlogic.gdx.graphics.Mesh::render@253 (line 518)
  0x000002abce866d28: d40f 54ff 

  0x000002abce866d2c: ;   {other}
  0x000002abce866d2c: 0f1f 8400 | 9c1d 0059 | baf6 ffff | ff66 6690 

  0x000002abce866d3c: ;   {runtime_call UncommonTrapBlob}
  0x000002abce866d3c: c5f8 77e8 

  0x000002abce866d40: ; ImmutableOopMap {}
                      ;*invokevirtual limit {reexecute=0 rethrow=0 return_oop=0}
                      ; - com.badlogic.gdx.graphics.glutils.IndexArray::getNumIndices@15 (line 49)
                      ; - com.badlogic.gdx.graphics.Mesh::render@27 (line 493)
  0x000002abce866d40: bc0f 54ff 

  0x000002abce866d44: ;   {other}
  0x000002abce866d44: 0f1f 8400 | b41d 005a | baf6 ffff | ff8b 6c24 | 2444 8954 | 2408 6690 

  0x000002abce866d5c: ;   {runtime_call UncommonTrapBlob}
  0x000002abce866d5c: c5f8 77e8 

  0x000002abce866d60: ; ImmutableOopMap {[8]=NarrowOop }
                      ;*invokeinterface glDrawElements {reexecute=0 rethrow=0 return_oop=0}
                      ; - com.badlogic.gdx.graphics.Mesh::render@88 (line 499)
  0x000002abce866d60: 9c0f 54ff 

  0x000002abce866d64: ;   {other}
  0x000002abce866d64: 0f1f 8400 | d41d 005b | baf6 ffff | ff66 6690 

  0x000002abce866d74: ;   {runtime_call UncommonTrapBlob}
  0x000002abce866d74: c5f8 77e8 

  0x000002abce866d78: ; ImmutableOopMap {}
                      ;*getfield owner {reexecute=1 rethrow=0 return_oop=0}
                      ; - (reexecute) org.lwjgl.opengl.GLContext::getCapabilitiesImpl@5 (line 132)
                      ; - org.lwjgl.opengl.GLContext::getCapabilities@0 (line 122)
                      ; - org.lwjgl.opengl.GL11::glDrawElements@0 (line 1105)
                      ; - com.badlogic.gdx.backends.lwjgl.LwjglGL20::glDrawElements@21 (line 281)
                      ; - com.badlogic.gdx.graphics.Mesh::render@88 (line 499)
  0x000002abce866d78: 840f 54ff 

  0x000002abce866d7c: ;   {other}
  0x000002abce866d7c: 0f1f 8400 | ec1d 005c | baf6 ffff | ff66 6690 

  0x000002abce866d8c: ;   {runtime_call UncommonTrapBlob}
  0x000002abce866d8c: c5f8 77e8 

  0x000002abce866d90: ; ImmutableOopMap {}
                      ;*getfield references_stack {reexecute=1 rethrow=0 return_oop=0}
                      ; - (reexecute) org.lwjgl.opengl.StateTracker::getReferences@4 (line 85)
                      ; - org.lwjgl.opengl.StateTracker::getElementArrayBufferBound@1 (line 143)
                      ; - org.lwjgl.opengl.GLChecks::ensureElementVBOdisabled@7 (line 82)
                      ; - org.lwjgl.opengl.GL11::glDrawElements@14 (line 1108)
                      ; - com.badlogic.gdx.backends.lwjgl.LwjglGL20::glDrawElements@21 (line 281)
                      ; - com.badlogic.gdx.graphics.Mesh::render@88 (line 499)
  0x000002abce866d90: 6c0f 54ff 

  0x000002abce866d94: ;   {other}
  0x000002abce866d94: 0f1f 8400 | 041e 005d | baf6 ffff | ff66 6690 

  0x000002abce866da4: ;   {runtime_call UncommonTrapBlob}
  0x000002abce866da4: c5f8 77e8 

  0x000002abce866da8: ; ImmutableOopMap {}
                      ;*invokevirtual getReferences {reexecute=0 rethrow=0 return_oop=0}
                      ; - org.lwjgl.opengl.StateTracker::getReferences@7 (line 85)
                      ; - org.lwjgl.opengl.StateTracker::getElementArrayBufferBound@1 (line 143)
                      ; - org.lwjgl.opengl.GLChecks::ensureElementVBOdisabled@7 (line 82)
                      ; - org.lwjgl.opengl.GL11::glDrawElements@14 (line 1108)
                      ; - com.badlogic.gdx.backends.lwjgl.LwjglGL20::glDrawElements@21 (line 281)
                      ; - com.badlogic.gdx.graphics.Mesh::render@88 (line 499)
  0x000002abce866da8: 540f 54ff 

  0x000002abce866dac: ;   {other}
  0x000002abce866dac: 0f1f 8400 | 1c1e 005e | baf6 ffff | ff41 8bea 

  0x000002abce866dbc: ;   {runtime_call UncommonTrapBlob}
  0x000002abce866dbc: c5f8 77e8 

  0x000002abce866dc0: ; ImmutableOopMap {}
                      ;*aaload {reexecute=0 rethrow=0 return_oop=0}
                      ; - org.lwjgl.opengl.ReferencesStack::getReferences@8 (line 41)
                      ; - org.lwjgl.opengl.StateTracker::getReferences@7 (line 85)
                      ; - org.lwjgl.opengl.StateTracker::getElementArrayBufferBound@1 (line 143)
                      ; - org.lwjgl.opengl.GLChecks::ensureElementVBOdisabled@7 (line 82)
                      ; - org.lwjgl.opengl.GL11::glDrawElements@14 (line 1108)
                      ; - com.badlogic.gdx.backends.lwjgl.LwjglGL20::glDrawElements@21 (line 281)
                      ; - com.badlogic.gdx.graphics.Mesh::render@88 (line 499)
  0x000002abce866dc0: 3c0f 54ff 

  0x000002abce866dc4: ;   {other}
  0x000002abce866dc4: 0f1f 8400 | 341e 005f | baf6 ffff | ff66 6690 

  0x000002abce866dd4: ;   {runtime_call UncommonTrapBlob}
  0x000002abce866dd4: c5f8 77e8 

  0x000002abce866dd8: ; ImmutableOopMap {}
                      ;*getfield vertexArrayObject {reexecute=1 rethrow=0 return_oop=0}
                      ; - (reexecute) org.lwjgl.opengl.StateTracker::getElementArrayBufferBound@6 (line 145)
                      ; - org.lwjgl.opengl.GLChecks::ensureElementVBOdisabled@7 (line 82)
                      ; - org.lwjgl.opengl.GL11::glDrawElements@14 (line 1108)
                      ; - com.badlogic.gdx.backends.lwjgl.LwjglGL20::glDrawElements@21 (line 281)
                      ; - com.badlogic.gdx.graphics.Mesh::render@88 (line 499)
  0x000002abce866dd8: 240f 54ff 

  0x000002abce866ddc: ;   {other}
  0x000002abce866ddc: 0f1f 8400 | 4c1e 0060 | baf6 ffff | ff66 6690 

  0x000002abce866dec: ;   {runtime_call UncommonTrapBlob}
  0x000002abce866dec: c5f8 77e8 

  0x000002abce866df0: ; ImmutableOopMap {}
                      ;*invokevirtual limit {reexecute=0 rethrow=0 return_oop=0}
                      ; - com.badlogic.gdx.graphics.glutils.IndexArray::getNumIndices@15 (line 49)
                      ; - com.badlogic.gdx.graphics.Mesh::bind@15 (line 392)
                      ; - com.badlogic.gdx.graphics.Mesh::bind@3 (line 382)
                      ; - com.badlogic.gdx.graphics.Mesh::render@13 (line 490)
  0x000002abce866df0: 0c0f 54ff 

  0x000002abce866df4: ;   {other}
  0x000002abce866df4: 0f1f 8400 | 641e 0061 | baf6 ffff | ff66 6690 

  0x000002abce866e04: ;   {runtime_call UncommonTrapBlob}
  0x000002abce866e04: c5f8 77e8 

  0x000002abce866e08: ; ImmutableOopMap {}
                      ;*invokevirtual size {reexecute=0 rethrow=0 return_oop=0}
                      ; - com.badlogic.gdx.graphics.glutils.VertexArray::unbind@4 (line 154)
                      ; - com.badlogic.gdx.graphics.Mesh::unbind@6 (line 409)
                      ; - com.badlogic.gdx.graphics.Mesh::unbind@3 (line 400)
                      ; - com.badlogic.gdx.graphics.Mesh::render@253 (line 518)
  0x000002abce866e08: f40e 54ff 

  0x000002abce866e0c: ;   {other}
  0x000002abce866e0c: 0f1f 8400 | 7c1e 0062 | baf6 ffff | ff66 6690 

  0x000002abce866e1c: ;   {runtime_call UncommonTrapBlob}
  0x000002abce866e1c: c5f8 77e8 

  0x000002abce866e20: ; ImmutableOopMap {}
                      ;*arraylength {reexecute=0 rethrow=0 return_oop=0}
                      ; - com.badlogic.gdx.graphics.VertexAttributes::size@4 (line 103)
                      ; - com.badlogic.gdx.graphics.glutils.VertexArray::unbind@4 (line 154)
                      ; - com.badlogic.gdx.graphics.Mesh::unbind@6 (line 409)
                      ; - com.badlogic.gdx.graphics.Mesh::unbind@3 (line 400)
                      ; - com.badlogic.gdx.graphics.Mesh::render@253 (line 518)
  0x000002abce866e20: dc0e 54ff 

  0x000002abce866e24: ;   {other}
  0x000002abce866e24: 0f1f 8400 | 941e 0063 | baf6 ffff | ff66 6690 

  0x000002abce866e34: ;   {runtime_call UncommonTrapBlob}
  0x000002abce866e34: c5f8 77e8 

  0x000002abce866e38: ; ImmutableOopMap {}
                      ;*invokevirtual limit {reexecute=0 rethrow=0 return_oop=0}
                      ; - com.badlogic.gdx.graphics.glutils.IndexArray::getNumIndices@15 (line 49)
                      ; - com.badlogic.gdx.graphics.Mesh::unbind@15 (line 410)
                      ; - com.badlogic.gdx.graphics.Mesh::unbind@3 (line 400)
                      ; - com.badlogic.gdx.graphics.Mesh::render@253 (line 518)
  0x000002abce866e38: c40e 54ff 

  0x000002abce866e3c: ;   {other}
  0x000002abce866e3c: 0f1f 8400 | ac1e 0064 | baf6 ffff | ff66 6690 

  0x000002abce866e4c: ;   {runtime_call UncommonTrapBlob}
  0x000002abce866e4c: c5f8 77e8 

  0x000002abce866e50: ; ImmutableOopMap {}
                      ;*getfield alias {reexecute=1 rethrow=0 return_oop=0}
                      ; - (reexecute) com.badlogic.gdx.graphics.glutils.VertexBufferObject::unbind@37 (line 222)
                      ; - com.badlogic.gdx.graphics.Mesh::unbind@6 (line 409)
                      ; - com.badlogic.gdx.graphics.Mesh::unbind@3 (line 400)
                      ; - com.badlogic.gdx.graphics.Mesh::render@253 (line 518)
  0x000002abce866e50: ac0e 54ff 

  0x000002abce866e54: ;   {other}
  0x000002abce866e54: 0f1f 8400 | c41e 0065 | baf6 ffff | ff66 6690 

  0x000002abce866e64: ;   {runtime_call UncommonTrapBlob}
  0x000002abce866e64: c5f8 77e8 

  0x000002abce866e68: ; ImmutableOopMap {}
                      ;*getfield alias {reexecute=1 rethrow=0 return_oop=0}
                      ; - (reexecute) com.badlogic.gdx.graphics.glutils.VertexBufferObject::bind@105 (line 186)
                      ; - com.badlogic.gdx.graphics.Mesh::bind@6 (line 391)
                      ; - com.badlogic.gdx.graphics.Mesh::bind@3 (line 382)
                      ; - com.badlogic.gdx.graphics.Mesh::render@13 (line 490)
  0x000002abce866e68: 940e 54ff 

  0x000002abce866e6c: ;   {other}
  0x000002abce866e6c: 0f1f 8400 | dc1e 0066 | eb2e 488b | d0eb 3b48 | 8bd0 eb36 | 488b d0eb | 31eb 11eb | 0f48 8bd0 
  0x000002abce866e8c: eb28 eb08 | eb0d eb04 | eb02 eb00 | 488b d0eb | 19eb 0048 | 8bd0 eb12 | 488b d0eb | 0d48 8bd0 
  0x000002abce866eac: eb08 488b | d0eb 0348 | 8bd0 c5f8 | 7748 83c4 

  0x000002abce866ebc: ;   {runtime_call _rethrow_Java}
  0x000002abce866ebc: 705d e9bd | 0c62 ffba | f6ff ffff 

  0x000002abce866ec8: ;   {runtime_call UncommonTrapBlob}
  0x000002abce866ec8: c5f8 77e8 

  0x000002abce866ecc: ; ImmutableOopMap {}
                      ;*getfield vertexSize {reexecute=1 rethrow=0 return_oop=0}
                      ; - (reexecute) com.badlogic.gdx.graphics.glutils.VertexBufferObject::bind@149 (line 190)
                      ; - com.badlogic.gdx.graphics.Mesh::bind@6 (line 391)
                      ; - com.badlogic.gdx.graphics.Mesh::bind@3 (line 382)
                      ; - com.badlogic.gdx.graphics.Mesh::render@13 (line 490)
  0x000002abce866ecc: 300e 54ff 

  0x000002abce866ed0: ;   {other}
  0x000002abce866ed0: 0f1f 8400 | 401f 0067 | baf6 ffff | ff66 6690 

  0x000002abce866ee0: ;   {runtime_call UncommonTrapBlob}
  0x000002abce866ee0: c5f8 77e8 

  0x000002abce866ee4: ; ImmutableOopMap {}
                      ;*invokevirtual size {reexecute=0 rethrow=0 return_oop=0}
                      ; - com.badlogic.gdx.graphics.glutils.VertexBufferObject::unbind@8 (line 219)
                      ; - com.badlogic.gdx.graphics.Mesh::unbind@6 (line 409)
                      ; - com.badlogic.gdx.graphics.Mesh::unbind@3 (line 400)
                      ; - com.badlogic.gdx.graphics.Mesh::render@253 (line 518)
  0x000002abce866ee4: 180e 54ff 

  0x000002abce866ee8: ;   {other}
  0x000002abce866ee8: 0f1f 8400 | 581f 0068 | baf6 ffff | ff66 6690 

  0x000002abce866ef8: ;   {runtime_call UncommonTrapBlob}
  0x000002abce866ef8: c5f8 77e8 

  0x000002abce866efc: ; ImmutableOopMap {}
                      ;*arraylength {reexecute=0 rethrow=0 return_oop=0}
                      ; - com.badlogic.gdx.graphics.VertexAttributes::size@4 (line 103)
                      ; - com.badlogic.gdx.graphics.glutils.VertexBufferObject::unbind@8 (line 219)
                      ; - com.badlogic.gdx.graphics.Mesh::unbind@6 (line 409)
                      ; - com.badlogic.gdx.graphics.Mesh::unbind@3 (line 400)
                      ; - com.badlogic.gdx.graphics.Mesh::render@253 (line 518)
  0x000002abce866efc: 000e 54ff 

  0x000002abce866f00: ;   {other}
  0x000002abce866f00: 0f1f 8400 | 701f 0069 | baf6 ffff | ff66 6690 

  0x000002abce866f10: ;   {runtime_call UncommonTrapBlob}
  0x000002abce866f10: c5f8 77e8 

  0x000002abce866f14: ; ImmutableOopMap {}
                      ;*invokeinterface glBindBuffer {reexecute=0 rethrow=0 return_oop=0}
                      ; - com.badlogic.gdx.graphics.glutils.VertexBufferObject::unbind@89 (line 230)
                      ; - com.badlogic.gdx.graphics.Mesh::unbind@6 (line 409)
                      ; - com.badlogic.gdx.graphics.Mesh::unbind@3 (line 400)
                      ; - com.badlogic.gdx.graphics.Mesh::render@253 (line 518)
  0x000002abce866f14: e80d 54ff 

  0x000002abce866f18: ;   {other}
  0x000002abce866f18: 0f1f 8400 | 881f 006a | baf6 ffff | ff41 8bea 

  0x000002abce866f28: ;   {runtime_call UncommonTrapBlob}
  0x000002abce866f28: c5f8 77e8 

  0x000002abce866f2c: ; ImmutableOopMap {}
                      ;*invokeinterface glBindBuffer {reexecute=0 rethrow=0 return_oop=0}
                      ; - com.badlogic.gdx.graphics.glutils.VertexBufferObject::bind@11 (line 175)
                      ; - com.badlogic.gdx.graphics.Mesh::bind@6 (line 391)
                      ; - com.badlogic.gdx.graphics.Mesh::bind@3 (line 382)
                      ; - com.badlogic.gdx.graphics.Mesh::render@13 (line 490)
  0x000002abce866f2c: d00d 54ff 

  0x000002abce866f30: ;   {other}
  0x000002abce866f30: 0f1f 8400 | a01f 006b | baf6 ffff | ff66 6690 

  0x000002abce866f40: ;   {runtime_call UncommonTrapBlob}
  0x000002abce866f40: c5f8 77e8 

  0x000002abce866f44: ; ImmutableOopMap {}
                      ;*invokevirtual size {reexecute=0 rethrow=0 return_oop=0}
                      ; - com.badlogic.gdx.graphics.glutils.VertexBufferObject::bind@72 (line 182)
                      ; - com.badlogic.gdx.graphics.Mesh::bind@6 (line 391)
                      ; - com.badlogic.gdx.graphics.Mesh::bind@3 (line 382)
                      ; - com.badlogic.gdx.graphics.Mesh::render@13 (line 490)
  0x000002abce866f44: b80d 54ff 

  0x000002abce866f48: ;   {other}
  0x000002abce866f48: 0f1f 8400 | b81f 006c | baf6 ffff | ff66 6690 

  0x000002abce866f58: ;   {runtime_call UncommonTrapBlob}
  0x000002abce866f58: c5f8 77e8 

  0x000002abce866f5c: ; ImmutableOopMap {}
                      ;*arraylength {reexecute=0 rethrow=0 return_oop=0}
                      ; - com.badlogic.gdx.graphics.VertexAttributes::size@4 (line 103)
                      ; - com.badlogic.gdx.graphics.glutils.VertexBufferObject::bind@72 (line 182)
                      ; - com.badlogic.gdx.graphics.Mesh::bind@6 (line 391)
                      ; - com.badlogic.gdx.graphics.Mesh::bind@3 (line 382)
                      ; - com.badlogic.gdx.graphics.Mesh::render@13 (line 490)
  0x000002abce866f5c: a00d 54ff 

  0x000002abce866f60: ;   {other}
  0x000002abce866f60: 0f1f 8400 | d01f 006d | baf6 ffff | ff66 6690 

  0x000002abce866f70: ;   {runtime_call UncommonTrapBlob}
  0x000002abce866f70: c5f8 77e8 

  0x000002abce866f74: ; ImmutableOopMap {}
                      ;*invokevirtual limit {reexecute=0 rethrow=0 return_oop=0}
                      ; - com.badlogic.gdx.graphics.glutils.VertexBufferObject::bind@31 (line 177)
                      ; - com.badlogic.gdx.graphics.Mesh::bind@6 (line 391)
                      ; - com.badlogic.gdx.graphics.Mesh::bind@3 (line 382)
                      ; - com.badlogic.gdx.graphics.Mesh::render@13 (line 490)
  0x000002abce866f74: 880d 54ff 

  0x000002abce866f78: ;   {other}
  0x000002abce866f78: 0f1f 8400 | e81f 006e | baf6 ffff | ff66 6690 

  0x000002abce866f88: ;   {runtime_call UncommonTrapBlob}
  0x000002abce866f88: c5f8 77e8 

  0x000002abce866f8c: ; ImmutableOopMap {}
                      ;*invokevirtual limit {reexecute=0 rethrow=0 return_oop=0}
                      ; - com.badlogic.gdx.graphics.glutils.VertexBufferObject::bind@47 (line 178)
                      ; - com.badlogic.gdx.graphics.Mesh::bind@6 (line 391)
                      ; - com.badlogic.gdx.graphics.Mesh::bind@3 (line 382)
                      ; - com.badlogic.gdx.graphics.Mesh::render@13 (line 490)
  0x000002abce866f8c: 700d 54ff 

  0x000002abce866f90: ;   {other}
  0x000002abce866f90: 0f1f 8400 | 0020 006f | baf6 ffff | ff8b 6c24 | 2466 6690 

  0x000002abce866fa4: ;   {runtime_call UncommonTrapBlob}
  0x000002abce866fa4: c5f8 77e8 

  0x000002abce866fa8: ; ImmutableOopMap {}
                      ;*invokeinterface glDrawArrays {reexecute=0 rethrow=0 return_oop=0}
                      ; - com.badlogic.gdx.graphics.Mesh::render@241 (line 514)
  0x000002abce866fa8: 540d 54ff 

  0x000002abce866fac: ;   {other}
  0x000002abce866fac: 0f1f 8400 | 1c20 0070 | baf6 ffff | ff8b 6c24 | 2466 6690 

  0x000002abce866fc0: ;   {runtime_call UncommonTrapBlob}
  0x000002abce866fc0: c5f8 77e8 

  0x000002abce866fc4: ; ImmutableOopMap {}
                      ;*invokeinterface glDrawElements {reexecute=0 rethrow=0 return_oop=0}
                      ; - com.badlogic.gdx.graphics.Mesh::render@226 (line 512)
  0x000002abce866fc4: 380d 54ff 

  0x000002abce866fc8: ;   {other}
  0x000002abce866fc8: 0f1f 8400 | 3820 0071 | baf6 ffff | ff66 6690 

  0x000002abce866fd8: ;   {runtime_call UncommonTrapBlob}
  0x000002abce866fd8: c5f8 77e8 

  0x000002abce866fdc: ; ImmutableOopMap {}
                      ;*invokevirtual limit {reexecute=0 rethrow=0 return_oop=0}
                      ; - com.badlogic.gdx.graphics.glutils.IndexBufferObject::getNumIndices@15 (line 89)
                      ; - com.badlogic.gdx.graphics.Mesh::unbind@15 (line 410)
                      ; - com.badlogic.gdx.graphics.Mesh::unbind@3 (line 400)
                      ; - com.badlogic.gdx.graphics.Mesh::render@253 (line 518)
  0x000002abce866fdc: 200d 54ff 

  0x000002abce866fe0: ;   {other}
  0x000002abce866fe0: 0f1f 8400 | 5020 0072 | baf6 ffff | ff66 6690 

  0x000002abce866ff0: ;   {runtime_call UncommonTrapBlob}
  0x000002abce866ff0: c5f8 77e8 

  0x000002abce866ff4: ; ImmutableOopMap {}
                      ;*invokevirtual limit {reexecute=0 rethrow=0 return_oop=0}
                      ; - com.badlogic.gdx.graphics.glutils.IndexBufferObject::getNumIndices@15 (line 89)
                      ; - com.badlogic.gdx.graphics.Mesh::bind@15 (line 392)
                      ; - com.badlogic.gdx.graphics.Mesh::bind@3 (line 382)
                      ; - com.badlogic.gdx.graphics.Mesh::render@13 (line 490)
  0x000002abce866ff4: 080d 54ff 

  0x000002abce866ff8: ;   {other}
  0x000002abce866ff8: 0f1f 8400 | 6820 0073 

  0x000002abce867000: ;   {internal_word}
  0x000002abce867000: 49ba 0f5a | 86ce ab02 | 0000 4d89 | 9760 0400 

  0x000002abce867010: ;   {runtime_call SafepointBlob}
  0x000002abce867010: 00e9 6afb 

  0x000002abce867014: ;   {runtime_call StubRoutines (final stubs)}
  0x000002abce867014: 53ff e8a5 | ec51 ffe9 | fae3 ffff 
[Stub Code]
  0x000002abce867020: ;   {no_reloc}
  0x000002abce867020: 48bb 0000 | 0000 0000 

  0x000002abce867028: ;   {runtime_call nmethod}
  0x000002abce867028: 0000 e9fb 

  0x000002abce86702c: ;   {static_stub}
  0x000002abce86702c: ffff ff48 | bb00 0000 | 0000 0000 

  0x000002abce867038: ;   {runtime_call nmethod}
  0x000002abce867038: 00e9 fbff 

  0x000002abce86703c: ;   {static_stub}
  0x000002abce86703c: ffff 48bb | d82a 5925 | ac02 0000 

  0x000002abce867048: ;   {runtime_call I2C/C2I adapters}
  0x000002abce867048: e9c5 4c51 

  0x000002abce86704c: ;   {static_stub}
  0x000002abce86704c: ff48 bb60 | 6a27 26ac 

  0x000002abce867054: ;   {runtime_call I2C/C2I adapters}
  0x000002abce867054: 0200 00e9 | 27ce 53ff 

  0x000002abce86705c: ;   {static_stub}
  0x000002abce86705c: 48bb 2845 | 5925 ac02 

  0x000002abce867064: ;   {runtime_call I2C/C2I adapters}
  0x000002abce867064: 0000 e9a3 

  0x000002abce867068: ;   {static_stub}
  0x000002abce867068: 5851 ff48 | bb00 0000 | 0000 0000 

  0x000002abce867074: ;   {runtime_call nmethod}
  0x000002abce867074: 00e9 fbff 

  0x000002abce867078: ;   {static_stub}
  0x000002abce867078: ffff 48bb | 0000 0000 | 0000 0000 

  0x000002abce867084: ;   {runtime_call nmethod}
  0x000002abce867084: e9fb ffff 

  0x000002abce867088: ;   {static_stub}
  0x000002abce867088: ff48 bb58 | ea62 25ac 

  0x000002abce867090: ;   {runtime_call I2C/C2I adapters}
  0x000002abce867090: 0200 00e9 | 0908 56ff 

  0x000002abce867098: ;   {static_stub}
  0x000002abce867098: 48bb 0000 | 0000 0000 

  0x000002abce8670a0: ;   {runtime_call nmethod}
  0x000002abce8670a0: 0000 e9fb 

  0x000002abce8670a4: ;   {static_stub}
  0x000002abce8670a4: ffff ff48 | bb00 0000 | 0000 0000 

  0x000002abce8670b0: ;   {runtime_call nmethod}
  0x000002abce8670b0: 00e9 fbff 

  0x000002abce8670b4: ;   {static_stub}
  0x000002abce8670b4: ffff 48bb | 0000 0000 | 0000 0000 

  0x000002abce8670c0: ;   {runtime_call nmethod}
  0x000002abce8670c0: e9fb ffff 

  0x000002abce8670c4: ;   {static_stub}
  0x000002abce8670c4: ff48 bb00 | 0000 0000 

  0x000002abce8670cc: ;   {runtime_call nmethod}
  0x000002abce8670cc: 0000 00e9 | fbff ffff 

  0x000002abce8670d4: ;   {static_stub}
  0x000002abce8670d4: 48bb 0000 | 0000 0000 

  0x000002abce8670dc: ;   {runtime_call nmethod}
  0x000002abce8670dc: 0000 e9fb 

  0x000002abce8670e0: ;   {static_stub}
  0x000002abce8670e0: ffff ff48 | bb00 0000 | 0000 0000 

  0x000002abce8670ec: ;   {runtime_call nmethod}
  0x000002abce8670ec: 00e9 fbff 

  0x000002abce8670f0: ;   {static_stub}
  0x000002abce8670f0: ffff 48bb | c021 2726 | ac02 0000 

  0x000002abce8670fc: ;   {runtime_call I2C/C2I adapters}
  0x000002abce8670fc: e905 ec52 

  0x000002abce867100: ;   {runtime_call ExceptionBlob}
  0x000002abce867100: ffe9 fa9a | 61ff e800 | 0000 0048 | 832c 2405 

  0x000002abce867110: ;   {runtime_call DeoptimizationBlob}
  0x000002abce867110: e90b 0f54 | fff4 f4f4 
[/MachCode]


Compiled method (c2) 468882 2986       4       com.badlogic.gdx.graphics.g2d.SpriteBatch::flush (193 bytes)
 total in heap  [0x000002abce63f090,0x000002abce640ce0] = 7248
 relocation     [0x000002abce63f1f0,0x000002abce63f328] = 312
 main code      [0x000002abce63f340,0x000002abce63ff30] = 3056
 stub code      [0x000002abce63ff30,0x000002abce63ff90] = 96
 oops           [0x000002abce63ff90,0x000002abce63ff98] = 8
 metadata       [0x000002abce63ff98,0x000002abce640100] = 360
 scopes data    [0x000002abce640100,0x000002abce640870] = 1904
 scopes pcs     [0x000002abce640870,0x000002abce640bc0] = 848
 dependencies   [0x000002abce640bc0,0x000002abce640bf8] = 56
 handler table  [0x000002abce640bf8,0x000002abce640c70] = 120
 nul chk table  [0x000002abce640c70,0x000002abce640ce0] = 112

[Constant Pool (empty)]

[MachCode]
[Entry Point]
  # {method} {0x000002ac256117c8} 'flush' '()V' in 'com/badlogic/gdx/graphics/g2d/SpriteBatch'
  #           [sp+0x70]  (sp of caller)
  0x000002abce63f340: 448b 5208 | 49bb 0000 | 00e4 ab02 | 0000 4d03 | d349 3bc2 

  0x000002abce63f354: ;   {runtime_call ic_miss_stub}
  0x000002abce63f354: 0f85 26f6 | 75ff 6690 | 0f1f 4000 
[Verified Entry Point]
  0x000002abce63f360: 8984 2400 | 80ff ff55 | 4883 ec60 | 4181 7f20 | 0300 0000 | 0f85 ac0b | 0000 4c8b | ca44 8b5a 
  0x000002abce63f380: 0c45 85db | 0f84 e203 | 0000 448b | 4234 458b | d341 c1fa | 1f4d 63db | 4d69 db67 | 6666 6649 
  0x000002abce63f3a0: c1fb 2345 | 8bdb 452b | da45 3bd8 | 0f8f cd03 | 0000 ff42 | 3044 8b52 | 44ff 422c 

  0x000002abce63f3bc: ; implicit exception: dispatches to 0x000002abce63fdc1
  0x000002abce63f3bc: 478b 44d4 | 0c43 8b4c 

  0x000002abce63f3c4: ;   {oop(a 'java/lang/Class'{0x00000006044d6580} = 'com/badlogic/gdx/Gdx')}
  0x000002abce63f3c4: d410 49ba | 8065 4d04 | 0600 0000 | 418b aa88 | 0000 0045 | 8b54 ec08 | 428d 1c9d | 0000 0000 
  0x000002abce63f3e4: 428d 1c5b 

  0x000002abce63f3e8: ;   {metadata('com/badlogic/gdx/backends/lwjgl/LwjglGL20')}
  0x000002abce63f3e8: 4181 fa60 | 1202 010f | 8593 0300 

  0x000002abce63f3f4: ;   {oop(a 'java/lang/Class'{0x00000006047c87e8} = 'org/lwjgl/opengl/GLContext')}
  0x000002abce63f3f4: 0049 bae8 | 877c 0406 | 0000 0045 | 8b5a 7443 | 8b7c dc0c | 4c8b d749 | c1e2 0349 | 8b97 8003 
  0x000002abce63f414: 0000 488b | 324c 3bd6 | 0f85 4604 | 0000 438b | 6cdc 1085 | ed0f 84b1 | 0400 0049 | 8bbc ec30 
  0x000002abce63f434: 1900 0048 | 85ff 0f84 | c404 0000 | 4889 3424 | 895c 2408 | 498b e941 | 8bd0 448b | c14c 8bcf 
  0x000002abce63f454: ;   {static_call}
  0x000002abce63f454: 6666 90e8 

  0x000002abce63f458: ; ImmutableOopMap {rbp=Oop [0]=Oop }
                      ;*invokestatic nglBindTexture {reexecute=0 rethrow=0 return_oop=0}
                      ; - org.lwjgl.opengl.GL11::glBindTexture@16 (line 654)
                      ; - com.badlogic.gdx.backends.lwjgl.LwjglGL20::glBindTexture@2 (line 93)
                      ; - com.badlogic.gdx.graphics.GLTexture::bind@11 (line 66)
                      ; - com.badlogic.gdx.graphics.g2d.SpriteBatch::flush@58 (line 964)
  0x000002abce63f458: 84ff f0ff 

  0x000002abce63f45c: ;   {other}
  0x000002abce63f45c: 0f1f 8400 | cc03 0000 | 4c8b cd41 | 8b79 3c45 | 8b41 4045 | 8b59 0c41 | 8b6c fc10 

  0x000002abce63f478: ; implicit exception: dispatches to 0x000002abce63fe1c
  0x000002abce63f478: 458b 54ec 

  0x000002abce63f47c: ;   {metadata('com/badlogic/gdx/graphics/glutils/VertexArray')}
  0x000002abce63f47c: 0841 81fa | 88f0 0201 | 0f85 2203 | 0000 498d | 0cec 8b59 | 1841 8b74 | dc08 468d | 149d 0000 
  0x000002abce63f49c: ;   {metadata('java/nio/DirectByteBuffer')}
  0x000002abce63f49c: 0000 81fe | e8ea 1b00 | 0f85 2603 | 0000 48c1 | e303 8b6b | 2044 3bd5 | 0f8f 8a04 | 0000 4585 
  0x000002abce63f4bc: d20f 8cb9 | 0400 0044 | 8953 1c8b | 6b18 413b | ea0f 8ff1 | 0400 008b | 6b0c 413b | ea0f 8f1d 
  0x000002abce63f4dc: 0500 0048 | 8beb 4889 | 4c24 2044 | 895c 2418 | 4c89 4c24 | 1049 8bd0 | 48c1 e203 | 4d8d 14fc 
  0x000002abce63f4fc: 4c89 5424 | 2889 7c24 | 0c4c 8bc3 | 458b cb33 

  0x000002abce63f50c: ;   {static_call}
  0x000002abce63f50c: ff66 90e8 

  0x000002abce63f510: ; ImmutableOopMap {rbp=Oop [0]=Oop [12]=NarrowOop [16]=Oop [32]=Oop [40]=Oop }
                      ;*invokestatic copyJni {reexecute=0 rethrow=0 return_oop=0}
                      ; - com.badlogic.gdx.utils.BufferUtils::copy@35 (line 54)
                      ; - com.badlogic.gdx.graphics.glutils.VertexArray::setVertices@7 (line 84)
                      ; - com.badlogic.gdx.graphics.Mesh::setVertices@7 (line 208)
                      ; - com.badlogic.gdx.graphics.g2d.SpriteBatch::flush@76 (line 966)
  0x000002abce63f510: cc33 f4ff 

  0x000002abce63f514: ;   {other}
  0x000002abce63f514: 0f1f 8400 | 8404 0001 | 4c8b d541 | 8b6a 1c85 | ed0f 8c09 | 0500 0041 | 8b6a 0c85 | ed0f 8f35 
  0x000002abce63f534: 0500 0045 | 8962 184c | 8b54 2420 | 458b 4a14 

  0x000002abce63f544: ; implicit exception: dispatches to 0x000002abce63fe74
  0x000002abce63f544: 438b 6ccc | 1c85 ed0f | 8c53 0500 | 0047 8b44 | cc0c 4585 | c00f 8f79 | 0500 0047 | 8964 cc18 
  0x000002abce63f564: 438b 6ccc | 2044 8b5c | 2418 443b | dd0f 8fbd | 0500 0045 | 85db 0f8c | dc05 0000 | 4789 5ccc 
  0x000002abce63f584: 1c45 3bc3 | 0f8f 0e06 | 0000 448b | 5424 0c43 | 8b6c d414 

  0x000002abce63f598: ; implicit exception: dispatches to 0x000002abce63fe88
  0x000002abce63f598: 458b 5cec 

  0x000002abce63f59c: ;   {metadata('com/badlogic/gdx/graphics/glutils/IndexArray')}
  0x000002abce63f59c: 0841 81fb | 68f5 0201 | 0f85 6a02 | 0000 4d8d | 1cec 458b | 4b10 438b | 6ccc 1c85 | ed0f 8c21 
  0x000002abce63f5bc: 0600 0047 | 8b44 cc0c | 4585 c00f | 8f33 0600 | 0047 8964 | cc18 438b | 6ccc 2044 | 8b5c 2408 
  0x000002abce63f5dc: 443b dd0f | 8f53 0600 | 0045 85db | 0f8c 6a06 | 0000 4789 | 5ccc 1c45 | 3bc3 0f8f | 8806 0000 
  0x000002abce63f5fc: 488b 4c24 | 100f b669 | 3985 ed0f | 85a3 0600 

  0x000002abce63f60c: ;   {oop(a 'java/lang/Class'{0x00000006044d6580} = 'com/badlogic/gdx/Gdx')}
  0x000002abce63f60c: 0049 b880 | 654d 0406 | 0000 0041 | 8ba8 8800 | 0000 458b 

  0x000002abce63f620: ;   {metadata('com/badlogic/gdx/backends/lwjgl/LwjglGL20')}
  0x000002abce63f620: 44ec 0841 | 81f8 6012 | 0201 0f85 | f801 0000 

  0x000002abce63f630: ;   {oop(a 'java/lang/Class'{0x00000006047c87e8} = 'org/lwjgl/opengl/GLContext')}
  0x000002abce63f630: 49b8 e887 | 7c04 0600 | 0000 458b | 4874 438b | 6ccc 0c4c | 8bc5 49c1 | e003 488b | 1c24 4c3b 
  0x000002abce63f650: c30f 853d | 0200 0043 | 8b6c cc10 | 85ed 0f84 | 6006 0000 | 4d8b 84ec | 601a 0000 | 4d85 c00f 
  0x000002abce63f670: 8463 0600 | 0048 8be9 | bae2 0b00 

  0x000002abce63f67c: ;   {static_call}
  0x000002abce63f67c: 0066 90e8 

  0x000002abce63f680: ; ImmutableOopMap {rbp=Oop [0]=Oop [12]=NarrowOop [40]=Oop }
                      ;*invokestatic nglEnable {reexecute=0 rethrow=0 return_oop=0}
                      ; - org.lwjgl.opengl.GL11::glEnable@15 (line 1015)
                      ; - com.badlogic.gdx.backends.lwjgl.LwjglGL20::glEnable@1 (line 292)
                      ; - com.badlogic.gdx.graphics.g2d.SpriteBatch::flush@125 (line 973)
  0x000002abce63f680: dc44 f4ff 

  0x000002abce63f684: ;   {other}
  0x000002abce63f684: 0f1f 8400 | f405 0002 | 488b cd44 | 8b59 1841 | 83fb ff0f | 846b 0600 | 0044 8b51 

  0x000002abce63f6a0: ;   {oop(a 'java/lang/Class'{0x00000006044d6580} = 'com/badlogic/gdx/Gdx')}
  0x000002abce63f6a0: 2449 b880 | 654d 0406 | 0000 0041 | 8ba8 8800 | 0000 448b | 411c 448b | 4920 418b 

  0x000002abce63f6bc: ;   {metadata('com/badlogic/gdx/backends/lwjgl/LwjglGL20')}
  0x000002abce63f6bc: 7cec 0881 | ff60 1202 | 010f 8571 

  0x000002abce63f6c8: ;   {oop(a 'java/lang/Class'{0x00000006047c87e8} = 'org/lwjgl/opengl/GLContext')}
  0x000002abce63f6c8: 0100 0048 | bbe8 877c | 0406 0000 | 008b 5374 

  0x000002abce63f6d8: ; implicit exception: dispatches to 0x000002abce63fefc
  0x000002abce63f6d8: 418b 6cd4 | 0c48 8bfd | 48c1 e703 | 488b 1c24 | 483b fb0f | 85bf 0100 | 0041 8b6c | d410 85ed 
  0x000002abce63f6f8: 0f84 3206 | 0000 498b | b4ec 5821 | 0000 4885 | f60f 844d | 0600 0048 | 8be9 418b | d341 8bfa 
  0x000002abce63f718: ;   {static_call}
  0x000002abce63f718: 6666 90e8 

  0x000002abce63f71c: ; ImmutableOopMap {rbp=Oop [12]=NarrowOop [40]=Oop }
                      ;*invokestatic nglBlendFuncSeparate {reexecute=0 rethrow=0 return_oop=0}
                      ; - org.lwjgl.opengl.GL14::glBlendFuncSeparate@23 (line 241)
                      ; - com.badlogic.gdx.backends.lwjgl.LwjglGL20::glBlendFuncSeparate@5 (line 113)
                      ; - com.badlogic.gdx.graphics.g2d.SpriteBatch::flush@157 (line 974)
  0x000002abce63f71c: 4048 f4ff 

  0x000002abce63f720: ;   {other}
  0x000002abce63f720: 0f1f 8400 | 9006 0003 | 448b 5558 | 4585 d275 | 0444 8b55 | 5444 8b5c | 240c 430f | b64c dc0c 
  0x000002abce63f740: 4d8b c249 | c1e0 0341 | b904 0000 | 0048 8b54 | 2428 33ff | 8b74 2408 

  0x000002abce63f758: ;   {optimized virtual_call}
  0x000002abce63f758: 6666 90e8 

  0x000002abce63f75c: ; ImmutableOopMap {rbp=Oop }
                      ;*invokevirtual render {reexecute=0 rethrow=0 return_oop=0}
                      ; - com.badlogic.gdx.graphics.Mesh::render@10 (line 460)
                      ; - com.badlogic.gdx.graphics.g2d.SpriteBatch::flush@184 (line 977)
  0x000002abce63f75c: a05c 2200 

  0x000002abce63f760: ;   {other}
  0x000002abce63f760: 0f1f 8400 | d006 0004 | 4489 650c | 4883 c460 

  0x000002abce63f770: ;   {poll_return}
  0x000002abce63f770: 5d49 3ba7 | 4804 0000 | 0f87 9207 | 0000 c344 | 895a 34e9 | 2afc ffff | bade ffff | ff4c 890c 
  0x000002abce63f790: 2489 5c24 | 0844 8944 | 240c 894c 

  0x000002abce63f79c: ;   {runtime_call UncommonTrapBlob}
  0x000002abce63f79c: 2410 90e8 

  0x000002abce63f7a0: ; ImmutableOopMap {rbp=NarrowOop [0]=Oop }
                      ;*invokeinterface glBindTexture {reexecute=0 rethrow=0 return_oop=0}
                      ; - com.badlogic.gdx.graphics.GLTexture::bind@11 (line 66)
                      ; - com.badlogic.gdx.graphics.g2d.SpriteBatch::flush@58 (line 964)
  0x000002abce63f7a0: 5c85 76ff 

  0x000002abce63f7a4: ;   {other}
  0x000002abce63f7a4: 0f1f 8400 | 1407 0005 | bade ffff | ff4c 890c | 2489 7c24 | 1044 8944 | 2414 4489 

  0x000002abce63f7c0: ;   {runtime_call UncommonTrapBlob}
  0x000002abce63f7c0: 5c24 18e8 

  0x000002abce63f7c4: ; ImmutableOopMap {rbp=NarrowOop [0]=Oop [16]=NarrowOop [20]=NarrowOop }
                      ;*invokeinterface setVertices {reexecute=0 rethrow=0 return_oop=0}
                      ; - com.badlogic.gdx.graphics.Mesh::setVertices@7 (line 208)
                      ; - com.badlogic.gdx.graphics.g2d.SpriteBatch::flush@76 (line 966)
  0x000002abce63f7c4: 3885 76ff 

  0x000002abce63f7c8: ;   {other}
  0x000002abce63f7c8: 0f1f 8400 | 3807 0006 | bade ffff | ff49 8be9 | 4889 4424 | f88b 4424 | 0889 0424 | 488b 4424 
  0x000002abce63f7e8: f889 7c24 | 0848 894c | 2410 4489 | 4424 1844 | 895c 2420 | 895c 2424 | 4489 5424 

  0x000002abce63f804: ;   {runtime_call UncommonTrapBlob}
  0x000002abce63f804: 2866 90e8 

  0x000002abce63f808: ; ImmutableOopMap {rbp=Oop [8]=NarrowOop [16]=Oop [24]=NarrowOop [36]=NarrowOop }
                      ;*invokevirtual limit {reexecute=0 rethrow=0 return_oop=0}
                      ; - com.badlogic.gdx.utils.BufferUtils::copy@11 (line 51)
                      ; - com.badlogic.gdx.graphics.glutils.VertexArray::setVertices@7 (line 84)
                      ; - com.badlogic.gdx.graphics.Mesh::setVertices@7 (line 208)
                      ; - com.badlogic.gdx.graphics.g2d.SpriteBatch::flush@76 (line 966)
  0x000002abce63f808: f484 76ff 

  0x000002abce63f80c: ;   {other}
  0x000002abce63f80c: 0f1f 8400 | 7c07 0007 | bade ffff 

  0x000002abce63f818: ;   {runtime_call UncommonTrapBlob}
  0x000002abce63f818: ff66 90e8 

  0x000002abce63f81c: ; ImmutableOopMap {rbp=NarrowOop [12]=NarrowOop [16]=Oop }
                      ;*invokeinterface getBuffer {reexecute=0 rethrow=0 return_oop=0}
                      ; - com.badlogic.gdx.graphics.Mesh::getIndicesBuffer@4 (line 814)
                      ; - com.badlogic.gdx.graphics.g2d.SpriteBatch::flush@81 (line 967)
  0x000002abce63f81c: e084 76ff 

  0x000002abce63f820: ;   {other}
  0x000002abce63f820: 0f1f 8400 | 9007 0008 | bade ffff 

  0x000002abce63f82c: ;   {runtime_call UncommonTrapBlob}
  0x000002abce63f82c: ff66 90e8 

  0x000002abce63f830: ; ImmutableOopMap {rbp=NarrowOop [12]=NarrowOop [16]=Oop }
                      ;*invokeinterface glEnable {reexecute=0 rethrow=0 return_oop=0}
                      ; - com.badlogic.gdx.graphics.g2d.SpriteBatch::flush@125 (line 973)
  0x000002abce63f830: cc84 76ff 

  0x000002abce63f834: ;   {other}
  0x000002abce63f834: 0f1f 8400 | a407 0009 | bade ffff | ff48 890c | 2444 895c | 2410 4489 | 4424 1444 | 894c 2418 
  0x000002abce63f854: 4489 5424 

  0x000002abce63f858: ;   {runtime_call UncommonTrapBlob}
  0x000002abce63f858: 1c66 90e8 

  0x000002abce63f85c: ; ImmutableOopMap {rbp=NarrowOop [0]=Oop [12]=NarrowOop }
                      ;*invokeinterface glBlendFuncSeparate {reexecute=0 rethrow=0 return_oop=0}
                      ; - com.badlogic.gdx.graphics.g2d.SpriteBatch::flush@157 (line 974)
  0x000002abce63f85c: a084 76ff 

  0x000002abce63f860: ;   {other}
  0x000002abce63f860: 0f1f 8400 | d007 000a | ba45 ffff | ff49 8be9 | 891c 2444 | 8944 2404 | 894c 2408 | 897c 240c 
  0x000002abce63f880: 4889 7424 

  0x000002abce63f884: ;   {runtime_call UncommonTrapBlob}
  0x000002abce63f884: 1066 90e8 

  0x000002abce63f888: ; ImmutableOopMap {rbp=Oop [12]=NarrowOop [16]=Oop }
                      ;*if_acmpne {reexecute=1 rethrow=0 return_oop=0}
                      ; - (reexecute) org.lwjgl.opengl.GLContext::getCapabilitiesImpl@11 (line 132)
                      ; - org.lwjgl.opengl.GLContext::getCapabilities@0 (line 122)
                      ; - org.lwjgl.opengl.GL11::glBindTexture@0 (line 651)
                      ; - com.badlogic.gdx.backends.lwjgl.LwjglGL20::glBindTexture@2 (line 93)
                      ; - com.badlogic.gdx.graphics.GLTexture::bind@11 (line 66)
                      ; - com.badlogic.gdx.graphics.g2d.SpriteBatch::flush@58 (line 964)
  0x000002abce63f888: 7484 76ff 

  0x000002abce63f88c: ;   {other}
  0x000002abce63f88c: 0f1f 8400 | fc07 000b | ba45 ffff | ff48 890c | 2448 895c 

  0x000002abce63f8a0: ;   {runtime_call UncommonTrapBlob}
  0x000002abce63f8a0: 2410 90e8 

  0x000002abce63f8a4: ; ImmutableOopMap {rbp=NarrowOop [0]=Oop [12]=NarrowOop [16]=Oop }
                      ;*if_acmpne {reexecute=1 rethrow=0 return_oop=0}
                      ; - (reexecute) org.lwjgl.opengl.GLContext::getCapabilitiesImpl@11 (line 132)
                      ; - org.lwjgl.opengl.GLContext::getCapabilities@0 (line 122)
                      ; - org.lwjgl.opengl.GL11::glEnable@0 (line 1012)
                      ; - com.badlogic.gdx.backends.lwjgl.LwjglGL20::glEnable@1 (line 292)
                      ; - com.badlogic.gdx.graphics.g2d.SpriteBatch::flush@125 (line 973)
  0x000002abce63f8a4: 5884 76ff 

  0x000002abce63f8a8: ;   {other}
  0x000002abce63f8a8: 0f1f 8400 | 1808 000c | ba45 ffff | ff48 890c | 2444 895c | 2410 4489 | 4424 1444 | 894c 2418 
  0x000002abce63f8c8: 4489 5424 | 1c48 895c 

  0x000002abce63f8d0: ;   {runtime_call UncommonTrapBlob}
  0x000002abce63f8d0: 2420 90e8 

  0x000002abce63f8d4: ; ImmutableOopMap {rbp=NarrowOop [0]=Oop [12]=NarrowOop [32]=Oop }
                      ;*if_acmpne {reexecute=1 rethrow=0 return_oop=0}
                      ; - (reexecute) org.lwjgl.opengl.GLContext::getCapabilitiesImpl@11 (line 132)
                      ; - org.lwjgl.opengl.GLContext::getCapabilities@0 (line 122)
                      ; - org.lwjgl.opengl.GL14::glBlendFuncSeparate@0 (line 238)
                      ; - com.badlogic.gdx.backends.lwjgl.LwjglGL20::glBlendFuncSeparate@5 (line 113)
                      ; - com.badlogic.gdx.graphics.g2d.SpriteBatch::flush@157 (line 974)
  0x000002abce63f8d4: 2884 76ff 

  0x000002abce63f8d8: ;   {other}
  0x000002abce63f8d8: 0f1f 8400 | 4808 000d | ba45 ffff | ff4c 890c | 2489 5c24 | 0844 8944 | 240c 894c 

  0x000002abce63f8f4: ;   {runtime_call UncommonTrapBlob}
  0x000002abce63f8f4: 2410 90e8 

  0x000002abce63f8f8: ; ImmutableOopMap {rbp=NarrowOop [0]=Oop }
                      ;*ifnonnull {reexecute=1 rethrow=0 return_oop=0}
                      ; - (reexecute) org.lwjgl.opengl.GLContext::getCapabilities@5 (line 123)
                      ; - org.lwjgl.opengl.GL11::glBindTexture@0 (line 651)
                      ; - com.badlogic.gdx.backends.lwjgl.LwjglGL20::glBindTexture@2 (line 93)
                      ; - com.badlogic.gdx.graphics.GLTexture::bind@11 (line 66)
                      ; - com.badlogic.gdx.graphics.g2d.SpriteBatch::flush@58 (line 964)
  0x000002abce63f8f8: 0484 76ff 

  0x000002abce63f8fc: ;   {other}
  0x000002abce63f8fc: 0f1f 8400 | 6c08 000e | 4533 d249 | 3bfa bdff | ffff ff7c | 0840 0f95 | c540 0fb6 | edba 45ff 
  0x000002abce63f91c: ffff 4c89 | 0c24 895c | 2408 4489 | 4424 0c89 | 4c24 1048 | 897c 2418 

  0x000002abce63f934: ;   {runtime_call UncommonTrapBlob}
  0x000002abce63f934: 6666 90e8 

  0x000002abce63f938: ; ImmutableOopMap {[0]=Oop }
                      ;*ifne {reexecute=1 rethrow=0 return_oop=0}
                      ; - (reexecute) org.lwjgl.BufferChecks::checkFunctionAddress@9 (line 57)
                      ; - org.lwjgl.opengl.GL11::glBindTexture@10 (line 653)
                      ; - com.badlogic.gdx.backends.lwjgl.LwjglGL20::glBindTexture@2 (line 93)
                      ; - com.badlogic.gdx.graphics.GLTexture::bind@11 (line 66)
                      ; - com.badlogic.gdx.graphics.g2d.SpriteBatch::flush@58 (line 964)
  0x000002abce63f938: c483 76ff 

  0x000002abce63f93c: ;   {other}
  0x000002abce63f93c: 0f1f 8400 | ac08 000f | ba45 ffff | ff4c 890c | 2489 7c24 | 1048 894c | 2418 4489 | 4424 2044 
  0x000002abce63f95c: 895c 2424 | 4889 5c24 | 3048 895c | 2438 4489 

  0x000002abce63f96c: ;   {runtime_call UncommonTrapBlob}
  0x000002abce63f96c: 5424 4ce8 

  0x000002abce63f970: ; ImmutableOopMap {[0]=Oop [16]=NarrowOop [24]=Oop [32]=NarrowOop [48]=Oop [56]=Oop }
                      ;*if_icmple {reexecute=1 rethrow=0 return_oop=0}
                      ; - (reexecute) java.nio.Buffer::limit@5 (line 379)
                      ; - java.nio.ByteBuffer::limit@2 (line 1565)
                      ; - java.nio.MappedByteBuffer::limit@2 (line 338)
                      ; - java.nio.MappedByteBuffer::limit@2 (line 73)
                      ; - com.badlogic.gdx.utils.BufferUtils::copy@11 (line 51)
                      ; - com.badlogic.gdx.graphics.glutils.VertexArray::setVertices@7 (line 84)
                      ; - com.badlogic.gdx.graphics.Mesh::setVertices@7 (line 208)
                      ; - com.badlogic.gdx.graphics.g2d.SpriteBatch::flush@76 (line 966)
  0x000002abce63f970: 8c83 76ff 

  0x000002abce63f974: ;   {other}
  0x000002abce63f974: 0f1f 8400 | e408 0010 | ba45 ffff | ff49 8be9 | 4889 4424 | f88b 4424 | 0889 0424 | 488b 4424 
  0x000002abce63f994: f889 7c24 | 0848 894c | 2410 4489 | 4424 1844 | 895c 241c | 4889 5c24 | 2848 895c | 2430 4489 
  0x000002abce63f9b4: ;   {runtime_call UncommonTrapBlob}
  0x000002abce63f9b4: 5424 44e8 

  0x000002abce63f9b8: ; ImmutableOopMap {rbp=Oop [8]=NarrowOop [16]=Oop [24]=NarrowOop [40]=Oop [48]=Oop }
                      ;*ifge {reexecute=1 rethrow=0 return_oop=0}
                      ; - (reexecute) java.nio.Buffer::limit@14 (line 379)
                      ; - java.nio.ByteBuffer::limit@2 (line 1565)
                      ; - java.nio.MappedByteBuffer::limit@2 (line 338)
                      ; - java.nio.MappedByteBuffer::limit@2 (line 73)
                      ; - com.badlogic.gdx.utils.BufferUtils::copy@11 (line 51)
                      ; - com.badlogic.gdx.graphics.glutils.VertexArray::setVertices@7 (line 84)
                      ; - com.badlogic.gdx.graphics.Mesh::setVertices@7 (line 208)
                      ; - com.badlogic.gdx.graphics.g2d.SpriteBatch::flush@76 (line 966)
  0x000002abce63f9b8: 4483 76ff 

  0x000002abce63f9bc: ;   {other}
  0x000002abce63f9bc: 0f1f 8400 | 2c09 0011 | ba45 ffff | ff4c 890c | 2489 7c24 | 1048 894c | 2418 4489 | 4424 2044 
  0x000002abce63f9dc: 895c 2424 | 4889 5c24 | 3048 895c | 2438 4489 

  0x000002abce63f9ec: ;   {runtime_call UncommonTrapBlob}
  0x000002abce63f9ec: 5424 4ce8 

  0x000002abce63f9f0: ; ImmutableOopMap {[0]=Oop [16]=NarrowOop [24]=Oop [32]=NarrowOop [48]=Oop [56]=Oop }
                      ;*if_icmple {reexecute=1 rethrow=0 return_oop=0}
                      ; - (reexecute) java.nio.Buffer::limit@42 (line 382)
                      ; - java.nio.ByteBuffer::limit@2 (line 1565)
                      ; - java.nio.MappedByteBuffer::limit@2 (line 338)
                      ; - java.nio.MappedByteBuffer::limit@2 (line 73)
                      ; - com.badlogic.gdx.utils.BufferUtils::copy@11 (line 51)
                      ; - com.badlogic.gdx.graphics.glutils.VertexArray::setVertices@7 (line 84)
                      ; - com.badlogic.gdx.graphics.Mesh::setVertices@7 (line 208)
                      ; - com.badlogic.gdx.graphics.g2d.SpriteBatch::flush@76 (line 966)
  0x000002abce63f9f0: 0c83 76ff 

  0x000002abce63f9f4: ;   {other}
  0x000002abce63f9f4: 0f1f 8400 | 6409 0012 | ba45 ffff | ff4c 890c | 2489 7c24 | 1048 894c | 2418 4489 | 4424 2044 
  0x000002abce63fa14: 895c 2424 | 4889 5c24 | 3048 895c | 2438 4489 

  0x000002abce63fa24: ;   {runtime_call UncommonTrapBlob}
  0x000002abce63fa24: 5424 48e8 

  0x000002abce63fa28: ; ImmutableOopMap {[0]=Oop [16]=NarrowOop [24]=Oop [32]=NarrowOop [48]=Oop [56]=Oop }
                      ;*if_icmple {reexecute=1 rethrow=0 return_oop=0}
                      ; - (reexecute) java.nio.Buffer::limit@55 (line 383)
                      ; - java.nio.ByteBuffer::limit@2 (line 1565)
                      ; - java.nio.MappedByteBuffer::limit@2 (line 338)
                      ; - java.nio.MappedByteBuffer::limit@2 (line 73)
                      ; - com.badlogic.gdx.utils.BufferUtils::copy@11 (line 51)
                      ; - com.badlogic.gdx.graphics.glutils.VertexArray::setVertices@7 (line 84)
                      ; - com.badlogic.gdx.graphics.Mesh::setVertices@7 (line 208)
                      ; - com.badlogic.gdx.graphics.g2d.SpriteBatch::flush@76 (line 966)
  0x000002abce63fa28: d482 76ff 

  0x000002abce63fa2c: ;   {other}
  0x000002abce63fa2c: 0f1f 8400 | 9c09 0013 | ba45 ffff | ff48 ff74 | 2410 488f | 0424 4889 | 4424 f88b | 4424 1889 
  0x000002abce63fa4c: 4424 1448 | 8b44 24f8 | 4c89 5424 | 284c 8954 

  0x000002abce63fa5c: ;   {runtime_call UncommonTrapBlob}
  0x000002abce63fa5c: 2430 90e8 

  0x000002abce63fa60: ; ImmutableOopMap {[0]=Oop [12]=NarrowOop [32]=Oop [40]=Oop [48]=Oop }
                      ;*if_icmple {reexecute=1 rethrow=0 return_oop=0}
                      ; - (reexecute) java.nio.Buffer::position@5 (line 326)
                      ; - java.nio.ByteBuffer::position@2 (line 1551)
                      ; - java.nio.MappedByteBuffer::position@2 (line 328)
                      ; - java.nio.MappedByteBuffer::position@2 (line 73)
                      ; - com.badlogic.gdx.utils.BufferUtils::copy@40 (line 55)
                      ; - com.badlogic.gdx.graphics.glutils.VertexArray::setVertices@7 (line 84)
                      ; - com.badlogic.gdx.graphics.Mesh::setVertices@7 (line 208)
                      ; - com.badlogic.gdx.graphics.g2d.SpriteBatch::flush@76 (line 966)
  0x000002abce63fa60: 9c82 76ff 

  0x000002abce63fa64: ;   {other}
  0x000002abce63fa64: 0f1f 8400 | d409 0014 | ba45 ffff | ff48 ff74 | 2410 488f | 0424 4889 | 4424 f88b | 4424 1889 
  0x000002abce63fa84: 4424 1448 | 8b44 24f8 | 4c89 5424 | 284c 8954 

  0x000002abce63fa94: ;   {runtime_call UncommonTrapBlob}
  0x000002abce63fa94: 2430 90e8 

  0x000002abce63fa98: ; ImmutableOopMap {[0]=Oop [12]=NarrowOop [32]=Oop [40]=Oop [48]=Oop }
                      ;*if_icmple {reexecute=1 rethrow=0 return_oop=0}
                      ; - (reexecute) java.nio.Buffer::position@37 (line 328)
                      ; - java.nio.ByteBuffer::position@2 (line 1551)
                      ; - java.nio.MappedByteBuffer::position@2 (line 328)
                      ; - java.nio.MappedByteBuffer::position@2 (line 73)
                      ; - com.badlogic.gdx.utils.BufferUtils::copy@40 (line 55)
                      ; - com.badlogic.gdx.graphics.glutils.VertexArray::setVertices@7 (line 84)
                      ; - com.badlogic.gdx.graphics.Mesh::setVertices@7 (line 208)
                      ; - com.badlogic.gdx.graphics.g2d.SpriteBatch::flush@76 (line 966)
  0x000002abce63fa98: 6482 76ff 

  0x000002abce63fa9c: ;   {other}
  0x000002abce63fa9c: 0f1f 8400 | 0c0a 0015 | ba45 ffff | ff48 ff74 | 2410 488f | 0424 4889 | 4424 f88b | 4424 1889 
  0x000002abce63fabc: 4424 1448 | 8b44 24f8 | 4489 4c24 

  0x000002abce63fac8: ;   {runtime_call UncommonTrapBlob}
  0x000002abce63fac8: 1c66 90e8 

  0x000002abce63facc: ; ImmutableOopMap {[0]=Oop [12]=NarrowOop [28]=NarrowOop [32]=Oop }
                      ;*if_icmple {reexecute=1 rethrow=0 return_oop=0}
                      ; - (reexecute) java.nio.Buffer::position@5 (line 326)
                      ; - java.nio.FloatBuffer::position@2 (line 1551)
                      ; - java.nio.FloatBuffer::position@2 (line 285)
                      ; - com.badlogic.gdx.graphics.glutils.VertexArray::setVertices@15 (line 85)
                      ; - com.badlogic.gdx.graphics.Mesh::setVertices@7 (line 208)
                      ; - com.badlogic.gdx.graphics.g2d.SpriteBatch::flush@76 (line 966)
  0x000002abce63facc: 3082 76ff 

  0x000002abce63fad0: ;   {other}
  0x000002abce63fad0: 0f1f 8400 | 400a 0016 | ba45 ffff | ff48 8b6c | 2410 4889 | 4424 f88b | 4424 0889 | 0424 488b 
  0x000002abce63faf0: 4424 f848 | 8944 24f8 | 8b44 240c | 8944 2404 | 488b 4424 | f84c 8954 | 2410 4889 | 4424 f88b 
  0x000002abce63fb10: 4424 1889 | 4424 0c48 | 8b44 24f8 | 4489 4c24 | 1c44 8944 

  0x000002abce63fb24: ;   {runtime_call UncommonTrapBlob}
  0x000002abce63fb24: 2420 90e8 

  0x000002abce63fb28: ; ImmutableOopMap {rbp=Oop [4]=NarrowOop [16]=Oop [28]=NarrowOop }
                      ;*if_icmple {reexecute=1 rethrow=0 return_oop=0}
                      ; - (reexecute) java.nio.Buffer::position@37 (line 328)
                      ; - java.nio.FloatBuffer::position@2 (line 1551)
                      ; - java.nio.FloatBuffer::position@2 (line 285)
                      ; - com.badlogic.gdx.graphics.glutils.VertexArray::setVertices@15 (line 85)
                      ; - com.badlogic.gdx.graphics.Mesh::setVertices@7 (line 208)
                      ; - com.badlogic.gdx.graphics.g2d.SpriteBatch::flush@76 (line 966)
  0x000002abce63fb28: d481 76ff 

  0x000002abce63fb2c: ;   {other}
  0x000002abce63fb2c: 0f1f 8400 | 9c0a 0017 | ba45 ffff | ff48 ff74 | 2410 488f | 0424 4489 | 4c24 1844 | 895c 2420 
  0x000002abce63fb4c: ;   {runtime_call UncommonTrapBlob}
  0x000002abce63fb4c: 6666 90e8 

  0x000002abce63fb50: ; ImmutableOopMap {[0]=Oop [12]=NarrowOop [24]=NarrowOop }
                      ;*if_icmple {reexecute=1 rethrow=0 return_oop=0}
                      ; - (reexecute) java.nio.Buffer::limit@5 (line 379)
                      ; - java.nio.FloatBuffer::limit@2 (line 1565)
                      ; - java.nio.FloatBuffer::limit@2 (line 285)
                      ; - com.badlogic.gdx.graphics.glutils.VertexArray::setVertices@24 (line 86)
                      ; - com.badlogic.gdx.graphics.Mesh::setVertices@7 (line 208)
                      ; - com.badlogic.gdx.graphics.g2d.SpriteBatch::flush@76 (line 966)
  0x000002abce63fb50: ac81 76ff 

  0x000002abce63fb54: ;   {other}
  0x000002abce63fb54: 0f1f 8400 | c40a 0018 | ba45 ffff | ff48 8b6c | 2410 4889 | 4424 f88b | 4424 0889 | 0424 488b 
  0x000002abce63fb74: 4424 f848 | 8944 24f8 | 8b44 240c | 8944 2404 | 488b 4424 | f844 894c 

  0x000002abce63fb8c: ;   {runtime_call UncommonTrapBlob}
  0x000002abce63fb8c: 2410 90e8 

  0x000002abce63fb90: ; ImmutableOopMap {rbp=Oop [4]=NarrowOop [16]=NarrowOop }
                      ;*ifge {reexecute=1 rethrow=0 return_oop=0}
                      ; - (reexecute) java.nio.Buffer::limit@14 (line 379)
                      ; - java.nio.FloatBuffer::limit@2 (line 1565)
                      ; - java.nio.FloatBuffer::limit@2 (line 285)
                      ; - com.badlogic.gdx.graphics.glutils.VertexArray::setVertices@24 (line 86)
                      ; - com.badlogic.gdx.graphics.Mesh::setVertices@7 (line 208)
                      ; - com.badlogic.gdx.graphics.g2d.SpriteBatch::flush@76 (line 966)
  0x000002abce63fb90: 6c81 76ff 

  0x000002abce63fb94: ;   {other}
  0x000002abce63fb94: 0f1f 8400 | 040b 0019 | ba45 ffff | ff48 8b6c | 2410 4889 | 4424 f88b | 4424 0889 | 0424 488b 
  0x000002abce63fbb4: 4424 f848 | 8944 24f8 | 8b44 240c | 8944 2404 | 488b 4424 | f844 894c | 2410 4489 

  0x000002abce63fbd0: ;   {runtime_call UncommonTrapBlob}
  0x000002abce63fbd0: 4424 14e8 

  0x000002abce63fbd4: ; ImmutableOopMap {rbp=Oop [4]=NarrowOop [16]=NarrowOop }
                      ;*if_icmple {reexecute=1 rethrow=0 return_oop=0}
                      ; - (reexecute) java.nio.Buffer::limit@55 (line 383)
                      ; - java.nio.FloatBuffer::limit@2 (line 1565)
                      ; - java.nio.FloatBuffer::limit@2 (line 285)
                      ; - com.badlogic.gdx.graphics.glutils.VertexArray::setVertices@24 (line 86)
                      ; - com.badlogic.gdx.graphics.Mesh::setVertices@7 (line 208)
                      ; - com.badlogic.gdx.graphics.g2d.SpriteBatch::flush@76 (line 966)
  0x000002abce63fbd4: 2881 76ff 

  0x000002abce63fbd8: ;   {other}
  0x000002abce63fbd8: 0f1f 8400 | 480b 001a | ba45 ffff | ff48 ff74 | 2410 488f | 0424 4489 

  0x000002abce63fbf0: ;   {runtime_call UncommonTrapBlob}
  0x000002abce63fbf0: 4c24 14e8 

  0x000002abce63fbf4: ; ImmutableOopMap {[0]=Oop [12]=NarrowOop [20]=NarrowOop }
                      ;*if_icmple {reexecute=1 rethrow=0 return_oop=0}
                      ; - (reexecute) java.nio.Buffer::position@5 (line 326)
                      ; - java.nio.ShortBuffer::position@2 (line 1551)
                      ; - java.nio.ShortBuffer::position@2 (line 285)
                      ; - com.badlogic.gdx.graphics.g2d.SpriteBatch::flush@85 (line 967)
  0x000002abce63fbf4: 0881 76ff 

  0x000002abce63fbf8: ;   {other}
  0x000002abce63fbf8: 0f1f 8400 | 680b 001b | ba45 ffff | ff48 8b6c | 2410 4889 | 4424 f88b | 4424 0889 | 0424 488b 
  0x000002abce63fc18: 4424 f844 | 8954 2404 | 4489 4c24 | 0c44 8944 

  0x000002abce63fc28: ;   {runtime_call UncommonTrapBlob}
  0x000002abce63fc28: 2410 90e8 

  0x000002abce63fc2c: ; ImmutableOopMap {rbp=Oop [4]=NarrowOop [12]=NarrowOop }
                      ;*if_icmple {reexecute=1 rethrow=0 return_oop=0}
                      ; - (reexecute) java.nio.Buffer::position@37 (line 328)
                      ; - java.nio.ShortBuffer::position@2 (line 1551)
                      ; - java.nio.ShortBuffer::position@2 (line 285)
                      ; - com.badlogic.gdx.graphics.g2d.SpriteBatch::flush@85 (line 967)
  0x000002abce63fc2c: d080 76ff 

  0x000002abce63fc30: ;   {other}
  0x000002abce63fc30: 0f1f 8400 | a00b 001c | ba45 ffff | ff48 ff74 | 2410 488f | 0424 4489 

  0x000002abce63fc48: ;   {runtime_call UncommonTrapBlob}
  0x000002abce63fc48: 4c24 14e8 

  0x000002abce63fc4c: ; ImmutableOopMap {[0]=Oop [12]=NarrowOop [20]=NarrowOop }
                      ;*if_icmple {reexecute=1 rethrow=0 return_oop=0}
                      ; - (reexecute) java.nio.Buffer::limit@5 (line 379)
                      ; - java.nio.ShortBuffer::limit@2 (line 1565)
                      ; - java.nio.ShortBuffer::limit@2 (line 285)
                      ; - com.badlogic.gdx.graphics.g2d.SpriteBatch::flush@94 (line 968)
  0x000002abce63fc4c: b080 76ff 

  0x000002abce63fc50: ;   {other}
  0x000002abce63fc50: 0f1f 8400 | c00b 001d | ba45 ffff | ff48 8b6c | 2410 4489 | 5424 0444 | 894c 240c | 4489 5c24 
  0x000002abce63fc70: 1044 895c 

  0x000002abce63fc74: ;   {runtime_call UncommonTrapBlob}
  0x000002abce63fc74: 2414 90e8 

  0x000002abce63fc78: ; ImmutableOopMap {rbp=Oop [4]=NarrowOop [12]=NarrowOop }
                      ;*ifge {reexecute=1 rethrow=0 return_oop=0}
                      ; - (reexecute) java.nio.Buffer::limit@14 (line 379)
                      ; - java.nio.ShortBuffer::limit@2 (line 1565)
                      ; - java.nio.ShortBuffer::limit@2 (line 285)
                      ; - com.badlogic.gdx.graphics.g2d.SpriteBatch::flush@94 (line 968)
  0x000002abce63fc78: 8480 76ff 

  0x000002abce63fc7c: ;   {other}
  0x000002abce63fc7c: 0f1f 8400 | ec0b 001e | ba45 ffff | ff48 8b6c | 2410 4489 | 5424 0444 | 894c 240c | 4489 4424 
  0x000002abce63fc9c: 1044 895c 

  0x000002abce63fca0: ;   {runtime_call UncommonTrapBlob}
  0x000002abce63fca0: 2414 90e8 

  0x000002abce63fca4: ; ImmutableOopMap {rbp=Oop [4]=NarrowOop [12]=NarrowOop }
                      ;*if_icmple {reexecute=1 rethrow=0 return_oop=0}
                      ; - (reexecute) java.nio.Buffer::limit@55 (line 383)
                      ; - java.nio.ShortBuffer::limit@2 (line 1565)
                      ; - java.nio.ShortBuffer::limit@2 (line 285)
                      ; - com.badlogic.gdx.graphics.g2d.SpriteBatch::flush@94 (line 968)
  0x000002abce63fca4: 5880 76ff 

  0x000002abce63fca8: ;   {other}
  0x000002abce63fca8: 0f1f 8400 | 180c 001f | ba45 ffff 

  0x000002abce63fcb4: ;   {runtime_call UncommonTrapBlob}
  0x000002abce63fcb4: ff66 90e8 

  0x000002abce63fcb8: ; ImmutableOopMap {[12]=NarrowOop [16]=Oop }
                      ;*ifeq {reexecute=1 rethrow=0 return_oop=0}
                      ; - (reexecute) com.badlogic.gdx.graphics.g2d.SpriteBatch::flush@102 (line 970)
  0x000002abce63fcb8: 4480 76ff 

  0x000002abce63fcbc: ;   {other}
  0x000002abce63fcbc: 0f1f 8400 | 2c0c 0020 | ba45 ffff 

  0x000002abce63fcc8: ;   {runtime_call UncommonTrapBlob}
  0x000002abce63fcc8: ff66 90e8 

  0x000002abce63fccc: ; ImmutableOopMap {rbp=NarrowOop [12]=NarrowOop [16]=Oop }
                      ;*ifnonnull {reexecute=1 rethrow=0 return_oop=0}
                      ; - (reexecute) org.lwjgl.opengl.GLContext::getCapabilities@5 (line 123)
                      ; - org.lwjgl.opengl.GL11::glEnable@0 (line 1012)
                      ; - com.badlogic.gdx.backends.lwjgl.LwjglGL20::glEnable@1 (line 292)
                      ; - com.badlogic.gdx.graphics.g2d.SpriteBatch::flush@125 (line 973)
  0x000002abce63fccc: 3080 76ff 

  0x000002abce63fcd0: ;   {other}
  0x000002abce63fcd0: 0f1f 8400 | 400c 0021 | 4533 c94d | 3bc1 bdff | ffff ff7c | 0840 0f95 | c540 0fb6 | edba 45ff 
  0x000002abce63fcf0: ffff 4889 | 0c24 4c89 

  0x000002abce63fcf8: ;   {runtime_call UncommonTrapBlob}
  0x000002abce63fcf8: 4424 10e8 

  0x000002abce63fcfc: ; ImmutableOopMap {[0]=Oop [12]=NarrowOop }
                      ;*ifne {reexecute=1 rethrow=0 return_oop=0}
                      ; - (reexecute) org.lwjgl.BufferChecks::checkFunctionAddress@9 (line 57)
                      ; - org.lwjgl.opengl.GL11::glEnable@10 (line 1014)
                      ; - com.badlogic.gdx.backends.lwjgl.LwjglGL20::glEnable@1 (line 292)
                      ; - com.badlogic.gdx.graphics.g2d.SpriteBatch::flush@125 (line 973)
  0x000002abce63fcfc: 0080 76ff 

  0x000002abce63fd00: ;   {other}
  0x000002abce63fd00: 0f1f 8400 | 700c 0022 | ba45 ffff | ff48 8944 | 24f8 8b44 | 2408 8904 | 2448 8b44 | 24f8 4489 
  0x000002abce63fd20: ;   {runtime_call UncommonTrapBlob}
  0x000002abce63fd20: 5c24 08e8 

  0x000002abce63fd24: ; ImmutableOopMap {rbp=Oop [12]=NarrowOop }
                      ;*if_icmpeq {reexecute=1 rethrow=0 return_oop=0}
                      ; - (reexecute) com.badlogic.gdx.graphics.g2d.SpriteBatch::flush@135 (line 974)
  0x000002abce63fd24: d87f 76ff 

  0x000002abce63fd28: ;   {other}
  0x000002abce63fd28: 0f1f 8400 | 980c 0023 | ba45 ffff | ff48 890c | 2444 895c | 2410 4489 | 4424 1444 | 894c 2418 
  0x000002abce63fd48: 4489 5424 

  0x000002abce63fd4c: ;   {runtime_call UncommonTrapBlob}
  0x000002abce63fd4c: 1c66 90e8 

  0x000002abce63fd50: ; ImmutableOopMap {rbp=NarrowOop [0]=Oop [12]=NarrowOop }
                      ;*ifnonnull {reexecute=1 rethrow=0 return_oop=0}
                      ; - (reexecute) org.lwjgl.opengl.GLContext::getCapabilities@5 (line 123)
                      ; - org.lwjgl.opengl.GL14::glBlendFuncSeparate@0 (line 238)
                      ; - com.badlogic.gdx.backends.lwjgl.LwjglGL20::glBlendFuncSeparate@5 (line 113)
                      ; - com.badlogic.gdx.graphics.g2d.SpriteBatch::flush@157 (line 974)
  0x000002abce63fd50: ac7f 76ff 

  0x000002abce63fd54: ;   {other}
  0x000002abce63fd54: 0f1f 8400 | c40c 0024 | 33db 483b | f3bd ffff | ffff 7c08 | 400f 95c5 | 400f b6ed | ba45 ffff 
  0x000002abce63fd74: ff48 890c | 2444 895c | 2410 4489 | 4424 1444 | 894c 2418 | 4489 5424 | 1c48 8974 

  0x000002abce63fd90: ;   {runtime_call UncommonTrapBlob}
  0x000002abce63fd90: 2420 90e8 

  0x000002abce63fd94: ; ImmutableOopMap {[0]=Oop [12]=NarrowOop }
                      ;*ifne {reexecute=1 rethrow=0 return_oop=0}
                      ; - (reexecute) org.lwjgl.BufferChecks::checkFunctionAddress@9 (line 57)
                      ; - org.lwjgl.opengl.GL14::glBlendFuncSeparate@14 (line 240)
                      ; - com.badlogic.gdx.backends.lwjgl.LwjglGL20::glBlendFuncSeparate@5 (line 113)
                      ; - com.badlogic.gdx.graphics.g2d.SpriteBatch::flush@157 (line 974)
  0x000002abce63fd94: 687f 76ff 

  0x000002abce63fd98: ;   {other}
  0x000002abce63fd98: 0f1f 8400 | 080d 0025 | 488b d0eb | 1248 8bd0 | eb0d 488b | d0eb 0848 | 8bd0 eb03 | 488b d048 
  0x000002abce63fdb8: 83c4 605d 

  0x000002abce63fdbc: ;   {runtime_call _rethrow_Java}
  0x000002abce63fdbc: e9bf 7d84 | ffba f6ff 

  0x000002abce63fdc4: ;   {runtime_call UncommonTrapBlob}
  0x000002abce63fdc4: ffff 90e8 

  0x000002abce63fdc8: ; ImmutableOopMap {}
                      ;*invokevirtual bind {reexecute=0 rethrow=0 return_oop=0}
                      ; - com.badlogic.gdx.graphics.g2d.SpriteBatch::flush@58 (line 964)
  0x000002abce63fdc8: 347f 76ff 

  0x000002abce63fdcc: ;   {other}
  0x000002abce63fdcc: 0f1f 8400 | 3c0d 0026 | baf6 ffff | ff41 8be8 

  0x000002abce63fddc: ;   {runtime_call UncommonTrapBlob}
  0x000002abce63fddc: 890c 24e8 

  0x000002abce63fde0: ; ImmutableOopMap {}
                      ;*invokeinterface glBindTexture {reexecute=0 rethrow=0 return_oop=0}
                      ; - com.badlogic.gdx.graphics.GLTexture::bind@11 (line 66)
                      ; - com.badlogic.gdx.graphics.g2d.SpriteBatch::flush@58 (line 964)
  0x000002abce63fde0: 1c7f 76ff 

  0x000002abce63fde4: ;   {other}
  0x000002abce63fde4: 0f1f 8400 | 540d 0027 | baf6 ffff 

  0x000002abce63fdf0: ;   {runtime_call UncommonTrapBlob}
  0x000002abce63fdf0: ff66 90e8 

  0x000002abce63fdf4: ; ImmutableOopMap {}
                      ;*getfield owner {reexecute=1 rethrow=0 return_oop=0}
                      ; - (reexecute) org.lwjgl.opengl.GLContext::getCapabilitiesImpl@5 (line 132)
                      ; - org.lwjgl.opengl.GLContext::getCapabilities@0 (line 122)
                      ; - org.lwjgl.opengl.GL11::glBindTexture@0 (line 651)
                      ; - com.badlogic.gdx.backends.lwjgl.LwjglGL20::glBindTexture@2 (line 93)
                      ; - com.badlogic.gdx.graphics.GLTexture::bind@11 (line 66)
                      ; - com.badlogic.gdx.graphics.g2d.SpriteBatch::flush@58 (line 964)
  0x000002abce63fdf4: 087f 76ff 

  0x000002abce63fdf8: ;   {other}
  0x000002abce63fdf8: 0f1f 8400 | 680d 0028 | baf6 ffff | ff41 8be8 | 4489 1c24 

  0x000002abce63fe0c: ;   {runtime_call UncommonTrapBlob}
  0x000002abce63fe0c: 6666 90e8 

  0x000002abce63fe10: ; ImmutableOopMap {rbp=NarrowOop }
                      ;*invokevirtual setVertices {reexecute=0 rethrow=0 return_oop=0}
                      ; - com.badlogic.gdx.graphics.g2d.SpriteBatch::flush@76 (line 966)
  0x000002abce63fe10: ec7e 76ff 

  0x000002abce63fe14: ;   {other}
  0x000002abce63fe14: 0f1f 8400 | 840d 0029 | baf6 ffff | ff41 8be8 | 4489 1c24 

  0x000002abce63fe28: ;   {runtime_call UncommonTrapBlob}
  0x000002abce63fe28: 6666 90e8 

  0x000002abce63fe2c: ; ImmutableOopMap {rbp=NarrowOop }
                      ;*invokeinterface setVertices {reexecute=0 rethrow=0 return_oop=0}
                      ; - com.badlogic.gdx.graphics.Mesh::setVertices@7 (line 208)
                      ; - com.badlogic.gdx.graphics.g2d.SpriteBatch::flush@76 (line 966)
  0x000002abce63fe2c: d07e 76ff 

  0x000002abce63fe30: ;   {other}
  0x000002abce63fe30: 0f1f 8400 | a00d 002a | baf4 ffff | ff49 8be9 | 4889 4424 | f88b 4424 | 0889 0424 | 488b 4424 
  0x000002abce63fe50: f889 7c24 | 0848 894c | 2410 4489 | 4424 1844 | 895c 241c 

  0x000002abce63fe64: ;   {runtime_call UncommonTrapBlob}
  0x000002abce63fe64: 6666 90e8 

  0x000002abce63fe68: ; ImmutableOopMap {rbp=Oop [8]=NarrowOop [16]=Oop [24]=NarrowOop }
                      ;*instanceof {reexecute=0 rethrow=0 return_oop=0}
                      ; - com.badlogic.gdx.utils.BufferUtils::copy@1 (line 50)
                      ; - com.badlogic.gdx.graphics.glutils.VertexArray::setVertices@7 (line 84)
                      ; - com.badlogic.gdx.graphics.Mesh::setVertices@7 (line 208)
                      ; - com.badlogic.gdx.graphics.g2d.SpriteBatch::flush@76 (line 966)
  0x000002abce63fe68: 947e 76ff 

  0x000002abce63fe6c: ;   {other}
  0x000002abce63fe6c: 0f1f 8400 | dc0d 002b | baf6 ffff 

  0x000002abce63fe78: ;   {runtime_call UncommonTrapBlob}
  0x000002abce63fe78: ff66 90e8 

  0x000002abce63fe7c: ; ImmutableOopMap {}
                      ;*invokevirtual position {reexecute=0 rethrow=0 return_oop=0}
                      ; - com.badlogic.gdx.graphics.glutils.VertexArray::setVertices@15 (line 85)
                      ; - com.badlogic.gdx.graphics.Mesh::setVertices@7 (line 208)
                      ; - com.badlogic.gdx.graphics.g2d.SpriteBatch::flush@76 (line 966)
  0x000002abce63fe7c: 807e 76ff 

  0x000002abce63fe80: ;   {other}
  0x000002abce63fe80: 0f1f 8400 | f00d 002c | baf6 ffff 

  0x000002abce63fe8c: ;   {runtime_call UncommonTrapBlob}
  0x000002abce63fe8c: ff66 90e8 

  0x000002abce63fe90: ; ImmutableOopMap {}
                      ;*invokeinterface getBuffer {reexecute=0 rethrow=0 return_oop=0}
                      ; - com.badlogic.gdx.graphics.Mesh::getIndicesBuffer@4 (line 814)
                      ; - com.badlogic.gdx.graphics.g2d.SpriteBatch::flush@81 (line 967)
  0x000002abce63fe90: 6c7e 76ff 

  0x000002abce63fe94: ;   {other}
  0x000002abce63fe94: 0f1f 8400 | 040e 002d | baf6 ffff 

  0x000002abce63fea0: ;   {runtime_call UncommonTrapBlob}
  0x000002abce63fea0: ff66 90e8 

  0x000002abce63fea4: ; ImmutableOopMap {}
                      ;*invokevirtual position {reexecute=0 rethrow=0 return_oop=0}
                      ; - com.badlogic.gdx.graphics.g2d.SpriteBatch::flush@85 (line 967)
  0x000002abce63fea4: 587e 76ff 

  0x000002abce63fea8: ;   {other}
  0x000002abce63fea8: 0f1f 8400 | 180e 002e | baf6 ffff 

  0x000002abce63feb4: ;   {runtime_call UncommonTrapBlob}
  0x000002abce63feb4: ff66 90e8 

  0x000002abce63feb8: ; ImmutableOopMap {}
                      ;*invokeinterface glEnable {reexecute=0 rethrow=0 return_oop=0}
                      ; - com.badlogic.gdx.graphics.g2d.SpriteBatch::flush@125 (line 973)
  0x000002abce63feb8: 447e 76ff 

  0x000002abce63febc: ;   {other}
  0x000002abce63febc: 0f1f 8400 | 2c0e 002f | baf6 ffff 

  0x000002abce63fec8: ;   {runtime_call UncommonTrapBlob}
  0x000002abce63fec8: ff66 90e8 

  0x000002abce63fecc: ; ImmutableOopMap {}
                      ;*getfield owner {reexecute=1 rethrow=0 return_oop=0}
                      ; - (reexecute) org.lwjgl.opengl.GLContext::getCapabilitiesImpl@5 (line 132)
                      ; - org.lwjgl.opengl.GLContext::getCapabilities@0 (line 122)
                      ; - org.lwjgl.opengl.GL11::glEnable@0 (line 1012)
                      ; - com.badlogic.gdx.backends.lwjgl.LwjglGL20::glEnable@1 (line 292)
                      ; - com.badlogic.gdx.graphics.g2d.SpriteBatch::flush@125 (line 973)
  0x000002abce63fecc: 307e 76ff 

  0x000002abce63fed0: ;   {other}
  0x000002abce63fed0: 0f1f 8400 | 400e 0030 | baf6 ffff | ff41 8beb | 4489 0424 | 4489 4c24 | 0444 8954 

  0x000002abce63feec: ;   {runtime_call UncommonTrapBlob}
  0x000002abce63feec: 2408 90e8 

  0x000002abce63fef0: ; ImmutableOopMap {}
                      ;*invokeinterface glBlendFuncSeparate {reexecute=0 rethrow=0 return_oop=0}
                      ; - com.badlogic.gdx.graphics.g2d.SpriteBatch::flush@157 (line 974)
  0x000002abce63fef0: 0c7e 76ff 

  0x000002abce63fef4: ;   {other}
  0x000002abce63fef4: 0f1f 8400 | 640e 0031 | baf6 ffff 

  0x000002abce63ff00: ;   {runtime_call UncommonTrapBlob}
  0x000002abce63ff00: ff66 90e8 

  0x000002abce63ff04: ; ImmutableOopMap {}
                      ;*getfield owner {reexecute=1 rethrow=0 return_oop=0}
                      ; - (reexecute) org.lwjgl.opengl.GLContext::getCapabilitiesImpl@5 (line 132)
                      ; - org.lwjgl.opengl.GLContext::getCapabilities@0 (line 122)
                      ; - org.lwjgl.opengl.GL14::glBlendFuncSeparate@0 (line 238)
                      ; - com.badlogic.gdx.backends.lwjgl.LwjglGL20::glBlendFuncSeparate@5 (line 113)
                      ; - com.badlogic.gdx.graphics.g2d.SpriteBatch::flush@157 (line 974)
  0x000002abce63ff04: f87d 76ff 

  0x000002abce63ff08: ;   {other}
  0x000002abce63ff08: 0f1f 8400 | 780e 0032 

  0x000002abce63ff10: ;   {internal_word}
  0x000002abce63ff10: 49ba 71f7 | 63ce ab02 | 0000 4d89 | 9760 0400 

  0x000002abce63ff20: ;   {runtime_call SafepointBlob}
  0x000002abce63ff20: 00e9 5a6c 

  0x000002abce63ff24: ;   {runtime_call StubRoutines (final stubs)}
  0x000002abce63ff24: 76ff e895 | 5d74 ffe9 | 4af4 ffff 
[Stub Code]
  0x000002abce63ff30: ;   {no_reloc}
  0x000002abce63ff30: 48bb 5884 | 6125 ac02 

  0x000002abce63ff38: ;   {runtime_call I2C/C2I adapters}
  0x000002abce63ff38: 0000 e9d5 

  0x000002abce63ff3c: ;   {static_stub}
  0x000002abce63ff3c: b173 ff48 | bb00 0000 | 0000 0000 

  0x000002abce63ff48: ;   {runtime_call nmethod}
  0x000002abce63ff48: 00e9 fbff 

  0x000002abce63ff4c: ;   {static_stub}
  0x000002abce63ff4c: ffff 48bb | 0000 0000 | 0000 0000 

  0x000002abce63ff58: ;   {runtime_call nmethod}
  0x000002abce63ff58: e9fb ffff 

  0x000002abce63ff5c: ;   {static_stub}
  0x000002abce63ff5c: ff48 bb00 | 0000 0000 

  0x000002abce63ff64: ;   {runtime_call nmethod}
  0x000002abce63ff64: 0000 00e9 | fbff ffff 

  0x000002abce63ff6c: ;   {static_stub}
  0x000002abce63ff6c: 48bb 0000 | 0000 0000 

  0x000002abce63ff74: ;   {runtime_call nmethod}
  0x000002abce63ff74: 0000 e9fb 

  0x000002abce63ff78: ;   {runtime_call ExceptionBlob}
  0x000002abce63ff78: ffff ffe9 | 800c 84ff 
[Deopt Handler Code]
  0x000002abce63ff80: e800 0000 | 0048 832c 

  0x000002abce63ff88: ;   {runtime_call DeoptimizationBlob}
  0x000002abce63ff88: 2405 e991 | 8076 fff4 
[/MachCode]


---------------  P R O C E S S  ---------------

Threads class SMR info:
_java_thread_list=0x000002ac32db4640, length=26, elements={
0x000002abe3193350, 0x000002abe3193fa0, 0x000002abe3199080, 0x000002abe3199d20,
0x000002abe319ab00, 0x000002abe319bd10, 0x000002abe31ae0f0, 0x000002abe31b0d00,
0x000002abe332d1d0, 0x000002abe33311a0, 0x000002abe3ad54a0, 0x000002abbe27fed0,
0x000002ac29948b20, 0x000002ac29bbf0f0, 0x000002ac29db4c80, 0x000002ac29c253f0,
0x000002ac29ce6eb0, 0x000002ac29e0d810, 0x000002ac32ff72f0, 0x000002ac32ff7980,
0x000002ac32ff86a0, 0x000002ac32ff58b0, 0x000002ac32eb07c0, 0x000002ac32eb14e0,
0x000002ac32eb0e50, 0x000002ac32eb2890
}

Java Threads: ( => current thread )
  0x000002abe3193350 JavaThread "Reference Handler"          daemon [_thread_blocked, id=14300, stack(0x000000ff1ee00000,0x000000ff1ef00000) (1024K)]
  0x000002abe3193fa0 JavaThread "Finalizer"                  daemon [_thread_blocked, id=10944, stack(0x000000ff1ef00000,0x000000ff1f000000) (1024K)]
  0x000002abe3199080 JavaThread "Signal Dispatcher"          daemon [_thread_blocked, id=25876, stack(0x000000ff1f000000,0x000000ff1f100000) (1024K)]
  0x000002abe3199d20 JavaThread "Attach Listener"            daemon [_thread_blocked, id=42496, stack(0x000000ff1f100000,0x000000ff1f200000) (1024K)]
  0x000002abe319ab00 JavaThread "Service Thread"             daemon [_thread_blocked, id=41144, stack(0x000000ff1f200000,0x000000ff1f300000) (1024K)]
  0x000002abe319bd10 JavaThread "Monitor Deflation Thread"   daemon [_thread_blocked, id=4144, stack(0x000000ff1f300000,0x000000ff1f400000) (1024K)]
  0x000002abe31ae0f0 JavaThread "C2 CompilerThread0"         daemon [_thread_blocked, id=41272, stack(0x000000ff1f400000,0x000000ff1f500000) (1024K)]
  0x000002abe31b0d00 JavaThread "C1 CompilerThread0"         daemon [_thread_blocked, id=35968, stack(0x000000ff1f500000,0x000000ff1f600000) (1024K)]
  0x000002abe332d1d0 JavaThread "Notification Thread"        daemon [_thread_blocked, id=28520, stack(0x000000ff1f800000,0x000000ff1f900000) (1024K)]
  0x000002abe33311a0 JavaThread "Common-Cleaner"             daemon [_thread_blocked, id=12640, stack(0x000000ff1f900000,0x000000ff1fa00000) (1024K)]
=>0x000002abe3ad54a0 JavaThread "LWJGL Application"                 [_thread_in_native, id=4960, stack(0x000000ff1f600000,0x000000ff1f700000) (1024K)]
  0x000002abbe27fed0 JavaThread "DestroyJavaVM"                     [_thread_blocked, id=19400, stack(0x000000ff1e600000,0x000000ff1e700000) (1024K)]
  0x000002ac29948b20 JavaThread "AsynchExecutor-Thread"      daemon [_thread_blocked, id=15620, stack(0x000000ff20500000,0x000000ff20600000) (1024K)]
  0x000002ac29bbf0f0 JavaThread "TextureDecoder-1"           daemon [_thread_blocked, id=24924, stack(0x000000ff20a00000,0x000000ff20b00000) (1024K)]
  0x000002ac29db4c80 JavaThread "TextureDecoder-2"           daemon [_thread_blocked, id=42468, stack(0x000000ff20b00000,0x000000ff20c00000) (1024K)]
  0x000002ac29c253f0 JavaThread "TextureDecoder-3"           daemon [_thread_blocked, id=38424, stack(0x000000ff20c00000,0x000000ff20d00000) (1024K)]
  0x000002ac29ce6eb0 JavaThread "TextureDecoder-4"           daemon [_thread_blocked, id=41652, stack(0x000000ff21800000,0x000000ff21900000) (1024K)]
  0x000002ac29e0d810 JavaThread "LWJGL Timer"                daemon [_thread_blocked, id=29568, stack(0x000000ff21900000,0x000000ff21a00000) (1024K)]
  0x000002ac32ff72f0 JavaThread "RxIoScheduler-1 (Evictor)"  daemon [_thread_blocked, id=41772, stack(0x000000ff20700000,0x000000ff20800000) (1024K)]
  0x000002ac32ff7980 JavaThread "RxComputationScheduler-1"   daemon [_thread_blocked, id=15024, stack(0x000000ff20800000,0x000000ff20900000) (1024K)]
  0x000002ac32ff86a0 JavaThread "RxIoScheduler-2"            daemon [_thread_blocked, id=30152, stack(0x000000ff20900000,0x000000ff20a00000) (1024K)]
  0x000002ac32ff58b0 JavaThread "RxComputationScheduler-2"   daemon [_thread_blocked, id=28852, stack(0x000000ff20300000,0x000000ff20400000) (1024K)]
  0x000002ac32eb07c0 JavaThread "RxIoScheduler-8"            daemon [_thread_blocked, id=42132, stack(0x000000ff21e00000,0x000000ff21f00000) (1024K)]
  0x000002ac32eb14e0 JavaThread "Timer"                      daemon [_thread_blocked, id=19060, stack(0x000000ff20600000,0x000000ff20700000) (1024K)]
  0x000002ac32eb0e50 JavaThread "RxComputationScheduler-3"   daemon [_thread_blocked, id=14520, stack(0x000000ff1e300000,0x000000ff1e400000) (1024K)]
  0x000002ac32eb2890 JavaThread "RxIoScheduler-11"           daemon [_thread_blocked, id=11940, stack(0x000000ff1fd00000,0x000000ff1fe00000) (1024K)]
Total: 26

Other Threads:
  0x000002abe317b340 VMThread "VM Thread"                           [id=41736, stack(0x000000ff1ed00000,0x000000ff1ee00000) (1024K)]
  0x000002abe022aa10 WatcherThread "VM Periodic Task Thread"        [id=536, stack(0x000000ff1ec00000,0x000000ff1ed00000) (1024K)]
  0x000002abe0088800 WorkerThread "GC Thread#0"                     [id=36124, stack(0x000000ff1e700000,0x000000ff1e800000) (1024K)]
  0x000002ac29c25a50 WorkerThread "GC Thread#1"                     [id=20548, stack(0x000000ff20d00000,0x000000ff20e00000) (1024K)]
  0x000002ac29c25df0 WorkerThread "GC Thread#2"                     [id=2080, stack(0x000000ff20e00000,0x000000ff20f00000) (1024K)]
  0x000002ac29f629c0 WorkerThread "GC Thread#3"                     [id=6836, stack(0x000000ff20f00000,0x000000ff21000000) (1024K)]
  0x000002ac29f63570 WorkerThread "GC Thread#4"                     [id=28676, stack(0x000000ff21000000,0x000000ff21100000) (1024K)]
  0x000002ac29d9f6b0 WorkerThread "GC Thread#5"                     [id=41804, stack(0x000000ff21100000,0x000000ff21200000) (1024K)]
  0x000002ac29d9fe60 WorkerThread "GC Thread#6"                     [id=9824, stack(0x000000ff21200000,0x000000ff21300000) (1024K)]
  0x000002ac29995b10 WorkerThread "GC Thread#7"                     [id=31360, stack(0x000000ff21300000,0x000000ff21400000) (1024K)]
  0x000002ac29995eb0 WorkerThread "GC Thread#8"                     [id=36296, stack(0x000000ff21400000,0x000000ff21500000) (1024K)]
  0x000002ac29996990 WorkerThread "GC Thread#9"                     [id=42052, stack(0x000000ff21500000,0x000000ff21600000) (1024K)]
  0x000002ac29995030 WorkerThread "GC Thread#10"                    [id=37924, stack(0x000000ff21600000,0x000000ff21700000) (1024K)]
  0x000002ac29996250 WorkerThread "GC Thread#11"                    [id=17828, stack(0x000000ff21700000,0x000000ff21800000) (1024K)]
  0x000002ac3319f080 WorkerThread "GC Thread#12"                    [id=27644, stack(0x000000ff1e500000,0x000000ff1e600000) (1024K)]
  0x000002abbe2de180 ConcurrentGCThread "G1 Main Marker"            [id=9764, stack(0x000000ff1e800000,0x000000ff1e900000) (1024K)]
  0x000002abe0099ab0 WorkerThread "G1 Conc#0"                       [id=16572, stack(0x000000ff1e900000,0x000000ff1ea00000) (1024K)]
  0x000002ac3319ff00 WorkerThread "G1 Conc#1"                       [id=42292, stack(0x000000ff1f700000,0x000000ff1f800000) (1024K)]
  0x000002ac331a14c0 WorkerThread "G1 Conc#2"                       [id=11632, stack(0x000000ff1fa00000,0x000000ff1fb00000) (1024K)]
  0x000002abe017f4d0 ConcurrentGCThread "G1 Refine#0"               [id=42828, stack(0x000000ff1ea00000,0x000000ff1eb00000) (1024K)]
  0x000002abe0181200 ConcurrentGCThread "G1 Service"                [id=40556, stack(0x000000ff1eb00000,0x000000ff1ec00000) (1024K)]
Total: 21

Threads with active compile tasks:
Total: 0

VM state: not at safepoint (normal execution)

VM Mutex/Monitor currently owned by a thread: None

Heap address: 0x0000000604400000, size: 8124 MB, Compressed Oops mode: Zero based, Oop shift amount: 3

CDS archive(s) mapped at: [0x000002abe4000000-0x000002abe4c80000-0x000002abe4c80000), size 13107200, SharedBaseAddress: 0x000002abe4000000, ArchiveRelocationMode: 1.
Compressed class space mapped at: 0x000002abe5000000-0x000002ac25000000, reserved size: 1073741824
Narrow klass base: 0x000002abe4000000, Narrow klass shift: 0, Narrow klass range: 0x100000000

GC Precious Log:
 CardTable entry size: 512
 Card Set container configuration: InlinePtr #cards 4 size 8 Array Of Cards #cards 32 size 80 Howl #buckets 8 coarsen threshold 7372 Howl Bitmap #cards 1024 size 144 coarsen threshold 921 Card regions per heap region 1 cards per card region 8192
 CPUs: 16 total, 16 available
 Memory: 32490M
 Large Page Support: Disabled
 NUMA Support: Disabled
 Compressed Oops: Enabled (Zero based)
 Heap Region Size: 4M
 Heap Min Capacity: 8M
 Heap Initial Capacity: 508M
 Heap Max Capacity: 8124M
 Pre-touch: Disabled
 Parallel Workers: 13
 Concurrent Workers: 3
 Concurrent Refinement Workers: 13
 Periodic GC: Disabled

Heap:
 garbage-first heap   total 69632K, used 37357K [0x0000000604400000, 0x0000000800000000)
  region size 4096K, 9 young (36864K), 3 survivors (12288K)
 Metaspace       used 21567K, committed 21952K, reserved 1114112K
  class space    used 2894K, committed 3072K, reserved 1048576K

Heap Regions: E=young(eden), S=young(survivor), O=old, HS=humongous(starts), HC=humongous(continues), CS=collection set, F=free, TAMS=top-at-mark-start, PB=parsable bottom
|   0|0x0000000604400000, 0x0000000604800000, 0x0000000604800000|100%| O|  |TAMS 0x0000000604400000| PB 0x0000000604400000| Untracked 
|   1|0x0000000604800000, 0x00000006048edcd8, 0x0000000604c00000| 23%| O|Cm|TAMS 0x0000000604800000| PB 0x0000000604800000| Complete 
|   2|0x0000000604c00000, 0x0000000604c00000, 0x0000000605000000|  0%| F|  |TAMS 0x0000000604c00000| PB 0x0000000604c00000| Untracked 
|   3|0x0000000605000000, 0x0000000605000000, 0x0000000605400000|  0%| F|  |TAMS 0x0000000605000000| PB 0x0000000605000000| Untracked 
|   4|0x0000000605400000, 0x0000000605400000, 0x0000000605800000|  0%| F|  |TAMS 0x0000000605400000| PB 0x0000000605400000| Untracked 
|   5|0x0000000605800000, 0x0000000605800000, 0x0000000605c00000|  0%| F|  |TAMS 0x0000000605800000| PB 0x0000000605800000| Untracked 
|   6|0x0000000605c00000, 0x0000000605c00000, 0x0000000606000000|  0%| F|  |TAMS 0x0000000605c00000| PB 0x0000000605c00000| Untracked 
|   7|0x0000000606000000, 0x0000000606000000, 0x0000000606400000|  0%| F|  |TAMS 0x0000000606000000| PB 0x0000000606000000| Untracked 
|   8|0x0000000606400000, 0x0000000606800000, 0x0000000606800000|100%| E|  |TAMS 0x0000000606400000| PB 0x0000000606400000| Complete 
|   9|0x0000000606800000, 0x0000000606c00000, 0x0000000606c00000|100%| E|CS|TAMS 0x0000000606800000| PB 0x0000000606800000| Complete 
|  10|0x0000000606c00000, 0x0000000607000000, 0x0000000607000000|100%| E|CS|TAMS 0x0000000606c00000| PB 0x0000000606c00000| Complete 
|  11|0x0000000607000000, 0x0000000607400000, 0x0000000607400000|100%| E|CS|TAMS 0x0000000607000000| PB 0x0000000607000000| Complete 
|  12|0x0000000607400000, 0x0000000607800000, 0x0000000607800000|100%| E|CS|TAMS 0x0000000607400000| PB 0x0000000607400000| Complete 
|  78|0x0000000617c00000, 0x0000000617f8d8e8, 0x0000000618000000| 88%| S|CS|TAMS 0x0000000617c00000| PB 0x0000000617c00000| Complete 
|  79|0x0000000618000000, 0x0000000618400000, 0x0000000618400000|100%| S|CS|TAMS 0x0000000618000000| PB 0x0000000618000000| Complete 
|  80|0x0000000618400000, 0x0000000618800000, 0x0000000618800000|100%| S|CS|TAMS 0x0000000618400000| PB 0x0000000618400000| Complete 
| 126|0x0000000623c00000, 0x0000000624000000, 0x0000000624000000|100%| E|CS|TAMS 0x0000000623c00000| PB 0x0000000623c00000| Complete 

Card table byte_map: [0x000002abd7170000,0x000002abd8150000] _byte_map_base: 0x000002abd414e000

Marking Bits: (CMBitMap*) 0x000002abbe2dd300
 Bits: [0x000002abd8150000, 0x000002abe0040000)

Polling page: 0x000002abbd9e0000

Metaspace:

Usage:
  Non-class:     18.24 MB used.
      Class:      2.83 MB used.
       Both:     21.06 MB used.

Virtual space:
  Non-class space:       64.00 MB reserved,      18.44 MB ( 29%) committed,  1 nodes.
      Class space:        1.00 GB reserved,       3.00 MB ( <1%) committed,  1 nodes.
             Both:        1.06 GB reserved,      21.44 MB (  2%) committed. 

Chunk freelists:
   Non-Class:  12.83 MB
       Class:  12.91 MB
        Both:  25.74 MB

MaxMetaspaceSize: unlimited
CompressedClassSpaceSize: 1.00 GB
Initial GC threshold: 21.00 MB
Current GC threshold: 35.12 MB
CDS: on
 - commit_granule_bytes: 65536.
 - commit_granule_words: 8192.
 - virtual_space_node_default_size: 8388608.
 - enlarge_chunks_in_place: 1.
 - use_allocation_guard: 0.


Internal statistics:

num_allocs_failed_limit: 3.
num_arena_births: 378.
num_arena_deaths: 0.
num_vsnodes_births: 2.
num_vsnodes_deaths: 0.
num_space_committed: 341.
num_space_uncommitted: 0.
num_chunks_returned_to_freelist: 3.
num_chunks_taken_from_freelist: 1163.
num_chunk_merges: 3.
num_chunk_splits: 772.
num_chunks_enlarged: 594.
num_inconsistent_stats: 0.

CodeHeap 'non-profiled nmethods': size=119168Kb used=4596Kb max_used=4596Kb free=114572Kb
 bounds [0x000002abce4a0000, 0x000002abce920000, 0x000002abd5900000]
CodeHeap 'profiled nmethods': size=119104Kb used=10965Kb max_used=10965Kb free=108138Kb
 bounds [0x000002abc6900000, 0x000002abc73c0000, 0x000002abcdd50000]
CodeHeap 'non-nmethods': size=7488Kb used=1894Kb max_used=3567Kb free=5593Kb
 bounds [0x000002abcdd50000, 0x000002abce100000, 0x000002abce4a0000]
 total_blobs=6206 nmethods=5480 adapters=629
 compilation: enabled
              stopped_count=0, restarted_count=0
 full_count=0

Compilation events (20 events):
Event: 450.574 Thread 0x000002abe31b0d00 nmethod 5471 0x000002abc73b1a10 code [0x000002abc73b1c20, 0x000002abc73b24b8]
Event: 450.574 Thread 0x000002abe31b0d00 5472       3       com.badlogic.gdx.scenes.scene2d.actions.Actions::delay (21 bytes)
Event: 450.575 Thread 0x000002abe31b0d00 nmethod 5472 0x000002abc73b2710 code [0x000002abc73b2920, 0x000002abc73b3258]
Event: 450.575 Thread 0x000002abe31b0d00 5474       3       com.badlogic.gdx.scenes.scene2d.actions.DelayAction::<init> (5 bytes)
Event: 450.575 Thread 0x000002abe31b0d00 nmethod 5474 0x000002abc73b3510 code [0x000002abc73b36c0, 0x000002abc73b38e8]
Event: 450.575 Thread 0x000002abe31b0d00 5475       3       com.badlogic.gdx.scenes.scene2d.actions.AfterAction::<init> (18 bytes)
Event: 450.575 Thread 0x000002abe31b0d00 nmethod 5475 0x000002abc73b3a10 code [0x000002abc73b3be0, 0x000002abc73b4088]
Event: 450.575 Thread 0x000002abe31ae0f0 nmethod 5473 0x000002abce919210 code [0x000002abce9193c0, 0x000002abce919598]
Event: 450.575 Thread 0x000002abe31ae0f0 5476       4       java.lang.reflect.Constructor::newInstanceWithCaller (51 bytes)
Event: 450.579 Thread 0x000002abe31ae0f0 nmethod 5476 0x000002abce919810 code [0x000002abce919aa0, 0x000002abce91a268]
Event: 452.624 Thread 0x000002abe31b0d00 5477       3       sun.security.provider.SHA2::implCompress (13 bytes)
Event: 452.624 Thread 0x000002abe31b0d00 nmethod 5477 0x000002abc73b4210 code [0x000002abc73b4400, 0x000002abc73b4838]
Event: 452.624 Thread 0x000002abe31b0d00 5478       3       sun.security.provider.SHA2::implCompressCheck (18 bytes)
Event: 452.624 Thread 0x000002abe31b0d00 nmethod 5478 0x000002abc73b4a10 code [0x000002abc73b4be0, 0x000002abc73b4f70]
Event: 452.825 Thread 0x000002abe31b0d00 5479       3       com.badlogic.gdx.graphics.Color::<init> (10 bytes)
Event: 452.825 Thread 0x000002abe31b0d00 nmethod 5479 0x000002abc73b5110 code [0x000002abc73b52c0, 0x000002abc73b5458]
Event: 453.607 Thread 0x000002abe31ae0f0 5480       4       com.badlogic.gdx.graphics.g2d.NinePatch::prepareVertices (351 bytes)
Event: 453.620 Thread 0x000002abe31ae0f0 nmethod 5480 0x000002abce91ab10 code [0x000002abce91ad80, 0x000002abce91c280]
Event: 454.725 Thread 0x000002abe31b0d00 5481       1       sk.sivak.eldritchhorror.core.controller.InvestigatorBasicsImpl::getInvestigatorId (5 bytes)
Event: 454.725 Thread 0x000002abe31b0d00 nmethod 5481 0x000002abce91cd10 code [0x000002abce91cea0, 0x000002abce91cf70]

GC Heap History (6 events):
Event: 5.612 GC heap before
{Heap before GC invocations=0 (full 0):
 garbage-first heap   total 520192K, used 20480K [0x0000000604400000, 0x0000000800000000)
  region size 4096K, 6 young (24576K), 0 survivors (0K)
 Metaspace       used 5277K, committed 5440K, reserved 1114112K
  class space    used 394K, committed 448K, reserved 1048576K
}
Event: 5.614 GC heap after
{Heap after GC invocations=1 (full 0):
 garbage-first heap   total 520192K, used 4922K [0x0000000604400000, 0x0000000800000000)
  region size 4096K, 1 young (4096K), 1 survivors (4096K)
 Metaspace       used 5277K, committed 5440K, reserved 1114112K
  class space    used 394K, committed 448K, reserved 1048576K
}
Event: 5.924 GC heap before
{Heap before GC invocations=1 (full 0):
 garbage-first heap   total 520192K, used 29498K [0x0000000604400000, 0x0000000800000000)
  region size 4096K, 8 young (32768K), 1 survivors (4096K)
 Metaspace       used 9262K, committed 9472K, reserved 1114112K
  class space    used 906K, committed 1024K, reserved 1048576K
}
Event: 5.927 GC heap after
{Heap after GC invocations=2 (full 0):
 garbage-first heap   total 520192K, used 7149K [0x0000000604400000, 0x0000000800000000)
  region size 4096K, 1 young (4096K), 1 survivors (4096K)
 Metaspace       used 9262K, committed 9472K, reserved 1114112K
  class space    used 906K, committed 1024K, reserved 1048576K
}
Event: 300.433 GC heap before
{Heap before GC invocations=2 (full 0):
 garbage-first heap   total 520192K, used 195565K [0x0000000604400000, 0x0000000800000000)
  region size 4096K, 46 young (188416K), 1 survivors (4096K)
 Metaspace       used 21156K, committed 21504K, reserved 1114112K
  class space    used 2827K, committed 3008K, reserved 1048576K
}
Event: 300.442 GC heap after
{Heap after GC invocations=3 (full 0):
 garbage-first heap   total 520192K, used 16877K [0x0000000604400000, 0x0000000800000000)
  region size 4096K, 3 young (12288K), 3 survivors (12288K)
 Metaspace       used 21156K, committed 21504K, reserved 1114112K
  class space    used 2827K, committed 3008K, reserved 1048576K
}

Dll operation events (9 events):
Event: 0.018 Loaded shared library C:\Users\matus.sivak\.jdks\corretto-21.0.6\bin\java.dll
Event: 0.058 Loaded shared library C:\Users\matus.sivak\.jdks\corretto-21.0.6\bin\jsvml.dll
Event: 0.146 Loaded shared library C:\Users\matus.sivak\.jdks\corretto-21.0.6\bin\net.dll
Event: 0.149 Loaded shared library C:\Users\matus.sivak\.jdks\corretto-21.0.6\bin\nio.dll
Event: 0.293 Loaded shared library C:\Users\matus.sivak\.jdks\corretto-21.0.6\bin\zip.dll
Event: 4.356 Loaded shared library C:\Users\matus.sivak\.jdks\corretto-21.0.6\bin\jimage.dll
Event: 4.368 Loaded shared library C:\Users\matus.sivak\AppData\Local\Temp\libgdxmatus.sivak\12dfaa03\gdx64.dll
Event: 4.471 Loaded shared library C:\Users\matus.sivak\.jdks\corretto-21.0.6\bin\verify.dll
Event: 4.488 Loaded shared library C:\Users\matus.sivak\AppData\Local\Temp\libgdxmatus.sivak\dc0f0009\lwjgl64.dll

Deoptimization events (20 events):
Event: 388.587 Thread 0x000002abe3ad54a0 Uncommon trap: trap_request=0xffffff6e fr.pc=0x000002abce8f42f0 relative=0x0000000000004990
Event: 388.587 Thread 0x000002abe3ad54a0 Uncommon trap: reason=loop_limit_check action=maybe_recompile pc=0x000002abce8f42f0 method=com.badlogic.gdx.scenes.scene2d.ui.Table.endRow()V @ 15 c2
Event: 388.587 Thread 0x000002abe3ad54a0 DEOPT PACKING pc=0x000002abce8f42f0 sp=0x000000ff1f6fe5a0
Event: 388.587 Thread 0x000002abe3ad54a0 DEOPT UNPACKING pc=0x000002abcdda7da2 sp=0x000000ff1f6fe470 mode 2
Event: 467.803 Thread 0x000002abe3ad54a0 Uncommon trap: trap_request=0xffffff45 fr.pc=0x000002abce8d7310 relative=0x0000000000001bf0
Event: 467.803 Thread 0x000002abe3ad54a0 Uncommon trap: reason=unstable_if action=reinterpret pc=0x000002abce8d7310 method=org.lwjgl.opengl.WindowsDisplay.doHandleMessage(JIJJJ)J @ 333 c2
Event: 467.803 Thread 0x000002abe3ad54a0 DEOPT PACKING pc=0x000002abce8d7310 sp=0x000000ff1f6fd270
Event: 467.803 Thread 0x000002abe3ad54a0 DEOPT UNPACKING pc=0x000002abcdda7da2 sp=0x000000ff1f6fd228 mode 2
Event: 468.385 Thread 0x000002abe3ad54a0 Uncommon trap: trap_request=0xffffff45 fr.pc=0x000002abce7ae8e0 relative=0x00000000000002c0
Event: 468.385 Thread 0x000002abe3ad54a0 Uncommon trap: reason=unstable_if action=reinterpret pc=0x000002abce7ae8e0 method=com.badlogic.gdx.backends.lwjgl.audio.OpenALMusic.update()V @ 157 c2
Event: 468.385 Thread 0x000002abe3ad54a0 DEOPT PACKING pc=0x000002abce7ae8e0 sp=0x000000ff1f6ff180
Event: 468.385 Thread 0x000002abe3ad54a0 DEOPT UNPACKING pc=0x000002abcdda7da2 sp=0x000000ff1f6ff0a8 mode 2
Event: 468.389 Thread 0x000002abe3ad54a0 Uncommon trap: trap_request=0xffffff45 fr.pc=0x000002abce755e7c relative=0x00000000000001fc
Event: 468.389 Thread 0x000002abe3ad54a0 Uncommon trap: reason=unstable_if action=reinterpret pc=0x000002abce755e7c method=com.badlogic.gdx.backends.lwjgl.audio.OpenALMusic.update()V @ 157 c2
Event: 468.389 Thread 0x000002abe3ad54a0 DEOPT PACKING pc=0x000002abce755e7c sp=0x000000ff1f6ff110
Event: 468.389 Thread 0x000002abe3ad54a0 DEOPT UNPACKING pc=0x000002abcdda7da2 sp=0x000000ff1f6ff0a0 mode 2
Event: 468.406 Thread 0x000002abe3ad54a0 Uncommon trap: trap_request=0xffffff45 fr.pc=0x000002abce7ad2f0 relative=0x0000000000000ad0
Event: 468.406 Thread 0x000002abe3ad54a0 Uncommon trap: reason=unstable_if action=reinterpret pc=0x000002abce7ad2f0 method=org.lwjgl.opengl.WindowsDisplay.wasResized()Z @ 4 c2
Event: 468.406 Thread 0x000002abe3ad54a0 DEOPT PACKING pc=0x000002abce7ad2f0 sp=0x000000ff1f6ff120
Event: 468.406 Thread 0x000002abe3ad54a0 DEOPT UNPACKING pc=0x000002abcdda7da2 sp=0x000000ff1f6ff0a8 mode 2

Classes loaded (20 events):
Event: 41.390 Loading class java/text/FieldPosition$Delegate
Event: 41.390 Loading class java/text/FieldPosition$Delegate done
Event: 42.039 Loading class java/util/regex/Pattern$SliceI
Event: 42.039 Loading class java/util/regex/Pattern$SliceI done
Event: 52.222 Loading class java/lang/FdLibm$Hypot
Event: 52.222 Loading class java/lang/FdLibm$Hypot done
Event: 52.222 Loading class java/lang/FdLibm
Event: 52.222 Loading class java/lang/FdLibm done
Event: 65.666 Loading class jdk/internal/math/FDBigInteger
Event: 65.666 Loading class jdk/internal/math/FDBigInteger done
Event: 66.561 Loading class java/util/concurrent/ConcurrentLinkedQueue$Itr
Event: 66.561 Loading class java/util/concurrent/ConcurrentLinkedQueue$Itr done
Event: 136.456 Loading class java/util/regex/Pattern$LookBehindEndNode
Event: 136.456 Loading class java/util/regex/Pattern$LookBehindEndNode done
Event: 136.456 Loading class java/util/regex/Pattern$NotBehind
Event: 136.457 Loading class java/util/regex/Pattern$NotBehind done
Event: 136.457 Loading class java/util/regex/Pattern$Neg
Event: 136.457 Loading class java/util/regex/Pattern$Neg done
Event: 272.971 Loading class java/util/concurrent/PriorityBlockingQueue
Event: 272.971 Loading class java/util/concurrent/PriorityBlockingQueue done

Classes unloaded (0 events):
No events

Classes redefined (0 events):
No events

Internal exceptions (20 events):
Event: 65.706 Thread 0x000002abe3ad54a0 Exception <a 'java/lang/NoSuchMethodError'{0x000000061b58dee8}: 'java.lang.Object java.lang.invoke.DirectMethodHandle$Holder.newInvokeSpecial(java.lang.Object, java.lang.Object, java.lang.Object, java.lang.Object, java.lang.Object, java.lang.Object, java.lang.Object, java.lang.Object)'> (0x000000061b58dee8) 
thrown [s\src\hotspot\share\interpreter\linkResolver.cpp, line 773]
Event: 91.778 Thread 0x000002abe3ad54a0 Exception <a 'java/lang/NoSuchMethodError'{0x000000061b2b8958}: 'java.lang.Object java.lang.invoke.DirectMethodHandle$Holder.newInvokeSpecial(java.lang.Object, java.lang.Object, java.lang.Object, java.lang.Object, int, java.lang.Object, java.lang.Object)'> (0x000000061b2b8958) 
thrown [s\src\hotspot\share\interpreter\linkResolver.cpp, line 773]
Event: 104.136 Thread 0x000002abe3ad54a0 Exception <a 'java/lang/NoSuchMethodError'{0x000000061ace7580}: 'java.lang.Object java.lang.invoke.DirectMethodHandle$Holder.newInvokeSpecial(java.lang.Object, java.lang.Object, java.lang.Object, java.lang.Object, int)'> (0x000000061ace7580) 
thrown [s\src\hotspot\share\interpreter\linkResolver.cpp, line 773]
Event: 104.136 Thread 0x000002abe3ad54a0 Exception <a 'java/lang/NoSuchMethodError'{0x000000061aceb668}: 'java.lang.Object java.lang.invoke.DirectMethodHandle$Holder.invokeSpecial(java.lang.Object, java.lang.Object, java.lang.Object, java.lang.Object, java.lang.Object, int)'> (0x000000061aceb668) 
thrown [s\src\hotspot\share\interpreter\linkResolver.cpp, line 773]
Event: 104.136 Thread 0x000002abe3ad54a0 Exception <a 'java/lang/NoSuchMethodError'{0x000000061acef0e8}: 'java.lang.Object java.lang.invoke.Invokers$Holder.linkToTargetMethod(java.lang.Object, java.lang.Object, java.lang.Object, int, java.lang.Object)'> (0x000000061acef0e8) 
thrown [s\src\hotspot\share\interpreter\linkResolver.cpp, line 773]
Event: 117.681 Thread 0x000002abe3ad54a0 Exception <a 'java/lang/NoSuchMethodError'{0x000000061ae86ad0}: 'int java.lang.invoke.DirectMethodHandle$Holder.invokeStatic(java.lang.Object, java.lang.Object, java.lang.Object, java.lang.Object)'> (0x000000061ae86ad0) 
thrown [s\src\hotspot\share\interpreter\linkResolver.cpp, line 773]
Event: 159.386 Thread 0x000002abe3ad54a0 Exception <a 'java/lang/NoSuchMethodError'{0x000000061ab73eb8}: 'void java.lang.invoke.DirectMethodHandle$Holder.invokeSpecial(java.lang.Object, java.lang.Object, int)'> (0x000000061ab73eb8) 
thrown [s\src\hotspot\share\interpreter\linkResolver.cpp, line 773]
Event: 166.032 Thread 0x000002abe3ad54a0 Exception <a 'java/lang/NoSuchMethodError'{0x000000061a400f08}: 'int java.lang.invoke.Invokers$Holder.invokeExact_MT(java.lang.Object, java.lang.Object, java.lang.Object)'> (0x000000061a400f08) 
thrown [s\src\hotspot\share\interpreter\linkResolver.cpp, line 773]
Event: 173.528 Thread 0x000002abe3ad54a0 Implicit null exception at 0x000002abce691042 to 0x000002abce6912cc
Event: 173.528 Thread 0x000002abe3ad54a0 Implicit null exception at 0x000002abce5fc866 to 0x000002abce5fc90a
Event: 173.528 Thread 0x000002abe3ad54a0 Implicit null exception at 0x000002abce580742 to 0x000002abce5809bc
Event: 179.261 Thread 0x000002abe3ad54a0 Exception <a 'java/lang/NoSuchMethodError'{0x000000061a5aed08}: 'java.lang.Object java.lang.invoke.DirectMethodHandle$Holder.newInvokeSpecial(java.lang.Object, java.lang.Object, java.lang.Object, java.lang.Object, java.lang.Object, int)'> (0x000000061a5aed08) 
thrown [s\src\hotspot\share\interpreter\linkResolver.cpp, line 773]
Event: 179.261 Thread 0x000002abe3ad54a0 Exception <a 'java/lang/NoSuchMethodError'{0x000000061a5b2f20}: 'java.lang.Object java.lang.invoke.DirectMethodHandle$Holder.invokeSpecial(java.lang.Object, java.lang.Object, java.lang.Object, java.lang.Object, java.lang.Object, java.lang.Object, int)'> (0x000000061a5b2f20) 
thrown [s\src\hotspot\share\interpreter\linkResolver.cpp, line 773]
Event: 179.261 Thread 0x000002abe3ad54a0 Exception <a 'java/lang/NoSuchMethodError'{0x000000061a5b6aa8}: 'java.lang.Object java.lang.invoke.Invokers$Holder.linkToTargetMethod(java.lang.Object, java.lang.Object, java.lang.Object, java.lang.Object, int, java.lang.Object)'> (0x000000061a5b6aa8) 
thrown [s\src\hotspot\share\interpreter\linkResolver.cpp, line 773]
Event: 192.594 Thread 0x000002abe3ad54a0 Exception <a 'java/lang/NoSuchMethodError'{0x000000061a68fc58}: 'java.lang.Object java.lang.invoke.DirectMethodHandle$Holder.newInvokeSpecial(java.lang.Object, java.lang.Object, java.lang.Object, int, int)'> (0x000000061a68fc58) 
thrown [s\src\hotspot\share\interpreter\linkResolver.cpp, line 773]
Event: 196.913 Thread 0x000002abe3ad54a0 Exception <a 'java/lang/NoSuchMethodError'{0x000000061a73fd20}: 'void java.lang.invoke.DirectMethodHandle$Holder.invokeStatic(java.lang.Object, java.lang.Object, java.lang.Object, java.lang.Object, java.lang.Object, java.lang.Object, java.lang.Object, java.lang.Object)'> (0x000000061a73fd20) 
thrown [s\src\hotspot\share\interpreter\linkResolver.cpp, line 773]
Event: 248.531 Thread 0x000002abe3ad54a0 Exception <a 'java/lang/NoSuchMethodError'{0x000000061963a868}: 'int java.lang.invoke.DirectMethodHandle$Holder.invokeSpecial(java.lang.Object, java.lang.Object, java.lang.Object, java.lang.Object)'> (0x000000061963a868) 
thrown [s\src\hotspot\share\interpreter\linkResolver.cpp, line 773]
Event: 268.305 Thread 0x000002abe3ad54a0 Exception <a 'java/lang/NoSuchMethodError'{0x000000061975ebe8}: 'void java.lang.invoke.DirectMethodHandle$Holder.invokeSpecial(java.lang.Object, java.lang.Object, float)'> (0x000000061975ebe8) 
thrown [s\src\hotspot\share\interpreter\linkResolver.cpp, line 773]
Event: 300.433 Thread 0x000002abe3ad54a0 Exception <a 'java/lang/NoSuchMethodError'{0x000000061884e9a8}: 'void java.lang.invoke.DirectMethodHandle$Holder.invokeSpecial(java.lang.Object, java.lang.Object, java.lang.Object, java.lang.Object, int, java.lang.Object)'> (0x000000061884e9a8) 
thrown [s\src\hotspot\share\interpreter\linkResolver.cpp, line 773]
Event: 371.485 Thread 0x000002abe3ad54a0 Exception <a 'java/lang/NoSuchMethodError'{0x00000006073e0090}: 'void java.lang.invoke.DirectMethodHandle$Holder.invokeStatic(java.lang.Object, java.lang.Object, int)'> (0x00000006073e0090) 
thrown [s\src\hotspot\share\interpreter\linkResolver.cpp, line 773]

ZGC Phase Switch (0 events):
No events

VM Operations (20 events):
Event: 424.823 Executing VM operation: Cleanup
Event: 424.823 Executing VM operation: Cleanup done
Event: 425.824 Executing VM operation: Cleanup
Event: 425.824 Executing VM operation: Cleanup done
Event: 426.824 Executing VM operation: Cleanup
Event: 426.824 Executing VM operation: Cleanup done
Event: 431.826 Executing VM operation: Cleanup
Event: 431.826 Executing VM operation: Cleanup done
Event: 436.829 Executing VM operation: Cleanup
Event: 436.829 Executing VM operation: Cleanup done
Event: 441.833 Executing VM operation: Cleanup
Event: 441.833 Executing VM operation: Cleanup done
Event: 444.834 Executing VM operation: Cleanup
Event: 444.834 Executing VM operation: Cleanup done
Event: 446.835 Executing VM operation: Cleanup
Event: 446.835 Executing VM operation: Cleanup done
Event: 449.837 Executing VM operation: Cleanup
Event: 449.837 Executing VM operation: Cleanup done
Event: 450.837 Executing VM operation: Cleanup
Event: 450.837 Executing VM operation: Cleanup done

Memory protections (0 events):
No events

Nmethod flushes (0 events):
No events

Events (20 events):
Event: 126.562 Thread 0x000002ac32eb1b70 Thread exited: 0x000002ac32eb1b70
Event: 126.562 Thread 0x000002ac32eb0e50 Thread exited: 0x000002ac32eb0e50
Event: 126.562 Thread 0x000002ac32ff5f40 Thread exited: 0x000002ac32ff5f40
Event: 126.562 Thread 0x000002ac32eb2f20 Thread exited: 0x000002ac32eb2f20
Event: 141.606 Thread 0x000002abe3ad54a0 Thread added: 0x000002ac32eb0e50
Event: 186.564 Thread 0x000002ac32eb3c40 Thread exited: 0x000002ac32eb3c40
Event: 186.564 Thread 0x000002ac32eb4960 Thread exited: 0x000002ac32eb4960
Event: 196.938 Thread 0x000002abe31b0d00 Thread added: 0x000002ac32435c30
Event: 198.000 Thread 0x000002ac32435c30 Thread exited: 0x000002ac32435c30
Event: 257.468 Thread 0x000002abe31b0d00 Thread added: 0x000002ac2a136ca0
Event: 257.468 Thread 0x000002abe31b0d00 Thread added: 0x000002ac294290e0
Event: 257.753 Thread 0x000002ac2a136ca0 Thread exited: 0x000002ac2a136ca0
Event: 257.753 Thread 0x000002ac294290e0 Thread exited: 0x000002ac294290e0
Event: 300.443 Thread 0x000002abe31b0d00 Thread added: 0x000002ac2a193880
Event: 302.571 Thread 0x000002ac2a193880 Thread exited: 0x000002ac2a193880
Event: 375.685 Thread 0x000002abe3ad54a0 Thread added: 0x000002ac32eb2890
Event: 385.156 Thread 0x000002abe31b0d00 Thread added: 0x000002ac29f50f80
Event: 388.369 Thread 0x000002ac29f50f80 Thread exited: 0x000002ac29f50f80
Event: 437.808 Thread 0x000002abe31b0d00 Thread added: 0x000002ac6139b190
Event: 441.579 Thread 0x000002ac6139b190 Thread exited: 0x000002ac6139b190


Dynamic libraries:
0x00007ff68c250000 - 0x00007ff68c25e000 	C:\Users\matus.sivak\.jdks\corretto-21.0.6\bin\java.exe
0x00007ffd1b260000 - 0x00007ffd1b4c7000 	C:\WINDOWS\SYSTEM32\ntdll.dll
0x00007ffd1a3e0000 - 0x00007ffd1a4ab000 	C:\WINDOWS\System32\KERNEL32.DLL
0x00007ffd18590000 - 0x00007ffd18992000 	C:\WINDOWS\System32\KERNELBASE.dll
0x00007ffd18bf0000 - 0x00007ffd18d3c000 	C:\WINDOWS\System32\ucrtbase.dll
0x00007ffd00170000 - 0x00007ffd00188000 	C:\Users\matus.sivak\.jdks\corretto-21.0.6\bin\jli.dll
0x00007ffd04f10000 - 0x00007ffd04f2b000 	C:\Users\matus.sivak\.jdks\corretto-21.0.6\bin\VCRUNTIME140.dll
0x00007ffd18f80000 - 0x00007ffd1914f000 	C:\WINDOWS\System32\USER32.dll
0x00007ffcee980000 - 0x00007ffceec10000 	C:\WINDOWS\WinSxS\amd64_microsoft.windows.common-controls_6595b64144ccf1df_6.0.26100.9278_none_3e0d1ba8e3303201\COMCTL32.dll
0x00007ffd18e10000 - 0x00007ffd18e37000 	C:\WINDOWS\System32\win32u.dll
0x00007ffd19340000 - 0x00007ffd193e9000 	C:\WINDOWS\System32\msvcrt.dll
0x00007ffd19880000 - 0x00007ffd198ab000 	C:\WINDOWS\System32\GDI32.dll
0x00007ffd18460000 - 0x00007ffd18589000 	C:\WINDOWS\System32\gdi32full.dll
0x00007ffd18e40000 - 0x00007ffd18ee3000 	C:\WINDOWS\System32\msvcp_win.dll
0x00007ffd19300000 - 0x00007ffd19331000 	C:\WINDOWS\System32\IMM32.DLL
0x00007ffd18090000 - 0x00007ffd181e9000 	C:\Program Files\Avecto\Privilege Guard Client\PGHook.dll
0x00007ffd1aef0000 - 0x00007ffd1afac000 	C:\WINDOWS\System32\ADVAPI32.dll
0x00007ffd1a690000 - 0x00007ffd1a739000 	C:\WINDOWS\System32\sechost.dll
0x00007ffd19a40000 - 0x00007ffd19b58000 	C:\WINDOWS\System32\RPCRT4.dll
0x000000005d220000 - 0x000000005d293000 	C:\WINDOWS\System32\QIPCAP64.dll
0x00007ffd1a750000 - 0x00007ffd1aee8000 	C:\WINDOWS\System32\SHELL32.dll
0x00007ffd19160000 - 0x00007ffd192fa000 	C:\WINDOWS\System32\ole32.dll
0x00007ffd193f0000 - 0x00007ffd19775000 	C:\WINDOWS\System32\combase.dll
0x00007ffd19960000 - 0x00007ffd19a39000 	C:\WINDOWS\System32\OLEAUT32.dll
0x00007ffd166e0000 - 0x00007ffd16838000 	C:\WINDOWS\SYSTEM32\DNSAPI.dll
0x00007ffd17350000 - 0x00007ffd1735d000 	C:\WINDOWS\SYSTEM32\DSPARSE.dll
0x00007ffd166a0000 - 0x00007ffd166d3000 	C:\WINDOWS\SYSTEM32\IPHLPAPI.DLL
0x00007ffd1afc0000 - 0x00007ffd1afca000 	C:\WINDOWS\System32\NSI.dll
0x00007ffd0f5b0000 - 0x00007ffd0f5bc000 	C:\Users\matus.sivak\.jdks\corretto-21.0.6\bin\vcruntime140_1.dll
0x00007ffcea4e0000 - 0x00007ffcea56d000 	C:\Users\matus.sivak\.jdks\corretto-21.0.6\bin\msvcp140.dll
0x00007ffc48860000 - 0x00007ffc495ff000 	C:\Users\matus.sivak\.jdks\corretto-21.0.6\bin\server\jvm.dll
0x00007ffd1b060000 - 0x00007ffd1b0e0000 	C:\WINDOWS\System32\WS2_32.dll
0x00007ffd182c0000 - 0x00007ffd1831e000 	C:\WINDOWS\SYSTEM32\POWRPROF.dll
0x00007ffd0c4a0000 - 0x00007ffd0c4d6000 	C:\WINDOWS\SYSTEM32\WINMM.dll
0x00007ffd15fb0000 - 0x00007ffd15fbb000 	C:\WINDOWS\SYSTEM32\VERSION.dll
0x00007ffd181f0000 - 0x00007ffd18205000 	C:\WINDOWS\SYSTEM32\UMPDC.dll
0x00007ffd16e60000 - 0x00007ffd16e7b000 	C:\WINDOWS\SYSTEM32\kernel.appcore.dll
0x00007ffd0f4c0000 - 0x00007ffd0f4ca000 	C:\Users\matus.sivak\.jdks\corretto-21.0.6\bin\jimage.dll
0x00007ffd14c10000 - 0x00007ffd14e5c000 	C:\WINDOWS\SYSTEM32\DBGHELP.DLL
0x00007ffce9af0000 - 0x00007ffce9b2b000 	C:\WINDOWS\SYSTEM32\dbgcore.DLL
0x00007ffd18b30000 - 0x00007ffd18bdc000 	C:\WINDOWS\System32\bcryptPrimitives.dll
0x00007ffcffa50000 - 0x00007ffcffa6f000 	C:\Users\matus.sivak\.jdks\corretto-21.0.6\bin\java.dll
0x00007ffd154b0000 - 0x00007ffd15d5e000 	C:\WINDOWS\SYSTEM32\windows.storage.dll
0x00007ffd19b60000 - 0x00007ffd19c5b000 	C:\WINDOWS\System32\SHCORE.dll
0x00007ffd1a200000 - 0x00007ffd1a266000 	C:\WINDOWS\System32\shlwapi.dll
0x00007ffd18380000 - 0x00007ffd183a9000 	C:\WINDOWS\SYSTEM32\profapi.dll
0x00007ffcbab10000 - 0x00007ffcbabe7000 	C:\Users\matus.sivak\.jdks\corretto-21.0.6\bin\jsvml.dll
0x00007ffd0f000000 - 0x00007ffd0f010000 	C:\Users\matus.sivak\.jdks\corretto-21.0.6\bin\net.dll
0x00007ffd16e80000 - 0x00007ffd16faa000 	C:\WINDOWS\SYSTEM32\WINHTTP.dll
0x00007ffd17530000 - 0x00007ffd1759c000 	C:\WINDOWS\system32\mswsock.dll
0x00007ffcf8540000 - 0x00007ffcf8556000 	C:\Users\matus.sivak\.jdks\corretto-21.0.6\bin\nio.dll
0x00007ffcf8520000 - 0x00007ffcf8538000 	C:\Users\matus.sivak\.jdks\corretto-21.0.6\bin\zip.dll
0x0000000065580000 - 0x0000000065616000 	C:\Users\matus.sivak\AppData\Local\Temp\libgdxmatus.sivak\12dfaa03\gdx64.dll
0x00007ffd17950000 - 0x00007ffd1796b000 	C:\WINDOWS\SYSTEM32\CRYPTSP.dll
0x00007ffd16dc0000 - 0x00007ffd16df9000 	C:\WINDOWS\system32\rsaenh.dll
0x00007ffd175e0000 - 0x00007ffd17614000 	C:\WINDOWS\SYSTEM32\USERENV.dll
0x00007ffd18350000 - 0x00007ffd1837a000 	C:\WINDOWS\SYSTEM32\bcrypt.dll
0x00007ffd17920000 - 0x00007ffd1792c000 	C:\WINDOWS\SYSTEM32\CRYPTBASE.dll
0x00007ffd04ee0000 - 0x00007ffd04ef0000 	C:\Users\matus.sivak\.jdks\corretto-21.0.6\bin\verify.dll
0x0000000180000000 - 0x0000000180053000 	C:\Users\matus.sivak\AppData\Local\Temp\libgdxmatus.sivak\dc0f0009\lwjgl64.dll
0x00007ffcc6e30000 - 0x00007ffcc6f3c000 	C:\WINDOWS\SYSTEM32\OPENGL32.dll
0x00007ffcc6cd0000 - 0x00007ffcc6cfd000 	C:\WINDOWS\SYSTEM32\GLU32.dll
0x00007ffd14130000 - 0x00007ffd14174000 	C:\WINDOWS\SYSTEM32\dxcore.dll
0x000002abe3d60000 - 0x000002abe3dc4000 	C:\Users\MATUS~1.SIV\AppData\Local\Temp\libgdxmatus.sivak\dc0f0009\OpenAL64.dll
0x00007ffd14050000 - 0x00007ffd140f8000 	C:\WINDOWS\system32\uxtheme.dll
0x00007ffd19c60000 - 0x00007ffd19d0e000 	C:\WINDOWS\System32\clbcatq.dll
0x00007ffcc7b90000 - 0x00007ffcc7c24000 	C:\WINDOWS\SYSTEM32\dsound.dll
0x00007ffcc5c00000 - 0x00007ffcc5cb7000 	C:\WINDOWS\SYSTEM32\ResampleDmo.DLL
0x00007ffceb260000 - 0x00007ffceb297000 	C:\WINDOWS\SYSTEM32\winmmbase.dll
0x00007ffcf8350000 - 0x00007ffcf835e000 	C:\WINDOWS\SYSTEM32\msdmo.dll
0x00007ffd17ef0000 - 0x00007ffd17f42000 	C:\WINDOWS\SYSTEM32\cfgmgr32.dll
0x00007ffcee2f0000 - 0x00007ffcee395000 	C:\WINDOWS\System32\MMDevApi.dll
0x00007ffd17e90000 - 0x00007ffd17ebf000 	C:\WINDOWS\System32\DEVOBJ.dll
0x00007ffcec900000 - 0x00007ffcecab7000 	C:\WINDOWS\SYSTEM32\AUDIOSES.DLL
0x00007ffd14660000 - 0x00007ffd14674000 	C:\WINDOWS\SYSTEM32\resourcepolicyclient.dll
0x00007ffd06400000 - 0x00007ffd064bf000 	C:\WINDOWS\SYSTEM32\mscms.dll
0x00007ffd03450000 - 0x00007ffd034e2000 	C:\Windows\System32\Windows.Internal.Graphics.Display.DisplayColorManagement.dll
0x000002ac2a1c0000 - 0x000002ac2a31b000 	C:\WINDOWS\System32\MSCTF.dll
0x00007ffd03250000 - 0x00007ffd03392000 	C:\WINDOWS\SYSTEM32\textinputframework.dll
0x00007ffd0ebe0000 - 0x00007ffd0ec3e000 	C:\WINDOWS\SYSTEM32\directxdatabasehelper.dll
0x00007ffcf5f70000 - 0x00007ffcf5f8e000 	C:\WINDOWS\SYSTEM32\windows.staterepositorycore.dll
0x00007ffbf77b0000 - 0x00007ffbf8d02000 	C:\WINDOWS\System32\DriverStore\FileRepository\iigd_dch.inf_amd64_b20bdb7dfb36a7ef\igxelpicd64.dll
0x00007ffd14180000 - 0x00007ffd142bb000 	C:\WINDOWS\SYSTEM32\dxgi.dll
0x00007ffc775a0000 - 0x00007ffc775c3000 	C:\WINDOWS\SYSTEM32\d3d12.dll
0x00007ffd142e0000 - 0x00007ffd1430f000 	C:\WINDOWS\system32\dwmapi.dll
0x00007ffc7e4e0000 - 0x00007ffc7e681000 	C:\WINDOWS\System32\DriverStore\FileRepository\iigd_dch.inf_amd64_b20bdb7dfb36a7ef\igdml64.dll
0x00007ffd0bbb0000 - 0x00007ffd0c15b000 	C:\WINDOWS\System32\DriverStore\FileRepository\iigd_dch.inf_amd64_b20bdb7dfb36a7ef\igdgmm64.dll
0x00007ffcd3930000 - 0x00007ffcd397b000 	C:\WINDOWS\SYSTEM32\icm32.dll
0x00007ffd06790000 - 0x00007ffd0ba44000 	C:\WINDOWS\System32\DriverStore\FileRepository\iigd_dch.inf_amd64_b20bdb7dfb36a7ef\igc64.dll
0x00007ffd137a0000 - 0x00007ffd138cb000 	C:\WINDOWS\SYSTEM32\CoreMessaging.dll
0x00007ffd0e2d0000 - 0x00007ffd0e5b4000 	C:\WINDOWS\SYSTEM32\CoreUIComponents.dll
0x00007ffd0e020000 - 0x00007ffd0e18a000 	C:\WINDOWS\SYSTEM32\wintypes.dll
0x00007ffcbb0d0000 - 0x00007ffcbb150000 	C:\WINDOWS\system32\Ninput.dll
0x00007ffcef730000 - 0x00007ffcef82b000 	C:\WINDOWS\SYSTEM32\TextShaping.dll

dbghelp: loaded successfully - version: 4.0.5 - missing functions: none
symbol engine: initialized successfully - sym options: 0x614 - pdb path: .;C:\Users\matus.sivak\.jdks\corretto-21.0.6\bin;C:\WINDOWS\SYSTEM32;C:\WINDOWS\WinSxS\amd64_microsoft.windows.common-controls_6595b64144ccf1df_6.0.26100.9278_none_3e0d1ba8e3303201;C:\Program Files\Avecto\Privilege Guard Client;C:\Users\matus.sivak\.jdks\corretto-21.0.6\bin\server;C:\Users\matus.sivak\AppData\Local\Temp\libgdxmatus.sivak\12dfaa03;C:\Users\matus.sivak\AppData\Local\Temp\libgdxmatus.sivak\dc0f0009;C:\Users\MATUS~1.SIV\AppData\Local\Temp\libgdxmatus.sivak\dc0f0009;C:\WINDOWS\System32\DriverStore\FileRepository\iigd_dch.inf_amd64_b20bdb7dfb36a7ef

VM Arguments:
jvm_args: -Dfile.encoding=UTF-8 -Duser.country=US -Duser.language=en -Duser.variant 
java_command: sk.sivak.eldritchhorror.GameDesktop
java_class_path (initial): C:\WORK\Projects\Ancient Terror\desktop\build\classes\java\main;C:\WORK\Projects\Ancient Terror\desktop\build\resources\main;C:\WORK\Projects\Ancient Terror\core\entry\build\libs\Entry-1.0.jar;C:\Users\matus.sivak\.gradle\caches\modules-2\files-2.1\org.springframework.boot\spring-boot-starter-web\2.7.18\dd62ea85098187b4604e78dc15a7ff87dba173d\spring-boot-starter-web-2.7.18.jar;C:\Users\matus.sivak\.gradle\caches\modules-2\files-2.1\com.badlogicgames.gdx\gdx-backend-lwjgl\1.9.8\b7c138f14ed67ad830ae7597da3d86ae02b20eee\gdx-backend-lwjgl-1.9.8.jar;C:\Users\matus.sivak\.gradle\caches\modules-2\files-2.1\com.badlogicgames.gdx\gdx-platform\1.9.8\604a2ef2c7c92a5900114757cbd3fb4dcbb8270c\gdx-platform-1.9.8-natives-desktop.jar;C:\Users\matus.sivak\.gradle\caches\modules-2\files-2.1\com.badlogicgames.gdx\gdx-freetype-platform\1.9.8\b21a8def0c70ec49ea5e2658e788b7a9177399f8\gdx-freetype-platform-1.9.8-natives-desktop.jar;C:\WORK\Projects\Ancient Terror\core\initializer\build\libs\initializer-1.0.jar;C:\WORK\Projects\Ancient Terror\core\binder\binder-view-controller\build\libs\binder-view-controller-1.0.jar;C:\WORK\Projects\Ancient Terror\core\view\view-provider\view-provider-impl\build\libs\view-provider-impl-1.0.jar;C:\WORK\Projects\Ancient Terror\core\view\view-provider\view-provider-interface\build\libs\view-provider-interface-1.0.jar;C:\WORK\Projects\Ancient Terror\core\view\view-impl\build\libs\view-impl-1.0.jar;C:\WORK\Projects\Ancient Terror\core\skin-composer\build\libs\skin-composer-1.0.jar;C:\Users\matus.sivak\.gradle\caches\modules-2\files-2.1\com.badlogicgames.gdx\gdx-ai\1.8.1\a52367e373fe52f0d20f162cbf8711c38f002a25\gdx-ai-1.8.1.jar;C:\Users\matus.sivak\.gradle\caches\modules-2\files-2.1\com.badlogicgames.gdx\gdx-freetype\1.9.8\d92b5b8beab10e3b3c0dd836d4fc186f95e7ea4b\gdx-freetype-1.9.8.jar;C:\Users\matus.sivak\.gradle\caches\modules-2\files-2.1\com.kotcrab.vis\vis-ui\1.3.0\639741faa66a560197ee06a9412949402c831796\vis-ui-1.3.0.jar;C:\WORK\Projects\Ancient Terror\core\binder\binder-action\build\libs\binder-action-1.0.jar;C:\WORK\Projects\Ancient Terror\core\action\action-provider\action-provider-impl\build\libs\action-provider-impl-1.0.jar;C:\WORK\Projects\Ancient Terror\core\action\action-impl\build\libs\action-impl-1.0.jar;C:\WORK\Projects\Ancient Terror\core\binder\binder-controller-model\build\libs\binder-controller-model-1.0.jar;C:\WORK\Projects\Ancient Terror\core\controller\controller-provider\controller-provider-impl\build\libs\controller-provider-impl-1.0.jar;C:\WORK\Projects\Ancient Terror\core\controller\controller-provider\controller-provider-interface\build\libs\controller-provider-interface-1.0.jar;C:\WORK\Projects\Ancient Terror\core\controller\controller-impl\build\libs\controller-impl-1.0.jar;C:\WORK\Projects\Ancient Terror\core\controller\controller-interface\build\libs\controller-interface-1.0.jar;C:\WORK\Projects\Ancient Terror\core\view\view-interface\build\libs\view-interface-1.0.jar;C:\WORK\Projects\Ancient Terror\core\model\model-provider\model-provider-impl\build\libs\model-provider-impl-1.0.jar;C:\WORK\Projects\Ancient Terror\core\model\model-provider\model-provider-interface\build\libs\model-provider-interface-1.0.jar;C:\WORK\Projects\Ancient Terror\core\model\model-impl\build\libs\model-impl-1.0.jar;C:\WORK\Projects\Ancient Terror\core\model\model-write\build\libs\model-write-1.0.jar;C:\WORK\Projects\Ancient Terror\core\binder\binder-event-listener\build\libs\binder-event-listener-1.0.jar;C:\WORK\Projects\Ancient Terror\core\event-listener\event-listener-provider\event-listener-provider-impl\build\libs\event-listener-provider-impl-1.0.jar;C:\WORK\Projects\Ancient Terror\core\event-listener\event-listener-provider\event-listener-provider-interface\build\libs\event-listener-provider-interface-1.0.jar;C:\WORK\Projects\Ancient Terror\core\event-listener\event-listener-impl\build\libs\event-listener-impl-1.0.jar;C:\WORK\Projects\Ancient Terror\core\model\model-read\build\libs\model-read-1.0.jar;C:\WORK\Projects\Ancient Terror\core\binder\binder-service\build\libs\binder-service-1.0.jar;C:\WORK\Projects\Ancient Terror\core\service\service-provider\service-provider-impl\build\libs\service-provider-impl-1.0.jar;C:\WORK\Projects\Ancient Terror\core\service\service-provider\service-provider-interface\build\libs\service-provider-interface-1.0.jar;C:\WORK\Projects\Ancient Terror\core\service\service-impl\build\libs\service-impl-1.0.jar;C:\WORK\Projects\Ancient Terror\core\action\action-provider\action-provider-interface\build\libs\action-provider-interface-1.0.jar;C:\WORK\Projects\Ancient Terror\core\action\action-interface\build\libs\action-interface-1.0.jar;C:\WORK\Projects\Ancient Terror\core\event-queue\event-queue-provider\event-queue-provider-impl\build\libs\event-queue-provider-impl-1.0.jar;C:\WORK\Projects\Ancient Terror\core\event-queue\event-queue-provider\event-queue-provider-interface\build\libs\event-queue-provider-interface-1.0.jar;C:\WORK\Projects\Ancient Terror\core\event-queue\event-queue-impl\build\libs\event-queue-impl-1.0.jar;C:\WORK\Projects\Ancient Terror\core\event-queue\event-queue-write\build\libs\event-queue-write-1.0.jar;C:\WORK\Projects\Ancient Terror\core\event-queue\event-queue-read\build\libs\event-queue-read-1.0.jar;C:\WORK\Projects\Ancient Terror\core\service\service-interface\build\libs\service-interface-1.0.jar;C:\WORK\Projects\Ancient Terror\core\event-type\build\libs\event-type-1.0.jar;C:\WORK\Projects\Ancient Terror\core\constants\build\libs\constants-1.0.jar;C:\Users\matus.sivak\.gradle\caches\modules-2\files-2.1\com.badlogicgames.gdxpay\gdx-pay-client\1.3.13\7ee97c4ea70bb172bd7d7ae80d79d50abe94e4da\gdx-pay-client-1.3.13.jar;C:\Users\matus.sivak\.gradle\caches\modules-2\files-2.1\com.badlogicgames.gdx\gdx\1.9.8\a35a0076fbce873f9c2d5a1a1c8066244231bb3c\gdx-1.9.8.jar;C:\Users\matus.sivak\.gradle\caches\modules-2\files-2.1\javax.mail\mail\1.5.0-b01\c128515e42609622ce3f7dc0b431026d80bdb688\mail-1.5.0-b01.jar;C:\Users\matus.sivak\.gradle\caches\modules-2\files-2.1\org.springframework.boot\spring-boot-starter-json\2.7.18\b6d9ed5cae0c1929a9e561bf4799a3dc93a10db1\spring-boot-starter-json-2.7.18.jar;C:\Users\matus.sivak\.gradle\caches\modules-2\files-2.1\org.springframework.boot\spring-boot-starter\2.7.18\e56b75105f9ace6df154fd47eeeeadc2f5791e56\spring-boot-starter-2.7.18.jar;C:\Users\matus.sivak\.gradle\caches\modules-2\files-2.1\org.springframework.boot\spring-boot-starter-tomcat\2.7.18\c56e50e006448e75a8bde595dbc754ba294389af\spring-boot-starter-tomcat-2.7.18.jar;C:\Users\matus.sivak\.gradle\caches\modules-2\files-2.1\org.springframework\spring-webmvc\5.3.31\45754d056effe8257a012f6b98ed5454cf1e8960\spring-webmvc-5.3.31.jar;C:\Users\matus.sivak\.gradle\caches\modules-2\files-2.1\org.springframework\spring-web\5.3.31\3bf73c385a1f2f4a0d482149d6a205e854cec497\spring-web-5.3.31.jar;C:\Users\matus.sivak\.gradle\caches\modules-2\files-2.1\org.lwjgl.lwjgl\lwjgl_util\2.9.2\4b9e37300a87799856e0bd15ed81663cdb6b0947\lwjgl_util-2.9.2.jar;C:\Users\matus.sivak\.gradle\caches\modules-2\files-2.1\org.lwjgl.lwjgl\lwjgl\2.9.2\a9d80fe5935c7a9149f6584d9777cfd471f65489\lwjgl-2.9.2.jar;C:\Users\matus.sivak\.gradle\caches\modules-2\files-2.1\com.badlogicgames.jlayer\jlayer\1.0.1-gdx\7cca83cec5c1b2f011362f4d85aabd71a73b049d\jlayer-1.0.1-gdx.jar;C:\Users\matus.sivak\.gradle\caches\modules-2\files-2.1\org.jcraft\jorbis\0.0.17\8872d22b293e8f5d7d56ff92be966e6dc28ebdc6\jorbis-0.0.17.jar;C:\WORK\Projects\Ancient Terror\core\command-queue\command-queue-impl\build\libs\command-queue-impl-1.0.jar;C:\Users\matus.sivak\.gradle\caches\modules-2\files-2.1\javax.activation\activation\1.1\e6cb541461c2834bdea3eb920f1884d1eb508b50\activation-1.1.jar;C:\Users\matus.sivak\.gradle\caches\modules-2\files-2.1\org.springframework.boot\spring-boot-autoconfigure\2.7.18\9cf147c6ca274c75b32556acdcba5a1de081ebcd\spring-boot-autoconfigure-2.7.18.jar;C:\Users\matus.sivak\.gradle\caches\modules-2\files-2.1\org.springframework.boot\spring-boot\2.7.18\f6dbdd8da7c2bded63dff9b1f48d01a4923f20a0\spring-boot-2.7.18.jar;C:\Users\matus.sivak\.gradle\caches\modules-2\files-2.1\org.springframework.boot\spring-boot-starter-logging\2.7.18\19f7c255ba5255116f58c3bbaf52c7b88ea6af3e\spring-boot-starter-logging-2.7.18.jar;C:\Users\matus.sivak\.gradle\caches\modules-2\files-2.1\jakarta.annotation\jakarta.annotation-api\1.3.5\59eb84ee0d616332ff44aba065f3888cf002cd2d\jakarta.annotation-api-1.3.5.jar;C:\Users\matus.sivak\.gradle\caches\modules-2\files-2.1\org.springframework\spring-context\5.3.31\a2d6e76507f037ad835e8c2288dfedf28981999f\spring-context-5.3.31.jar;C:\Users\matus.sivak\.gradle\caches\modules-2\files-2.1\org.springframework\spring-aop\5.3.31\3be929dbdb5f4516919ad09a3d3720d779bb65d9\spring-aop-5.3.31.jar;C:\Users\matus.sivak\.gradle\caches\modules-2\files-2.1\org.springframework\spring-beans\5.3.31\d27258849071b3b268ecc388eca35bbfcc586448\spring-beans-5.3.31.jar;C:\Users\matus.sivak\.gradle\caches\modules-2\files-2.1\org.springframework\spring-expression\5.3.31\55637af1b186d1008890980c2876c5fc83599756\spring-expression-5.3.31.jar;C:\Users\matus.sivak\.gradle\caches\modules-2\files-2.1\org.springframework\spring-core\5.3.31\368e76f732a3c331b970f69cafec1525d27b34d3\spring-core-5.3.31.jar;C:\Users\matus.sivak\.gradle\caches\modules-2\files-2.1\org.yaml\snakeyaml\1.30\8fde7fe2586328ac3c68db92045e1c8759125000\snakeyaml-1.30.jar;C:\Users\matus.sivak\.gradle\caches\modules-2\files-2.1\com.fasterxml.jackson.datatype\jackson-datatype-jsr310\2.13.5\8ba3b868e81d7fc6ead686bd2353859b111d9eaf\jackson-datatype-jsr310-2.13.5.jar;C:\Users\matus.sivak\.gradle\caches\modules-2\files-2.1\com.fasterxml.jackson.module\jackson-module-parameter-names\2.13.5\a401a99e7a45450fd3ef76e82ba39005fd1a8c22\jackson-module-parameter-names-2.13.5.jar;C:\Users\matus.sivak\.gradle\caches\modules-2\files-2.1\com.fasterxml.jackson.core\jackson-annotations\2.13.5\136f77ab424f302c9e27230b4482e8000e142edf\jackson-annotations-2.13.5.jar;C:\Users\matus.sivak\.gradle\caches\modules-2\files-2.1\com.fasterxml.jackson.core\jackson-core\2.13.5\d07c97d3de9ea658caf1ff1809fd9de930a286a\jackson-core-2.13.5.jar;C:\Users\matus.sivak\.gradle\caches\modules-2\files-2.1\com.fasterxml.jackson.datatype\jackson-datatype-jdk8\2.13.5\1278f38160812811c56eb77f67213662ed1c7a2e\jackson-datatype-jdk8-2.13.5.jar;C:\Users\matus.sivak\.gradle\caches\modules-2\files-2.1\com.fasterxml.jackson.core\jackson-databind\2.13.5\aa95e46dbc32454f3983221d420e78ef19ddf844\jackson-databind-2.13.5.jar;C:\Users\matus.sivak\.gradle\caches\modules-2\files-2.1\org.apache.tomcat.embed\tomcat-embed-websocket\9.0.83\9af4b7450296bb4eff93b2ee3e52ab69d07512e4\tomcat-embed-websocket-9.0.83.jar;C:\Users\matus.sivak\.gradle\caches\modules-2\files-2.1\org.apache.tomcat.embed\tomcat-embed-core\9.0.83\d771e4343b0515c67dab2a09fe02f5d47550153f\tomcat-embed-core-9.0.83.jar;C:\Users\matus.sivak\.gradle\caches\modules-2\files-2.1\org.apache.tomcat.embed\tomcat-embed-el\9.0.83\b0cdada70099c25f45fceb48e1ebce60d138a5ce\tomcat-embed-el-9.0.83.jar;C:\Users\matus.sivak\.gradle\caches\modules-2\files-2.1\org.lwjgl.lwjgl\lwjgl-platform\2.9.2\510c7d317f5e9e700b9cfaac5fd38bdebf0702e0\lwjgl-platform-2.9.2-natives-windows.jar;C:\Users\matus.sivak\.gradle\caches\modules-2\files-2.1\org.lwjgl.lwjgl\lwjgl-platform\2.9.2\d276cdf61fe2b516c7b7f4aa1b8dea91dbdc8d56\lwjgl-platform-2.9.2-natives-linux.jar;C:\Users\matus.sivak\.gradle\caches\modules-2\files-2.1\org.lwjgl.lwjgl\lwjgl-platform\2.9.2\d55b46b40b40249d627a83a7f7f22649709d70c3\lwjgl-platform-2.9.2-natives-osx.jar;C:\Users\matus.sivak\.gradle\caches\modules-2\files-2.1\net.java.jinput\jinput\2.0.5\39c7796b469a600f72380316f6b1f11db6c2c7c4\jinput-2.0.5.jar;C:\WORK\Projects\Ancient Terror\core\command-queue\command-queue-interface\build\libs\command-queue-interface-1.0.jar;C:\Users\matus.sivak\.gradle\caches\modules-2\files-2.1\ch.qos.reload4j\reload4j\1.2.26\f9a29cea570c15844d2ec98bf8e2e523017a6a53\reload4j-1.2.26.jar;C:\Users\matus.sivak\.gradle\caches\modules-2\files-2.1\ch.qos.logback\logback-classic\1.2.12\d4dee19148dccb177a0736eb2027bd195341da78\logback-classic-1.2.12.jar;C:\Users\matus.sivak\.gradle\caches\modules-2\files-2.1\org.apache.logging.log4j\log4j-to-slf4j\2.17.2\17dd0fae2747d9a28c67bc9534108823d2376b46\log4j-to-slf4j-2.17.2.jar;C:\Users\matus.sivak\.gradle\caches\modules-2\files-2.1\org.slf4j\jul-to-slf4j\1.7.36\ed46d81cef9c412a88caef405b58f93a678ff2ca\jul-to-slf4j-1.7.36.jar;C:\Users\matus.sivak\.gradle\caches\modules-2\files-2.1\org.springframework\spring-jcl\5.3.31\e7ab9ee590a195415dd6b898440d776b4c8db78c\spring-jcl-5.3.31.jar;C:\Users\matus.sivak\.gradle\caches\modules-2\files-2.1\net.java.jutils\jutils\1.0.0\e12fe1fda814bd348c1579329c86943d2cd3c6a6\jutils-1.0.0.jar;C:\Users\matus.sivak\.gradle\caches\modules-2\files-2.1\net.java.jinput\jinput-platform\2.0.5\7ff832a6eb9ab6a767f1ade2b548092d0fa64795\jinput-platform-2.0.5-natives-linux.jar;C:\Users\matus.sivak\.gradle\caches\modules-2\files-2.1\net.java.jinput\jinput-platform\2.0.5\385ee093e01f587f30ee1c8a2ee7d408fd732e16\jinput-platform-2.0.5-natives-windows.jar;C:\Users\matus.sivak\.gradle\caches\modules-2\files-2.1\net.java.jinput\jinput-platform\2.0.5\53f9c919f34d2ca9de8c51fc4e1e8282029a9232\jinput-platform-2.0.5-natives-osx.jar;C:\WORK\Projects\Ancient Terror\java8-features\build\libs\java8-features-1.0.jar;C:\Users\matus.sivak\.gradle\caches\modules-2\files-2.1\io.reactivex\rxjava\1.3.0\af000bec2036a2a9d07197c4b03b8966bfc60b03\rxjava-1.3.0.jar;C:\Users\matus.sivak\.gradle\caches\modules-2\files-2.1\junit\junit\4.12\2973d150c0dc1fefe998f834810d68f278ea58ec\junit-4.12.jar;C:\Users\matus.sivak\.gradle\caches\modules-2\files-2.1\ch.qos.logback\logback-core\1.2.12\1d8e51a698b138065d73baefb4f94531faa323cb\logback-core-1.2.12.jar;C:\Users\matus.sivak\.m2\repository\org\slf4j\slf4j-api\1.7.36\slf4j-api-1.7.36.jar;C:\Users\matus.sivak\.gradle\caches\modules-2\files-2.1\org.apache.logging.log4j\log4j-api\2.17.2\f42d6afa111b4dec5d2aea0fe2197240749a4ea6\log4j-api-2.17.2.jar;C:\Users\matus.sivak\.gradle\caches\modules-2\files-2.1\com.rafaskoberg.gdx\typing-label\1.0.4\45dddf6ddba01c056f1742133c4030ce34dde488\typing-label-1.0.4.jar;C:\Users\matus.sivak\.m2\repository\org\hamcrest\hamcrest-core\1.3\hamcrest-core-1.3.jar;C:\Users\matus.sivak\.gradle\caches\modules-2\files-2.1\com.badlogicgames.gdxpay\gdx-pay\1.3.13\a0bd1fbf1489e66ab2681529ccad389762ad6f95\gdx-pay-1.3.13.jar;C:\Users\matus.sivak\.m2\repository\com\google\code\findbugs\jsr305\3.0.2\jsr305-3.0.2.jar
Launcher Type: SUN_STANDARD

[Global flags]
     intx CICompilerCount                          = 12                                        {product} {ergonomic}
     uint ConcGCThreads                            = 3                                         {product} {ergonomic}
     uint G1ConcRefinementThreads                  = 13                                        {product} {ergonomic}
   size_t G1HeapRegionSize                         = 4194304                                   {product} {ergonomic}
    uintx GCDrainStackTargetSize                   = 64                                        {product} {ergonomic}
   size_t InitialHeapSize                          = 532676608                                 {product} {ergonomic}
   size_t MarkStackSize                            = 4194304                                   {product} {ergonomic}
   size_t MaxHeapSize                              = 8518631424                                {product} {ergonomic}
   size_t MaxNewSize                               = 5108662272                                {product} {ergonomic}
   size_t MinHeapDeltaBytes                        = 4194304                                   {product} {ergonomic}
   size_t MinHeapSize                              = 8388608                                   {product} {ergonomic}
    uintx NonNMethodCodeHeapSize                   = 7602480                                {pd product} {ergonomic}
    uintx NonProfiledCodeHeapSize                  = 122027880                              {pd product} {ergonomic}
    uintx ProfiledCodeHeapSize                     = 122027880                              {pd product} {ergonomic}
    uintx ReservedCodeCacheSize                    = 251658240                              {pd product} {ergonomic}
     bool SegmentedCodeCache                       = true                                      {product} {ergonomic}
   size_t SoftMaxHeapSize                          = 8518631424                             {manageable} {ergonomic}
     bool UseCompressedOops                        = true                           {product lp64_product} {ergonomic}
     bool UseG1GC                                  = true                                      {product} {ergonomic}
     bool UseLargePagesIndividualAllocation        = false                                  {pd product} {ergonomic}

Logging:
Log output configuration:
 #0: stdout all=warning uptime,level,tags foldmultilines=false
 #1: stderr all=off uptime,level,tags foldmultilines=false

Environment Variables:
JAVA_HOME=C:\Users\matus.sivak\.jdks\corretto-21.0.6
PATH=C:\Program Files\Microsoft SDKs\Azure\CLI2\wbin;C:\windows\system32;C:\windows;C:\windows\System32\Wbem;C:\windows\System32\WindowsPowerShell\v1.0\;C:\windows\System32\OpenSSH\;C:\Program Files (x86)\Pulse Secure\VC142.CRT\X64\;C:\Program Files (x86)\Pulse Secure\VC142.CRT\X86\;C:\Users\matus.sivak\.jdks\openjdk-25.0.2\bin;C:\WORK\Tools\apache-maven-3.9.1\bin;C:\Program Files\PuTTY\;C:\Program Files (x86)\Microsoft SQL Server\160\DTS\Binn\;C:\Program Files\Azure Data Studio\bin;C:\Program Files (x86)\NVIDIA Corporation\PhysX\Common;C:\WINDOWS\system32;C:\WINDOWS;C:\WINDOWS\System32\Wbem;C:\WINDOWS\System32\WindowsPowerShell\v1.0\;C:\WINDOWS\System32\OpenSSH\;C:\Program Files\dotnet\;C:\Users\matus.sivak\AppData\Local\Programs\Python\Python314\Scripts\;C:\Users\matus.sivak\AppData\Local\Programs\Python\Python314\;C:\Users\matus.sivak\AppData\Local\Programs\Python\Launcher\;C:\Users\matus.sivak\AppData\Local\Microsoft\WindowsApps;C:\Users\matus.sivak\AppData\Local\Programs\IntelliJ IDEA 2025.3.1.1\bin;C:\Program Files\Azure Data Studio\bin;C:\Users\matus.sivak\.dotnet\tools;C:\WORK\Projects\EntriX\docker;C:\Program Files (x86)\Nmap;C:\Users\matus.sivak\AppData\Local\Programs\Git\cmd;
USERNAME=matus.sivak
OS=Windows_NT
PROCESSOR_IDENTIFIER=Intel64 Family 6 Model 141 Stepping 1, GenuineIntel
TMP=C:\Users\MATUS~1.SIV\AppData\Local\Temp
TEMP=C:\Users\MATUS~1.SIV\AppData\Local\Temp




Periodic native trim disabled

---------------  S Y S T E M  ---------------

OS:
 Windows 11 , 64 bit Build 26100 (10.0.26100.9444)
OS uptime: 4 days 5:55 hours
Hyper-V role detected

CPU: total 16 (initial active 16) (8 cores per cpu, 2 threads per core) family 6 model 141 stepping 1 microcode 0x56, cx8, cmov, fxsr, ht, mmx, 3dnowpref, sse, sse2, sse3, ssse3, sse4.1, sse4.2, popcnt, lzcnt, tsc, tscinvbit, avx, avx2, aes, erms, clmul, bmi1, bmi2, adx, avx512f, avx512dq, avx512cd, avx512bw, avx512vl, sha, fma, vzeroupper, avx512_vpopcntdq, avx512_vpclmulqdq, avx512_vaes, avx512_vnni, clflush, clflushopt, clwb, avx512_vbmi2, avx512_vbmi, hv, rdtscp, rdpid, fsrm, gfni, avx512_bitalg, f16c, cet_ibt, cet_ss, avx512_ifma
Processor Information for the first 16 processors :
  Max Mhz: 2496, Current Mhz: 2496, Mhz Limit: 2496

Memory: 4k page, system-wide physical 32490M (10361M free)
TotalPageFile size 48059M (AvailPageFile size 9650M)
current process WorkingSet (physical memory assigned to process): 1013M, peak: 1101M
current process commit charge ("private bytes"): 1031M, peak: 1435M

vm_info: OpenJDK 64-Bit Server VM (21.0.6+7-LTS) for windows-amd64 JRE (21.0.6+7-LTS), built on 2025-01-07T23:42:01Z by "Administrator" with MS VC++ 16.10 / 16.11 (VS2019)

END.
