#
# A fatal error has been detected by the Java Runtime Environment:
#
#  EXCEPTION_ACCESS_VIOLATION (0xc0000005) at pc=0x00007ffdf8234982, pid=30836, tid=39784
#
# JRE version: OpenJDK Runtime Environment Corretto-21.0.6.7.1 (21.0.6+7) (build 21.0.6+7-LTS)
# Java VM: OpenJDK 64-Bit Server VM Corretto-21.0.6.7.1 (21.0.6+7-LTS, mixed mode, sharing, tiered, compressed oops, compressed class ptrs, g1 gc, windows-amd64)
# Problematic frame:
# C  [igxelpicd64.dll+0x324982]
#
# No core dump will be written. Minidumps are not enabled by default on client versions of Windows
#
# If you would like to submit a bug report, please visit:
#   https://github.com/corretto/corretto-21/issues/
# The crash happened outside the Java Virtual Machine in native code.
# See problematic frame for where to report the bug.
#

---------------  S U M M A R Y ------------

Command Line: -Dfile.encoding=UTF-8 -Duser.country=US -Duser.language=en -Duser.variant sk.sivak.eldritchhorror.GameDesktop

Host: 11th Gen Intel(R) Core(TM) i7-11850H @ 2.50GHz, 16 cores, 31G,  Windows 11 , 64 bit Build 26100 (10.0.26100.9168)
Time: Fri Sep 11 14:16:37 2026 Central Europe Daylight Time elapsed time: 1019.493918 seconds (0d 0h 16m 59s)

---------------  T H R E A D  ---------------

Current thread (0x000001762d9e6bd0):  JavaThread "LWJGL Application"        [_thread_in_native, id=39784, stack(0x000000326d400000,0x000000326d500000) (1024K)]

Stack: [0x000000326d400000,0x000000326d500000],  sp=0x000000326d4f8920,  free space=994k
Native frames: (J=compiled Java code, j=interpreted, Vv=VM code, C=native code)
C  [igxelpicd64.dll+0x324982]

Java frames: (J=compiled Java code, j=interpreted, Vv=VM code)
J 2133  org.lwjgl.opengl.GL11.nglDrawElements(IIIJJ)V (0 bytes) @ 0x00000176184dfa2f [0x00000176184df9c0+0x000000000000006f]
J 4370 c2 com.badlogic.gdx.graphics.Mesh.render(Lcom/badlogic/gdx/graphics/glutils/ShaderProgram;IIIZ)V (257 bytes) @ 0x000001761867d600 [0x000001761867d360+0x00000000000002a0]
J 4606 c2 com.badlogic.gdx.graphics.g2d.SpriteBatch.flush()V (193 bytes) @ 0x00000176186afd7c [0x00000176186af960+0x000000000000041c]
J 6870 c2 com.badlogic.gdx.scenes.scene2d.ui.Image.draw(Lcom/badlogic/gdx/graphics/g2d/Batch;F)V (200 bytes) @ 0x000001761899a348 [0x000001761899a020+0x0000000000000328]
J 5790 c2 com.badlogic.gdx.scenes.scene2d.Group.drawChildren(Lcom/badlogic/gdx/graphics/g2d/Batch;F)V (551 bytes) @ 0x0000017618867f18 [0x0000017618867d40+0x00000000000001d8]
J 5155 c2 com.badlogic.gdx.scenes.scene2d.Stage.draw()V (70 bytes) @ 0x0000017618753828 [0x0000017618753240+0x00000000000005e8]
J 5466 c2 sk.sivak.eldritchhorror.core.view.game.GameViewImpl.render(F)V (54 bytes) @ 0x00000176187efeec [0x00000176187efd00+0x00000000000001ec]
J 5394 c2 sk.sivak.eldritchhorror.core.Game.render()V (47 bytes) @ 0x00000176187cf5f0 [0x00000176187cf560+0x0000000000000090]
j  com.badlogic.gdx.backends.lwjgl.LwjglApplication.mainLoop()V+698
j  com.badlogic.gdx.backends.lwjgl.LwjglApplication$1.run()V+27
v  ~StubRoutines::call_stub 0x0000017617ca10e7

siginfo: EXCEPTION_ACCESS_VIOLATION (0xc0000005), writing address 0x0000000000000018


Registers:
RAX=0x0000000078080003, RBX=0x000001767308b540, RCX=0x0000000000000000, RDX=0x0000000000000034
RSP=0x000000326d4f8920, RBP=0x000000326d4f8a20, RSI=0x0000000000000000, RDI=0x0000000000000018
R8 =0x0000017673392270, R9 =0x0000000000000000, R10=0x0000000000000003, R11=0x0000000000000003
R12=0x0000000000000003, R13=0x0000000000000000, R14=0x0000000000000000, R15=0x000001767337f210
RIP=0x00007ffdf8234982, EFLAGS=0x0000000000010202

XMM[0]=0x0000000000000000 0x0000000000000000
XMM[1]=0x0000000000000000 0x00007f0000000018
XMM[2]=0x0000000000000000 0x0000000000000000
XMM[3]=0x0000000000000000 0x0000000000000000
XMM[4]=0x3f8000003f800000 0x4278000041e00000
XMM[5]=0x0000000000000000 0x0000000000000000
XMM[6]=0x0000000000000000 0x000000003f800000
XMM[7]=0x0000000000000000 0x0000000044070000
XMM[8]=0x0000000000000000 0x0000000000000000
XMM[9]=0x0000000000000000 0x0000000000000000
XMM[10]=0x0000000000000000 0x0000000000000000
XMM[11]=0x0000000000000000 0x0000000044700000
XMM[12]=0x0000000000000000 0x00000000c3f00000
XMM[13]=0x0000000000000000 0x00000000439e4000
XMM[14]=0x0000000000000000 0x00000000438b8000
XMM[15]=0x0000000000000000 0x00000000438a0000
  MXCSR=0x00001fa7


Register to memory mapping:

RAX=0x0000000078080003 is an unknown value
RBX=0x000001767308b540 points into unknown readable memory: 0x000001762dabe840 | 40 e8 ab 2d 76 01 00 00
RCX=0x0 is null
RDX=0x0000000000000034 is an unknown value
RSP=0x000000326d4f8920 is pointing into the stack for thread: 0x000001762d9e6bd0
RBP=0x000000326d4f8a20 is pointing into the stack for thread: 0x000001762d9e6bd0
RSI=0x0 is null
RDI=0x0000000000000018 is an unknown value
R8 =0x0000017673392270 points into unknown readable memory: 0x02c7000078090005 | 05 00 09 78 00 00 c7 02
R9 =0x0 is null
R10=0x0000000000000003 is an unknown value
R11=0x0000000000000003 is an unknown value
R12=0x0000000000000003 is an unknown value
R13=0x0 is null
R14=0x0 is null
R15=0x000001767337f210 points into unknown readable memory: 0x0000b13411000001 | 01 00 00 11 34 b1 00 00

Top of Stack: (sp=0x000000326d4f8920)
0x000000326d4f8920:   000001767308b540 00000176730bb228
0x000000326d4f8930:   000001767308b540 0000000000000008
0x000000326d4f8940:   000001767337f200 00007ffdf82a464f
0x000000326d4f8950:   000000326d4fba00 0000017677964808
0x000000326d4f8960:   000000326d4fe3b0 000000326d4fe3b4
0x000000326d4f8970:   00000004730b0100 0000000000000000
0x000000326d4f8980:   ffffffff00000003 0000010040000000
0x000000326d4f8990:   00000003ffffffff 0000000300000000
0x000000326d4f89a0:   000000006d4fe800 0000003200000008
0x000000326d4f89b0:   000001767337f210 0000017673392284
0x000000326d4f89c0:   0000017673392201 0000000000000018
0x000000326d4f89d0:   0000000400000000 000000326d4fc030
0x000000326d4f89e0:   00000176730bb228 000000000000ea9f
0x000000326d4f89f0:   00000003ffffff00 0000017673dbe400
0x000000326d4f8a00:   00000176733c6b58 000000000000003c
0x000000326d4f8a10:   000001767337f210 000001767308b540
0x000000326d4f8a20:   000000326d4fbd00 0000017673392284
0x000000326d4f8a30:   0000017673392270 000000326d4fbf20
0x000000326d4f8a40:   0000000000000008 0000000000000014
0x000000326d4f8a50:   000001767339228c 0000000000000018
0x000000326d4f8a60:   000000326d4fe430 000000326d4fe434
0x000000326d4f8a70:   000000326d4fbbe0 000001767308b540
0x000000326d4f8a80:   000000326d4fbbf0 00000176730bb228
0x000000326d4f8a90:   0000017673bc5630 00007ffdf8235784
0x000000326d4f8aa0:   000000326d4fe860 000000326d4fe864
0x000000326d4f8ab0:   000001767308b540 0000017600004748
0x000000326d4f8ac0:   0000017600000000 000000000000000b
0x000000326d4f8ad0:   112300000a850000 00000176000034c8
0x000000326d4f8ae0:   000000326d4fe470 000000326d4fe474
0x000000326d4f8af0:   0000000400000100 0000000000000000
0x000000326d4f8b00:   ffffffff00000003 0000000040000000
0x000000326d4f8b10:   00000003ffffffff 0000000300000000 

Instructions: (pc=0x00007ffdf8234982)
0x00007ffdf8234882:   01 00 89 44 24 64 41 0f be bf 99 31 01 00 89 7c
0x00007ffdf8234892:   24 70 45 85 d2 0f 85 ab 00 00 00 49 8b 8f 80 31
0x00007ffdf82348a2:   01 00 49 39 48 04 74 0e 49 89 48 04 81 8b b0 54
0x00007ffdf82348b2:   04 00 00 00 00 02 45 33 f6 44 89 74 24 64 45 39
0x00007ffdf82348c2:   b7 28 2f 01 00 75 09 45 39 b7 2c 2f 01 00 74 6d
0x00007ffdf82348d2:   41 8b c5 48 8d 0c 40 f2 0f 10 05 2f 76 d9 00 f2
0x00007ffdf82348e2:   0f 11 84 8d a0 02 00 00 8b 05 28 76 d9 00 89 84
0x00007ffdf82348f2:   8d a8 02 00 00 8b 84 8d a4 02 00 00 44 33 d0 41
0x00007ffdf8234902:   83 e2 3f 44 33 d0 41 0f ba f2 08 44 89 94 8d a4
0x00007ffdf8234912:   02 00 00 44 89 b4 8d a8 02 00 00 4d 89 b7 28 2f
0x00007ffdf8234922:   01 00 49 8b 87 40 30 01 00 48 0f ba e8 00 49 89
0x00007ffdf8234932:   87 40 30 01 00 41 ff c5 44 89 6c 24 78 44 88 b3
0x00007ffdf8234942:   21 fc 02 00 eb 03 45 33 f6 80 bb 21 fc 02 00 00
0x00007ffdf8234952:   0f 85 6b 0d 00 00 48 c7 83 14 fc 02 00 00 00 00
0x00007ffdf8234962:   00 45 85 e4 0f 84 d3 05 00 00 0f ae e8 41 8b d4
0x00007ffdf8234972:   c1 e2 04 83 c2 04 8b 05 d2 91 04 01 48 8b 7d a8
0x00007ffdf8234982:   89 07 8b c2 c1 e8 02 2c 02 88 07 48 8d 8d c0 05
0x00007ffdf8234992:   00 00 e8 83 3e d4 ff 48 8d 8d c0 05 00 00 e8 97
0x00007ffdf82349a2:   60 d0 ff 4c 8b c8 48 8b 95 f0 09 00 00 48 8b 8d
0x00007ffdf82349b2:   c0 05 00 00 80 b9 c0 df 04 00 00 48 0f 45 95 e0
0x00007ffdf82349c2:   09 00 00 44 0f b6 83 b4 62 04 00 48 8b 0d cc 85
0x00007ffdf82349d2:   01 01 83 b9 60 0a 00 00 00 74 63 45 84 c0 0f 84
0x00007ffdf82349e2:   aa 00 00 00 83 bb fc 63 04 00 00 0f 85 9d 00 00
0x00007ffdf82349f2:   00 80 bb ac 61 04 00 00 74 32 8b 83 a8 61 04 00
0x00007ffdf8234a02:   ff c0 3b 83 48 61 04 00 75 22 80 bb 68 66 04 00
0x00007ffdf8234a12:   00 74 19 81 8b 98 61 04 00 00 80 00 00 8b 8b 98
0x00007ffdf8234a22:   61 04 00 48 8b 83 a0 61 04 00 89 08 48 89 93 a0
0x00007ffdf8234a32:   61 04 00 41 8b 01 89 83 98 61 04 00 eb 44 45 84
0x00007ffdf8234a42:   c0 74 4b 83 bb fc 63 04 00 00 75 42 80 bb ac 61
0x00007ffdf8234a52:   04 00 00 74 26 8b 83 a8 61 04 00 ff c0 3b 83 48
0x00007ffdf8234a62:   61 04 00 75 16 80 bb 68 66 04 00 00 74 0d 48 8b
0x00007ffdf8234a72:   83 a0 61 04 00 81 08 00 80 00 00 48 89 93 a0 61 


Stack slot to memory mapping:

stack at sp + 0 slots: 0x000001767308b540 points into unknown readable memory: 0x000001762dabe840 | 40 e8 ab 2d 76 01 00 00
stack at sp + 1 slots: 0x00000176730bb228 points into unknown readable memory: 0x0000000000000000 | 00 00 00 00 00 00 00 00
stack at sp + 2 slots: 0x000001767308b540 points into unknown readable memory: 0x000001762dabe840 | 40 e8 ab 2d 76 01 00 00
stack at sp + 3 slots: 0x0000000000000008 is an unknown value
stack at sp + 4 slots: 0x000001767337f200 points into unknown readable memory: 0x00000176059a0150 | 50 01 9a 05 76 01 00 00
stack at sp + 5 slots: 0x00007ffdf82a464f igxelpicd64.dll
stack at sp + 6 slots: 0x000000326d4fba00 is pointing into the stack for thread: 0x000001762d9e6bd0
stack at sp + 7 slots: 0x0000017677964808 points into unknown readable memory: 0x0000b760782a0000 | 00 00 2a 78 60 b7 00 00


Compiled method (n/a) 1019646 2133     n 0       org.lwjgl.opengl.GL11::nglDrawElements (native)
 total in heap  [0x00000176184df810,0x00000176184dfbf8] = 1000
 relocation     [0x00000176184df970,0x00000176184df9a8] = 56
 main code      [0x00000176184df9c0,0x00000176184dfbee] = 558
 stub code      [0x00000176184dfbee,0x00000176184dfbf0] = 2
 oops           [0x00000176184dfbf0,0x00000176184dfbf8] = 8

[Constant Pool (empty)]

[MachCode]
[Entry Point]
  # {method} {0x000001766f53c3a0} 'nglDrawElements' '(IIIJJ)V' in 'org/lwjgl/opengl/GL11'
  # parm0:    rdx       = int
  # parm1:    r8        = int
  # parm2:    r9        = int
  # parm3:    rdi:rdi   = long
  # parm4:    rsi:rsi   = long
  #           [sp+0x90]  (sp of caller)
  0x00000176184df9c0: 448b 5208 | 49bb 0000 | 002e 7601 | 0000 4d03 | d349 3bc2 | 0f84 0600 

  0x00000176184df9d8: ;   {runtime_call ic_miss_stub}
  0x00000176184df9d8: 0000 e9a1 | ef80 ff90 
[Verified Entry Point]
  0x00000176184df9e0: 8984 2400 | 80ff ff55 | 488b ec48 | 81ec 8000 | 0000 6690 | 4181 7f20 | 0300 0000 

  0x00000176184df9fc: ;   {runtime_call StubRoutines (final stubs)}
  0x00000176184df9fc: 7405 e8bd | 627f ff48 | 8974 2430 | 4889 7c24 | 284c 894c | 2420 4d8b | c84c 8bc2 

  0x00000176184dfa18: ;   {oop(a 'java/lang/Class'{0x00000006047bc390} = 'org/lwjgl/opengl/GL11')}
  0x00000176184dfa18: 49be 90c3 | 7b04 0600 | 0000 4c89 | 7424 684c | 8d74 2468 | 498b d6c5 

  0x00000176184dfa30: ;   {internal_word}
  0x00000176184dfa30: f877 49ba | 2ffa 4d18 | 7601 0000 | 4d89 97a0 | 0300 0049 | 89a7 9803 

  0x00000176184dfa48: ;   {external_word}
  0x00000176184dfa48: 0000 49ba | c75a 0826 | fe7f 0000 | 4180 3a00 | 0f84 4e00 | 0000 5241 

  0x00000176184dfa60: ;   {metadata({method} {0x000001766f53c3a0} 'nglDrawElements' '(IIIJJ)V' in 'org/lwjgl/opengl/GL11')}
  0x00000176184dfa60: 5041 5148 | ba98 c353 | 6f76 0100 | 0049 8bcf | 4883 ec20 | 40f6 c40f | 0f84 1900 | 0000 4883 
  0x00000176184dfa80: ;   {runtime_call}
  0x00000176184dfa80: ec08 48b8 | d010 b225 | fe7f 0000 | ffd0 4883 | c408 e90c 

  0x00000176184dfa94: ;   {runtime_call}
  0x00000176184dfa94: 0000 0048 | b8d0 10b2 | 25fe 7f00 | 00ff d048 | 83c4 2041 | 5941 585a | 498d 8fb8 | 0300 0041 
  0x00000176184dfab4: c787 4404 | 0000 0400 

  0x00000176184dfabc: ;   {runtime_call}
  0x00000176184dfabc: 0000 48b8 | d0d8 0080 | 0100 0000 | ffd0 c5f8 | 7741 c787 | 4404 0000 | 0500 0000 | f083 4424 
  0x00000176184dfadc: c000 493b | af48 0400 | 000f 870e | 0000 0041 | 83bf 4004 | 0000 000f | 8423 0000 | 00c5 f877 
  0x00000176184dfafc: 498b cf4c | 8be4 4883 | ec20 4883 

  0x00000176184dfb08: ;   {runtime_call}
  0x00000176184dfb08: e4f0 48b8 | 407a 7d25 | fe7f 0000 | ffd0 498b | e44d 33e4 | 41c7 8744 | 0400 0008 | 0000 0041 
  0x00000176184dfb28: 83bf c004 | 0000 020f | 8494 0000 

  0x00000176184dfb34: ;   {external_word}
  0x00000176184dfb34: 0049 bac7 | 5a08 26fe | 7f00 0041 | 803a 000f | 8444 0000 

  0x00000176184dfb48: ;   {metadata({method} {0x000001766f53c3a0} 'nglDrawElements' '(IIIJJ)V' in 'org/lwjgl/opengl/GL11')}
  0x00000176184dfb48: 0048 ba98 | c353 6f76 | 0100 0049 | 8bcf 4883 | ec20 40f6 | c40f 0f84 | 1900 0000 | 4883 ec08 
  0x00000176184dfb68: ;   {runtime_call}
  0x00000176184dfb68: 48b8 d010 | b225 fe7f | 0000 ffd0 | 4883 c408 | e90c 0000 

  0x00000176184dfb7c: ;   {runtime_call}
  0x00000176184dfb7c: 0048 b8d0 | 10b2 25fe | 7f00 00ff | d048 83c4 | 2049 c787 | 9803 0000 | 0000 0000 | 49c7 87a0 
  0x00000176184dfb9c: 0300 0000 | 0000 00c5 | f877 498b | 8f28 0400 | 00c7 8100 | 0100 0000 | 0000 00c9 | 4983 7f08 
  0x00000176184dfbbc: 000f 8501 | 0000 00c3 

  0x00000176184dfbc4: ;   {runtime_call StubRoutines (initial stubs)}
  0x00000176184dfbc4: e937 137c | ffc5 f877 | 4c8b e448 | 83ec 2048 

  0x00000176184dfbd4: ;   {runtime_call}
  0x00000176184dfbd4: 83e4 f048 | b870 48b2 | 25fe 7f00 | 00ff d049 | 8be4 4d33 | e4e9 47ff | ffff f4f4 
[/MachCode]


Compiled method (c2) 1019672 4370       4       com.badlogic.gdx.graphics.Mesh::render (257 bytes)
 total in heap  [0x000001761867d010,0x000001761867f720] = 10000
 relocation     [0x000001761867d170,0x000001761867d358] = 488
 main code      [0x000001761867d360,0x000001761867e520] = 4544
 stub code      [0x000001761867e520,0x000001761867e5e8] = 200
 oops           [0x000001761867e5e8,0x000001761867e5f0] = 8
 metadata       [0x000001761867e5f0,0x000001761867e7a0] = 432
 scopes data    [0x000001761867e7a0,0x000001761867f058] = 2232
 scopes pcs     [0x000001761867f058,0x000001761867f4d8] = 1152
 dependencies   [0x000001761867f4d8,0x000001761867f528] = 80
 handler table  [0x000001761867f528,0x000001761867f678] = 336
 nul chk table  [0x000001761867f678,0x000001761867f720] = 168

[Constant Pool (empty)]

[MachCode]
[Entry Point]
  # {method} {0x000001766f98cdf8} 'render' '(Lcom/badlogic/gdx/graphics/glutils/ShaderProgram;IIIZ)V' in 'com/badlogic/gdx/graphics/Mesh'
  # this:     rdx:rdx   = 'com/badlogic/gdx/graphics/Mesh'
  # parm0:    r8:r8     = 'com/badlogic/gdx/graphics/glutils/ShaderProgram'
  # parm1:    r9        = int
  # parm2:    rdi       = int
  # parm3:    rsi       = int
  # parm4:    rcx       = boolean
  #           [sp+0x80]  (sp of caller)
  0x000001761867d360: 448b 5208 | 49bb 0000 | 002e 7601 | 0000 4d03 | d349 3bc2 

  0x000001761867d374: ;   {runtime_call ic_miss_stub}
  0x000001761867d374: 0f85 0616 | 67ff 6690 | 0f1f 4000 
[Verified Entry Point]
  0x000001761867d380: 8984 2400 | 80ff ff55 | 4883 ec70 | 4181 7f20 | 0300 0000 | 0f85 7c11 | 0000 897c | 241c 4489 
  0x000001761867d3a0: 4c24 244c | 8944 2430 | 4c8b d285 | f60f 8421 | 0800 0085 | c90f 842d | 0800 004c | 8bca 448b 
  0x000001761867d3c0: 5210 478b | 44d4 084b | 8d14 d44d | 8b9f 8003 | 0000 498b 

  0x000001761867d3d4: ;   {metadata('com/badlogic/gdx/graphics/glutils/VertexArray')}
  0x000001761867d3d4: 1b41 81f8 | b820 1001 | 0f85 b703 | 0000 4889 | 5c24 104c | 894c 2408 | 894c 2420 | 8974 2428 
  0x000001761867d3f4: 4c8b 4424 | 3045 33c9 | 488b 6c24 

  0x000001761867d400: ;   {optimized virtual_call}
  0x000001761867d400: 0866 90e8 

  0x000001761867d404: ; ImmutableOopMap {rbp=Oop [8]=Oop [16]=Oop [48]=Oop }
                      ;*invokeinterface bind {reexecute=0 rethrow=0 return_oop=0}
                      ; - com.badlogic.gdx.graphics.Mesh::bind@6 (line 391)
                      ; - com.badlogic.gdx.graphics.Mesh::bind@3 (line 382)
                      ; - com.badlogic.gdx.graphics.Mesh::render@13 (line 490)
  0x000001761867d404: 3852 ecff 

  0x000001761867d408: ;   {other}
  0x000001761867d408: 0f1f 8400 | f803 0000 | 33c0 488b | 4c24 0844 | 8b41 1447 | 8b5c c408 | 4b8d 14c4 

  0x000001761867d424: ;   {metadata('com/badlogic/gdx/graphics/glutils/IndexArray')}
  0x000001761867d424: 4181 fba0 | 2310 010f | 8590 0400 | 004c 8bca | 450f b651 | 0c45 85d2 | 0f85 ca07 | 0000 458b 
  0x000001761867d444: 4910 478b | 54cc 1c45 | 85d2 7e0d 

  0x000001761867d450: ;   {metadata('com/badlogic/gdx/graphics/glutils/IndexArray')}
  0x000001761867d450: 4181 fba0 | 2310 010f | 85e7 0500 | 0044 0fb6 | 490d 8b7c | 241c 037c | 2428 4585 | c90f 8435 
  0x000001761867d470: ;   {metadata('com/badlogic/gdx/graphics/glutils/IndexArray')}
  0x000001761867d470: 0200 0041 | 81fb a023 | 1001 0f85 | f405 0000 | 440f b652 | 0c45 85d2 | 0f85 d207 | 0000 448b 
  0x000001761867d490: 5210 478b | 5cd4 1c45 | 85db 0f8e | 6406 0000 | 478b 44d4 | 188b 6c24 | 1c41 3beb | 0f8f de07 
  0x000001761867d4b0: 0000 85ed | 0f8c 3e08 | 0000 438b | 74d4 0c3b | f50f 8f99 | 0800 0043 | 896c d418 | 478b 4cd4 
  0x000001761867d4d0: 2041 3bf9 | 0f8f f208 | 0000 85ff | 0f8c 5e09 | 0000 3bef | 0f8f ad01 | 0000 4389 | 7cd4 1c3b 
  0x000001761867d4f0: f70f 8fb9 

  0x000001761867d4f4: ;   {oop(a 'java/lang/Class'{0x000000060555e4c8} = 'com/badlogic/gdx/Gdx')}
  0x000001761867d4f4: 0900 0049 | b9c8 e455 | 0506 0000 | 0041 8b99 | 8c00 0000 

  0x000001761867d508: ; implicit exception: dispatches to 0x000001761867e36c
  0x000001761867d508: 458b 4cdc 

  0x000001761867d50c: ;   {metadata('com/badlogic/gdx/backends/lwjgl/LwjglGL20')}
  0x000001761867d50c: 0841 81f9 | 6012 0201 | 0f85 8a05 

  0x000001761867d518: ;   {oop(a 'java/lang/Class'{0x00000006055c55d0} = 'org/lwjgl/opengl/GLContext')}
  0x000001761867d518: 0000 49b9 | d055 5c05 | 0600 0000 | 418b 5174 

  0x000001761867d528: ; implicit exception: dispatches to 0x000001761867e388
  0x000001761867d528: 418b 5cd4 | 0c48 8bf3 | 48c1 e603 | 4c8b 4c24 | 1049 3bf1 | 0f85 f205 | 0000 418b | 5cd4 1085 
  0x000001761867d548: db0f 84d5 | 0900 0049 | 8bb4 dc88 | 1a00 0048 | 85f6 0f84 | 140a 0000 | 418b 94dc | ac3f 0000 
  0x000001761867d568: ; implicit exception: dispatches to 0x000001761867e39c
  0x000001761867d568: 418b 54d4 | 1045 8b4c | d410 418b | 6cd4 0c47 | 8b6c cc0c | 413b ed0f | 8356 0400 | 0049 c1e1 
  0x000001761867d588: 0341 8b6c | a910 458b | 4cec 1845 | 85c9 0f85 | ec05 0000 | 418b 5cec | 0c85 db0f | 8527 0a00 
  0x000001761867d5a8: 0047 8b4c | d418 412b 

  0x000001761867d5b0: ;   {oop(a 'org/lwjgl/MemoryUtilSun$AccessorUnsafe'{0x000000060556e1d8})}
  0x000001761867d5b0: f948 bad8 | e156 0506 | 0000 0048 | 8b5a 1085 | ff7e 028b | c744 3b62 | 0c0f 8459 | 0400 0044 
  0x000001761867d5d0: 8944 2410 | 4489 5c24 | 144b 8d2c | d444 8954 | 2404 41d1 | e149 63f9 | 4803 7c1d | 008b 5424 
  0x000001761867d5f0: 2444 8bc0 | 41b9 0314 

  0x000001761867d5f8: ;   {static_call}
  0x000001761867d5f8: 0000 90e8 

  0x000001761867d5fc: ; ImmutableOopMap {rbp=Oop [4]=NarrowOop [8]=Oop [48]=Oop }
                      ;*invokestatic nglDrawElements {reexecute=0 rethrow=0 return_oop=0}
                      ; - org.lwjgl.opengl.GL11::glDrawElements@34 (line 1110)
                      ; - com.badlogic.gdx.backends.lwjgl.LwjglGL20::glDrawElements@21 (line 281)
                      ; - com.badlogic.gdx.graphics.Mesh::render@88 (line 499)
  0x000001761867d5fc: e023 e6ff 

  0x000001761867d600: ;   {other}
  0x000001761867d600: 0f1f 8400 | f005 0001 | 448b 5424 | 0447 8b5c | d41c 8b4c | 2410 413b | cb0f 8f05 | 0a00 0085 
  0x000001761867d620: c90f 8c39 | 0a00 0047 | 8b5c d40c | 443b d90f | 8f63 0a00 | 0043 894c | d418 478b | 4cd4 2044 
  0x000001761867d640: 8b44 2414 | 453b c10f | 8f87 0a00 | 0045 85c0 | 0f8c b60a | 0000 413b | c87f 4647 | 8944 d41c 
  0x000001761867d660: 453b d80f | 8fc7 0a00 | 0048 8b54 | 2408 4c8b | 4424 3045 

  0x000001761867d674: ;   {optimized virtual_call}
  0x000001761867d674: 33c9 90e8 

  0x000001761867d678: ; ImmutableOopMap {}
                      ;*invokevirtual unbind {reexecute=0 rethrow=0 return_oop=0}
                      ; - com.badlogic.gdx.graphics.Mesh::unbind@3 (line 400)
                      ; - com.badlogic.gdx.graphics.Mesh::render@253 (line 518)
  0x000001761867d678: e4bd ffff 

  0x000001761867d67c: ;   {other}
  0x000001761867d67c: 0f1f 8400 | 6c06 0002 | 4883 c470 

  0x000001761867d688: ;   {poll_return}
  0x000001761867d688: 5d49 3ba7 | 4804 0000 | 0f87 6a0e | 0000 c343 | 897c d418 | e949 feff | ff47 8944 | d418 ebb3 
  0x000001761867d6a8: ;   {metadata('com/badlogic/gdx/graphics/glutils/IndexBufferObject')}
  0x000001761867d6a8: 4181 fb00 | fb29 010f | 85b7 0a00 

  0x000001761867d6b4: ;   {optimized virtual_call}
  0x000001761867d6b4: 008b efe8 

  0x000001761867d6b8: ; ImmutableOopMap {[8]=Oop [48]=Oop }
                      ;*invokeinterface getNumIndices {reexecute=0 rethrow=0 return_oop=0}
                      ; - com.badlogic.gdx.graphics.Mesh::render@131 (line 506)
  0x000001761867d6b8: a487 aef8 

  0x000001761867d6bc: ;   {other}
  0x000001761867d6bc: 0f1f 8400 | ac06 0003 | 85c0 0f8e | 8500 0000 | 4c8b 5424 | 0845 8b52 | 1449 8bd2 | 48c1 e203 
  0x000001761867d6dc: 9048 b8ff | ffff ffff 

  0x000001761867d6e4: ;   {virtual_call}
  0x000001761867d6e4: ffff ffe8 

  0x000001761867d6e8: ; ImmutableOopMap {[8]=Oop [48]=Oop }
                      ;*invokeinterface getNumMaxIndices {reexecute=0 rethrow=0 return_oop=0}
                      ; - com.badlogic.gdx.graphics.Mesh::render@147 (line 507)
  0x000001761867d6e8: 941c 67ff 

  0x000001761867d6ec: ;   {other}
  0x000001761867d6ec: 0f1f 8400 | dc06 0004 | 3be8 0f8f | 780b 0000 

  0x000001761867d6fc: ;   {oop(a 'java/lang/Class'{0x000000060555e4c8} = 'com/badlogic/gdx/Gdx')}
  0x000001761867d6fc: 49ba c8e4 | 5505 0600 | 0000 418b | aa8c 0000 | 0044 8b5c | 241c 41d1 | e345 8b54 

  0x000001761867d718: ;   {metadata('com/badlogic/gdx/backends/lwjgl/LwjglGL20')}
  0x000001761867d718: ec08 4181 | fa60 1202 | 010f 8589 | 0b00 0049 | 8d14 ec44 | 8b44 2424 | 448b 4c24 | 28bf 0314 
  0x000001761867d738: 0000 418b 

  0x000001761867d73c: ;   {optimized virtual_call}
  0x000001761867d73c: f366 90e8 

  0x000001761867d740: ; ImmutableOopMap {[8]=Oop [48]=Oop }
                      ;*invokeinterface glDrawElements {reexecute=0 rethrow=0 return_oop=0}
                      ; - com.badlogic.gdx.graphics.Mesh::render@226 (line 512)
  0x000001761867d740: 3c17 67ff 

  0x000001761867d744: ;   {other}
  0x000001761867d744: 0f1f 8400 | 3407 0005 | e918 ffff 

  0x000001761867d750: ;   {oop(a 'java/lang/Class'{0x000000060555e4c8} = 'com/badlogic/gdx/Gdx')}
  0x000001761867d750: ff49 bac8 | e455 0506 | 0000 0041 | 8baa 8c00 | 0000 458b 

  0x000001761867d764: ;   {metadata('com/badlogic/gdx/backends/lwjgl/LwjglGL20')}
  0x000001761867d764: 54ec 0841 | 81fa 6012 | 0201 0f85 | 180b 0000 | 498d 14ec | 448b 4424 | 2444 8b4c | 241c 8b7c 
  0x000001761867d784: ;   {optimized virtual_call}
  0x000001761867d784: 2428 90e8 

  0x000001761867d788: ; ImmutableOopMap {[8]=Oop [48]=Oop }
                      ;*invokeinterface glDrawArrays {reexecute=0 rethrow=0 return_oop=0}
                      ; - com.badlogic.gdx.graphics.Mesh::render@241 (line 514)
  0x000001761867d788: d00d 0000 

  0x000001761867d78c: ;   {other}
  0x000001761867d78c: 0f1f 8400 | 7c07 0006 | e9d0 feff 

  0x000001761867d798: ;   {metadata('com/badlogic/gdx/graphics/glutils/VertexBufferObject')}
  0x000001761867d798: ff41 81f8 | 08f6 2901 | 0f85 f609 | 0000 4c8b 

  0x000001761867d7a8: ;   {oop(a 'java/lang/Class'{0x000000060555e4c8} = 'com/badlogic/gdx/Gdx')}
  0x000001761867d7a8: d249 bbc8 | e455 0506 | 0000 0041 | 8bab 8c00 | 0000 458b | 5a0c 458b 

  0x000001761867d7c0: ;   {metadata('com/badlogic/gdx/backends/lwjgl/LwjglGL20')}
  0x000001761867d7c0: 44ec 0841 | 81f8 6012 | 0201 0f85 | 100a 0000 | 4c89 5424 | 3848 895c | 2410 4c89 | 4c24 0889 
  0x000001761867d7e0: 4c24 2089 | 7424 284d | 8d14 ec49 | 8bea ba92 | 8800 0045 

  0x000001761867d7f4: ;   {static_call}
  0x000001761867d7f4: 8bc3 90e8 

  0x000001761867d7f8: ; ImmutableOopMap {rbp=Oop [8]=Oop [16]=Oop [48]=Oop [56]=Oop }
                      ;*invokestatic glBindBuffer {reexecute=0 rethrow=0 return_oop=0}
                      ; - com.badlogic.gdx.backends.lwjgl.LwjglGL20::glBindBuffer@2 (line 81)
                      ; - com.badlogic.gdx.graphics.glutils.VertexBufferObject::bind@11 (line 175)
                      ; - com.badlogic.gdx.graphics.Mesh::bind@6 (line 391)
                      ; - com.badlogic.gdx.graphics.Mesh::bind@3 (line 382)
                      ; - com.badlogic.gdx.graphics.Mesh::render@13 (line 490)
  0x000001761867d7f8: e468 aef8 

  0x000001761867d7fc: ;   {other}
  0x000001761867d7fc: 0f1f 8400 | ec07 0007 | 4c8b 4c24 | 3845 0fb6 | 5115 4585 | d274 6e45 | 8b51 1c47 | 8b44 d41c 
  0x000001761867d81c: 458b 5120 | 41c1 e002 | 498b d248 | c1e2 0366 | 9048 b8e8 | ea1b 2e76 

  0x000001761867d834: ;   {virtual_call}
  0x000001761867d834: 0100 00e8 

  0x000001761867d838: ; ImmutableOopMap {rbp=Oop [8]=Oop [16]=Oop [48]=Oop [56]=Oop }
                      ;*invokevirtual limit {reexecute=0 rethrow=0 return_oop=1}
                      ; - com.badlogic.gdx.graphics.glutils.VertexBufferObject::bind@36 (line 177)
                      ; - com.badlogic.gdx.graphics.Mesh::bind@6 (line 391)
                      ; - com.badlogic.gdx.graphics.Mesh::bind@3 (line 382)
                      ; - com.badlogic.gdx.graphics.Mesh::render@13 (line 490)
  0x000001761867d838: 6412 e6ff 

  0x000001761867d83c: ;   {other}
  0x000001761867d83c: 0f1f 8400 | 2c08 0008 | 4c8b 5424 | 3845 8b5a | 2047 8b4c | dc1c 418b | 7210 498b | fb48 c1e7 
  0x000001761867d85c: 0348 8bd5 | 41b8 9288 | 0000 488b 

  0x000001761867d868: ;   {optimized virtual_call}
  0x000001761867d868: 6c24 08e8 

  0x000001761867d86c: ; ImmutableOopMap {rbp=Oop [8]=Oop [16]=Oop [48]=Oop [56]=Oop }
                      ;*invokeinterface glBufferData {reexecute=0 rethrow=0 return_oop=0}
                      ; - com.badlogic.gdx.graphics.glutils.VertexBufferObject::bind@58 (line 178)
                      ; - com.badlogic.gdx.graphics.Mesh::bind@6 (line 391)
                      ; - com.badlogic.gdx.graphics.Mesh::bind@3 (line 382)
                      ; - com.badlogic.gdx.graphics.Mesh::render@13 (line 490)
  0x000001761867d86c: fb0c 0000 

  0x000001761867d870: ;   {other}
  0x000001761867d870: 0f1f 8400 | 6008 0009 | 4c8b 4c24 | 3845 8861 | 1545 8b41 | 1847 8b5c | c418 438b | 6cdc 0c85 
  0x000001761867d890: ed76 174c | 8b5c 2430 | 4d85 db0f | 843b 0a00 | 0033 c933 | dbe9 c000 | 0000 33c0 | eb09 8b44 
  0x000001761867d8b0: 2404 4c8b | 4c24 3841 | c641 1601 | e951 fbff 

  0x000001761867d8c0: ;   {metadata('com/badlogic/gdx/graphics/glutils/IndexBufferObject')}
  0x000001761867d8c0: ff41 81fb | 00fb 2901 | 0f85 5209 | 0000 4c8b | d241 0fb6 | 5a17 85db | 0f84 ef00 | 0000 4533 
  0x000001761867d8e0: d2e9 65fb | ffff 8944 | 242c 488b | 5424 3044 

  0x000001761867d8f0: ;   {optimized virtual_call}
  0x000001761867d8f0: 8bc0 90e8 

  0x000001761867d8f4: ; ImmutableOopMap {[8]=Oop [16]=Oop [48]=Oop [56]=Oop [64]=Oop }
                      ;*invokevirtual enableVertexAttribute {reexecute=0 rethrow=0 return_oop=0}
                      ; - com.badlogic.gdx.graphics.glutils.VertexBufferObject::bind@124 (line 188)
                      ; - com.badlogic.gdx.graphics.Mesh::bind@6 (line 391)
                      ; - com.badlogic.gdx.graphics.Mesh::bind@3 (line 382)
                      ; - com.badlogic.gdx.graphics.Mesh::render@13 (line 490)
  0x000001761867d8f4: 88c2 5ef8 

  0x000001761867d8f8: ;   {other}
  0x000001761867d8f8: 0f1f 8400 | e808 000a | 4c8b 5424 | 3845 8b5a | 1843 8b4c | dc0c 4c8b | 5424 4045 | 8b42 1845 
  0x000001761867d918: 8bd8 458b | 4a10 418b | 7a14 410f | b672 2448 | 8b54 2430 | 448b 4424 | 2c44 891c 

  0x000001761867d934: ;   {optimized virtual_call}
  0x000001761867d934: 2466 90e8 

  0x000001761867d938: ; ImmutableOopMap {[8]=Oop [16]=Oop [48]=Oop [56]=Oop }
                      ;*invokevirtual setVertexAttribute {reexecute=0 rethrow=0 return_oop=0}
                      ; - com.badlogic.gdx.graphics.glutils.VertexBufferObject::bind@157 (line 190)
                      ; - com.badlogic.gdx.graphics.Mesh::bind@6 (line 391)
                      ; - com.badlogic.gdx.graphics.Mesh::bind@3 (line 382)
                      ; - com.badlogic.gdx.graphics.Mesh::render@13 (line 490)
  0x000001761867d938: 4431 aef8 

  0x000001761867d93c: ;   {other}
  0x000001761867d93c: 0f1f 8400 | 2c09 000b | 448b 5424 | 1841 ffc2 | 443b d50f | 8d59 ffff | ff4c 8b4c | 2438 458b 
  0x000001761867d95c: 4118 4c8b | 5c24 308b | 4c24 0441 | 8bda 4585 | c00f 84e5 | 0700 0089 | 5c24 184c | 894c 2438 
  0x000001761867d97c: 894c 2404 | 4c89 5c24 | 304b 8d14 | c444 8bc3 

  0x000001761867d98c: ;   {optimized virtual_call}
  0x000001761867d98c: 6666 90e8 

  0x000001761867d990: ; ImmutableOopMap {[8]=Oop [16]=Oop [48]=Oop [56]=Oop }
                      ;*invokevirtual get {reexecute=0 rethrow=0 return_oop=1}
                      ; - com.badlogic.gdx.graphics.glutils.VertexBufferObject::bind@97 (line 185)
                      ; - com.badlogic.gdx.graphics.Mesh::bind@6 (line 391)
                      ; - com.badlogic.gdx.graphics.Mesh::bind@3 (line 382)
                      ; - com.badlogic.gdx.graphics.Mesh::render@13 (line 490)
  0x000001761867d990: 2c30 e6ff 

  0x000001761867d994: ;   {other}
  0x000001761867d994: 0f1f 8400 | 8409 000c 

  0x000001761867d99c: ; implicit exception: dispatches to 0x000001761867e428
  0x000001761867d99c: 448b 5028 | 4889 4424 | 404d 8bc2 | 49c1 e003 | 488b 5424 

  0x000001761867d9b0: ;   {optimized virtual_call}
  0x000001761867d9b0: 3066 90e8 

  0x000001761867d9b4: ; ImmutableOopMap {[8]=Oop [16]=Oop [48]=Oop [56]=Oop [64]=Oop }
                      ;*invokevirtual getAttributeLocation {reexecute=0 rethrow=0 return_oop=0}
                      ; - com.badlogic.gdx.graphics.glutils.VertexBufferObject::bind@108 (line 186)
                      ; - com.badlogic.gdx.graphics.Mesh::bind@6 (line 391)
                      ; - com.badlogic.gdx.graphics.Mesh::bind@3 (line 382)
                      ; - com.badlogic.gdx.graphics.Mesh::render@13 (line 490)
  0x000001761867d9b4: a8bd 5ef8 

  0x000001761867d9b8: ;   {other}
  0x000001761867d9b8: 0f1f 8400 | a809 000d | 85c0 0f8d | 1eff ffff | e977 ffff | ff45 8b4a | 1847 8b54 | cc1c e970 
  0x000001761867d9d8: faff ffba | e4ff ffff | 48ff 7424 | 3048 8f44 | 2410 4889 | 4424 f88b | 4424 2089 | 4424 0448 
  0x000001761867d9f8: 8b44 24f8 | 4489 4424 | 1c44 895c | 2420 4489 | 5424 2848 | 8974 2430 | 895c 242c | 4489 4c24 
  0x000001761867da18: ;   {runtime_call UncommonTrapBlob}
  0x000001761867da18: 3866 90e8 

  0x000001761867da1c: ; ImmutableOopMap {[8]=Oop [16]=Oop [40]=NarrowOop [44]=NarrowOop [56]=NarrowOop }
                      ;*aaload {reexecute=0 rethrow=0 return_oop=0}
                      ; - org.lwjgl.opengl.ReferencesStack::getReferences@8 (line 41)
                      ; - org.lwjgl.opengl.StateTracker::getReferences@7 (line 85)
                      ; - org.lwjgl.opengl.StateTracker::getElementArrayBufferBound@1 (line 143)
                      ; - org.lwjgl.opengl.GLChecks::ensureElementVBOdisabled@7 (line 82)
                      ; - org.lwjgl.opengl.GL11::glDrawElements@14 (line 1108)
                      ; - com.badlogic.gdx.backends.lwjgl.LwjglGL20::glDrawElements@21 (line 281)
                      ; - com.badlogic.gdx.graphics.Mesh::render@88 (line 499)
  0x000001761867da1c: e0a2 67ff 

  0x000001761867da20: ;   {other}
  0x000001761867da20: 0f1f 8400 | 100a 000e | baf6 ffff | ff41 8bea | 4889 5c24 

  0x000001761867da34: ;   {runtime_call UncommonTrapBlob}
  0x000001761867da34: 0866 90e8 

  0x000001761867da38: ; ImmutableOopMap {rbp=NarrowOop }
                      ;*invokevirtual getLong {reexecute=0 rethrow=0 return_oop=0}
                      ; - org.lwjgl.MemoryUtilSun$AccessorUnsafe::getAddress@9 (line 70)
                      ; - org.lwjgl.MemoryUtil::getAddress0@4 (line 113)
                      ; - org.lwjgl.MemoryUtil::getAddress@1 (line 129)
                      ; - org.lwjgl.MemoryUtil::getAddress@5 (line 127)
                      ; - org.lwjgl.opengl.GL11::glDrawElements@30 (line 1110)
                      ; - com.badlogic.gdx.backends.lwjgl.LwjglGL20::glDrawElements@21 (line 281)
                      ; - com.badlogic.gdx.graphics.Mesh::render@88 (line 499)
  0x000001761867da38: c4a2 67ff 

  0x000001761867da3c: ;   {other}
  0x000001761867da3c: 0f1f 8400 | 2c0a 000f | bade ffff | ff48 8b6c | 2408 4889 | 4424 f88b | 4424 1c89 | 4424 1048 
  0x000001761867da5c: 8b44 24f8 | 4489 4424 

  0x000001761867da64: ;   {runtime_call UncommonTrapBlob}
  0x000001761867da64: 1c66 90e8 

  0x000001761867da68: ; ImmutableOopMap {rbp=Oop [28]=NarrowOop [48]=Oop }
                      ;*invokeinterface bind {reexecute=0 rethrow=0 return_oop=0}
                      ; - com.badlogic.gdx.graphics.Mesh::bind@27 (line 392)
                      ; - com.badlogic.gdx.graphics.Mesh::bind@3 (line 382)
                      ; - com.badlogic.gdx.graphics.Mesh::render@13 (line 490)
  0x000001761867da68: 94a2 67ff 

  0x000001761867da6c: ;   {other}
  0x000001761867da6c: 0f1f 8400 | 5c0a 0010 | bade ffff | ff48 8b6c | 2408 4889 | 4424 f88b | 4424 1c89 | 4424 1048 
  0x000001761867da8c: 8b44 24f8 | 4489 4424 

  0x000001761867da94: ;   {runtime_call UncommonTrapBlob}
  0x000001761867da94: 1c66 90e8 

  0x000001761867da98: ; ImmutableOopMap {rbp=Oop [28]=NarrowOop [48]=Oop }
                      ;*invokeinterface getNumIndices {reexecute=0 rethrow=0 return_oop=0}
                      ; - com.badlogic.gdx.graphics.Mesh::render@27 (line 493)
  0x000001761867da98: 64a2 67ff 

  0x000001761867da9c: ;   {other}
  0x000001761867da9c: 0f1f 8400 | 8c0a 0011 | bade ffff | ff48 8b6c | 2408 4889 | 4424 f88b | 4424 2089 | 4424 0448 
  0x000001761867dabc: 8b44 24f8 | 4489 4424 | 1444 895c | 2418 895c | 241c 4889 | 4424 f88b | 4424 2489 | 4424 2048 
  0x000001761867dadc: 8b44 24f8 | 4889 4424 | f88b 4424 | 2889 4424 | 2448 8b44 | 24f8 4489 

  0x000001761867daf4: ;   {runtime_call UncommonTrapBlob}
  0x000001761867daf4: 5424 28e8 

  0x000001761867daf8: ; ImmutableOopMap {rbp=Oop [28]=NarrowOop [40]=NarrowOop [48]=Oop }
                      ;*invokeinterface glDrawElements {reexecute=0 rethrow=0 return_oop=0}
                      ; - com.badlogic.gdx.graphics.Mesh::render@88 (line 499)
  0x000001761867daf8: 04a2 67ff 

  0x000001761867dafc: ;   {other}
  0x000001761867dafc: 0f1f 8400 | ec0a 0012 | ba45 ffff | ff48 8b6c | 2408 4889 | 4424 f88b | 4424 1c89 | 4424 1048 
  0x000001761867db1c: 8b44 24f8 | 4489 5c24 

  0x000001761867db24: ;   {runtime_call UncommonTrapBlob}
  0x000001761867db24: 1c66 90e8 

  0x000001761867db28: ; ImmutableOopMap {rbp=Oop [48]=Oop }
                      ;*ifle {reexecute=1 rethrow=0 return_oop=0}
                      ; - (reexecute) com.badlogic.gdx.graphics.Mesh::render@32 (line 493)
  0x000001761867db28: d4a1 67ff 

  0x000001761867db2c: ;   {other}
  0x000001761867db2c: 0f1f 8400 | 1c0b 0013 | ba45 ffff | ff48 8b6c | 2408 4889 | 4424 f88b | 4424 2089 | 4424 0448 
  0x000001761867db4c: 8b44 24f8 | 4489 4424 | 1444 895c | 2418 4889 | 4424 f88b | 4424 2489 | 4424 1c48 | 8b44 24f8 
  0x000001761867db6c: 4489 5424 | 2089 5c24 | 244c 894c 

  0x000001761867db78: ;   {runtime_call UncommonTrapBlob}
  0x000001761867db78: 2428 90e8 

  0x000001761867db7c: ; ImmutableOopMap {rbp=Oop [32]=NarrowOop [36]=NarrowOop [40]=Oop [48]=Oop }
                      ;*if_acmpne {reexecute=1 rethrow=0 return_oop=0}
                      ; - (reexecute) org.lwjgl.opengl.GLContext::getCapabilitiesImpl@11 (line 132)
                      ; - org.lwjgl.opengl.GLContext::getCapabilities@0 (line 122)
                      ; - org.lwjgl.opengl.GL11::glDrawElements@0 (line 1105)
                      ; - com.badlogic.gdx.backends.lwjgl.LwjglGL20::glDrawElements@21 (line 281)
                      ; - com.badlogic.gdx.graphics.Mesh::render@88 (line 499)
  0x000001761867db7c: 80a1 67ff 

  0x000001761867db80: ;   {other}
  0x000001761867db80: 0f1f 8400 | 700b 0014 | ba45 ffff | ff48 ff74 | 2430 488f | 4424 1048 | 8944 24f8 | 8b44 2420 
  0x000001761867dba0: 8944 2404 | 488b 4424 | f844 8944 | 241c 4489 | 5c24 2044 | 8954 2428 | 4889 7424 | 3089 5c24 
  0x000001761867dbc0: 2c44 894c 

  0x000001761867dbc4: ;   {runtime_call UncommonTrapBlob}
  0x000001761867dbc4: 2438 90e8 

  0x000001761867dbc8: ; ImmutableOopMap {rbp=NarrowOop [8]=Oop [16]=Oop [40]=NarrowOop [44]=NarrowOop }
                      ;*ifne {reexecute=1 rethrow=0 return_oop=0}
                      ; - (reexecute) org.lwjgl.opengl.StateTracker::getElementArrayBufferBound@9 (line 145)
                      ; - org.lwjgl.opengl.GLChecks::ensureElementVBOdisabled@7 (line 82)
                      ; - org.lwjgl.opengl.GL11::glDrawElements@14 (line 1108)
                      ; - com.badlogic.gdx.backends.lwjgl.LwjglGL20::glDrawElements@21 (line 281)
                      ; - com.badlogic.gdx.graphics.Mesh::render@88 (line 499)
  0x000001761867dbc8: 34a1 67ff 

  0x000001761867dbcc: ;   {other}
  0x000001761867dbcc: 0f1f 8400 | bc0b 0015 | ba45 ffff 

  0x000001761867dbd8: ;   {runtime_call UncommonTrapBlob}
  0x000001761867dbd8: ff8b eee8 

  0x000001761867dbdc: ; ImmutableOopMap {}
                      ;*ifne {reexecute=1 rethrow=0 return_oop=0}
                      ; - (reexecute) com.badlogic.gdx.graphics.Mesh::render@2 (line 488)
  0x000001761867dbdc: 20a1 67ff 

  0x000001761867dbe0: ;   {other}
  0x000001761867dbe0: 0f1f 8400 | d00b 0016 | ba45 ffff | ff49 8bea | 897c 2410 | 8974 2414 | 894c 241c 

  0x000001761867dbfc: ;   {runtime_call UncommonTrapBlob}
  0x000001761867dbfc: 6666 90e8 

  0x000001761867dc00: ; ImmutableOopMap {rbp=Oop [48]=Oop }
                      ;*ifeq {reexecute=1 rethrow=0 return_oop=0}
                      ; - (reexecute) com.badlogic.gdx.graphics.Mesh::render@8 (line 490)
  0x000001761867dc00: fca0 67ff 

  0x000001761867dc04: ;   {other}
  0x000001761867dc04: 0f1f 8400 | f40b 0017 | ba45 ffff | ff48 8944 | 24f8 8b44 | 2424 8944 | 2404 488b | 4424 f848 
  0x000001761867dc24: 8944 24f8 | 8b44 241c | 8944 2410 | 488b 4424 | f848 8944 | 24f8 8b44 | 2420 8944 | 2418 488b 
  0x000001761867dc44: 4424 f848 | 894c 2420 | 4489 5424 

  0x000001761867dc50: ;   {runtime_call UncommonTrapBlob}
  0x000001761867dc50: 1c66 90e8 

  0x000001761867dc54: ; ImmutableOopMap {[32]=Oop [48]=Oop }
                      ;*ifeq {reexecute=1 rethrow=0 return_oop=0}
                      ; - (reexecute) com.badlogic.gdx.graphics.glutils.IndexArray::getNumIndices@4 (line 49)
                      ; - com.badlogic.gdx.graphics.Mesh::bind@15 (line 392)
                      ; - com.badlogic.gdx.graphics.Mesh::bind@3 (line 382)
                      ; - com.badlogic.gdx.graphics.Mesh::render@13 (line 490)
  0x000001761867dc54: a8a0 67ff 

  0x000001761867dc58: ;   {other}
  0x000001761867dc58: 0f1f 8400 | 480c 0018 | ba45 ffff | ff48 8b6c | 2408 4889 | 4424 f88b | 4424 1c89 | 4424 1048 
  0x000001761867dc78: 8b44 24f8 | 4489 5424 

  0x000001761867dc80: ;   {runtime_call UncommonTrapBlob}
  0x000001761867dc80: 1c66 90e8 

  0x000001761867dc84: ; ImmutableOopMap {rbp=Oop [48]=Oop }
                      ;*ifeq {reexecute=1 rethrow=0 return_oop=0}
                      ; - (reexecute) com.badlogic.gdx.graphics.glutils.IndexArray::getNumIndices@4 (line 49)
                      ; - com.badlogic.gdx.graphics.Mesh::render@27 (line 493)
  0x000001761867dc84: 78a0 67ff 

  0x000001761867dc88: ;   {other}
  0x000001761867dc88: 0f1f 8400 | 780c 0019 | ba45 ffff | ff48 ff74 | 2430 488f | 4424 1048 | 8944 24f8 | 8b44 2424 
  0x000001761867dca8: 8944 2404 | 488b 4424 | f848 8944 | 24f8 8b44 | 2428 8944 | 2418 488b | 4424 f848 | 8944 24f8 
  0x000001761867dcc8: 8b44 2420 | 8944 241c | 488b 4424 | f844 8944 | 2424 4489 | 5424 2c44 | 8954 2430 | 4489 5c24 
  0x000001761867dce8: ;   {runtime_call UncommonTrapBlob}
  0x000001761867dce8: 3c66 90e8 

  0x000001761867dcec: ; ImmutableOopMap {[8]=Oop [16]=Oop [44]=NarrowOop [48]=NarrowOop }
                      ;*if_icmple {reexecute=1 rethrow=0 return_oop=0}
                      ; - (reexecute) java.nio.Buffer::position@5 (line 326)
                      ; - java.nio.ShortBuffer::position@2 (line 1551)
                      ; - java.nio.ShortBuffer::position@2 (line 285)
                      ; - com.badlogic.gdx.graphics.Mesh::render@63 (line 497)
  0x000001761867dcec: 10a0 67ff 

  0x000001761867dcf0: ;   {other}
  0x000001761867dcf0: 0f1f 8400 | e00c 001a | ba45 ffff | ff48 ff74 | 2430 488f | 4424 1048 | 8944 24f8 | 8b44 2424 
  0x000001761867dd10: 8944 2404 | 488b 4424 | f848 8944 | 24f8 8b44 | 2428 8944 | 2418 488b | 4424 f848 | 8944 24f8 
  0x000001761867dd30: 8b44 2420 | 8944 241c | 488b 4424 | f844 8944 | 2424 4489 | 5c24 2844 | 8954 242c | 4489 5424 
  0x000001761867dd50: ;   {runtime_call UncommonTrapBlob}
  0x000001761867dd50: 3066 90e8 

  0x000001761867dd54: ; ImmutableOopMap {[8]=Oop [16]=Oop [44]=NarrowOop [48]=NarrowOop }
                      ;*ifge {reexecute=1 rethrow=0 return_oop=0}
                      ; - (reexecute) java.nio.Buffer::position@14 (line 326)
                      ; - java.nio.ShortBuffer::position@2 (line 1551)
                      ; - java.nio.ShortBuffer::position@2 (line 285)
                      ; - com.badlogic.gdx.graphics.Mesh::render@63 (line 497)
  0x000001761867dd54: a89f 67ff 

  0x000001761867dd58: ;   {other}
  0x000001761867dd58: 0f1f 8400 | 480d 001b | ba45 ffff | ff48 ff74 | 2430 488f | 4424 1048 | 8944 24f8 | 8b44 2424 
  0x000001761867dd78: 8944 2404 | 488b 4424 | f848 8944 | 24f8 8b44 | 2428 8944 | 2418 488b | 4424 f848 | 8944 24f8 
  0x000001761867dd98: 8b44 2420 | 8944 241c | 488b 4424 | f844 8944 | 2424 4489 | 5c24 2844 | 8954 242c | 4489 5424 
  0x000001761867ddb8: 3089 7424 

  0x000001761867ddbc: ;   {runtime_call UncommonTrapBlob}
  0x000001761867ddbc: 3866 90e8 

  0x000001761867ddc0: ; ImmutableOopMap {[8]=Oop [16]=Oop [44]=NarrowOop [48]=NarrowOop }
                      ;*if_icmple {reexecute=1 rethrow=0 return_oop=0}
                      ; - (reexecute) java.nio.Buffer::position@37 (line 328)
                      ; - java.nio.ShortBuffer::position@2 (line 1551)
                      ; - java.nio.ShortBuffer::position@2 (line 285)
                      ; - com.badlogic.gdx.graphics.Mesh::render@63 (line 497)
  0x000001761867ddc0: 3c9f 67ff 

  0x000001761867ddc4: ;   {other}
  0x000001761867ddc4: 0f1f 8400 | b40d 001c | ba45 ffff | ff48 8b6c | 2408 48ff | 7424 3048 | 8f44 2408 | 4889 4424 
  0x000001761867dde4: f88b 4424 | 2489 4424 | 0448 8b44 | 24f8 4889 | 4424 f88b | 4424 2889 | 4424 1048 | 8b44 24f8 
  0x000001761867de04: 4889 4424 | f88b 4424 | 2089 4424 | 1448 8b44 | 24f8 4489 | 4424 1c44 | 895c 2420 | 4489 5424 
  0x000001761867de24: 2444 8954 | 2428 897c | 2430 4489 

  0x000001761867de30: ;   {runtime_call UncommonTrapBlob}
  0x000001761867de30: 4c24 34e8 

  0x000001761867de34: ; ImmutableOopMap {rbp=Oop [8]=Oop [36]=NarrowOop [40]=NarrowOop }
                      ;*if_icmple {reexecute=1 rethrow=0 return_oop=0}
                      ; - (reexecute) java.nio.Buffer::limit@5 (line 379)
                      ; - java.nio.ShortBuffer::limit@2 (line 1565)
                      ; - java.nio.ShortBuffer::limit@2 (line 285)
                      ; - com.badlogic.gdx.graphics.Mesh::render@73 (line 498)
  0x000001761867de34: c89e 67ff 

  0x000001761867de38: ;   {other}
  0x000001761867de38: 0f1f 8400 | 280e 001d | ba45 ffff | ff48 8b6c | 2408 48ff | 7424 3048 | 8f44 2408 | 4889 4424 
  0x000001761867de58: f88b 4424 | 2489 4424 | 0448 8b44 | 24f8 4889 | 4424 f88b | 4424 2889 | 4424 1048 | 8b44 24f8 
  0x000001761867de78: 4889 4424 | f88b 4424 | 2089 4424 | 1448 8b44 | 24f8 4489 | 4424 1c44 | 895c 2420 | 4489 5424 
  0x000001761867de98: 2444 8954 | 2428 897c 

  0x000001761867dea0: ;   {runtime_call UncommonTrapBlob}
  0x000001761867dea0: 2430 90e8 

  0x000001761867dea4: ; ImmutableOopMap {rbp=Oop [8]=Oop [36]=NarrowOop [40]=NarrowOop }
                      ;*ifge {reexecute=1 rethrow=0 return_oop=0}
                      ; - (reexecute) java.nio.Buffer::limit@14 (line 379)
                      ; - java.nio.ShortBuffer::limit@2 (line 1565)
                      ; - java.nio.ShortBuffer::limit@2 (line 285)
                      ; - com.badlogic.gdx.graphics.Mesh::render@73 (line 498)
  0x000001761867dea4: 589e 67ff 

  0x000001761867dea8: ;   {other}
  0x000001761867dea8: 0f1f 8400 | 980e 001e | ba45 ffff | ff48 8b6c | 2408 48ff | 7424 3048 | 8f44 2408 | 4889 4424 
  0x000001761867dec8: f88b 4424 | 2489 4424 | 0448 8b44 | 24f8 4889 | 4424 f88b | 4424 2889 | 4424 1048 | 8b44 24f8 
  0x000001761867dee8: 4889 4424 | f88b 4424 | 2089 4424 | 1448 8b44 | 24f8 4489 | 4424 1c44 | 895c 2420 | 4489 5424 
  0x000001761867df08: 2444 8954 | 2428 8974 | 242c 897c 

  0x000001761867df14: ;   {runtime_call UncommonTrapBlob}
  0x000001761867df14: 2430 90e8 

  0x000001761867df18: ; ImmutableOopMap {rbp=Oop [8]=Oop [36]=NarrowOop [40]=NarrowOop }
                      ;*if_icmple {reexecute=1 rethrow=0 return_oop=0}
                      ; - (reexecute) java.nio.Buffer::limit@55 (line 383)
                      ; - java.nio.ShortBuffer::limit@2 (line 1565)
                      ; - java.nio.ShortBuffer::limit@2 (line 285)
                      ; - com.badlogic.gdx.graphics.Mesh::render@73 (line 498)
  0x000001761867df18: e49d 67ff 

  0x000001761867df1c: ;   {other}
  0x000001761867df1c: 0f1f 8400 | 0c0f 001f | ba45 ffff | ff48 8b6c | 2408 4889 | 4424 f88b | 4424 2089 | 4424 0448 
  0x000001761867df3c: 8b44 24f8 | 4489 4424 | 1444 895c | 2418 4889 | 4424 f88b | 4424 2489 | 4424 1c48 | 8b44 24f8 
  0x000001761867df5c: 4489 5424 | 2089 5c24 

  0x000001761867df64: ;   {runtime_call UncommonTrapBlob}
  0x000001761867df64: 2866 90e8 

  0x000001761867df68: ; ImmutableOopMap {rbp=Oop [32]=NarrowOop [40]=NarrowOop [48]=Oop }
                      ;*ifnonnull {reexecute=1 rethrow=0 return_oop=0}
                      ; - (reexecute) org.lwjgl.opengl.GLContext::getCapabilities@5 (line 123)
                      ; - org.lwjgl.opengl.GL11::glDrawElements@0 (line 1105)
                      ; - com.badlogic.gdx.backends.lwjgl.LwjglGL20::glDrawElements@21 (line 281)
                      ; - com.badlogic.gdx.graphics.Mesh::render@88 (line 499)
  0x000001761867df68: 949d 67ff 

  0x000001761867df6c: ;   {other}
  0x000001761867df6c: 0f1f 8400 | 5c0f 0020 | 4533 c949 | 3bf1 bdff | ffff ff7c | 0840 0f95 | c540 0fb6 | edba 45ff 
  0x000001761867df8c: ffff 48ff | 7424 3048 | 8f44 2410 | 4889 4424 | f88b 4424 | 2089 4424 | 0448 8b44 | 24f8 4489 
  0x000001761867dfac: 4424 1c44 | 895c 2420 | 4489 5424 | 2889 5c24 | 2c48 8974 

  0x000001761867dfc0: ;   {runtime_call UncommonTrapBlob}
  0x000001761867dfc0: 2430 90e8 

  0x000001761867dfc4: ; ImmutableOopMap {[8]=Oop [16]=Oop [40]=NarrowOop [44]=NarrowOop }
                      ;*ifne {reexecute=1 rethrow=0 return_oop=0}
                      ; - (reexecute) org.lwjgl.BufferChecks::checkFunctionAddress@9 (line 57)
                      ; - org.lwjgl.opengl.GL11::glDrawElements@10 (line 1107)
                      ; - com.badlogic.gdx.backends.lwjgl.LwjglGL20::glDrawElements@21 (line 281)
                      ; - com.badlogic.gdx.graphics.Mesh::render@88 (line 499)
  0x000001761867dfc4: 389d 67ff 

  0x000001761867dfc8: ;   {other}
  0x000001761867dfc8: 0f1f 8400 | b80f 0021 | ba45 ffff | ff48 8b6c | 2408 4889 | 4424 f88b | 4424 2089 | 4424 0448 
  0x000001761867dfe8: 8b44 24f8 | 4489 4424 | 1444 895c | 2418 4889 | 4424 f88b | 4424 2489 | 4424 1c48 | 8b44 24f8 
  0x000001761867e008: 4489 5424 | 2048 8974 | 2428 895c 

  0x000001761867e014: ;   {runtime_call UncommonTrapBlob}
  0x000001761867e014: 2424 90e8 

  0x000001761867e018: ; ImmutableOopMap {rbp=Oop [32]=NarrowOop [48]=Oop }
                      ;*ifeq {reexecute=1 rethrow=0 return_oop=0}
                      ; - (reexecute) org.lwjgl.opengl.GLChecks::ensureElementVBOdisabled@10 (line 82)
                      ; - org.lwjgl.opengl.GL11::glDrawElements@14 (line 1108)
                      ; - com.badlogic.gdx.backends.lwjgl.LwjglGL20::glDrawElements@21 (line 281)
                      ; - com.badlogic.gdx.graphics.Mesh::render@88 (line 499)
  0x000001761867e018: e49c 67ff 

  0x000001761867e01c: ;   {other}
  0x000001761867e01c: 0f1f 8400 | 0c10 0022 | ba45 ffff | ff48 8b6c | 2408 4889 | 4424 f88b | 4424 2089 | 4424 0448 
  0x000001761867e03c: 8b44 24f8 | 4489 5424 | 1844 8954 | 241c 894c | 2424 4489 

  0x000001761867e050: ;   {runtime_call UncommonTrapBlob}
  0x000001761867e050: 5c24 28e8 

  0x000001761867e054: ; ImmutableOopMap {rbp=Oop [24]=NarrowOop [28]=NarrowOop [48]=Oop }
                      ;*if_icmple {reexecute=1 rethrow=0 return_oop=0}
                      ; - (reexecute) java.nio.Buffer::position@5 (line 326)
                      ; - java.nio.ShortBuffer::position@2 (line 1551)
                      ; - java.nio.ShortBuffer::position@2 (line 285)
                      ; - com.badlogic.gdx.graphics.Mesh::render@97 (line 500)
  0x000001761867e054: a89c 67ff 

  0x000001761867e058: ;   {other}
  0x000001761867e058: 0f1f 8400 | 4810 0023 | ba45 ffff | ff48 8b6c | 2408 4889 | 4424 f88b | 4424 2089 | 4424 0448 
  0x000001761867e078: 8b44 24f8 | 4489 5424 | 1844 8954 | 241c 894c 

  0x000001761867e088: ;   {runtime_call UncommonTrapBlob}
  0x000001761867e088: 2424 90e8 

  0x000001761867e08c: ; ImmutableOopMap {rbp=Oop [24]=NarrowOop [28]=NarrowOop [48]=Oop }
                      ;*ifge {reexecute=1 rethrow=0 return_oop=0}
                      ; - (reexecute) java.nio.Buffer::position@14 (line 326)
                      ; - java.nio.ShortBuffer::position@2 (line 1551)
                      ; - java.nio.ShortBuffer::position@2 (line 285)
                      ; - com.badlogic.gdx.graphics.Mesh::render@97 (line 500)
  0x000001761867e08c: 709c 67ff 

  0x000001761867e090: ;   {other}
  0x000001761867e090: 0f1f 8400 | 8010 0024 | ba45 ffff | ff48 8b6c | 2408 4889 | 4424 f88b | 4424 2089 | 4424 0448 
  0x000001761867e0b0: 8b44 24f8 | 4489 5424 | 1844 8954 | 241c 4489 | 5c24 2489 

  0x000001761867e0c4: ;   {runtime_call UncommonTrapBlob}
  0x000001761867e0c4: 4c24 28e8 

  0x000001761867e0c8: ; ImmutableOopMap {rbp=Oop [24]=NarrowOop [28]=NarrowOop [48]=Oop }
                      ;*if_icmple {reexecute=1 rethrow=0 return_oop=0}
                      ; - (reexecute) java.nio.Buffer::position@37 (line 328)
                      ; - java.nio.ShortBuffer::position@2 (line 1551)
                      ; - java.nio.ShortBuffer::position@2 (line 285)
                      ; - com.badlogic.gdx.graphics.Mesh::render@97 (line 500)
  0x000001761867e0c8: 349c 67ff 

  0x000001761867e0cc: ;   {other}
  0x000001761867e0cc: 0f1f 8400 | bc10 0025 | ba45 ffff | ff48 8b6c | 2408 4889 | 4424 f88b | 4424 2089 | 4424 0448 
  0x000001761867e0ec: 8b44 24f8 | 4489 5424 | 1444 8944 | 241c 4489 

  0x000001761867e0fc: ;   {runtime_call UncommonTrapBlob}
  0x000001761867e0fc: 4c24 20e8 

  0x000001761867e100: ; ImmutableOopMap {rbp=Oop [20]=NarrowOop [48]=Oop }
                      ;*if_icmple {reexecute=1 rethrow=0 return_oop=0}
                      ; - (reexecute) java.nio.Buffer::limit@5 (line 379)
                      ; - java.nio.ShortBuffer::limit@2 (line 1565)
                      ; - java.nio.ShortBuffer::limit@2 (line 285)
                      ; - com.badlogic.gdx.graphics.Mesh::render@105 (line 501)
  0x000001761867e100: fc9b 67ff 

  0x000001761867e104: ;   {other}
  0x000001761867e104: 0f1f 8400 | f410 0026 | ba45 ffff | ff48 8b6c | 2408 4489 | 5424 1444 | 8944 241c 

  0x000001761867e120: ;   {runtime_call UncommonTrapBlob}
  0x000001761867e120: 6666 90e8 

  0x000001761867e124: ; ImmutableOopMap {rbp=Oop [20]=NarrowOop [48]=Oop }
                      ;*ifge {reexecute=1 rethrow=0 return_oop=0}
                      ; - (reexecute) java.nio.Buffer::limit@14 (line 379)
                      ; - java.nio.ShortBuffer::limit@2 (line 1565)
                      ; - java.nio.ShortBuffer::limit@2 (line 285)
                      ; - com.badlogic.gdx.graphics.Mesh::render@105 (line 501)
  0x000001761867e124: d89b 67ff 

  0x000001761867e128: ;   {other}
  0x000001761867e128: 0f1f 8400 | 1811 0027 | ba45 ffff | ff48 8b6c | 2408 4489 | 5424 1444 | 895c 2418 | 4489 4424 
  0x000001761867e148: ;   {runtime_call UncommonTrapBlob}
  0x000001761867e148: 1c66 90e8 

  0x000001761867e14c: ; ImmutableOopMap {rbp=Oop [20]=NarrowOop [48]=Oop }
                      ;*if_icmple {reexecute=1 rethrow=0 return_oop=0}
                      ; - (reexecute) java.nio.Buffer::limit@55 (line 383)
                      ; - java.nio.ShortBuffer::limit@2 (line 1565)
                      ; - java.nio.ShortBuffer::limit@2 (line 285)
                      ; - com.badlogic.gdx.graphics.Mesh::render@105 (line 501)
  0x000001761867e14c: b09b 67ff 

  0x000001761867e150: ;   {other}
  0x000001761867e150: 0f1f 8400 | 4011 0028 | baf6 ffff 

  0x000001761867e15c: ;   {runtime_call UncommonTrapBlob}
  0x000001761867e15c: ff8b ebe8 

  0x000001761867e160: ; ImmutableOopMap {}
                      ;*invokevirtual get {reexecute=0 rethrow=0 return_oop=0}
                      ; - com.badlogic.gdx.graphics.glutils.VertexBufferObject::bind@97 (line 185)
                      ; - com.badlogic.gdx.graphics.Mesh::bind@6 (line 391)
                      ; - com.badlogic.gdx.graphics.Mesh::bind@3 (line 382)
                      ; - com.badlogic.gdx.graphics.Mesh::render@13 (line 490)
  0x000001761867e160: 9c9b 67ff 

  0x000001761867e164: ;   {other}
  0x000001761867e164: 0f1f 8400 | 5411 0029 | bade ffff | ff48 8b6c | 2408 4889 | 4424 f88b | 4424 1c89 | 4424 1048 
  0x000001761867e184: 8b44 24f8 | 4489 4424 

  0x000001761867e18c: ;   {runtime_call UncommonTrapBlob}
  0x000001761867e18c: 1c66 90e8 

  0x000001761867e190: ; ImmutableOopMap {rbp=Oop [28]=NarrowOop [48]=Oop }
                      ;*invokeinterface getNumIndices {reexecute=0 rethrow=0 return_oop=0}
                      ; - com.badlogic.gdx.graphics.Mesh::render@131 (line 506)
  0x000001761867e190: 6c9b 67ff 

  0x000001761867e194: ;   {other}
  0x000001761867e194: 0f1f 8400 | 8411 002a | bac6 ffff | ff48 ff74 | 2430 488f | 4424 0848 | 8944 24f8 | 8b44 2424 
  0x000001761867e1b4: 8944 2404 | 488b 4424 | f889 7c24 | 1089 7424 | 1489 4c24 | 184c 894c | 2420 4489 

  0x000001761867e1d0: ;   {runtime_call UncommonTrapBlob}
  0x000001761867e1d0: 5424 1ce8 

  0x000001761867e1d4: ; ImmutableOopMap {[8]=Oop [28]=NarrowOop [32]=Oop }
                      ;*invokeinterface bind {reexecute=0 rethrow=0 return_oop=0}
                      ; - com.badlogic.gdx.graphics.Mesh::bind@6 (line 391)
                      ; - com.badlogic.gdx.graphics.Mesh::bind@3 (line 382)
                      ; - com.badlogic.gdx.graphics.Mesh::render@13 (line 490)
  0x000001761867e1d4: 289b 67ff 

  0x000001761867e1d8: ;   {other}
  0x000001761867e1d8: 0f1f 8400 | c811 002b | badf ffff | ff48 8944 | 24f8 8b44 | 2424 8944 | 2404 488b | 4424 f889 
  0x000001761867e1f8: 7c24 1889 | 7424 1c89 | 4c24 204c | 894c 2428 | 4c89 5424 | 3844 895c 

  0x000001761867e210: ;   {runtime_call UncommonTrapBlob}
  0x000001761867e210: 2424 90e8 

  0x000001761867e214: ; ImmutableOopMap {rbp=NarrowOop [40]=Oop [48]=Oop [56]=Oop }
                      ;*invokeinterface glBindBuffer {reexecute=0 rethrow=0 return_oop=0}
                      ; - com.badlogic.gdx.graphics.glutils.VertexBufferObject::bind@11 (line 175)
                      ; - com.badlogic.gdx.graphics.Mesh::bind@6 (line 391)
                      ; - com.badlogic.gdx.graphics.Mesh::bind@3 (line 382)
                      ; - com.badlogic.gdx.graphics.Mesh::render@13 (line 490)
  0x000001761867e214: e89a 67ff 

  0x000001761867e218: ;   {other}
  0x000001761867e218: 0f1f 8400 | 0812 002c | bac6 ffff | ff48 8944 | 24f8 8b44 | 2424 8944 | 2404 488b | 4424 f848 
  0x000001761867e238: 8944 24f8 | 8b44 241c | 8944 2410 | 488b 4424 | f848 8944 | 24f8 8b44 | 2420 8944 | 2418 488b 
  0x000001761867e258: 4424 f848 | 894c 2420 | 4489 4424 

  0x000001761867e264: ;   {runtime_call UncommonTrapBlob}
  0x000001761867e264: 1c66 90e8 

  0x000001761867e268: ; ImmutableOopMap {[28]=NarrowOop [32]=Oop [48]=Oop }
                      ;*invokeinterface getNumIndices {reexecute=0 rethrow=0 return_oop=0}
                      ; - com.badlogic.gdx.graphics.Mesh::bind@15 (line 392)
                      ; - com.badlogic.gdx.graphics.Mesh::bind@3 (line 382)
                      ; - com.badlogic.gdx.graphics.Mesh::render@13 (line 490)
  0x000001761867e268: 949a 67ff 

  0x000001761867e26c: ;   {other}
  0x000001761867e26c: 0f1f 8400 | 5c12 002d | ba59 0000 | 0048 8b6c 

  0x000001761867e27c: ;   {runtime_call UncommonTrapBlob}
  0x000001761867e27c: 2408 90e8 

  0x000001761867e280: ; ImmutableOopMap {rbp=Oop }
                      ;*new {reexecute=0 rethrow=0 return_oop=0}
                      ; - com.badlogic.gdx.graphics.Mesh::render@155 (line 508)
  0x000001761867e280: 7c9a 67ff 

  0x000001761867e284: ;   {other}
  0x000001761867e284: 0f1f 8400 | 7412 002e | bade ffff | ff48 8944 | 24f8 8b44 | 2420 8944 | 2404 488b 

  0x000001761867e2a0: ;   {runtime_call UncommonTrapBlob}
  0x000001761867e2a0: 4424 f8e8 

  0x000001761867e2a4: ; ImmutableOopMap {rbp=NarrowOop [8]=Oop [48]=Oop }
                      ;*invokeinterface glDrawArrays {reexecute=0 rethrow=0 return_oop=0}
                      ; - com.badlogic.gdx.graphics.Mesh::render@241 (line 514)
  0x000001761867e2a4: 589a 67ff 

  0x000001761867e2a8: ;   {other}
  0x000001761867e2a8: 0f1f 8400 | 9812 002f | badf ffff | ff48 8944 | 24f8 8b44 | 2420 8944 | 2404 488b | 4424 f844 
  0x000001761867e2c8: 895c 2420 

  0x000001761867e2cc: ;   {runtime_call UncommonTrapBlob}
  0x000001761867e2cc: 6666 90e8 

  0x000001761867e2d0: ; ImmutableOopMap {rbp=NarrowOop [8]=Oop [48]=Oop }
                      ;*invokeinterface glDrawElements {reexecute=0 rethrow=0 return_oop=0}
                      ; - com.badlogic.gdx.graphics.Mesh::render@226 (line 512)
  0x000001761867e2d0: 2c9a 67ff 

  0x000001761867e2d4: ;   {other}
  0x000001761867e2d4: 0f1f 8400 | c412 0030 | ba76 ffff | ff48 8944 | 24f8 8b44 | 241c 8944 | 2418 488b | 4424 f848 
  0x000001761867e2f4: 8944 24f8 | 8b44 2428 | 8944 241c | 488b 4424 | f84c 894c 

  0x000001761867e308: ;   {runtime_call UncommonTrapBlob}
  0x000001761867e308: 2438 90e8 

  0x000001761867e30c: ; ImmutableOopMap {[8]=Oop [48]=Oop [56]=Oop }
                      ;*if_icmpge {reexecute=1 rethrow=0 return_oop=0}
                      ; - (reexecute) com.badlogic.gdx.graphics.glutils.VertexBufferObject::bind@88 (line 184)
                      ; - com.badlogic.gdx.graphics.Mesh::bind@6 (line 391)
                      ; - com.badlogic.gdx.graphics.Mesh::bind@3 (line 382)
                      ; - com.badlogic.gdx.graphics.Mesh::render@13 (line 490)
  0x000001761867e30c: f099 67ff 

  0x000001761867e310: ;   {other}
  0x000001761867e310: 0f1f 8400 | 0013 0031 | baf6 ffff | ff48 8b6c 

  0x000001761867e320: ;   {runtime_call UncommonTrapBlob}
  0x000001761867e320: 2430 90e8 

  0x000001761867e324: ; ImmutableOopMap {rbp=Oop }
                      ;*invokeinterface bind {reexecute=0 rethrow=0 return_oop=0}
                      ; - com.badlogic.gdx.graphics.Mesh::bind@6 (line 391)
                      ; - com.badlogic.gdx.graphics.Mesh::bind@3 (line 382)
                      ; - com.badlogic.gdx.graphics.Mesh::render@13 (line 490)
  0x000001761867e324: d899 67ff 

  0x000001761867e328: ;   {other}
  0x000001761867e328: 0f1f 8400 | 1813 0032 | baf6 ffff 

  0x000001761867e334: ;   {runtime_call UncommonTrapBlob}
  0x000001761867e334: ff66 90e8 

  0x000001761867e338: ; ImmutableOopMap {}
                      ;*invokeinterface getNumIndices {reexecute=0 rethrow=0 return_oop=0}
                      ; - com.badlogic.gdx.graphics.Mesh::bind@15 (line 392)
                      ; - com.badlogic.gdx.graphics.Mesh::bind@3 (line 382)
                      ; - com.badlogic.gdx.graphics.Mesh::render@13 (line 490)
  0x000001761867e338: c499 67ff 

  0x000001761867e33c: ;   {other}
  0x000001761867e33c: 0f1f 8400 | 2c13 0033 | baf6 ffff 

  0x000001761867e348: ;   {runtime_call UncommonTrapBlob}
  0x000001761867e348: ff66 90e8 

  0x000001761867e34c: ; ImmutableOopMap {}
                      ;*invokevirtual limit {reexecute=0 rethrow=0 return_oop=0}
                      ; - com.badlogic.gdx.graphics.glutils.IndexArray::getNumIndices@15 (line 49)
                      ; - com.badlogic.gdx.graphics.Mesh::bind@15 (line 392)
                      ; - com.badlogic.gdx.graphics.Mesh::bind@3 (line 382)
                      ; - com.badlogic.gdx.graphics.Mesh::render@13 (line 490)
  0x000001761867e34c: b099 67ff 

  0x000001761867e350: ;   {other}
  0x000001761867e350: 0f1f 8400 | 4013 0034 | baf6 ffff 

  0x000001761867e35c: ;   {runtime_call UncommonTrapBlob}
  0x000001761867e35c: ff66 90e8 

  0x000001761867e360: ; ImmutableOopMap {}
                      ;*invokevirtual limit {reexecute=0 rethrow=0 return_oop=0}
                      ; - com.badlogic.gdx.graphics.glutils.IndexArray::getNumIndices@15 (line 49)
                      ; - com.badlogic.gdx.graphics.Mesh::render@27 (line 493)
  0x000001761867e360: 9c99 67ff 

  0x000001761867e364: ;   {other}
  0x000001761867e364: 0f1f 8400 | 5413 0035 | baf6 ffff | ff8b 6c24 | 2444 8954 

  0x000001761867e378: ;   {runtime_call UncommonTrapBlob}
  0x000001761867e378: 2408 90e8 

  0x000001761867e37c: ; ImmutableOopMap {[8]=NarrowOop }
                      ;*invokeinterface glDrawElements {reexecute=0 rethrow=0 return_oop=0}
                      ; - com.badlogic.gdx.graphics.Mesh::render@88 (line 499)
  0x000001761867e37c: 8099 67ff 

  0x000001761867e380: ;   {other}
  0x000001761867e380: 0f1f 8400 | 7013 0036 | baf6 ffff 

  0x000001761867e38c: ;   {runtime_call UncommonTrapBlob}
  0x000001761867e38c: ff66 90e8 

  0x000001761867e390: ; ImmutableOopMap {}
                      ;*getfield owner {reexecute=1 rethrow=0 return_oop=0}
                      ; - (reexecute) org.lwjgl.opengl.GLContext::getCapabilitiesImpl@5 (line 132)
                      ; - org.lwjgl.opengl.GLContext::getCapabilities@0 (line 122)
                      ; - org.lwjgl.opengl.GL11::glDrawElements@0 (line 1105)
                      ; - com.badlogic.gdx.backends.lwjgl.LwjglGL20::glDrawElements@21 (line 281)
                      ; - com.badlogic.gdx.graphics.Mesh::render@88 (line 499)
  0x000001761867e390: 6c99 67ff 

  0x000001761867e394: ;   {other}
  0x000001761867e394: 0f1f 8400 | 8413 0037 | baf6 ffff 

  0x000001761867e3a0: ;   {runtime_call UncommonTrapBlob}
  0x000001761867e3a0: ff66 90e8 

  0x000001761867e3a4: ; ImmutableOopMap {}
                      ;*getfield references_stack {reexecute=1 rethrow=0 return_oop=0}
                      ; - (reexecute) org.lwjgl.opengl.StateTracker::getReferences@4 (line 85)
                      ; - org.lwjgl.opengl.StateTracker::getElementArrayBufferBound@1 (line 143)
                      ; - org.lwjgl.opengl.GLChecks::ensureElementVBOdisabled@7 (line 82)
                      ; - org.lwjgl.opengl.GL11::glDrawElements@14 (line 1108)
                      ; - com.badlogic.gdx.backends.lwjgl.LwjglGL20::glDrawElements@21 (line 281)
                      ; - com.badlogic.gdx.graphics.Mesh::render@88 (line 499)
  0x000001761867e3a4: 5899 67ff 

  0x000001761867e3a8: ;   {other}
  0x000001761867e3a8: 0f1f 8400 | 9813 0038 | baf6 ffff 

  0x000001761867e3b4: ;   {runtime_call UncommonTrapBlob}
  0x000001761867e3b4: ff66 90e8 

  0x000001761867e3b8: ; ImmutableOopMap {}
                      ;*invokevirtual getReferences {reexecute=0 rethrow=0 return_oop=0}
                      ; - org.lwjgl.opengl.StateTracker::getReferences@7 (line 85)
                      ; - org.lwjgl.opengl.StateTracker::getElementArrayBufferBound@1 (line 143)
                      ; - org.lwjgl.opengl.GLChecks::ensureElementVBOdisabled@7 (line 82)
                      ; - org.lwjgl.opengl.GL11::glDrawElements@14 (line 1108)
                      ; - com.badlogic.gdx.backends.lwjgl.LwjglGL20::glDrawElements@21 (line 281)
                      ; - com.badlogic.gdx.graphics.Mesh::render@88 (line 499)
  0x000001761867e3b8: 4499 67ff 

  0x000001761867e3bc: ;   {other}
  0x000001761867e3bc: 0f1f 8400 | ac13 0039 | baf6 ffff 

  0x000001761867e3c8: ;   {runtime_call UncommonTrapBlob}
  0x000001761867e3c8: ff66 90e8 

  0x000001761867e3cc: ; ImmutableOopMap {}
                      ;*aaload {reexecute=0 rethrow=0 return_oop=0}
                      ; - org.lwjgl.opengl.ReferencesStack::getReferences@8 (line 41)
                      ; - org.lwjgl.opengl.StateTracker::getReferences@7 (line 85)
                      ; - org.lwjgl.opengl.StateTracker::getElementArrayBufferBound@1 (line 143)
                      ; - org.lwjgl.opengl.GLChecks::ensureElementVBOdisabled@7 (line 82)
                      ; - org.lwjgl.opengl.GL11::glDrawElements@14 (line 1108)
                      ; - com.badlogic.gdx.backends.lwjgl.LwjglGL20::glDrawElements@21 (line 281)
                      ; - com.badlogic.gdx.graphics.Mesh::render@88 (line 499)
  0x000001761867e3cc: 3099 67ff 

  0x000001761867e3d0: ;   {other}
  0x000001761867e3d0: 0f1f 8400 | c013 003a | baf6 ffff 

  0x000001761867e3dc: ;   {runtime_call UncommonTrapBlob}
  0x000001761867e3dc: ff66 90e8 

  0x000001761867e3e0: ; ImmutableOopMap {}
                      ;*getfield vertexArrayObject {reexecute=1 rethrow=0 return_oop=0}
                      ; - (reexecute) org.lwjgl.opengl.StateTracker::getElementArrayBufferBound@6 (line 145)
                      ; - org.lwjgl.opengl.GLChecks::ensureElementVBOdisabled@7 (line 82)
                      ; - org.lwjgl.opengl.GL11::glDrawElements@14 (line 1108)
                      ; - com.badlogic.gdx.backends.lwjgl.LwjglGL20::glDrawElements@21 (line 281)
                      ; - com.badlogic.gdx.graphics.Mesh::render@88 (line 499)
  0x000001761867e3e0: 1c99 67ff 

  0x000001761867e3e4: ;   {other}
  0x000001761867e3e4: 0f1f 8400 | d413 003b | 488b d0eb | 2d48 8bd0 | eb28 488b | d0eb 23eb | 0feb 0deb | 0b48 8bd0 
  0x000001761867e404: eb18 eb04 | eb02 eb00 | 488b d0eb | 0d48 8bd0 | eb08 488b | d0eb 0348 | 8bd0 4883 

  0x000001761867e420: ;   {runtime_call _rethrow_Java}
  0x000001761867e420: c470 5de9 | 5897 75ff | baf6 ffff 

  0x000001761867e42c: ;   {runtime_call UncommonTrapBlob}
  0x000001761867e42c: ff66 90e8 

  0x000001761867e430: ; ImmutableOopMap {}
                      ;*getfield alias {reexecute=1 rethrow=0 return_oop=0}
                      ; - (reexecute) com.badlogic.gdx.graphics.glutils.VertexBufferObject::bind@105 (line 186)
                      ; - com.badlogic.gdx.graphics.Mesh::bind@6 (line 391)
                      ; - com.badlogic.gdx.graphics.Mesh::bind@3 (line 382)
                      ; - com.badlogic.gdx.graphics.Mesh::render@13 (line 490)
  0x000001761867e430: cc98 67ff 

  0x000001761867e434: ;   {other}
  0x000001761867e434: 0f1f 8400 | 2414 003c | baf6 ffff 

  0x000001761867e440: ;   {runtime_call UncommonTrapBlob}
  0x000001761867e440: ff66 90e8 

  0x000001761867e444: ; ImmutableOopMap {}
                      ;*getfield vertexSize {reexecute=1 rethrow=0 return_oop=0}
                      ; - (reexecute) com.badlogic.gdx.graphics.glutils.VertexBufferObject::bind@149 (line 190)
                      ; - com.badlogic.gdx.graphics.Mesh::bind@6 (line 391)
                      ; - com.badlogic.gdx.graphics.Mesh::bind@3 (line 382)
                      ; - com.badlogic.gdx.graphics.Mesh::render@13 (line 490)
  0x000001761867e444: b898 67ff 

  0x000001761867e448: ;   {other}
  0x000001761867e448: 0f1f 8400 | 3814 003d | baf6 ffff | ff41 8beb 

  0x000001761867e458: ;   {runtime_call UncommonTrapBlob}
  0x000001761867e458: 6666 90e8 

  0x000001761867e45c: ; ImmutableOopMap {}
                      ;*invokeinterface glBindBuffer {reexecute=0 rethrow=0 return_oop=0}
                      ; - com.badlogic.gdx.graphics.glutils.VertexBufferObject::bind@11 (line 175)
                      ; - com.badlogic.gdx.graphics.Mesh::bind@6 (line 391)
                      ; - com.badlogic.gdx.graphics.Mesh::bind@3 (line 382)
                      ; - com.badlogic.gdx.graphics.Mesh::render@13 (line 490)
  0x000001761867e45c: a098 67ff 

  0x000001761867e460: ;   {other}
  0x000001761867e460: 0f1f 8400 | 5014 003e | baf6 ffff 

  0x000001761867e46c: ;   {runtime_call UncommonTrapBlob}
  0x000001761867e46c: ff66 90e8 

  0x000001761867e470: ; ImmutableOopMap {}
                      ;*invokevirtual size {reexecute=0 rethrow=0 return_oop=0}
                      ; - com.badlogic.gdx.graphics.glutils.VertexBufferObject::bind@72 (line 182)
                      ; - com.badlogic.gdx.graphics.Mesh::bind@6 (line 391)
                      ; - com.badlogic.gdx.graphics.Mesh::bind@3 (line 382)
                      ; - com.badlogic.gdx.graphics.Mesh::render@13 (line 490)
  0x000001761867e470: 8c98 67ff 

  0x000001761867e474: ;   {other}
  0x000001761867e474: 0f1f 8400 | 6414 003f | baf6 ffff 

  0x000001761867e480: ;   {runtime_call UncommonTrapBlob}
  0x000001761867e480: ff66 90e8 

  0x000001761867e484: ; ImmutableOopMap {}
                      ;*arraylength {reexecute=0 rethrow=0 return_oop=0}
                      ; - com.badlogic.gdx.graphics.VertexAttributes::size@4 (line 103)
                      ; - com.badlogic.gdx.graphics.glutils.VertexBufferObject::bind@72 (line 182)
                      ; - com.badlogic.gdx.graphics.Mesh::bind@6 (line 391)
                      ; - com.badlogic.gdx.graphics.Mesh::bind@3 (line 382)
                      ; - com.badlogic.gdx.graphics.Mesh::render@13 (line 490)
  0x000001761867e484: 7898 67ff 

  0x000001761867e488: ;   {other}
  0x000001761867e488: 0f1f 8400 | 7814 0040 | baf6 ffff 

  0x000001761867e494: ;   {runtime_call UncommonTrapBlob}
  0x000001761867e494: ff66 90e8 

  0x000001761867e498: ; ImmutableOopMap {}
                      ;*invokevirtual limit {reexecute=0 rethrow=0 return_oop=0}
                      ; - com.badlogic.gdx.graphics.glutils.VertexBufferObject::bind@31 (line 177)
                      ; - com.badlogic.gdx.graphics.Mesh::bind@6 (line 391)
                      ; - com.badlogic.gdx.graphics.Mesh::bind@3 (line 382)
                      ; - com.badlogic.gdx.graphics.Mesh::render@13 (line 490)
  0x000001761867e498: 6498 67ff 

  0x000001761867e49c: ;   {other}
  0x000001761867e49c: 0f1f 8400 | 8c14 0041 | baf6 ffff 

  0x000001761867e4a8: ;   {runtime_call UncommonTrapBlob}
  0x000001761867e4a8: ff66 90e8 

  0x000001761867e4ac: ; ImmutableOopMap {}
                      ;*invokevirtual limit {reexecute=0 rethrow=0 return_oop=0}
                      ; - com.badlogic.gdx.graphics.glutils.VertexBufferObject::bind@47 (line 178)
                      ; - com.badlogic.gdx.graphics.Mesh::bind@6 (line 391)
                      ; - com.badlogic.gdx.graphics.Mesh::bind@3 (line 382)
                      ; - com.badlogic.gdx.graphics.Mesh::render@13 (line 490)
  0x000001761867e4ac: 5098 67ff 

  0x000001761867e4b0: ;   {other}
  0x000001761867e4b0: 0f1f 8400 | a014 0042 | baf6 ffff | ff8b 6c24 

  0x000001761867e4c0: ;   {runtime_call UncommonTrapBlob}
  0x000001761867e4c0: 2466 90e8 

  0x000001761867e4c4: ; ImmutableOopMap {}
                      ;*invokeinterface glDrawArrays {reexecute=0 rethrow=0 return_oop=0}
                      ; - com.badlogic.gdx.graphics.Mesh::render@241 (line 514)
  0x000001761867e4c4: 3898 67ff 

  0x000001761867e4c8: ;   {other}
  0x000001761867e4c8: 0f1f 8400 | b814 0043 | baf6 ffff | ff8b 6c24 | 2444 895c 

  0x000001761867e4dc: ;   {runtime_call UncommonTrapBlob}
  0x000001761867e4dc: 2408 90e8 

  0x000001761867e4e0: ; ImmutableOopMap {}
                      ;*invokeinterface glDrawElements {reexecute=0 rethrow=0 return_oop=0}
                      ; - com.badlogic.gdx.graphics.Mesh::render@226 (line 512)
  0x000001761867e4e0: 1c98 67ff 

  0x000001761867e4e4: ;   {other}
  0x000001761867e4e4: 0f1f 8400 | d414 0044 | baf6 ffff 

  0x000001761867e4f0: ;   {runtime_call UncommonTrapBlob}
  0x000001761867e4f0: ff66 90e8 

  0x000001761867e4f4: ; ImmutableOopMap {}
                      ;*invokevirtual limit {reexecute=0 rethrow=0 return_oop=0}
                      ; - com.badlogic.gdx.graphics.glutils.IndexBufferObject::getNumIndices@15 (line 89)
                      ; - com.badlogic.gdx.graphics.Mesh::bind@15 (line 392)
                      ; - com.badlogic.gdx.graphics.Mesh::bind@3 (line 382)
                      ; - com.badlogic.gdx.graphics.Mesh::render@13 (line 490)
  0x000001761867e4f4: 0898 67ff 

  0x000001761867e4f8: ;   {other}
  0x000001761867e4f8: 0f1f 8400 | e814 0045 

  0x000001761867e500: ;   {internal_word}
  0x000001761867e500: 49ba 89d6 | 6718 7601 | 0000 4d89 | 9760 0400 

  0x000001761867e510: ;   {runtime_call SafepointBlob}
  0x000001761867e510: 00e9 6a86 

  0x000001761867e514: ;   {runtime_call StubRoutines (final stubs)}
  0x000001761867e514: 67ff e8a5 | 7765 ffe9 | 7aee ffff 
[Stub Code]
  0x000001761867e520: ;   {no_reloc}
  0x000001761867e520: 48bb 0000 | 0000 0000 

  0x000001761867e528: ;   {runtime_call nmethod}
  0x000001761867e528: 0000 e9fb 

  0x000001761867e52c: ;   {static_stub}
  0x000001761867e52c: ffff ff48 | bb00 0000 | 0000 0000 

  0x000001761867e538: ;   {runtime_call nmethod}
  0x000001761867e538: 00e9 fbff 

  0x000001761867e53c: ;   {static_stub}
  0x000001761867e53c: ffff 48bb | 2833 3770 | 7601 0000 

  0x000001761867e548: ;   {runtime_call I2C/C2I adapters}
  0x000001761867e548: e936 5967 

  0x000001761867e54c: ;   {static_stub}
  0x000001761867e54c: ff48 bb00 | 0000 0000 

  0x000001761867e554: ;   {runtime_call nmethod}
  0x000001761867e554: 0000 00e9 | fbff ffff 

  0x000001761867e55c: ;   {static_stub}
  0x000001761867e55c: 48bb 2845 | 596f 7601 

  0x000001761867e564: ;   {runtime_call I2C/C2I adapters}
  0x000001761867e564: 0000 e9a3 

  0x000001761867e568: ;   {static_stub}
  0x000001761867e568: e364 ff48 | bbd8 2a59 | 6f76 0100 

  0x000001761867e574: ;   {runtime_call I2C/C2I adapters}
  0x000001761867e574: 00e9 98d7 

  0x000001761867e578: ;   {static_stub}
  0x000001761867e578: 64ff 48bb | 0000 0000 | 0000 0000 

  0x000001761867e584: ;   {runtime_call nmethod}
  0x000001761867e584: e9fb ffff 

  0x000001761867e588: ;   {static_stub}
  0x000001761867e588: ff48 bbb0 | a361 6f76 

  0x000001761867e590: ;   {runtime_call I2C/C2I adapters}
  0x000001761867e590: 0100 00e9 | 0993 69ff 

  0x000001761867e598: ;   {static_stub}
  0x000001761867e598: 48bb 0000 | 0000 0000 

  0x000001761867e5a0: ;   {runtime_call nmethod}
  0x000001761867e5a0: 0000 e9fb 

  0x000001761867e5a4: ;   {static_stub}
  0x000001761867e5a4: ffff ff48 | bb00 0000 | 0000 0000 

  0x000001761867e5b0: ;   {runtime_call nmethod}
  0x000001761867e5b0: 00e9 fbff 

  0x000001761867e5b4: ;   {static_stub}
  0x000001761867e5b4: ffff 48bb | 80ea 3670 | 7601 0000 

  0x000001761867e5c0: ;   {runtime_call I2C/C2I adapters}
  0x000001761867e5c0: e941 7766 

  0x000001761867e5c4: ;   {static_stub}
  0x000001761867e5c4: ff48 bb00 | 0000 0000 

  0x000001761867e5cc: ;   {runtime_call nmethod}
  0x000001761867e5cc: 0000 00e9 | fbff ffff 
[Exception Handler]
  0x000001761867e5d4: ;   {runtime_call ExceptionBlob}
  0x000001761867e5d4: e927 1b75 | ffe8 0000 | 0000 4883 

  0x000001761867e5e0: ;   {runtime_call DeoptimizationBlob}
  0x000001761867e5e0: 2c24 05e9 | 389a 67ff 
[/MachCode]


Compiled method (c2) 1019879 4606       4       com.badlogic.gdx.graphics.g2d.SpriteBatch::flush (193 bytes)
 total in heap  [0x00000176186af690,0x00000176186b1710] = 8320
 relocation     [0x00000176186af7f0,0x00000176186af960] = 368
 main code      [0x00000176186af960,0x00000176186b07a8] = 3656
 stub code      [0x00000176186b07a8,0x00000176186b0828] = 128
 oops           [0x00000176186b0828,0x00000176186b0830] = 8
 metadata       [0x00000176186b0830,0x00000176186b09a8] = 376
 scopes data    [0x00000176186b09a8,0x00000176186b11f8] = 2128
 scopes pcs     [0x00000176186b11f8,0x00000176186b15b8] = 960
 dependencies   [0x00000176186b15b8,0x00000176186b15f0] = 56
 handler table  [0x00000176186b15f0,0x00000176186b1698] = 168
 nul chk table  [0x00000176186b1698,0x00000176186b1710] = 120

[Constant Pool (empty)]

[MachCode]
[Entry Point]
  # {method} {0x000001766f986a88} 'flush' '()V' in 'com/badlogic/gdx/graphics/g2d/SpriteBatch'
  #           [sp+0x70]  (sp of caller)
  0x00000176186af960: 448b 5208 | 49bb 0000 | 002e 7601 | 0000 4d03 | d349 3bc2 

  0x00000176186af974: ;   {runtime_call ic_miss_stub}
  0x00000176186af974: 0f85 06f0 | 63ff 6690 | 0f1f 4000 
[Verified Entry Point]
  0x00000176186af980: 8984 2400 | 80ff ff55 | 4883 ec60 | 4181 7f20 | 0300 0000 | 0f85 040e | 0000 4c8b | c244 8b52 
  0x00000176186af9a0: 0c45 85d2 | 0f84 de03 | 0000 448b | 5a34 458b | ca41 c1f9 | 1f4d 63d2 | 4d69 d267 | 6666 6649 
  0x00000176186af9c0: c1fa 2341 | 8bca 412b | c941 3bcb | 0f8f 8804 | 0000 ff42 | 3044 8b5a | 44ff 422c 

  0x00000176186af9dc: ; implicit exception: dispatches to 0x00000176186b0604
  0x00000176186af9dc: 478b 54dc | 0c47 8b4c 

  0x00000176186af9e4: ;   {oop(a 'java/lang/Class'{0x000000060555e4c8} = 'com/badlogic/gdx/Gdx')}
  0x00000176186af9e4: dc10 49bb | c8e4 5505 | 0600 0000 | 418b ab88 | 0000 0045 | 8b5c ec08 | 8d1c 8d00 | 0000 008d 
  0x00000176186afa04: ;   {metadata('com/badlogic/gdx/backends/lwjgl/LwjglGL20')}
  0x00000176186afa04: 1c4b 4181 | fb60 1202 | 010f 854f 

  0x00000176186afa10: ;   {oop(a 'java/lang/Class'{0x00000006055c55d0} = 'org/lwjgl/opengl/GLContext')}
  0x00000176186afa10: 0400 0049 | bbd0 555c | 0506 0000 | 0041 8b4b | 7441 8b7c | cc0c 4c8b | df49 c1e3 | 0349 8b97 
  0x00000176186afa30: 8003 0000 | 488b 324c | 3bde 0f85 | e004 0000 | 418b 6ccc | 1085 ed0f | 8453 0500 | 0049 8b8c 
  0x00000176186afa50: ec30 1900 | 0048 85c9 | 0f84 6605 | 0000 4889 | 3424 895c | 2408 498b | e841 8bd2 | 458b c14c 
  0x00000176186afa70: ;   {static_call}
  0x00000176186afa70: 8bc9 90e8 

  0x00000176186afa74: ; ImmutableOopMap {rbp=Oop [0]=Oop }
                      ;*invokestatic nglBindTexture {reexecute=0 rethrow=0 return_oop=0}
                      ; - org.lwjgl.opengl.GL11::glBindTexture@16 (line 654)
                      ; - com.badlogic.gdx.backends.lwjgl.LwjglGL20::glBindTexture@2 (line 93)
                      ; - com.badlogic.gdx.graphics.GLTexture::bind@11 (line 66)
                      ; - com.badlogic.gdx.graphics.g2d.SpriteBatch::flush@58 (line 964)
  0x00000176186afa74: 68b4 e1ff 

  0x00000176186afa78: ;   {other}
  0x00000176186afa78: 0f1f 8400 | e803 0000 | 488b fd44 | 8b47 3c8b | 4f40 448b | 4f0c 438b | 74c4 1045 | 8b54 f408 
  0x00000176186afa98: 4b8d 04c4 | 488b d148 | c1e2 0349 

  0x00000176186afaa4: ;   {metadata('com/badlogic/gdx/graphics/glutils/VertexArray')}
  0x00000176186afaa4: 8d1c f441 | 81fa b820 | 1001 0f85 | e702 0000 | 8b73 1845 | 8b54 f408 | 468d 1c8d | 0000 0000 
  0x00000176186afac4: ;   {metadata('java/nio/DirectByteBuffer')}
  0x00000176186afac4: 4181 fae8 | ea1b 000f | 850f 0400 | 004d 8d14 | f441 8b6a | 2044 3bdd | 0f8f 1607 | 0000 4585 
  0x00000176186afae4: db0f 8c45 | 0700 0041 | 8b72 1841 | 3bf3 0f8f | 5903 0000 | 4589 5a1c | 418b 6a0c | 413b eb0f 
  0x00000176186afb04: 8f6f 0700 | 0049 8bea | 4889 5c24 | 2848 8944 | 2420 4489 | 4c24 1844 | 8944 240c | 4889 7c24 
  0x00000176186afb24: 104d 8bc2 

  0x00000176186afb28: ;   {static_call}
  0x00000176186afb28: 33ff 90e8 

  0x00000176186afb2c: ; ImmutableOopMap {rbp=Oop [0]=Oop [12]=NarrowOop [16]=Oop [32]=Oop [40]=Oop }
                      ;*invokestatic copyJni {reexecute=0 rethrow=0 return_oop=0}
                      ; - com.badlogic.gdx.utils.BufferUtils::copy@35 (line 54)
                      ; - com.badlogic.gdx.graphics.glutils.VertexArray::setVertices@7 (line 84)
                      ; - com.badlogic.gdx.graphics.Mesh::setVertices@7 (line 208)
                      ; - com.badlogic.gdx.graphics.g2d.SpriteBatch::flush@76 (line 966)
  0x00000176186afb2c: 308c e2ff 

  0x00000176186afb30: ;   {other}
  0x00000176186afb30: 0f1f 8400 | a004 0001 | 4c8b d541 | 8b6a 1c85 | ed0f 8c69 | 0700 0041 | 8b6a 0c85 | ed0f 8fa1 
  0x00000176186afb50: 0700 0045 | 8962 184c | 8b54 2428 | 458b 4214 

  0x00000176186afb60: ; implicit exception: dispatches to 0x00000176186b0738
  0x00000176186afb60: 438b 6cc4 | 1c85 ed0f | 8ccb 0700 | 0047 8b5c | c40c 4585 | db0f 8ff1 | 0700 0047 | 8964 c418 
  0x00000176186afb80: 438b 6cc4 | 2044 8b54 | 2418 443b | d50f 8f31 | 0800 0045 | 85d2 0f8c | 5008 0000 | 4789 54c4 
  0x00000176186afba0: 1c45 3bda | 0f8f 8208 | 0000 448b | 5c24 0c43 | 8b6c dc14 

  0x00000176186afbb4: ; implicit exception: dispatches to 0x00000176186b0678
  0x00000176186afbb4: 458b 44ec 

  0x00000176186afbb8: ;   {metadata('com/badlogic/gdx/graphics/glutils/IndexArray')}
  0x00000176186afbb8: 0841 81f8 | a023 1001 | 0f85 c202 | 0000 4d8d | 14ec 418b | 4a10 418b | 6ccc 1c85 | ed0f 8c29 
  0x00000176186afbd8: 0400 0045 | 8b4c cc0c | 4585 c90f | 8f3b 0400 | 0045 8964 | cc18 418b | 6ccc 2044 | 8b44 2408 
  0x00000176186afbf8: 443b c50f | 8f67 0400 | 0045 85c0 | 0f8c 7e04 | 0000 4589 | 44cc 1c45 | 3bc8 0f8f | a804 0000 
  0x00000176186afc18: 488b 4c24 | 100f b669 | 3985 ed0f | 85cf 0400 

  0x00000176186afc28: ;   {oop(a 'java/lang/Class'{0x000000060555e4c8} = 'com/badlogic/gdx/Gdx')}
  0x00000176186afc28: 0049 bac8 | e455 0506 | 0000 0041 | 8baa 8800 | 0000 458b 

  0x00000176186afc3c: ;   {metadata('com/badlogic/gdx/backends/lwjgl/LwjglGL20')}
  0x00000176186afc3c: 54ec 0841 | 81fa 6012 | 0201 0f85 | 5002 0000 

  0x00000176186afc4c: ;   {oop(a 'java/lang/Class'{0x00000006055c55d0} = 'org/lwjgl/opengl/GLContext')}
  0x00000176186afc4c: 49ba d055 | 5c05 0600 | 0000 458b | 4a74 438b | 6ccc 0c4c | 8bd5 49c1 | e203 488b | 1c24 4c3b 
  0x00000176186afc6c: d30f 85d9 | 0200 0043 | 8b6c cc10 | 85ed 0f84 | 8c04 0000 | 4d8b 94ec | 601a 0000 | 4d85 d20f 
  0x00000176186afc8c: 848f 0400 | 00ba e20b | 0000 4d8b 

  0x00000176186afc98: ;   {static_call}
  0x00000176186afc98: c266 90e8 

  0x00000176186afc9c: ; ImmutableOopMap {[0]=Oop [12]=NarrowOop [16]=Oop [32]=Oop }
                      ;*invokestatic nglEnable {reexecute=0 rethrow=0 return_oop=0}
                      ; - org.lwjgl.opengl.GL11::glEnable@15 (line 1015)
                      ; - com.badlogic.gdx.backends.lwjgl.LwjglGL20::glEnable@1 (line 292)
                      ; - com.badlogic.gdx.graphics.g2d.SpriteBatch::flush@125 (line 973)
  0x00000176186afc9c: 40f5 e2ff 

  0x00000176186afca0: ;   {other}
  0x00000176186afca0: 0f1f 8400 | 1006 0002 | 488b 4c24 | 1044 8b59 | 1841 83fb | ff0f 849d | 0400 0044 

  0x00000176186afcbc: ;   {oop(a 'java/lang/Class'{0x000000060555e4c8} = 'com/badlogic/gdx/Gdx')}
  0x00000176186afcbc: 8b51 2449 | b8c8 e455 | 0506 0000 | 0041 8ba8 | 8800 0000 | 448b 411c | 448b 4920 

  0x00000176186afcd8: ; implicit exception: dispatches to 0x00000176186b06c8
  0x00000176186afcd8: 418b 7cec 

  0x00000176186afcdc: ;   {metadata('com/badlogic/gdx/backends/lwjgl/LwjglGL20')}
  0x00000176186afcdc: 0881 ff60 | 1202 010f | 85c7 0100 

  0x00000176186afce8: ;   {oop(a 'java/lang/Class'{0x00000006055c55d0} = 'org/lwjgl/opengl/GLContext')}
  0x00000176186afce8: 0048 bbd0 | 555c 0506 | 0000 008b | 5374 418b | 6cd4 0c48 | 8bfd 48c1 | e703 488b | 1c24 483b 
  0x00000176186afd08: fb0f 855d | 0200 0041 | 8b6c d410 | 85ed 0f84 | 6404 0000 | 498b b4ec | 5821 0000 | 4885 f60f 
  0x00000176186afd28: 8483 0400 | 0041 8bd3 

  0x00000176186afd30: ;   {static_call}
  0x00000176186afd30: 418b fae8 

  0x00000176186afd34: ; ImmutableOopMap {[12]=NarrowOop [16]=Oop [32]=Oop }
                      ;*invokestatic nglBlendFuncSeparate {reexecute=0 rethrow=0 return_oop=0}
                      ; - org.lwjgl.opengl.GL14::glBlendFuncSeparate@23 (line 241)
                      ; - com.badlogic.gdx.backends.lwjgl.LwjglGL20::glBlendFuncSeparate@5 (line 113)
                      ; - com.badlogic.gdx.graphics.g2d.SpriteBatch::flush@157 (line 974)
  0x00000176186afd34: a8f8 e2ff 

  0x00000176186afd38: ;   {other}
  0x00000176186afd38: 0f1f 8400 | a806 0003 | 488b 6c24 | 1044 8b55 | 5845 85d2 | 7504 448b | 5554 448b | 5c24 0c43 
  0x00000176186afd58: 0fb6 4cdc | 0c4d 8bc2 | 49c1 e003 | 41b9 0400 | 0000 488b | 5424 2033 | ff8b 7424 

  0x00000176186afd74: ;   {optimized virtual_call}
  0x00000176186afd74: 0866 90e8 

  0x00000176186afd78: ; ImmutableOopMap {rbp=Oop [16]=Oop }
                      ;*invokevirtual render {reexecute=0 rethrow=0 return_oop=0}
                      ; - com.badlogic.gdx.graphics.Mesh::render@10 (line 460)
                      ; - com.badlogic.gdx.graphics.g2d.SpriteBatch::flush@184 (line 977)
  0x00000176186afd78: 04d6 fcff 

  0x00000176186afd7c: ;   {other}
  0x00000176186afd7c: 0f1f 8400 | ec06 0004 | 4489 650c | 4883 c460 

  0x00000176186afd8c: ;   {poll_return}
  0x00000176186afd8c: 5d49 3ba7 | 4804 0000 | 0f87 ee09 

  0x00000176186afd98: ;   {metadata('com/badlogic/gdx/graphics/glutils/VertexBufferObject')}
  0x00000176186afd98: 0000 c341 | 81fa 08f6 | 2901 0f85 | c806 0000 | 4889 4424 | 2044 894c | 2418 4489 | 4424 0c48 
  0x00000176186afdb8: 897c 2410 | 4c8b db41 | c643 1501 | 458b 5320 | 498b eb4d | 8bc2 49c1 | e003 33ff 

  0x00000176186afdd4: ;   {static_call}
  0x00000176186afdd4: 6666 90e8 

  0x00000176186afdd8: ; ImmutableOopMap {rbp=Oop [0]=Oop [12]=NarrowOop [16]=Oop [32]=Oop }
                      ;*invokestatic copy {reexecute=0 rethrow=0 return_oop=0}
                      ; - com.badlogic.gdx.graphics.glutils.VertexBufferObject::setVertices@12 (line 134)
                      ; - com.badlogic.gdx.graphics.Mesh::setVertices@7 (line 208)
                      ; - com.badlogic.gdx.graphics.g2d.SpriteBatch::flush@76 (line 966)
  0x00000176186afdd8: a4fa 63ff 

  0x00000176186afddc: ;   {other}
  0x00000176186afddc: 0f1f 8400 | 4c07 0005 | 4c8b dd45 | 8b4b 1c43 | 8b6c cc1c | 85ed 0f8c | b006 0000 | 478b 44cc 
  0x00000176186afdfc: 0c45 85c0 | 0f8f da06 | 0000 4789 | 64cc 1843 | 8b6c cc20 | 448b 5424 | 1844 3bd5 | 0f8f 1e07 
  0x00000176186afe1c: 0000 4585 | d20f 8c41 | 0700 0047 | 8954 cc1c | 453b c20f | 8f7f 0700 | 0049 8bd3 | 488b 6c24 
  0x00000176186afe3c: ;   {optimized virtual_call}
  0x00000176186afe3c: 1066 90e8 

  0x00000176186afe40: ; ImmutableOopMap {rbp=Oop [0]=Oop [12]=NarrowOop [16]=Oop [32]=Oop }
                      ;*invokespecial bufferChanged {reexecute=0 rethrow=0 return_oop=0}
                      ; - com.badlogic.gdx.graphics.glutils.VertexBufferObject::setVertices@34 (line 137)
                      ; - com.badlogic.gdx.graphics.Mesh::setVertices@7 (line 208)
                      ; - com.badlogic.gdx.graphics.g2d.SpriteBatch::flush@76 (line 966)
  0x00000176186afe40: 3cf0 63ff 

  0x00000176186afe44: ;   {other}
  0x00000176186afe44: 0f1f 8400 | b407 0006 | e959 fdff | ff45 895a | 18e9 9efc | ffff 894a | 34e9 70fb | ffff bade 
  0x00000176186afe64: ffff ff4c | 8904 2489 | 5c24 0844 | 8954 240c | 4489 4c24 

  0x00000176186afe78: ;   {runtime_call UncommonTrapBlob}
  0x00000176186afe78: 1066 90e8 

  0x00000176186afe7c: ; ImmutableOopMap {rbp=NarrowOop [0]=Oop }
                      ;*invokeinterface glBindTexture {reexecute=0 rethrow=0 return_oop=0}
                      ; - com.badlogic.gdx.graphics.GLTexture::bind@11 (line 66)
                      ; - com.badlogic.gdx.graphics.g2d.SpriteBatch::flush@58 (line 964)
  0x00000176186afe7c: 807e 64ff 

  0x00000176186afe80: ;   {other}
  0x00000176186afe80: 0f1f 8400 | f007 0007 | bade ffff 

  0x00000176186afe8c: ;   {runtime_call UncommonTrapBlob}
  0x00000176186afe8c: ff66 90e8 

  0x00000176186afe90: ; ImmutableOopMap {rbp=NarrowOop [12]=NarrowOop [16]=Oop }
                      ;*invokeinterface getBuffer {reexecute=0 rethrow=0 return_oop=0}
                      ; - com.badlogic.gdx.graphics.Mesh::getIndicesBuffer@4 (line 814)
                      ; - com.badlogic.gdx.graphics.g2d.SpriteBatch::flush@81 (line 967)
  0x00000176186afe90: 6c7e 64ff 

  0x00000176186afe94: ;   {other}
  0x00000176186afe94: 0f1f 8400 | 0408 0008 | bade ffff 

  0x00000176186afea0: ;   {runtime_call UncommonTrapBlob}
  0x00000176186afea0: ff66 90e8 

  0x00000176186afea4: ; ImmutableOopMap {rbp=NarrowOop [12]=NarrowOop [16]=Oop }
                      ;*invokeinterface glEnable {reexecute=0 rethrow=0 return_oop=0}
                      ; - com.badlogic.gdx.graphics.g2d.SpriteBatch::flush@125 (line 973)
  0x00000176186afea4: 587e 64ff 

  0x00000176186afea8: ;   {other}
  0x00000176186afea8: 0f1f 8400 | 1808 0009 | bade ffff | ff48 ff74 | 2410 488f | 0424 4489 | 5c24 1044 | 8944 2414 
  0x00000176186afec8: 4489 4c24 | 1844 8954 

  0x00000176186afed0: ;   {runtime_call UncommonTrapBlob}
  0x00000176186afed0: 241c 90e8 

  0x00000176186afed4: ; ImmutableOopMap {rbp=NarrowOop [0]=Oop [12]=NarrowOop }
                      ;*invokeinterface glBlendFuncSeparate {reexecute=0 rethrow=0 return_oop=0}
                      ; - com.badlogic.gdx.graphics.g2d.SpriteBatch::flush@157 (line 974)
  0x00000176186afed4: 287e 64ff 

  0x00000176186afed8: ;   {other}
  0x00000176186afed8: 0f1f 8400 | 4808 000a | bade ffff | ff48 8944 | 24f8 8b44 | 2408 8904 | 2448 8b44 | 24f8 4489 
  0x00000176186afef8: 4424 0848 | 895c 2410 | 894c 2418 | 4489 4c24 | 2089 7424 | 2444 895c 

  0x00000176186aff10: ;   {runtime_call UncommonTrapBlob}
  0x00000176186aff10: 2428 90e8 

  0x00000176186aff14: ; ImmutableOopMap {rbp=Oop [8]=NarrowOop [16]=Oop [24]=NarrowOop [36]=NarrowOop }
                      ;*invokevirtual limit {reexecute=0 rethrow=0 return_oop=0}
                      ; - com.badlogic.gdx.utils.BufferUtils::copy@11 (line 51)
                      ; - com.badlogic.gdx.graphics.glutils.VertexArray::setVertices@7 (line 84)
                      ; - com.badlogic.gdx.graphics.Mesh::setVertices@7 (line 208)
                      ; - com.badlogic.gdx.graphics.g2d.SpriteBatch::flush@76 (line 966)
  0x00000176186aff14: e87d 64ff 

  0x00000176186aff18: ;   {other}
  0x00000176186aff18: 0f1f 8400 | 8808 000b | ba45 ffff | ff49 8be8 | 891c 2444 | 8954 2404 | 4489 4c24 | 0889 7c24 
  0x00000176186aff38: 0c48 8974 

  0x00000176186aff3c: ;   {runtime_call UncommonTrapBlob}
  0x00000176186aff3c: 2410 90e8 

  0x00000176186aff40: ; ImmutableOopMap {rbp=Oop [12]=NarrowOop [16]=Oop }
                      ;*if_acmpne {reexecute=1 rethrow=0 return_oop=0}
                      ; - (reexecute) org.lwjgl.opengl.GLContext::getCapabilitiesImpl@11 (line 132)
                      ; - org.lwjgl.opengl.GLContext::getCapabilities@0 (line 122)
                      ; - org.lwjgl.opengl.GL11::glBindTexture@0 (line 651)
                      ; - com.badlogic.gdx.backends.lwjgl.LwjglGL20::glBindTexture@2 (line 93)
                      ; - com.badlogic.gdx.graphics.GLTexture::bind@11 (line 66)
                      ; - com.badlogic.gdx.graphics.g2d.SpriteBatch::flush@58 (line 964)
  0x00000176186aff40: bc7d 64ff 

  0x00000176186aff44: ;   {other}
  0x00000176186aff44: 0f1f 8400 | b408 000c | ba45 ffff | ff48 ff74 | 2410 488f | 0424 4889 

  0x00000176186aff5c: ;   {runtime_call UncommonTrapBlob}
  0x00000176186aff5c: 5c24 10e8 

  0x00000176186aff60: ; ImmutableOopMap {rbp=NarrowOop [0]=Oop [12]=NarrowOop [16]=Oop }
                      ;*if_acmpne {reexecute=1 rethrow=0 return_oop=0}
                      ; - (reexecute) org.lwjgl.opengl.GLContext::getCapabilitiesImpl@11 (line 132)
                      ; - org.lwjgl.opengl.GLContext::getCapabilities@0 (line 122)
                      ; - org.lwjgl.opengl.GL11::glEnable@0 (line 1012)
                      ; - com.badlogic.gdx.backends.lwjgl.LwjglGL20::glEnable@1 (line 292)
                      ; - com.badlogic.gdx.graphics.g2d.SpriteBatch::flush@125 (line 973)
  0x00000176186aff60: 9c7d 64ff 

  0x00000176186aff64: ;   {other}
  0x00000176186aff64: 0f1f 8400 | d408 000d | ba45 ffff | ff48 ff74 | 2410 488f | 0424 4489 | 5c24 1044 | 8944 2414 
  0x00000176186aff84: 4489 4c24 | 1844 8954 | 241c 4889 

  0x00000176186aff90: ;   {runtime_call UncommonTrapBlob}
  0x00000176186aff90: 5c24 20e8 

  0x00000176186aff94: ; ImmutableOopMap {rbp=NarrowOop [0]=Oop [12]=NarrowOop [32]=Oop }
                      ;*if_acmpne {reexecute=1 rethrow=0 return_oop=0}
                      ; - (reexecute) org.lwjgl.opengl.GLContext::getCapabilitiesImpl@11 (line 132)
                      ; - org.lwjgl.opengl.GLContext::getCapabilities@0 (line 122)
                      ; - org.lwjgl.opengl.GL14::glBlendFuncSeparate@0 (line 238)
                      ; - com.badlogic.gdx.backends.lwjgl.LwjglGL20::glBlendFuncSeparate@5 (line 113)
                      ; - com.badlogic.gdx.graphics.g2d.SpriteBatch::flush@157 (line 974)
  0x00000176186aff94: 687d 64ff 

  0x00000176186aff98: ;   {other}
  0x00000176186aff98: 0f1f 8400 | 0809 000e | ba45 ffff | ff4c 8904 | 2489 5c24 | 0844 8954 | 240c 4489 

  0x00000176186affb4: ;   {runtime_call UncommonTrapBlob}
  0x00000176186affb4: 4c24 10e8 

  0x00000176186affb8: ; ImmutableOopMap {rbp=NarrowOop [0]=Oop }
                      ;*ifnonnull {reexecute=1 rethrow=0 return_oop=0}
                      ; - (reexecute) org.lwjgl.opengl.GLContext::getCapabilities@5 (line 123)
                      ; - org.lwjgl.opengl.GL11::glBindTexture@0 (line 651)
                      ; - com.badlogic.gdx.backends.lwjgl.LwjglGL20::glBindTexture@2 (line 93)
                      ; - com.badlogic.gdx.graphics.GLTexture::bind@11 (line 66)
                      ; - com.badlogic.gdx.graphics.g2d.SpriteBatch::flush@58 (line 964)
  0x00000176186affb8: 447d 64ff 

  0x00000176186affbc: ;   {other}
  0x00000176186affbc: 0f1f 8400 | 2c09 000f | 4533 db49 | 3bcb bdff | ffff ff7c | 0840 0f95 | c540 0fb6 | edba 45ff 
  0x00000176186affdc: ffff 4c89 | 0424 895c | 2408 4489 | 5424 0c44 | 894c 2410 | 4889 4c24 

  0x00000176186afff4: ;   {runtime_call UncommonTrapBlob}
  0x00000176186afff4: 1866 90e8 

  0x00000176186afff8: ; ImmutableOopMap {[0]=Oop }
                      ;*ifne {reexecute=1 rethrow=0 return_oop=0}
                      ; - (reexecute) org.lwjgl.BufferChecks::checkFunctionAddress@9 (line 57)
                      ; - org.lwjgl.opengl.GL11::glBindTexture@10 (line 653)
                      ; - com.badlogic.gdx.backends.lwjgl.LwjglGL20::glBindTexture@2 (line 93)
                      ; - com.badlogic.gdx.graphics.GLTexture::bind@11 (line 66)
                      ; - com.badlogic.gdx.graphics.g2d.SpriteBatch::flush@58 (line 964)
  0x00000176186afff8: 047d 64ff 

  0x00000176186afffc: ;   {other}
  0x00000176186afffc: 0f1f 8400 | 6c09 0010 | ba45 ffff | ff48 ff74 | 2410 488f | 0424 894c 

  0x00000176186b0014: ;   {runtime_call UncommonTrapBlob}
  0x00000176186b0014: 2414 90e8 

  0x00000176186b0018: ; ImmutableOopMap {[0]=Oop [12]=NarrowOop [20]=NarrowOop }
                      ;*if_icmple {reexecute=1 rethrow=0 return_oop=0}
                      ; - (reexecute) java.nio.Buffer::position@5 (line 326)
                      ; - java.nio.ShortBuffer::position@2 (line 1551)
                      ; - java.nio.ShortBuffer::position@2 (line 285)
                      ; - com.badlogic.gdx.graphics.g2d.SpriteBatch::flush@85 (line 967)
  0x00000176186b0018: e47c 64ff 

  0x00000176186b001c: ;   {other}
  0x00000176186b001c: 0f1f 8400 | 8c09 0011 | ba45 ffff | ff48 8b6c | 2410 4889 | 4424 f88b | 4424 0889 | 0424 488b 
  0x00000176186b003c: 4424 f848 | 8944 24f8 | 8b44 240c | 8944 2404 | 488b 4424 | f889 4c24 | 0c44 894c 

  0x00000176186b0058: ;   {runtime_call UncommonTrapBlob}
  0x00000176186b0058: 2410 90e8 

  0x00000176186b005c: ; ImmutableOopMap {rbp=Oop [4]=NarrowOop [12]=NarrowOop }
                      ;*if_icmple {reexecute=1 rethrow=0 return_oop=0}
                      ; - (reexecute) java.nio.Buffer::position@37 (line 328)
                      ; - java.nio.ShortBuffer::position@2 (line 1551)
                      ; - java.nio.ShortBuffer::position@2 (line 285)
                      ; - com.badlogic.gdx.graphics.g2d.SpriteBatch::flush@85 (line 967)
  0x00000176186b005c: a07c 64ff 

  0x00000176186b0060: ;   {other}
  0x00000176186b0060: 0f1f 8400 | d009 0012 | ba45 ffff | ff48 ff74 | 2410 488f | 0424 894c 

  0x00000176186b0078: ;   {runtime_call UncommonTrapBlob}
  0x00000176186b0078: 2414 90e8 

  0x00000176186b007c: ; ImmutableOopMap {[0]=Oop [12]=NarrowOop [20]=NarrowOop }
                      ;*if_icmple {reexecute=1 rethrow=0 return_oop=0}
                      ; - (reexecute) java.nio.Buffer::limit@5 (line 379)
                      ; - java.nio.ShortBuffer::limit@2 (line 1565)
                      ; - java.nio.ShortBuffer::limit@2 (line 285)
                      ; - com.badlogic.gdx.graphics.g2d.SpriteBatch::flush@94 (line 968)
  0x00000176186b007c: 807c 64ff 

  0x00000176186b0080: ;   {other}
  0x00000176186b0080: 0f1f 8400 | f009 0013 | ba45 ffff | ff48 8b6c | 2410 4889 | 4424 f88b | 4424 0c89 | 4424 0448 
  0x00000176186b00a0: 8b44 24f8 | 894c 240c | 4489 4424 | 1044 8944 

  0x00000176186b00b0: ;   {runtime_call UncommonTrapBlob}
  0x00000176186b00b0: 2414 90e8 

  0x00000176186b00b4: ; ImmutableOopMap {rbp=Oop [4]=NarrowOop [12]=NarrowOop }
                      ;*ifge {reexecute=1 rethrow=0 return_oop=0}
                      ; - (reexecute) java.nio.Buffer::limit@14 (line 379)
                      ; - java.nio.ShortBuffer::limit@2 (line 1565)
                      ; - java.nio.ShortBuffer::limit@2 (line 285)
                      ; - com.badlogic.gdx.graphics.g2d.SpriteBatch::flush@94 (line 968)
  0x00000176186b00b4: 487c 64ff 

  0x00000176186b00b8: ;   {other}
  0x00000176186b00b8: 0f1f 8400 | 280a 0014 | ba45 ffff | ff48 8b6c | 2410 4889 | 4424 f88b | 4424 0c89 | 4424 0448 
  0x00000176186b00d8: 8b44 24f8 | 894c 240c | 4489 4c24 | 1044 8944 

  0x00000176186b00e8: ;   {runtime_call UncommonTrapBlob}
  0x00000176186b00e8: 2414 90e8 

  0x00000176186b00ec: ; ImmutableOopMap {rbp=Oop [4]=NarrowOop [12]=NarrowOop }
                      ;*if_icmple {reexecute=1 rethrow=0 return_oop=0}
                      ; - (reexecute) java.nio.Buffer::limit@55 (line 383)
                      ; - java.nio.ShortBuffer::limit@2 (line 1565)
                      ; - java.nio.ShortBuffer::limit@2 (line 285)
                      ; - com.badlogic.gdx.graphics.g2d.SpriteBatch::flush@94 (line 968)
  0x00000176186b00ec: 107c 64ff 

  0x00000176186b00f0: ;   {other}
  0x00000176186b00f0: 0f1f 8400 | 600a 0015 | ba45 ffff 

  0x00000176186b00fc: ;   {runtime_call UncommonTrapBlob}
  0x00000176186b00fc: ff66 90e8 

  0x00000176186b0100: ; ImmutableOopMap {[12]=NarrowOop [16]=Oop }
                      ;*ifeq {reexecute=1 rethrow=0 return_oop=0}
                      ; - (reexecute) com.badlogic.gdx.graphics.g2d.SpriteBatch::flush@102 (line 970)
  0x00000176186b0100: fc7b 64ff 

  0x00000176186b0104: ;   {other}
  0x00000176186b0104: 0f1f 8400 | 740a 0016 | ba45 ffff 

  0x00000176186b0110: ;   {runtime_call UncommonTrapBlob}
  0x00000176186b0110: ff66 90e8 

  0x00000176186b0114: ; ImmutableOopMap {rbp=NarrowOop [12]=NarrowOop [16]=Oop }
                      ;*ifnonnull {reexecute=1 rethrow=0 return_oop=0}
                      ; - (reexecute) org.lwjgl.opengl.GLContext::getCapabilities@5 (line 123)
                      ; - org.lwjgl.opengl.GL11::glEnable@0 (line 1012)
                      ; - com.badlogic.gdx.backends.lwjgl.LwjglGL20::glEnable@1 (line 292)
                      ; - com.badlogic.gdx.graphics.g2d.SpriteBatch::flush@125 (line 973)
  0x00000176186b0114: e87b 64ff 

  0x00000176186b0118: ;   {other}
  0x00000176186b0118: 0f1f 8400 | 880a 0017 | 4533 c94d | 3bd1 bdff | ffff ff7c | 0840 0f95 | c540 0fb6 | edba 45ff 
  0x00000176186b0138: ffff 48ff | 7424 1048 | 8f04 244c | 8954 2410 

  0x00000176186b0148: ;   {runtime_call UncommonTrapBlob}
  0x00000176186b0148: 6666 90e8 

  0x00000176186b014c: ; ImmutableOopMap {[0]=Oop [12]=NarrowOop }
                      ;*ifne {reexecute=1 rethrow=0 return_oop=0}
                      ; - (reexecute) org.lwjgl.BufferChecks::checkFunctionAddress@9 (line 57)
                      ; - org.lwjgl.opengl.GL11::glEnable@10 (line 1014)
                      ; - com.badlogic.gdx.backends.lwjgl.LwjglGL20::glEnable@1 (line 292)
                      ; - com.badlogic.gdx.graphics.g2d.SpriteBatch::flush@125 (line 973)
  0x00000176186b014c: b07b 64ff 

  0x00000176186b0150: ;   {other}
  0x00000176186b0150: 0f1f 8400 | c00a 0018 | ba45 ffff | ff48 8944 | 24f8 8b44 | 2408 8904 | 2448 8b44 | 24f8 4489 
  0x00000176186b0170: ;   {runtime_call UncommonTrapBlob}
  0x00000176186b0170: 5c24 08e8 

  0x00000176186b0174: ; ImmutableOopMap {[12]=NarrowOop [16]=Oop }
                      ;*if_icmpeq {reexecute=1 rethrow=0 return_oop=0}
                      ; - (reexecute) com.badlogic.gdx.graphics.g2d.SpriteBatch::flush@135 (line 974)
  0x00000176186b0174: 887b 64ff 

  0x00000176186b0178: ;   {other}
  0x00000176186b0178: 0f1f 8400 | e80a 0019 | ba45 ffff | ff48 ff74 | 2410 488f | 0424 4489 | 5c24 1044 | 8944 2414 
  0x00000176186b0198: 4489 4c24 | 1844 8954 

  0x00000176186b01a0: ;   {runtime_call UncommonTrapBlob}
  0x00000176186b01a0: 241c 90e8 

  0x00000176186b01a4: ; ImmutableOopMap {rbp=NarrowOop [0]=Oop [12]=NarrowOop }
                      ;*ifnonnull {reexecute=1 rethrow=0 return_oop=0}
                      ; - (reexecute) org.lwjgl.opengl.GLContext::getCapabilities@5 (line 123)
                      ; - org.lwjgl.opengl.GL14::glBlendFuncSeparate@0 (line 238)
                      ; - com.badlogic.gdx.backends.lwjgl.LwjglGL20::glBlendFuncSeparate@5 (line 113)
                      ; - com.badlogic.gdx.graphics.g2d.SpriteBatch::flush@157 (line 974)
  0x00000176186b01a4: 587b 64ff 

  0x00000176186b01a8: ;   {other}
  0x00000176186b01a8: 0f1f 8400 | 180b 001a | 33db 483b | f3bd ffff | ffff 7c08 | 400f 95c5 | 400f b6ed | ba45 ffff 
  0x00000176186b01c8: ff48 ff74 | 2410 488f | 0424 4489 | 5c24 1044 | 8944 2414 | 4489 4c24 | 1844 8954 | 241c 4889 
  0x00000176186b01e8: ;   {runtime_call UncommonTrapBlob}
  0x00000176186b01e8: 7424 20e8 

  0x00000176186b01ec: ; ImmutableOopMap {[0]=Oop [12]=NarrowOop }
                      ;*ifne {reexecute=1 rethrow=0 return_oop=0}
                      ; - (reexecute) org.lwjgl.BufferChecks::checkFunctionAddress@9 (line 57)
                      ; - org.lwjgl.opengl.GL14::glBlendFuncSeparate@14 (line 240)
                      ; - com.badlogic.gdx.backends.lwjgl.LwjglGL20::glBlendFuncSeparate@5 (line 113)
                      ; - com.badlogic.gdx.graphics.g2d.SpriteBatch::flush@157 (line 974)
  0x00000176186b01ec: 107b 64ff 

  0x00000176186b01f0: ;   {other}
  0x00000176186b01f0: 0f1f 8400 | 600b 001b | ba45 ffff | ff48 893c | 2444 8944 | 2410 4889 | 5c24 1889 | 4c24 2044 
  0x00000176186b0210: 894c 2424 | 4c89 5424 | 304c 8954 | 2438 4489 

  0x00000176186b0220: ;   {runtime_call UncommonTrapBlob}
  0x00000176186b0220: 5c24 4ce8 

  0x00000176186b0224: ; ImmutableOopMap {[0]=Oop [16]=NarrowOop [24]=Oop [32]=NarrowOop [48]=Oop [56]=Oop }
                      ;*if_icmple {reexecute=1 rethrow=0 return_oop=0}
                      ; - (reexecute) java.nio.Buffer::limit@5 (line 379)
                      ; - java.nio.ByteBuffer::limit@2 (line 1565)
                      ; - java.nio.MappedByteBuffer::limit@2 (line 338)
                      ; - java.nio.MappedByteBuffer::limit@2 (line 73)
                      ; - com.badlogic.gdx.utils.BufferUtils::copy@11 (line 51)
                      ; - com.badlogic.gdx.graphics.glutils.VertexArray::setVertices@7 (line 84)
                      ; - com.badlogic.gdx.graphics.Mesh::setVertices@7 (line 208)
                      ; - com.badlogic.gdx.graphics.g2d.SpriteBatch::flush@76 (line 966)
  0x00000176186b0224: d87a 64ff 

  0x00000176186b0228: ;   {other}
  0x00000176186b0228: 0f1f 8400 | 980b 001c | ba45 ffff | ff48 8bef | 4889 4424 | f88b 4424 | 0889 0424 | 488b 4424 
  0x00000176186b0248: f844 8944 | 2408 4889 | 5c24 1089 | 4c24 1844 | 894c 241c | 4c89 5424 | 284c 8954 | 2430 4489 
  0x00000176186b0268: ;   {runtime_call UncommonTrapBlob}
  0x00000176186b0268: 5c24 44e8 

  0x00000176186b026c: ; ImmutableOopMap {rbp=Oop [8]=NarrowOop [16]=Oop [24]=NarrowOop [40]=Oop [48]=Oop }
                      ;*ifge {reexecute=1 rethrow=0 return_oop=0}
                      ; - (reexecute) java.nio.Buffer::limit@14 (line 379)
                      ; - java.nio.ByteBuffer::limit@2 (line 1565)
                      ; - java.nio.MappedByteBuffer::limit@2 (line 338)
                      ; - java.nio.MappedByteBuffer::limit@2 (line 73)
                      ; - com.badlogic.gdx.utils.BufferUtils::copy@11 (line 51)
                      ; - com.badlogic.gdx.graphics.glutils.VertexArray::setVertices@7 (line 84)
                      ; - com.badlogic.gdx.graphics.Mesh::setVertices@7 (line 208)
                      ; - com.badlogic.gdx.graphics.g2d.SpriteBatch::flush@76 (line 966)
  0x00000176186b026c: 907a 64ff 

  0x00000176186b0270: ;   {other}
  0x00000176186b0270: 0f1f 8400 | e00b 001d | ba45 ffff | ff48 893c | 2444 8944 | 2410 4889 | 5c24 1889 | 4c24 2044 
  0x00000176186b0290: 894c 2424 | 4c89 5424 | 304c 8954 | 2438 4489 

  0x00000176186b02a0: ;   {runtime_call UncommonTrapBlob}
  0x00000176186b02a0: 5c24 48e8 

  0x00000176186b02a4: ; ImmutableOopMap {[0]=Oop [16]=NarrowOop [24]=Oop [32]=NarrowOop [48]=Oop [56]=Oop }
                      ;*if_icmple {reexecute=1 rethrow=0 return_oop=0}
                      ; - (reexecute) java.nio.Buffer::limit@55 (line 383)
                      ; - java.nio.ByteBuffer::limit@2 (line 1565)
                      ; - java.nio.MappedByteBuffer::limit@2 (line 338)
                      ; - java.nio.MappedByteBuffer::limit@2 (line 73)
                      ; - com.badlogic.gdx.utils.BufferUtils::copy@11 (line 51)
                      ; - com.badlogic.gdx.graphics.glutils.VertexArray::setVertices@7 (line 84)
                      ; - com.badlogic.gdx.graphics.Mesh::setVertices@7 (line 208)
                      ; - com.badlogic.gdx.graphics.g2d.SpriteBatch::flush@76 (line 966)
  0x00000176186b02a4: 587a 64ff 

  0x00000176186b02a8: ;   {other}
  0x00000176186b02a8: 0f1f 8400 | 180c 001e | ba45 ffff | ff48 ff74 | 2410 488f | 0424 48ff | 7424 2848 | 8f44 2420 
  0x00000176186b02c8: 4889 4424 | f88b 4424 | 1889 4424 | 1448 8b44 | 24f8 4c89 | 5424 284c | 8954 2430 

  0x00000176186b02e4: ;   {runtime_call UncommonTrapBlob}
  0x00000176186b02e4: 6666 90e8 

  0x00000176186b02e8: ; ImmutableOopMap {[0]=Oop [12]=NarrowOop [32]=Oop [40]=Oop [48]=Oop }
                      ;*if_icmple {reexecute=1 rethrow=0 return_oop=0}
                      ; - (reexecute) java.nio.Buffer::position@5 (line 326)
                      ; - java.nio.ByteBuffer::position@2 (line 1551)
                      ; - java.nio.MappedByteBuffer::position@2 (line 328)
                      ; - java.nio.MappedByteBuffer::position@2 (line 73)
                      ; - com.badlogic.gdx.utils.BufferUtils::copy@40 (line 55)
                      ; - com.badlogic.gdx.graphics.glutils.VertexArray::setVertices@7 (line 84)
                      ; - com.badlogic.gdx.graphics.Mesh::setVertices@7 (line 208)
                      ; - com.badlogic.gdx.graphics.g2d.SpriteBatch::flush@76 (line 966)
  0x00000176186b02e8: 147a 64ff 

  0x00000176186b02ec: ;   {other}
  0x00000176186b02ec: 0f1f 8400 | 5c0c 001f | ba45 ffff | ff48 ff74 | 2410 488f | 0424 48ff | 7424 2848 | 8f44 2420 
  0x00000176186b030c: 4889 4424 | f88b 4424 | 1889 4424 | 1448 8b44 | 24f8 4c89 | 5424 284c | 8954 2430 

  0x00000176186b0328: ;   {runtime_call UncommonTrapBlob}
  0x00000176186b0328: 6666 90e8 

  0x00000176186b032c: ; ImmutableOopMap {[0]=Oop [12]=NarrowOop [32]=Oop [40]=Oop [48]=Oop }
                      ;*if_icmple {reexecute=1 rethrow=0 return_oop=0}
                      ; - (reexecute) java.nio.Buffer::position@37 (line 328)
                      ; - java.nio.ByteBuffer::position@2 (line 1551)
                      ; - java.nio.MappedByteBuffer::position@2 (line 328)
                      ; - java.nio.MappedByteBuffer::position@2 (line 73)
                      ; - com.badlogic.gdx.utils.BufferUtils::copy@40 (line 55)
                      ; - com.badlogic.gdx.graphics.glutils.VertexArray::setVertices@7 (line 84)
                      ; - com.badlogic.gdx.graphics.Mesh::setVertices@7 (line 208)
                      ; - com.badlogic.gdx.graphics.g2d.SpriteBatch::flush@76 (line 966)
  0x00000176186b032c: d079 64ff 

  0x00000176186b0330: ;   {other}
  0x00000176186b0330: 0f1f 8400 | a00c 0020 | ba45 ffff | ff48 ff74 | 2410 488f | 0424 4889 | 4424 f88b | 4424 1889 
  0x00000176186b0350: 4424 1448 | 8b44 24f8 | 4489 4424 

  0x00000176186b035c: ;   {runtime_call UncommonTrapBlob}
  0x00000176186b035c: 1c66 90e8 

  0x00000176186b0360: ; ImmutableOopMap {[0]=Oop [12]=NarrowOop [28]=NarrowOop [40]=Oop }
                      ;*if_icmple {reexecute=1 rethrow=0 return_oop=0}
                      ; - (reexecute) java.nio.Buffer::position@5 (line 326)
                      ; - java.nio.FloatBuffer::position@2 (line 1551)
                      ; - java.nio.FloatBuffer::position@2 (line 285)
                      ; - com.badlogic.gdx.graphics.glutils.VertexArray::setVertices@15 (line 85)
                      ; - com.badlogic.gdx.graphics.Mesh::setVertices@7 (line 208)
                      ; - com.badlogic.gdx.graphics.g2d.SpriteBatch::flush@76 (line 966)
  0x00000176186b0360: 9c79 64ff 

  0x00000176186b0364: ;   {other}
  0x00000176186b0364: 0f1f 8400 | d40c 0021 | ba45 ffff | ff48 8b6c | 2410 4889 | 4424 f88b | 4424 0889 | 0424 488b 
  0x00000176186b0384: 4424 f848 | 8944 24f8 | 8b44 240c | 8944 2404 | 488b 4424 | f848 8944 | 24f8 8b44 | 2418 8944 
  0x00000176186b03a4: 240c 488b | 4424 f844 | 8944 241c | 4489 5c24 

  0x00000176186b03b4: ;   {runtime_call UncommonTrapBlob}
  0x00000176186b03b4: 2066 90e8 

  0x00000176186b03b8: ; ImmutableOopMap {rbp=Oop [4]=NarrowOop [28]=NarrowOop [40]=Oop }
                      ;*if_icmple {reexecute=1 rethrow=0 return_oop=0}
                      ; - (reexecute) java.nio.Buffer::position@37 (line 328)
                      ; - java.nio.FloatBuffer::position@2 (line 1551)
                      ; - java.nio.FloatBuffer::position@2 (line 285)
                      ; - com.badlogic.gdx.graphics.glutils.VertexArray::setVertices@15 (line 85)
                      ; - com.badlogic.gdx.graphics.Mesh::setVertices@7 (line 208)
                      ; - com.badlogic.gdx.graphics.g2d.SpriteBatch::flush@76 (line 966)
  0x00000176186b03b8: 4479 64ff 

  0x00000176186b03bc: ;   {other}
  0x00000176186b03bc: 0f1f 8400 | 2c0d 0022 | ba45 ffff | ff48 ff74 | 2410 488f | 0424 4489 | 4424 1844 | 8954 2420 
  0x00000176186b03dc: ;   {runtime_call UncommonTrapBlob}
  0x00000176186b03dc: 6666 90e8 

  0x00000176186b03e0: ; ImmutableOopMap {[0]=Oop [12]=NarrowOop [24]=NarrowOop }
                      ;*if_icmple {reexecute=1 rethrow=0 return_oop=0}
                      ; - (reexecute) java.nio.Buffer::limit@5 (line 379)
                      ; - java.nio.FloatBuffer::limit@2 (line 1565)
                      ; - java.nio.FloatBuffer::limit@2 (line 285)
                      ; - com.badlogic.gdx.graphics.glutils.VertexArray::setVertices@24 (line 86)
                      ; - com.badlogic.gdx.graphics.Mesh::setVertices@7 (line 208)
                      ; - com.badlogic.gdx.graphics.g2d.SpriteBatch::flush@76 (line 966)
  0x00000176186b03e0: 1c79 64ff 

  0x00000176186b03e4: ;   {other}
  0x00000176186b03e4: 0f1f 8400 | 540d 0023 | ba45 ffff | ff48 8b6c | 2410 4889 | 4424 f88b | 4424 0889 | 0424 488b 
  0x00000176186b0404: 4424 f848 | 8944 24f8 | 8b44 240c | 8944 2404 | 488b 4424 | f844 8944 

  0x00000176186b041c: ;   {runtime_call UncommonTrapBlob}
  0x00000176186b041c: 2410 90e8 

  0x00000176186b0420: ; ImmutableOopMap {rbp=Oop [4]=NarrowOop [16]=NarrowOop }
                      ;*ifge {reexecute=1 rethrow=0 return_oop=0}
                      ; - (reexecute) java.nio.Buffer::limit@14 (line 379)
                      ; - java.nio.FloatBuffer::limit@2 (line 1565)
                      ; - java.nio.FloatBuffer::limit@2 (line 285)
                      ; - com.badlogic.gdx.graphics.glutils.VertexArray::setVertices@24 (line 86)
                      ; - com.badlogic.gdx.graphics.Mesh::setVertices@7 (line 208)
                      ; - com.badlogic.gdx.graphics.g2d.SpriteBatch::flush@76 (line 966)
  0x00000176186b0420: dc78 64ff 

  0x00000176186b0424: ;   {other}
  0x00000176186b0424: 0f1f 8400 | 940d 0024 | ba45 ffff | ff48 8b6c | 2410 4889 | 4424 f88b | 4424 0889 | 0424 488b 
  0x00000176186b0444: 4424 f848 | 8944 24f8 | 8b44 240c | 8944 2404 | 488b 4424 | f844 8944 | 2410 4489 

  0x00000176186b0460: ;   {runtime_call UncommonTrapBlob}
  0x00000176186b0460: 5c24 14e8 

  0x00000176186b0464: ; ImmutableOopMap {rbp=Oop [4]=NarrowOop [16]=NarrowOop }
                      ;*if_icmple {reexecute=1 rethrow=0 return_oop=0}
                      ; - (reexecute) java.nio.Buffer::limit@55 (line 383)
                      ; - java.nio.FloatBuffer::limit@2 (line 1565)
                      ; - java.nio.FloatBuffer::limit@2 (line 285)
                      ; - com.badlogic.gdx.graphics.glutils.VertexArray::setVertices@24 (line 86)
                      ; - com.badlogic.gdx.graphics.Mesh::setVertices@7 (line 208)
                      ; - com.badlogic.gdx.graphics.g2d.SpriteBatch::flush@76 (line 966)
  0x00000176186b0464: 9878 64ff 

  0x00000176186b0468: ;   {other}
  0x00000176186b0468: 0f1f 8400 | d80d 0025 | bac6 ffff | ff48 8944 | 24f8 8b44 | 2408 8904 | 2448 8b44 | 24f8 4489 
  0x00000176186b0488: 4424 0889 | 7424 0c89 | 4c24 1044 | 894c 2414 

  0x00000176186b0498: ;   {runtime_call UncommonTrapBlob}
  0x00000176186b0498: 6666 90e8 

  0x00000176186b049c: ; ImmutableOopMap {rbp=Oop [8]=NarrowOop [12]=NarrowOop [16]=NarrowOop }
                      ;*invokeinterface setVertices {reexecute=0 rethrow=0 return_oop=0}
                      ; - com.badlogic.gdx.graphics.Mesh::setVertices@7 (line 208)
                      ; - com.badlogic.gdx.graphics.g2d.SpriteBatch::flush@76 (line 966)
  0x00000176186b049c: 6078 64ff 

  0x00000176186b04a0: ;   {other}
  0x00000176186b04a0: 0f1f 8400 | 100e 0026 | ba45 ffff | ff48 ff74 | 2410 488f | 0424 4c89 | 5c24 2048 | 8944 24f8 
  0x00000176186b04c0: 8b44 2418 | 8944 2414 | 488b 4424 | f844 894c 

  0x00000176186b04d0: ;   {runtime_call UncommonTrapBlob}
  0x00000176186b04d0: 241c 90e8 

  0x00000176186b04d4: ; ImmutableOopMap {[0]=Oop [12]=NarrowOop [28]=NarrowOop [32]=Oop }
                      ;*if_icmple {reexecute=1 rethrow=0 return_oop=0}
                      ; - (reexecute) java.nio.Buffer::position@5 (line 326)
                      ; - java.nio.FloatBuffer::position@2 (line 1551)
                      ; - java.nio.FloatBuffer::position@2 (line 285)
                      ; - com.badlogic.gdx.graphics.glutils.VertexBufferObject::setVertices@20 (line 135)
                      ; - com.badlogic.gdx.graphics.Mesh::setVertices@7 (line 208)
                      ; - com.badlogic.gdx.graphics.g2d.SpriteBatch::flush@76 (line 966)
  0x00000176186b04d4: 2878 64ff 

  0x00000176186b04d8: ;   {other}
  0x00000176186b04d8: 0f1f 8400 | 480e 0027 | ba45 ffff | ff48 8b6c | 2410 4889 | 4424 f88b | 4424 0889 | 0424 488b 
  0x00000176186b04f8: 4424 f848 | 8944 24f8 | 8b44 240c | 8944 2404 | 488b 4424 | f84c 895c | 2410 4889 | 4424 f88b 
  0x00000176186b0518: 4424 1889 | 4424 0c48 | 8b44 24f8 | 4489 4c24 | 1c44 8944 

  0x00000176186b052c: ;   {runtime_call UncommonTrapBlob}
  0x00000176186b052c: 2420 90e8 

  0x00000176186b0530: ; ImmutableOopMap {rbp=Oop [4]=NarrowOop [16]=Oop [28]=NarrowOop }
                      ;*if_icmple {reexecute=1 rethrow=0 return_oop=0}
                      ; - (reexecute) java.nio.Buffer::position@37 (line 328)
                      ; - java.nio.FloatBuffer::position@2 (line 1551)
                      ; - java.nio.FloatBuffer::position@2 (line 285)
                      ; - com.badlogic.gdx.graphics.glutils.VertexBufferObject::setVertices@20 (line 135)
                      ; - com.badlogic.gdx.graphics.Mesh::setVertices@7 (line 208)
                      ; - com.badlogic.gdx.graphics.g2d.SpriteBatch::flush@76 (line 966)
  0x00000176186b0530: cc77 64ff 

  0x00000176186b0534: ;   {other}
  0x00000176186b0534: 0f1f 8400 | a40e 0028 | ba45 ffff | ff48 ff74 | 2410 488f | 0424 4c89 | 5c24 1844 | 894c 2420 
  0x00000176186b0554: 4489 5424 

  0x00000176186b0558: ;   {runtime_call UncommonTrapBlob}
  0x00000176186b0558: 2866 90e8 

  0x00000176186b055c: ; ImmutableOopMap {[0]=Oop [12]=NarrowOop [24]=Oop [32]=NarrowOop }
                      ;*if_icmple {reexecute=1 rethrow=0 return_oop=0}
                      ; - (reexecute) java.nio.Buffer::limit@5 (line 379)
                      ; - java.nio.FloatBuffer::limit@2 (line 1565)
                      ; - java.nio.FloatBuffer::limit@2 (line 285)
                      ; - com.badlogic.gdx.graphics.glutils.VertexBufferObject::setVertices@29 (line 136)
                      ; - com.badlogic.gdx.graphics.Mesh::setVertices@7 (line 208)
                      ; - com.badlogic.gdx.graphics.g2d.SpriteBatch::flush@76 (line 966)
  0x00000176186b055c: a077 64ff 

  0x00000176186b0560: ;   {other}
  0x00000176186b0560: 0f1f 8400 | d00e 0029 | ba45 ffff | ff48 8b6c | 2410 4889 | 4424 f88b | 4424 0889 | 0424 488b 
  0x00000176186b0580: 4424 f848 | 8944 24f8 | 8b44 240c | 8944 2404 | 488b 4424 | f84c 895c | 2410 4489 | 4c24 1844 
  0x00000176186b05a0: 8954 2420 

  0x00000176186b05a4: ;   {runtime_call UncommonTrapBlob}
  0x00000176186b05a4: 6666 90e8 

  0x00000176186b05a8: ; ImmutableOopMap {rbp=Oop [4]=NarrowOop [16]=Oop [24]=NarrowOop }
                      ;*ifge {reexecute=1 rethrow=0 return_oop=0}
                      ; - (reexecute) java.nio.Buffer::limit@14 (line 379)
                      ; - java.nio.FloatBuffer::limit@2 (line 1565)
                      ; - java.nio.FloatBuffer::limit@2 (line 285)
                      ; - com.badlogic.gdx.graphics.glutils.VertexBufferObject::setVertices@29 (line 136)
                      ; - com.badlogic.gdx.graphics.Mesh::setVertices@7 (line 208)
                      ; - com.badlogic.gdx.graphics.g2d.SpriteBatch::flush@76 (line 966)
  0x00000176186b05a8: 5477 64ff 

  0x00000176186b05ac: ;   {other}
  0x00000176186b05ac: 0f1f 8400 | 1c0f 002a | ba45 ffff | ff48 8b6c | 2410 4889 | 4424 f88b | 4424 0889 | 0424 488b 
  0x00000176186b05cc: 4424 f848 | 8944 24f8 | 8b44 240c | 8944 2404 | 488b 4424 | f84c 895c | 2410 4489 | 4c24 1844 
  0x00000176186b05ec: 8944 241c | 4489 5424 

  0x00000176186b05f4: ;   {runtime_call UncommonTrapBlob}
  0x00000176186b05f4: 2066 90e8 

  0x00000176186b05f8: ; ImmutableOopMap {rbp=Oop [4]=NarrowOop [16]=Oop [24]=NarrowOop }
                      ;*if_icmple {reexecute=1 rethrow=0 return_oop=0}
                      ; - (reexecute) java.nio.Buffer::limit@55 (line 383)
                      ; - java.nio.FloatBuffer::limit@2 (line 1565)
                      ; - java.nio.FloatBuffer::limit@2 (line 285)
                      ; - com.badlogic.gdx.graphics.glutils.VertexBufferObject::setVertices@29 (line 136)
                      ; - com.badlogic.gdx.graphics.Mesh::setVertices@7 (line 208)
                      ; - com.badlogic.gdx.graphics.g2d.SpriteBatch::flush@76 (line 966)
  0x00000176186b05f8: 0477 64ff 

  0x00000176186b05fc: ;   {other}
  0x00000176186b05fc: 0f1f 8400 | 6c0f 002b | baf6 ffff 

  0x00000176186b0608: ;   {runtime_call UncommonTrapBlob}
  0x00000176186b0608: ff66 90e8 

  0x00000176186b060c: ; ImmutableOopMap {}
                      ;*invokevirtual bind {reexecute=0 rethrow=0 return_oop=0}
                      ; - com.badlogic.gdx.graphics.g2d.SpriteBatch::flush@58 (line 964)
  0x00000176186b060c: f076 64ff 

  0x00000176186b0610: ;   {other}
  0x00000176186b0610: 0f1f 8400 | 800f 002c | baf6 ffff | ff41 8bea | 4489 0c24 

  0x00000176186b0624: ;   {runtime_call UncommonTrapBlob}
  0x00000176186b0624: 6666 90e8 

  0x00000176186b0628: ; ImmutableOopMap {}
                      ;*invokeinterface glBindTexture {reexecute=0 rethrow=0 return_oop=0}
                      ; - com.badlogic.gdx.graphics.GLTexture::bind@11 (line 66)
                      ; - com.badlogic.gdx.graphics.g2d.SpriteBatch::flush@58 (line 964)
  0x00000176186b0628: d476 64ff 

  0x00000176186b062c: ;   {other}
  0x00000176186b062c: 0f1f 8400 | 9c0f 002d | baf6 ffff 

  0x00000176186b0638: ;   {runtime_call UncommonTrapBlob}
  0x00000176186b0638: ff66 90e8 

  0x00000176186b063c: ; ImmutableOopMap {}
                      ;*getfield owner {reexecute=1 rethrow=0 return_oop=0}
                      ; - (reexecute) org.lwjgl.opengl.GLContext::getCapabilitiesImpl@5 (line 132)
                      ; - org.lwjgl.opengl.GLContext::getCapabilities@0 (line 122)
                      ; - org.lwjgl.opengl.GL11::glBindTexture@0 (line 651)
                      ; - com.badlogic.gdx.backends.lwjgl.LwjglGL20::glBindTexture@2 (line 93)
                      ; - com.badlogic.gdx.graphics.GLTexture::bind@11 (line 66)
                      ; - com.badlogic.gdx.graphics.g2d.SpriteBatch::flush@58 (line 964)
  0x00000176186b063c: c076 64ff 

  0x00000176186b0640: ;   {other}
  0x00000176186b0640: 0f1f 8400 | b00f 002e | baf6 ffff | ff8b e944 

  0x00000176186b0650: ;   {runtime_call UncommonTrapBlob}
  0x00000176186b0650: 890c 24e8 

  0x00000176186b0654: ; ImmutableOopMap {rbp=NarrowOop }
                      ;*invokevirtual setVertices {reexecute=0 rethrow=0 return_oop=0}
                      ; - com.badlogic.gdx.graphics.g2d.SpriteBatch::flush@76 (line 966)
  0x00000176186b0654: a876 64ff 

  0x00000176186b0658: ;   {other}
  0x00000176186b0658: 0f1f 8400 | c80f 002f | baf6 ffff | ff8b e944 

  0x00000176186b0668: ;   {runtime_call UncommonTrapBlob}
  0x00000176186b0668: 890c 24e8 

  0x00000176186b066c: ; ImmutableOopMap {rbp=NarrowOop }
                      ;*invokeinterface setVertices {reexecute=0 rethrow=0 return_oop=0}
                      ; - com.badlogic.gdx.graphics.Mesh::setVertices@7 (line 208)
                      ; - com.badlogic.gdx.graphics.g2d.SpriteBatch::flush@76 (line 966)
  0x00000176186b066c: 9076 64ff 

  0x00000176186b0670: ;   {other}
  0x00000176186b0670: 0f1f 8400 | e00f 0030 | baf6 ffff 

  0x00000176186b067c: ;   {runtime_call UncommonTrapBlob}
  0x00000176186b067c: ff66 90e8 

  0x00000176186b0680: ; ImmutableOopMap {}
                      ;*invokeinterface getBuffer {reexecute=0 rethrow=0 return_oop=0}
                      ; - com.badlogic.gdx.graphics.Mesh::getIndicesBuffer@4 (line 814)
                      ; - com.badlogic.gdx.graphics.g2d.SpriteBatch::flush@81 (line 967)
  0x00000176186b0680: 7c76 64ff 

  0x00000176186b0684: ;   {other}
  0x00000176186b0684: 0f1f 8400 | f40f 0031 | baf6 ffff 

  0x00000176186b0690: ;   {runtime_call UncommonTrapBlob}
  0x00000176186b0690: ff66 90e8 

  0x00000176186b0694: ; ImmutableOopMap {}
                      ;*invokevirtual position {reexecute=0 rethrow=0 return_oop=0}
                      ; - com.badlogic.gdx.graphics.g2d.SpriteBatch::flush@85 (line 967)
  0x00000176186b0694: 6876 64ff 

  0x00000176186b0698: ;   {other}
  0x00000176186b0698: 0f1f 8400 | 0810 0032 | baf6 ffff 

  0x00000176186b06a4: ;   {runtime_call UncommonTrapBlob}
  0x00000176186b06a4: ff66 90e8 

  0x00000176186b06a8: ; ImmutableOopMap {}
                      ;*invokeinterface glEnable {reexecute=0 rethrow=0 return_oop=0}
                      ; - com.badlogic.gdx.graphics.g2d.SpriteBatch::flush@125 (line 973)
  0x00000176186b06a8: 5476 64ff 

  0x00000176186b06ac: ;   {other}
  0x00000176186b06ac: 0f1f 8400 | 1c10 0033 | baf6 ffff 

  0x00000176186b06b8: ;   {runtime_call UncommonTrapBlob}
  0x00000176186b06b8: ff66 90e8 

  0x00000176186b06bc: ; ImmutableOopMap {}
                      ;*getfield owner {reexecute=1 rethrow=0 return_oop=0}
                      ; - (reexecute) org.lwjgl.opengl.GLContext::getCapabilitiesImpl@5 (line 132)
                      ; - org.lwjgl.opengl.GLContext::getCapabilities@0 (line 122)
                      ; - org.lwjgl.opengl.GL11::glEnable@0 (line 1012)
                      ; - com.badlogic.gdx.backends.lwjgl.LwjglGL20::glEnable@1 (line 292)
                      ; - com.badlogic.gdx.graphics.g2d.SpriteBatch::flush@125 (line 973)
  0x00000176186b06bc: 4076 64ff 

  0x00000176186b06c0: ;   {other}
  0x00000176186b06c0: 0f1f 8400 | 3010 0034 | baf6 ffff | ff41 8beb | 4489 0424 | 4489 4c24 | 0444 8954 

  0x00000176186b06dc: ;   {runtime_call UncommonTrapBlob}
  0x00000176186b06dc: 2408 90e8 

  0x00000176186b06e0: ; ImmutableOopMap {}
                      ;*invokeinterface glBlendFuncSeparate {reexecute=0 rethrow=0 return_oop=0}
                      ; - com.badlogic.gdx.graphics.g2d.SpriteBatch::flush@157 (line 974)
  0x00000176186b06e0: 1c76 64ff 

  0x00000176186b06e4: ;   {other}
  0x00000176186b06e4: 0f1f 8400 | 5410 0035 | baf6 ffff 

  0x00000176186b06f0: ;   {runtime_call UncommonTrapBlob}
  0x00000176186b06f0: ff66 90e8 

  0x00000176186b06f4: ; ImmutableOopMap {}
                      ;*getfield owner {reexecute=1 rethrow=0 return_oop=0}
                      ; - (reexecute) org.lwjgl.opengl.GLContext::getCapabilitiesImpl@5 (line 132)
                      ; - org.lwjgl.opengl.GLContext::getCapabilities@0 (line 122)
                      ; - org.lwjgl.opengl.GL14::glBlendFuncSeparate@0 (line 238)
                      ; - com.badlogic.gdx.backends.lwjgl.LwjglGL20::glBlendFuncSeparate@5 (line 113)
                      ; - com.badlogic.gdx.graphics.g2d.SpriteBatch::flush@157 (line 974)
  0x00000176186b06f4: 0876 64ff 

  0x00000176186b06f8: ;   {other}
  0x00000176186b06f8: 0f1f 8400 | 6810 0036 | baf4 ffff | ff48 8944 | 24f8 8b44 | 2408 8904 | 2448 8b44 | 24f8 4489 
  0x00000176186b0718: 4424 0848 | 895c 2410 | 894c 2418 | 4489 4c24 

  0x00000176186b0728: ;   {runtime_call UncommonTrapBlob}
  0x00000176186b0728: 1c66 90e8 

  0x00000176186b072c: ; ImmutableOopMap {rbp=Oop [8]=NarrowOop [16]=Oop [24]=NarrowOop }
                      ;*instanceof {reexecute=0 rethrow=0 return_oop=0}
                      ; - com.badlogic.gdx.utils.BufferUtils::copy@1 (line 50)
                      ; - com.badlogic.gdx.graphics.glutils.VertexArray::setVertices@7 (line 84)
                      ; - com.badlogic.gdx.graphics.Mesh::setVertices@7 (line 208)
                      ; - com.badlogic.gdx.graphics.g2d.SpriteBatch::flush@76 (line 966)
  0x00000176186b072c: d075 64ff 

  0x00000176186b0730: ;   {other}
  0x00000176186b0730: 0f1f 8400 | a010 0037 | baf6 ffff 

  0x00000176186b073c: ;   {runtime_call UncommonTrapBlob}
  0x00000176186b073c: ff66 90e8 

  0x00000176186b0740: ; ImmutableOopMap {}
                      ;*invokevirtual position {reexecute=0 rethrow=0 return_oop=0}
                      ; - com.badlogic.gdx.graphics.glutils.VertexArray::setVertices@15 (line 85)
                      ; - com.badlogic.gdx.graphics.Mesh::setVertices@7 (line 208)
                      ; - com.badlogic.gdx.graphics.g2d.SpriteBatch::flush@76 (line 966)
  0x00000176186b0740: bc75 64ff 

  0x00000176186b0744: ;   {other}
  0x00000176186b0744: 0f1f 8400 | b410 0038 | eb00 488b | d0eb 1748 | 8bd0 eb12 | 488b d0eb | 0d48 8bd0 | eb08 488b 
  0x00000176186b0764: d0eb 0348 | 8bd0 4883 

  0x00000176186b076c: ;   {runtime_call _rethrow_Java}
  0x00000176186b076c: c460 5de9 | 0c74 72ff | baf6 ffff 

  0x00000176186b0778: ;   {runtime_call UncommonTrapBlob}
  0x00000176186b0778: ff66 90e8 

  0x00000176186b077c: ; ImmutableOopMap {}
                      ;*invokevirtual position {reexecute=0 rethrow=0 return_oop=0}
                      ; - com.badlogic.gdx.graphics.glutils.VertexBufferObject::setVertices@20 (line 135)
                      ; - com.badlogic.gdx.graphics.Mesh::setVertices@7 (line 208)
                      ; - com.badlogic.gdx.graphics.g2d.SpriteBatch::flush@76 (line 966)
  0x00000176186b077c: 8075 64ff 

  0x00000176186b0780: ;   {other}
  0x00000176186b0780: 0f1f 8400 | f010 0039 

  0x00000176186b0788: ;   {internal_word}
  0x00000176186b0788: 49ba 8dfd | 6a18 7601 | 0000 4d89 | 9760 0400 

  0x00000176186b0798: ;   {runtime_call SafepointBlob}
  0x00000176186b0798: 00e9 e263 

  0x00000176186b079c: ;   {runtime_call StubRoutines (final stubs)}
  0x00000176186b079c: 64ff e81d | 5562 ffe9 | f2f1 ffff 
[Stub Code]
  0x00000176186b07a8: ;   {no_reloc}
  0x00000176186b07a8: 48bb 0000 | 0000 0000 

  0x00000176186b07b0: ;   {runtime_call nmethod}
  0x00000176186b07b0: 0000 e9fb 

  0x00000176186b07b4: ;   {static_stub}
  0x00000176186b07b4: ffff ff48 | bb00 0000 | 0000 0000 

  0x00000176186b07c0: ;   {runtime_call nmethod}
  0x00000176186b07c0: 00e9 fbff 

  0x00000176186b07c4: ;   {static_stub}
  0x00000176186b07c4: ffff 48bb | 0000 0000 | 0000 0000 

  0x00000176186b07d0: ;   {runtime_call nmethod}
  0x00000176186b07d0: e9fb ffff 

  0x00000176186b07d4: ;   {static_stub}
  0x00000176186b07d4: ff48 bb00 | 0000 0000 

  0x00000176186b07dc: ;   {runtime_call nmethod}
  0x00000176186b07dc: 0000 00e9 | fbff ffff 

  0x00000176186b07e4: ;   {static_stub}
  0x00000176186b07e4: 48bb 0000 | 0000 0000 

  0x00000176186b07ec: ;   {runtime_call nmethod}
  0x00000176186b07ec: 0000 e9fb 

  0x00000176186b07f0: ;   {static_stub}
  0x00000176186b07f0: ffff ff48 | bb00 0000 | 0000 0000 

  0x00000176186b07fc: ;   {runtime_call nmethod}
  0x00000176186b07fc: 00e9 fbff 

  0x00000176186b0800: ;   {static_stub}
  0x00000176186b0800: ffff 48bb | 0000 0000 | 0000 0000 

  0x00000176186b080c: ;   {runtime_call nmethod}
  0x00000176186b080c: e9fb ffff 

  0x00000176186b0810: ;   {runtime_call ExceptionBlob}
  0x00000176186b0810: ffe9 eaf8 | 71ff e800 | 0000 0048 | 832c 2405 

  0x00000176186b0820: ;   {runtime_call DeoptimizationBlob}
  0x00000176186b0820: e9fb 7764 | fff4 f4f4 
[/MachCode]


---------------  P R O C E S S  ---------------

Threads class SMR info:
_java_thread_list=0x00000176737f0960, length=23, elements={
0x000001762d0d1c30, 0x000001762d0d2290, 0x000001762d0d3cf0, 0x000001762d0d4950,
0x000001762d0dd780, 0x000001762d0e06c0, 0x000001762d0ef030, 0x000001762d0efe70,
0x000001762d261140, 0x000001762d265d30, 0x000001762d9e6bd0, 0x0000017605a0a270,
0x00000176736c4de0, 0x000001767d418d10, 0x000001767da07d50, 0x000001767d959d70,
0x000001767d756440, 0x000001767d754370, 0x0000017673ce8cb0, 0x000001767d710000,
0x000001767d70f970, 0x000001767d70f2e0, 0x0000017673ce9340
}

Java Threads: ( => current thread )
  0x000001762d0d1c30 JavaThread "Reference Handler"          daemon [_thread_blocked, id=32032, stack(0x000000326c300000,0x000000326c400000) (1024K)]
  0x000001762d0d2290 JavaThread "Finalizer"                  daemon [_thread_blocked, id=37104, stack(0x000000326c400000,0x000000326c500000) (1024K)]
  0x000001762d0d3cf0 JavaThread "Signal Dispatcher"          daemon [_thread_blocked, id=26612, stack(0x000000326c500000,0x000000326c600000) (1024K)]
  0x000001762d0d4950 JavaThread "Attach Listener"            daemon [_thread_blocked, id=38372, stack(0x000000326c600000,0x000000326c700000) (1024K)]
  0x000001762d0dd780 JavaThread "Service Thread"             daemon [_thread_blocked, id=17220, stack(0x000000326c700000,0x000000326c800000) (1024K)]
  0x000001762d0e06c0 JavaThread "Monitor Deflation Thread"   daemon [_thread_blocked, id=10172, stack(0x000000326c800000,0x000000326c900000) (1024K)]
  0x000001762d0ef030 JavaThread "C2 CompilerThread0"         daemon [_thread_blocked, id=11780, stack(0x000000326c900000,0x000000326ca00000) (1024K)]
  0x000001762d0efe70 JavaThread "C1 CompilerThread0"         daemon [_thread_blocked, id=24684, stack(0x000000326ca00000,0x000000326cb00000) (1024K)]
  0x000001762d261140 JavaThread "Notification Thread"        daemon [_thread_blocked, id=20736, stack(0x000000326cd00000,0x000000326ce00000) (1024K)]
  0x000001762d265d30 JavaThread "Common-Cleaner"             daemon [_thread_blocked, id=40524, stack(0x000000326ce00000,0x000000326cf00000) (1024K)]
=>0x000001762d9e6bd0 JavaThread "LWJGL Application"                 [_thread_in_native, id=39784, stack(0x000000326d400000,0x000000326d500000) (1024K)]
  0x0000017605a0a270 JavaThread "DestroyJavaVM"                     [_thread_blocked, id=16468, stack(0x000000326bb00000,0x000000326bc00000) (1024K)]
  0x00000176736c4de0 JavaThread "AsynchExecutor-Thread"      daemon [_thread_blocked, id=35100, stack(0x000000326cf00000,0x000000326d000000) (1024K)]
  0x000001767d418d10 JavaThread "RxIoScheduler-1 (Evictor)"  daemon [_thread_blocked, id=16928, stack(0x000000326e800000,0x000000326e900000) (1024K)]
  0x000001767da07d50 JavaThread "RxComputationScheduler-1"   daemon [_thread_blocked, id=1736, stack(0x000000326eb00000,0x000000326ec00000) (1024K)]
  0x000001767d959d70 JavaThread "RxIoScheduler-29"           daemon [_thread_blocked, id=25208, stack(0x0000003270500000,0x0000003270600000) (1024K)]
  0x000001767d756440 JavaThread "RxIoScheduler-44"           daemon [_thread_blocked, id=35464, stack(0x0000003271400000,0x0000003271500000) (1024K)]
  0x000001767d754370 JavaThread "LWJGL Timer"                daemon [_thread_blocked, id=36108, stack(0x000000326cc00000,0x000000326cd00000) (1024K)]
  0x0000017673ce8cb0 JavaThread "Timer"                      daemon [_thread_blocked, id=32676, stack(0x0000003274300000,0x0000003274400000) (1024K)]
  0x000001767d710000 JavaThread "AsynchExecutor-Thread"      daemon [_thread_blocked, id=38224, stack(0x000000326d900000,0x000000326da00000) (1024K)]
  0x000001767d70f970 JavaThread "RxComputationScheduler-2"   daemon [_thread_blocked, id=38964, stack(0x000000326da00000,0x000000326db00000) (1024K)]
  0x000001767d70f2e0 JavaThread "RxComputationScheduler-3"   daemon [_thread_blocked, id=37740, stack(0x000000326b800000,0x000000326b900000) (1024K)]
  0x0000017673ce9340 JavaThread "RxIoScheduler-123"          daemon [_thread_blocked, id=34160, stack(0x000000326b900000,0x000000326ba00000) (1024K)]
Total: 23

Other Threads:
  0x000001762a175c90 VMThread "VM Thread"                           [id=39388, stack(0x000000326c200000,0x000000326c300000) (1024K)]
  0x000001762d0c14d0 WatcherThread "VM Periodic Task Thread"        [id=8188, stack(0x000000326c100000,0x000000326c200000) (1024K)]
  0x0000017629fca7d0 WorkerThread "GC Thread#0"                     [id=8168, stack(0x000000326bc00000,0x000000326bd00000) (1024K)]
  0x0000017673f95b80 WorkerThread "GC Thread#1"                     [id=29432, stack(0x000000326dd00000,0x000000326de00000) (1024K)]
  0x0000017673963640 WorkerThread "GC Thread#2"                     [id=19708, stack(0x000000326de00000,0x000000326df00000) (1024K)]
  0x00000176739639e0 WorkerThread "GC Thread#3"                     [id=25172, stack(0x000000326df00000,0x000000326e000000) (1024K)]
  0x0000017673963d80 WorkerThread "GC Thread#4"                     [id=25304, stack(0x000000326e000000,0x000000326e100000) (1024K)]
  0x0000017673b4e1f0 WorkerThread "GC Thread#5"                     [id=30964, stack(0x000000326e100000,0x000000326e200000) (1024K)]
  0x0000017673b4e990 WorkerThread "GC Thread#6"                     [id=7096, stack(0x000000326e200000,0x000000326e300000) (1024K)]
  0x0000017673b4ed30 WorkerThread "GC Thread#7"                     [id=2980, stack(0x000000326e300000,0x000000326e400000) (1024K)]
  0x0000017673a0c290 WorkerThread "GC Thread#8"                     [id=34984, stack(0x000000326e400000,0x000000326e500000) (1024K)]
  0x0000017673a0bef0 WorkerThread "GC Thread#9"                     [id=1812, stack(0x000000326e500000,0x000000326e600000) (1024K)]
  0x0000017673a0c9d0 WorkerThread "GC Thread#10"                    [id=23968, stack(0x000000326e600000,0x000000326e700000) (1024K)]
  0x0000017673a0cd70 WorkerThread "GC Thread#11"                    [id=38852, stack(0x000000326e700000,0x000000326e800000) (1024K)]
  0x0000017673a0d4b0 WorkerThread "GC Thread#12"                    [id=30880, stack(0x000000326db00000,0x000000326dc00000) (1024K)]
  0x000001760822e520 ConcurrentGCThread "G1 Main Marker"            [id=36936, stack(0x000000326bd00000,0x000000326be00000) (1024K)]
  0x000001760822e9e0 WorkerThread "G1 Conc#0"                       [id=40932, stack(0x000000326be00000,0x000000326bf00000) (1024K)]
  0x0000017673a0c630 WorkerThread "G1 Conc#1"                       [id=37652, stack(0x0000003274000000,0x0000003274100000) (1024K)]
  0x000001762dc1c9f0 WorkerThread "G1 Conc#2"                       [id=38336, stack(0x0000003274400000,0x0000003274500000) (1024K)]
  0x000001762a0af2a0 ConcurrentGCThread "G1 Refine#0"               [id=20888, stack(0x000000326bf00000,0x000000326c000000) (1024K)]
  0x000001762a0b16e0 ConcurrentGCThread "G1 Service"                [id=36220, stack(0x000000326c000000,0x000000326c100000) (1024K)]
Total: 21

Threads with active compile tasks:
Total: 0

VM state: not at safepoint (normal execution)

VM Mutex/Monitor currently owned by a thread: None

Heap address: 0x0000000604400000, size: 8124 MB, Compressed Oops mode: Zero based, Oop shift amount: 3

CDS archive(s) mapped at: [0x000001762e000000-0x000001762ec80000-0x000001762ec80000), size 13107200, SharedBaseAddress: 0x000001762e000000, ArchiveRelocationMode: 1.
Compressed class space mapped at: 0x000001762f000000-0x000001766f000000, reserved size: 1073741824
Narrow klass base: 0x000001762e000000, Narrow klass shift: 0, Narrow klass range: 0x100000000

GC Precious Log:
 CardTable entry size: 512
 Card Set container configuration: InlinePtr #cards 4 size 8 Array Of Cards #cards 32 size 80 Howl #buckets 8 coarsen threshold 7372 Howl Bitmap #cards 1024 size 144 coarsen threshold 921 Card regions per heap region 1 cards per card region 8192
 CPUs: 16 total, 16 available
 Memory: 32490M
 Large Page Support: Disabled
 NUMA Support: Disabled
 Compressed Oops: Enabled (Zero based)
 Heap Region Size: 4M
 Heap Min Capacity: 8M
 Heap Initial Capacity: 508M
 Heap Max Capacity: 8124M
 Pre-touch: Disabled
 Parallel Workers: 13
 Concurrent Workers: 3
 Concurrent Refinement Workers: 13
 Periodic GC: Disabled

Heap:
 garbage-first heap   total 102400K, used 54425K [0x0000000604400000, 0x0000000800000000)
  region size 4096K, 9 young (36864K), 2 survivors (8192K)
 Metaspace       used 28894K, committed 29376K, reserved 1114112K
  class space    used 3751K, committed 3968K, reserved 1048576K

Heap Regions: E=young(eden), S=young(survivor), O=old, HS=humongous(starts), HC=humongous(continues), CS=collection set, F=free, TAMS=top-at-mark-start, PB=parsable bottom
|   0|0x0000000604400000, 0x0000000604800000, 0x0000000604800000|100%| O|  |TAMS 0x0000000604400000| PB 0x0000000604400000| Untracked 
|   1|0x0000000604800000, 0x0000000604c00000, 0x0000000604c00000|100%| O|  |TAMS 0x0000000604800000| PB 0x0000000604800000| Untracked 
|   2|0x0000000604c00000, 0x0000000605000000, 0x0000000605000000|100%| O|  |TAMS 0x0000000604c00000| PB 0x0000000604c00000| Untracked 
|   3|0x0000000605000000, 0x00000006051266e0, 0x0000000605400000| 28%| O|  |TAMS 0x0000000605000000| PB 0x0000000605000000| Untracked 
|   4|0x0000000605400000, 0x0000000605800000, 0x0000000605800000|100%| O|  |TAMS 0x0000000605400000| PB 0x0000000605400000| Untracked 
|   5|0x0000000605800000, 0x0000000605c00000, 0x0000000605c00000|100%| O|  |TAMS 0x0000000605800000| PB 0x0000000605800000| Untracked 
|   6|0x0000000605c00000, 0x0000000606000000, 0x0000000606000000|100%| O|  |TAMS 0x0000000605c00000| PB 0x0000000605c00000| Untracked 
|   7|0x0000000606000000, 0x0000000606000000, 0x0000000606400000|  0%| F|  |TAMS 0x0000000606000000| PB 0x0000000606000000| Untracked 
|   8|0x0000000606400000, 0x0000000606400000, 0x0000000606800000|  0%| F|  |TAMS 0x0000000606400000| PB 0x0000000606400000| Untracked 
|   9|0x0000000606800000, 0x0000000606800000, 0x0000000606c00000|  0%| F|  |TAMS 0x0000000606800000| PB 0x0000000606800000| Untracked 
|  10|0x0000000606c00000, 0x0000000606c00000, 0x0000000607000000|  0%| F|  |TAMS 0x0000000606c00000| PB 0x0000000606c00000| Untracked 
|  11|0x0000000607000000, 0x0000000607400000, 0x0000000607400000|100%| S|CS|TAMS 0x0000000607000000| PB 0x0000000607000000| Complete 
|  12|0x0000000607400000, 0x0000000607800000, 0x0000000607800000|100%| S|CS|TAMS 0x0000000607400000| PB 0x0000000607400000| Complete 
|  13|0x0000000607800000, 0x0000000607800000, 0x0000000607c00000|  0%| F|  |TAMS 0x0000000607800000| PB 0x0000000607800000| Untracked 
|  14|0x0000000607c00000, 0x0000000607c00000, 0x0000000608000000|  0%| F|  |TAMS 0x0000000607c00000| PB 0x0000000607c00000| Untracked 
|  15|0x0000000608000000, 0x0000000608000000, 0x0000000608400000|  0%| F|  |TAMS 0x0000000608000000| PB 0x0000000608000000| Untracked 
|  16|0x0000000608400000, 0x0000000608400000, 0x0000000608800000|  0%| F|  |TAMS 0x0000000608400000| PB 0x0000000608400000| Untracked 
|  17|0x0000000608800000, 0x0000000608800000, 0x0000000608c00000|  0%| F|  |TAMS 0x0000000608800000| PB 0x0000000608800000| Untracked 
|  18|0x0000000608c00000, 0x0000000609000000, 0x0000000609000000|100%| E|  |TAMS 0x0000000608c00000| PB 0x0000000608c00000| Complete 
|  19|0x0000000609000000, 0x0000000609400000, 0x0000000609400000|100%| E|CS|TAMS 0x0000000609000000| PB 0x0000000609000000| Complete 
|  69|0x0000000615800000, 0x0000000615c00000, 0x0000000615c00000|100%| E|CS|TAMS 0x0000000615800000| PB 0x0000000615800000| Complete 
|  70|0x0000000615c00000, 0x0000000616000000, 0x0000000616000000|100%| E|CS|TAMS 0x0000000615c00000| PB 0x0000000615c00000| Complete 
|  71|0x0000000616000000, 0x0000000616400000, 0x0000000616400000|100%| E|  |TAMS 0x0000000616000000| PB 0x0000000616000000| Complete 
|  72|0x0000000616400000, 0x0000000616800000, 0x0000000616800000|100%| E|CS|TAMS 0x0000000616400000| PB 0x0000000616400000| Complete 
| 126|0x0000000623c00000, 0x0000000624000000, 0x0000000624000000|100%| E|CS|TAMS 0x0000000623c00000| PB 0x0000000623c00000| Complete 

Card table byte_map: [0x00000176210b0000,0x0000017622090000] _byte_map_base: 0x000001761e08e000

Marking Bits: (CMBitMap*) 0x000001760822d540
 Bits: [0x0000017622090000, 0x0000017629f80000)

Polling page: 0x0000017607930000

Metaspace:

Usage:
  Non-class:     24.55 MB used.
      Class:      3.66 MB used.
       Both:     28.22 MB used.

Virtual space:
  Non-class space:       64.00 MB reserved,      24.81 MB ( 39%) committed,  1 nodes.
      Class space:        1.00 GB reserved,       3.88 MB ( <1%) committed,  1 nodes.
             Both:        1.06 GB reserved,      28.69 MB (  3%) committed. 

Chunk freelists:
   Non-Class:  6.48 MB
       Class:  12.11 MB
        Both:  18.59 MB

MaxMetaspaceSize: unlimited
CompressedClassSpaceSize: 1.00 GB
Initial GC threshold: 21.00 MB
Current GC threshold: 35.12 MB
CDS: on
 - commit_granule_bytes: 65536.
 - commit_granule_words: 8192.
 - virtual_space_node_default_size: 8388608.
 - enlarge_chunks_in_place: 1.
 - use_allocation_guard: 0.


Internal statistics:

num_allocs_failed_limit: 3.
num_arena_births: 426.
num_arena_deaths: 0.
num_vsnodes_births: 2.
num_vsnodes_deaths: 0.
num_space_committed: 457.
num_space_uncommitted: 0.
num_chunks_returned_to_freelist: 3.
num_chunks_taken_from_freelist: 1255.
num_chunk_merges: 3.
num_chunk_splits: 850.
num_chunks_enlarged: 655.
num_inconsistent_stats: 0.

CodeHeap 'non-profiled nmethods': size=119168Kb used=5967Kb max_used=5967Kb free=113200Kb
 bounds [0x00000176183f0000, 0x00000176189d0000, 0x000001761f850000]
CodeHeap 'profiled nmethods': size=119104Kb used=14144Kb max_used=14144Kb free=104959Kb
 bounds [0x0000017610850000, 0x0000017611630000, 0x0000017617ca0000]
CodeHeap 'non-nmethods': size=7488Kb used=1985Kb max_used=3518Kb free=5502Kb
 bounds [0x0000017617ca0000, 0x00000176180b0000, 0x00000176183f0000]
 total_blobs=7799 nmethods=7017 adapters=686
 compilation: enabled
              stopped_count=0, restarted_count=0
 full_count=0

Compilation events (20 events):
Event: 996.302 Thread 0x000001762d0efe70 7010       3       sun.security.provider.SHA2::implReset (20 bytes)
Event: 996.302 Thread 0x000001762d0efe70 nmethod 7010 0x000001761161e510 code [0x000001761161e6c0, 0x000001761161e878]
Event: 996.319 Thread 0x000001762d0efe70 7011       1       sk.sivak.eldritchhorror.core.eventtype.data.encounter.Encounter::getUuid (5 bytes)
Event: 996.319 Thread 0x000001762d0efe70 nmethod 7011 0x00000176189bfc90 code [0x00000176189bfe20, 0x00000176189bfef0]
Event: 996.503 Thread 0x000001762d0ef030 7012       4       com.badlogic.gdx.scenes.scene2d.ui.Value$Fixed::<init> (10 bytes)
Event: 996.504 Thread 0x000001762d0ef030 nmethod 7012 0x00000176189bff90 code [0x00000176189c0120, 0x00000176189c01b0]
Event: 998.273 Thread 0x000001762d0efe70 7013       3       sk.sivak.eldritchhorror.core.view.utils.BackgroundUtils$$Lambda/0x000001762f363ab0::test (12 bytes)
Event: 998.273 Thread 0x000001762d0efe70 nmethod 7013 0x000001761161e910 code [0x000001761161eae0, 0x000001761161ee58]
Event: 998.273 Thread 0x000001762d0efe70 7014       3       sk.sivak.eldritchhorror.core.view.utils.BackgroundUtils::lambda$hideInvestigatorsNotOnThisLocation$11 (19 bytes)
Event: 998.274 Thread 0x000001762d0efe70 nmethod 7014 0x000001761161ef90 code [0x000001761161f140, 0x000001761161f328]
Event: 999.735 Thread 0x000001762d0efe70 7015       3       sk.sivak.eldritchhorror.core.view.components.combat.CombatOverviewTable::drawBackground (51 bytes)
Event: 999.736 Thread 0x000001762d0efe70 nmethod 7015 0x000001761161f490 code [0x000001761161f6e0, 0x000001761161fe40]
Event: 1002.002 Thread 0x000001762d0ef030 7016   !   4       rx.Single$11::onSuccess (25 bytes)
Event: 1002.010 Thread 0x000001762d0ef030 nmethod 7016 0x00000176189c0290 code [0x00000176189c0460, 0x00000176189c0a90]
Event: 1002.769 Thread 0x000001762d0ef030 7017       4       sk.sivak.eldritchhorror.core.view.draganddrop.impl.TargetActor::act (14 bytes)
Event: 1002.772 Thread 0x000001762d0ef030 nmethod 7017 0x00000176189c1010 code [0x00000176189c1240, 0x00000176189c1878]
Event: 1002.886 Thread 0x000001762d0ef030 7018       4       sk.sivak.eldritchhorror.core.view.draganddrop.impl.SourceTargetGroup::draw (75 bytes)
Event: 1002.898 Thread 0x000001762d0ef030 nmethod 7018 0x00000176189c1d10 code [0x00000176189c2060, 0x00000176189c3000]
Event: 1004.286 Thread 0x000001762d0ef030 7019       4       java.lang.Math::abs (11 bytes)
Event: 1004.286 Thread 0x000001762d0ef030 nmethod 7019 0x00000176189c3b90 code [0x00000176189c3d00, 0x00000176189c3d78]

GC Heap History (20 events):
Event: 3.110 GC heap before
{Heap before GC invocations=1 (full 0):
 garbage-first heap   total 520192K, used 33771K [0x0000000604400000, 0x0000000800000000)
  region size 4096K, 7 young (28672K), 1 survivors (4096K)
 Metaspace       used 11345K, committed 11520K, reserved 1114112K
  class space    used 1157K, committed 1216K, reserved 1048576K
}
Event: 3.112 GC heap after
{Heap after GC invocations=2 (full 0):
 garbage-first heap   total 520192K, used 7198K [0x0000000604400000, 0x0000000800000000)
  region size 4096K, 1 young (4096K), 1 survivors (4096K)
 Metaspace       used 11345K, committed 11520K, reserved 1114112K
  class space    used 1157K, committed 1216K, reserved 1048576K
}
Event: 7.683 GC heap before
{Heap before GC invocations=2 (full 0):
 garbage-first heap   total 520192K, used 72734K [0x0000000604400000, 0x0000000800000000)
  region size 4096K, 17 young (69632K), 1 survivors (4096K)
 Metaspace       used 12530K, committed 12800K, reserved 1114112K
  class space    used 1296K, committed 1408K, reserved 1048576K
}
Event: 7.685 GC heap after
{Heap after GC invocations=3 (full 0):
 garbage-first heap   total 520192K, used 8654K [0x0000000604400000, 0x0000000800000000)
  region size 4096K, 1 young (4096K), 1 survivors (4096K)
 Metaspace       used 12530K, committed 12800K, reserved 1114112K
  class space    used 1296K, committed 1408K, reserved 1048576K
}
Event: 24.121 GC heap before
{Heap before GC invocations=3 (full 0):
 garbage-first heap   total 520192K, used 221646K [0x0000000604400000, 0x0000000800000000)
  region size 4096K, 54 young (221184K), 1 survivors (4096K)
 Metaspace       used 21247K, committed 21504K, reserved 1114112K
  class space    used 2285K, committed 2432K, reserved 1048576K
}
Event: 24.127 GC heap after
{Heap after GC invocations=4 (full 0):
 garbage-first heap   total 520192K, used 18526K [0x0000000604400000, 0x0000000800000000)
  region size 4096K, 4 young (16384K), 4 survivors (16384K)
 Metaspace       used 21247K, committed 21504K, reserved 1114112K
  class space    used 2285K, committed 2432K, reserved 1048576K
}
Event: 160.672 GC heap before
{Heap before GC invocations=5 (full 0):
 garbage-first heap   total 81920K, used 71774K [0x0000000604400000, 0x0000000800000000)
  region size 4096K, 17 young (69632K), 4 survivors (16384K)
 Metaspace       used 25826K, committed 26240K, reserved 1114112K
  class space    used 3205K, committed 3392K, reserved 1048576K
}
Event: 160.680 GC heap after
{Heap after GC invocations=6 (full 0):
 garbage-first heap   total 102400K, used 22938K [0x0000000604400000, 0x0000000800000000)
  region size 4096K, 5 young (20480K), 5 survivors (20480K)
 Metaspace       used 25826K, committed 26240K, reserved 1114112K
  class space    used 3205K, committed 3392K, reserved 1048576K
}
Event: 282.525 GC heap before
{Heap before GC invocations=6 (full 0):
 garbage-first heap   total 102400K, used 63898K [0x0000000604400000, 0x0000000800000000)
  region size 4096K, 15 young (61440K), 5 survivors (20480K)
 Metaspace       used 26834K, committed 27264K, reserved 1114112K
  class space    used 3393K, committed 3584K, reserved 1048576K
}
Event: 282.533 GC heap after
{Heap after GC invocations=7 (full 0):
 garbage-first heap   total 102400K, used 25658K [0x0000000604400000, 0x0000000800000000)
  region size 4096K, 2 young (8192K), 2 survivors (8192K)
 Metaspace       used 26834K, committed 27264K, reserved 1114112K
  class space    used 3393K, committed 3584K, reserved 1048576K
}
Event: 467.205 GC heap before
{Heap before GC invocations=7 (full 0):
 garbage-first heap   total 102400K, used 78906K [0x0000000604400000, 0x0000000800000000)
  region size 4096K, 15 young (61440K), 2 survivors (8192K)
 Metaspace       used 28190K, committed 28608K, reserved 1114112K
  class space    used 3639K, committed 3840K, reserved 1048576K
}
Event: 467.208 GC heap after
{Heap after GC invocations=8 (full 0):
 garbage-first heap   total 102400K, used 25407K [0x0000000604400000, 0x0000000800000000)
  region size 4096K, 2 young (8192K), 2 survivors (8192K)
 Metaspace       used 28190K, committed 28608K, reserved 1114112K
  class space    used 3639K, committed 3840K, reserved 1048576K
}
Event: 634.106 GC heap before
{Heap before GC invocations=8 (full 0):
 garbage-first heap   total 102400K, used 78655K [0x0000000604400000, 0x0000000800000000)
  region size 4096K, 15 young (61440K), 2 survivors (8192K)
 Metaspace       used 28378K, committed 28736K, reserved 1114112K
  class space    used 3672K, committed 3840K, reserved 1048576K
}
Event: 634.110 GC heap after
{Heap after GC invocations=9 (full 0):
 garbage-first heap   total 102400K, used 29543K [0x0000000604400000, 0x0000000800000000)
  region size 4096K, 2 young (8192K), 2 survivors (8192K)
 Metaspace       used 28378K, committed 28736K, reserved 1114112K
  class space    used 3672K, committed 3840K, reserved 1048576K
}
Event: 726.645 GC heap before
{Heap before GC invocations=9 (full 0):
 garbage-first heap   total 102400K, used 82791K [0x0000000604400000, 0x0000000800000000)
  region size 4096K, 15 young (61440K), 2 survivors (8192K)
 Metaspace       used 28491K, committed 28992K, reserved 1114112K
  class space    used 3689K, committed 3904K, reserved 1048576K
}
Event: 726.649 GC heap after
{Heap after GC invocations=10 (full 0):
 garbage-first heap   total 102400K, used 28554K [0x0000000604400000, 0x0000000800000000)
  region size 4096K, 1 young (4096K), 1 survivors (4096K)
 Metaspace       used 28491K, committed 28992K, reserved 1114112K
  class space    used 3689K, committed 3904K, reserved 1048576K
}
Event: 804.754 GC heap before
{Heap before GC invocations=10 (full 0):
 garbage-first heap   total 102400K, used 81802K [0x0000000604400000, 0x0000000800000000)
  region size 4096K, 14 young (57344K), 1 survivors (4096K)
 Metaspace       used 28615K, committed 29056K, reserved 1114112K
  class space    used 3704K, committed 3904K, reserved 1048576K
}
Event: 804.757 GC heap after
{Heap after GC invocations=11 (full 0):
 garbage-first heap   total 102400K, used 29527K [0x0000000604400000, 0x0000000800000000)
  region size 4096K, 2 young (8192K), 2 survivors (8192K)
 Metaspace       used 28615K, committed 29056K, reserved 1114112K
  class space    used 3704K, committed 3904K, reserved 1048576K
}
Event: 899.884 GC heap before
{Heap before GC invocations=11 (full 0):
 garbage-first heap   total 102400K, used 78679K [0x0000000604400000, 0x0000000800000000)
  region size 4096K, 14 young (57344K), 2 survivors (8192K)
 Metaspace       used 28750K, committed 29184K, reserved 1114112K
  class space    used 3728K, committed 3904K, reserved 1048576K
}
Event: 899.889 GC heap after
{Heap after GC invocations=12 (full 0):
 garbage-first heap   total 102400K, used 33945K [0x0000000604400000, 0x0000000800000000)
  region size 4096K, 2 young (8192K), 2 survivors (8192K)
 Metaspace       used 28750K, committed 29184K, reserved 1114112K
  class space    used 3728K, committed 3904K, reserved 1048576K
}

Dll operation events (12 events):
Event: 0.016 Loaded shared library C:\Users\matus.sivak\.jdks\corretto-21.0.6\bin\java.dll
Event: 0.052 Loaded shared library C:\Users\matus.sivak\.jdks\corretto-21.0.6\bin\jsvml.dll
Event: 0.146 Loaded shared library C:\Users\matus.sivak\.jdks\corretto-21.0.6\bin\net.dll
Event: 0.148 Loaded shared library C:\Users\matus.sivak\.jdks\corretto-21.0.6\bin\nio.dll
Event: 0.279 Loaded shared library C:\Users\matus.sivak\.jdks\corretto-21.0.6\bin\zip.dll
Event: 1.599 Loaded shared library C:\Users\matus.sivak\.jdks\corretto-21.0.6\bin\jimage.dll
Event: 1.607 Loaded shared library C:\Users\matus.sivak\AppData\Local\Temp\libgdxmatus.sivak\12dfaa03\gdx64.dll
Event: 1.668 Loaded shared library C:\Users\matus.sivak\.jdks\corretto-21.0.6\bin\verify.dll
Event: 1.675 Loaded shared library C:\Users\matus.sivak\AppData\Local\Temp\libgdxmatus.sivak\dc0f0009\lwjgl64.dll
Event: 2.449 Loaded shared library C:\Users\matus.sivak\AppData\Local\Temp\libgdxmatus.sivak\a04a55a\gdx-freetype64.dll
Event: 15.023 Loaded shared library C:\Users\matus.sivak\.jdks\corretto-21.0.6\bin\sunmscapi.dll
Event: 15.252 Loaded shared library C:\Users\matus.sivak\.jdks\corretto-21.0.6\bin\extnet.dll

Deoptimization events (20 events):
Event: 902.971 Thread 0x000001762d9e6bd0 Uncommon trap: trap_request=0xffffff45 fr.pc=0x000001761890e9b8 relative=0x0000000000000338
Event: 902.971 Thread 0x000001762d9e6bd0 Uncommon trap: reason=unstable_if action=reinterpret pc=0x000001761890e9b8 method=com.badlogic.gdx.scenes.scene2d.ui.Image.layout()V @ 78 c2
Event: 902.971 Thread 0x000001762d9e6bd0 DEOPT PACKING pc=0x000001761890e9b8 sp=0x000000326d4fedd0
Event: 902.971 Thread 0x000001762d9e6bd0 DEOPT UNPACKING pc=0x0000017617cf7da2 sp=0x000000326d4fed50 mode 2
Event: 1019.286 Thread 0x000001762d9e6bd0 Uncommon trap: trap_request=0xffffff45 fr.pc=0x000001761895ff8c relative=0x000000000000106c
Event: 1019.286 Thread 0x000001762d9e6bd0 Uncommon trap: reason=unstable_if action=reinterpret pc=0x000001761895ff8c method=org.lwjgl.opengl.WindowsDisplay.doHandleMessage(JIJJJ)J @ 333 c2
Event: 1019.286 Thread 0x000001762d9e6bd0 DEOPT PACKING pc=0x000001761895ff8c sp=0x000000326d4fd4e0
Event: 1019.286 Thread 0x000001762d9e6bd0 DEOPT UNPACKING pc=0x0000017617cf7da2 sp=0x000000326d4fd458 mode 2
Event: 1019.389 Thread 0x000001762d9e6bd0 Uncommon trap: trap_request=0xffffff45 fr.pc=0x00000176187ba660 relative=0x00000000000002c0
Event: 1019.389 Thread 0x000001762d9e6bd0 Uncommon trap: reason=unstable_if action=reinterpret pc=0x00000176187ba660 method=com.badlogic.gdx.backends.lwjgl.audio.OpenALMusic.update()V @ 157 c2
Event: 1019.389 Thread 0x000001762d9e6bd0 DEOPT PACKING pc=0x00000176187ba660 sp=0x000000326d4ff320
Event: 1019.389 Thread 0x000001762d9e6bd0 DEOPT UNPACKING pc=0x0000017617cf7da2 sp=0x000000326d4ff248 mode 2
Event: 1019.394 Thread 0x000001762d9e6bd0 Uncommon trap: trap_request=0xffffff45 fr.pc=0x000001761873cbfc relative=0x00000000000001fc
Event: 1019.394 Thread 0x000001762d9e6bd0 Uncommon trap: reason=unstable_if action=reinterpret pc=0x000001761873cbfc method=com.badlogic.gdx.backends.lwjgl.audio.OpenALMusic.update()V @ 157 c2
Event: 1019.394 Thread 0x000001762d9e6bd0 DEOPT PACKING pc=0x000001761873cbfc sp=0x000000326d4ff2b0
Event: 1019.394 Thread 0x000001762d9e6bd0 DEOPT UNPACKING pc=0x0000017617cf7da2 sp=0x000000326d4ff240 mode 2
Event: 1019.440 Thread 0x000001762d9e6bd0 Uncommon trap: trap_request=0xffffff45 fr.pc=0x00000176187c9230 relative=0x0000000000000b10
Event: 1019.440 Thread 0x000001762d9e6bd0 Uncommon trap: reason=unstable_if action=reinterpret pc=0x00000176187c9230 method=org.lwjgl.opengl.WindowsDisplay.wasResized()Z @ 4 c2
Event: 1019.440 Thread 0x000001762d9e6bd0 DEOPT PACKING pc=0x00000176187c9230 sp=0x000000326d4ff2c0
Event: 1019.441 Thread 0x000001762d9e6bd0 DEOPT UNPACKING pc=0x0000017617cf7da2 sp=0x000000326d4ff248 mode 2

Classes loaded (20 events):
Event: 21.524 Loading class sun/security/ssl/Alert$Level
Event: 21.524 Loading class sun/security/ssl/Alert$Level done
Event: 21.527 Loading class java/net/SocketTimeoutException
Event: 21.527 Loading class java/net/SocketTimeoutException done
Event: 47.069 Loading class sun/reflect/generics/repository/FieldRepository
Event: 47.069 Loading class sun/reflect/generics/repository/FieldRepository done
Event: 47.070 Loading class sun/reflect/generics/tree/TypeVariableSignature
Event: 47.070 Loading class sun/reflect/generics/tree/TypeVariableSignature done
Event: 47.590 Loading class java/util/concurrent/PriorityBlockingQueue
Event: 47.591 Loading class java/util/concurrent/PriorityBlockingQueue done
Event: 56.745 Loading class java/lang/Math$RandomNumberGeneratorHolder
Event: 56.745 Loading class java/lang/Math$RandomNumberGeneratorHolder done
Event: 62.748 Loading class java/util/concurrent/ConcurrentLinkedQueue$Itr
Event: 62.749 Loading class java/util/concurrent/ConcurrentLinkedQueue$Itr done
Event: 300.119 Loading class java/lang/Class$EnclosingMethodInfo
Event: 300.119 Loading class java/lang/Class$EnclosingMethodInfo done
Event: 419.245 Loading class jdk/internal/math/FDBigInteger
Event: 419.245 Loading class jdk/internal/math/FDBigInteger done
Event: 558.233 Loading class java/util/ArrayList$SubList$1
Event: 558.233 Loading class java/util/ArrayList$SubList$1 done

Classes unloaded (0 events):
No events

Classes redefined (0 events):
No events

Internal exceptions (20 events):
Event: 269.848 Thread 0x000001762d9e6bd0 Exception <a 'java/lang/NoSuchMethodError'{0x000000060716a620}: 'void java.lang.invoke.DirectMethodHandle$Holder.invokeStatic(java.lang.Object, java.lang.Object, float)'> (0x000000060716a620) 
thrown [s\src\hotspot\share\interpreter\linkResolver.cpp, line 773]
Event: 353.973 Thread 0x000001762d9e6bd0 Exception <a 'java/lang/NoSuchMethodError'{0x0000000608aa92b8}: 'void java.lang.invoke.DirectMethodHandle$Holder.invokeSpecial(java.lang.Object, java.lang.Object, float, java.lang.Object)'> (0x0000000608aa92b8) 
thrown [s\src\hotspot\share\interpreter\linkResolver.cpp, line 773]
Event: 378.824 Thread 0x000001762d9e6bd0 Exception <a 'java/lang/NoSuchMethodError'{0x00000006084cd070}: 'java.lang.Object java.lang.invoke.DirectMethodHandle$Holder.newInvokeSpecial(java.lang.Object, java.lang.Object, java.lang.Object, float)'> (0x00000006084cd070) 
thrown [s\src\hotspot\share\interpreter\linkResolver.cpp, line 773]
Event: 378.824 Thread 0x000001762d9e6bd0 Exception <a 'java/lang/NoSuchMethodError'{0x00000006084d1210}: 'java.lang.Object java.lang.invoke.DirectMethodHandle$Holder.invokeSpecial(java.lang.Object, java.lang.Object, java.lang.Object, java.lang.Object, float)'> (0x00000006084d1210) 
thrown [s\src\hotspot\share\interpreter\linkResolver.cpp, line 773]
Event: 378.824 Thread 0x000001762d9e6bd0 Exception <a 'java/lang/NoSuchMethodError'{0x00000006084d4b68}: 'java.lang.Object java.lang.invoke.Invokers$Holder.linkToTargetMethod(java.lang.Object, java.lang.Object, float, java.lang.Object)'> (0x00000006084d4b68) 
thrown [s\src\hotspot\share\interpreter\linkResolver.cpp, line 773]
Event: 378.826 Thread 0x000001762d9e6bd0 Exception <a 'java/lang/NoSuchMethodError'{0x00000006084dc508}: 'void java.lang.invoke.DirectMethodHandle$Holder.invokeStatic(java.lang.Object, java.lang.Object, java.lang.Object, float)'> (0x00000006084dc508) 
thrown [s\src\hotspot\share\interpreter\linkResolver.cpp, line 773]
Event: 410.193 Thread 0x000001762d9e6bd0 Implicit null exception at 0x00000176188ce51f to 0x00000176188d1e24
Event: 410.193 Thread 0x000001762d9e6bd0 Implicit null exception at 0x00000176185eb5da to 0x00000176185eb669
Event: 410.193 Thread 0x000001762d9e6bd0 Implicit null exception at 0x00000176185eb95a to 0x00000176185eb9e9
Event: 410.193 Thread 0x000001762d9e6bd0 Implicit null exception at 0x000001761886fc87 to 0x00000176188745c8
Event: 419.229 Thread 0x000001762d9e6bd0 Exception <a 'java/lang/NoSuchMethodError'{0x0000000607c22990}: 'void java.lang.invoke.DirectMethodHandle$Holder.invokeStatic(java.lang.Object, java.lang.Object, java.lang.Object, int, java.lang.Object)'> (0x0000000607c22990) 
thrown [s\src\hotspot\share\interpreter\linkResolver.cpp, line 773]
Event: 419.230 Thread 0x000001762d9e6bd0 Exception <a 'java/lang/NoSuchMethodError'{0x0000000607c28cb8}: 'java.lang.Object java.lang.invoke.DirectMethodHandle$Holder.newInvokeSpecial(java.lang.Object, java.lang.Object, java.lang.Object, int, java.lang.Object)'> (0x0000000607c28cb8) 
thrown [s\src\hotspot\share\interpreter\linkResolver.cpp, line 773]
Event: 419.230 Thread 0x000001762d9e6bd0 Exception <a 'java/lang/NoSuchMethodError'{0x0000000607c2c9c0}: 'java.lang.Object java.lang.invoke.DirectMethodHandle$Holder.invokeSpecial(java.lang.Object, java.lang.Object, java.lang.Object, java.lang.Object, int, java.lang.Object)'> (0x0000000607c2c9c0) 
thrown [s\src\hotspot\share\interpreter\linkResolver.cpp, line 773]
Event: 419.230 Thread 0x000001762d9e6bd0 Exception <a 'java/lang/NoSuchMethodError'{0x0000000607c30240}: 'java.lang.Object java.lang.invoke.Invokers$Holder.linkToTargetMethod(java.lang.Object, java.lang.Object, int, java.lang.Object, java.lang.Object)'> (0x0000000607c30240) 
thrown [s\src\hotspot\share\interpreter\linkResolver.cpp, line 773]
Event: 419.300 Thread 0x000001762d9e6bd0 Exception <a 'java/lang/NoSuchMethodError'{0x0000000607ca1f38}: 'java.lang.Object java.lang.invoke.DirectMethodHandle$Holder.newInvokeSpecial(java.lang.Object, java.lang.Object, java.lang.Object, java.lang.Object, java.lang.Object, java.lang.Object, java.lang.Object, java.lang.Object)'> (0x0000000607ca1f38) 
thrown [s\src\hotspot\share\interpreter\linkResolver.cpp, line 773]
Event: 447.204 Thread 0x000001762d9e6bd0 Exception <a 'java/lang/NoSuchMethodError'{0x0000000607bac3f0}: 'java.lang.Object java.lang.invoke.DirectMethodHandle$Holder.newInvokeSpecial(java.lang.Object, java.lang.Object, java.lang.Object, java.lang.Object, java.lang.Object, float)'> (0x0000000607bac3f0) 
thrown [s\src\hotspot\share\interpreter\linkResolver.cpp, line 773]
Event: 447.204 Thread 0x000001762d9e6bd0 Exception <a 'java/lang/NoSuchMethodError'{0x0000000607bb0808}: 'java.lang.Object java.lang.invoke.DirectMethodHandle$Holder.invokeSpecial(java.lang.Object, java.lang.Object, java.lang.Object, java.lang.Object, java.lang.Object, java.lang.Object, float)'> (0x0000000607bb0808) 
thrown [s\src\hotspot\share\interpreter\linkResolver.cpp, line 773]
Event: 448.537 Thread 0x000001762d9e6bd0 Exception <a 'java/lang/NoSuchMethodError'{0x0000000607bf8308}: 'void java.lang.invoke.DirectMethodHandle$Holder.invokeStatic(java.lang.Object, java.lang.Object, java.lang.Object, java.lang.Object, java.lang.Object, java.lang.Object, java.lang.Object, java.lang.Object)'> (0x0000000607bf8308) 
thrown [s\src\hotspot\share\interpreter\linkResolver.cpp, line 773]
Event: 456.300 Thread 0x000001762d9e6bd0 Exception <a 'java/lang/NoSuchMethodError'{0x0000000607575640}: 'java.lang.Object java.lang.invoke.DirectMethodHandle$Holder.newInvokeSpecial(java.lang.Object, java.lang.Object, float, java.lang.Object)'> (0x0000000607575640) 
thrown [s\src\hotspot\share\interpreter\linkResolver.cpp, line 773]
Event: 902.939 Thread 0x000001762d9e6bd0 Implicit null exception at 0x000001761869685a to 0x00000176186968e9

ZGC Phase Switch (0 events):
No events

VM Operations (20 events):
Event: 933.822 Executing VM operation: Cleanup
Event: 933.822 Executing VM operation: Cleanup done
Event: 983.848 Executing VM operation: Cleanup
Event: 983.848 Executing VM operation: Cleanup done
Event: 991.851 Executing VM operation: Cleanup
Event: 991.851 Executing VM operation: Cleanup done
Event: 993.853 Executing VM operation: Cleanup
Event: 993.853 Executing VM operation: Cleanup done
Event: 996.854 Executing VM operation: Cleanup
Event: 996.854 Executing VM operation: Cleanup done
Event: 997.854 Executing VM operation: Cleanup
Event: 997.854 Executing VM operation: Cleanup done
Event: 999.855 Executing VM operation: Cleanup
Event: 999.855 Executing VM operation: Cleanup done
Event: 1000.855 Executing VM operation: Cleanup
Event: 1000.855 Executing VM operation: Cleanup done
Event: 1003.856 Executing VM operation: Cleanup
Event: 1003.856 Executing VM operation: Cleanup done
Event: 1007.860 Executing VM operation: Cleanup
Event: 1007.860 Executing VM operation: Cleanup done

Memory protections (0 events):
No events

Nmethod flushes (0 events):
No events

Events (20 events):
Event: 151.239 Thread 0x000001762d0efe70 Thread added: 0x00000176b4d45e10
Event: 152.192 Thread 0x00000176b4d45e10 Thread exited: 0x00000176b4d45e10
Event: 157.239 Thread 0x00000176739602a0 Thread exited: 0x00000176739602a0
Event: 204.225 Thread 0x000001762d0ef030 Thread added: 0x00000176b54aaef0
Event: 204.225 Thread 0x000001762d0ef030 Thread added: 0x00000176738c6480
Event: 204.821 Thread 0x00000176738c6480 Thread exited: 0x00000176738c6480
Event: 205.009 Thread 0x00000176b54aaef0 Thread exited: 0x00000176b54aaef0
Event: 205.195 Thread 0x000001762d9e6bd0 Thread added: 0x0000017673ce8620
Event: 265.668 Thread 0x000001762d0efe70 Thread added: 0x000001767dfd2010
Event: 271.678 Thread 0x000001767dfd2010 Thread exited: 0x000001767dfd2010
Event: 329.845 Thread 0x000001762d0efe70 Thread added: 0x000001767e038af0
Event: 332.092 Thread 0x000001767e038af0 Thread exited: 0x000001767e038af0
Event: 403.174 Thread 0x000001762d0efe70 Thread added: 0x000001762d9bb460
Event: 408.279 Thread 0x000001762d9bb460 Thread exited: 0x000001762d9bb460
Event: 542.759 Thread 0x0000017673ce8620 Thread exited: 0x0000017673ce8620
Event: 677.893 Thread 0x000001762d0efe70 Thread added: 0x00000176b4f96110
Event: 680.525 Thread 0x00000176b4f96110 Thread exited: 0x00000176b4f96110
Event: 695.056 Thread 0x000001762d9e6bd0 Thread added: 0x0000017673ce7900
Event: 842.764 Thread 0x0000017673ce7900 Thread exited: 0x0000017673ce7900
Event: 863.950 Thread 0x000001762d9e6bd0 Thread added: 0x0000017673ce9340


Dynamic libraries:
0x00007ff70df80000 - 0x00007ff70df8e000 	C:\Users\matus.sivak\.jdks\corretto-21.0.6\bin\java.exe
0x00007fff2c420000 - 0x00007fff2c686000 	C:\WINDOWS\SYSTEM32\ntdll.dll
0x00007fff2b9b0000 - 0x00007fff2ba79000 	C:\WINDOWS\System32\KERNEL32.DLL
0x00007fff29790000 - 0x00007fff29b8f000 	C:\WINDOWS\System32\KERNELBASE.dll
0x00007fff29630000 - 0x00007fff2977c000 	C:\WINDOWS\System32\ucrtbase.dll
0x00007ffee2bd0000 - 0x00007ffee2be8000 	C:\Users\matus.sivak\.jdks\corretto-21.0.6\bin\jli.dll
0x00007ffed3a10000 - 0x00007ffed3a2b000 	C:\Users\matus.sivak\.jdks\corretto-21.0.6\bin\VCRUNTIME140.dll
0x00007fff2a150000 - 0x00007fff2a316000 	C:\WINDOWS\System32\USER32.dll
0x00007fff06400000 - 0x00007fff06691000 	C:\WINDOWS\WinSxS\amd64_microsoft.windows.common-controls_6595b64144ccf1df_6.0.26100.8972_none_3e0da176e32f9d4b\COMCTL32.dll
0x00007fff2a060000 - 0x00007fff2a087000 	C:\WINDOWS\System32\win32u.dll
0x00007fff2c1e0000 - 0x00007fff2c289000 	C:\WINDOWS\System32\msvcrt.dll
0x00007fff2a320000 - 0x00007fff2a34b000 	C:\WINDOWS\System32\GDI32.dll
0x00007fff29f30000 - 0x00007fff2a059000 	C:\WINDOWS\System32\gdi32full.dll
0x00007fff29e80000 - 0x00007fff29f23000 	C:\WINDOWS\System32\msvcp_win.dll
0x00007fff2c2c0000 - 0x00007fff2c2f2000 	C:\WINDOWS\System32\IMM32.DLL
0x00007fff29260000 - 0x00007fff293b9000 	C:\Program Files\Avecto\Privilege Guard Client\PGHook.dll
0x00007fff2adf0000 - 0x00007fff2aeac000 	C:\WINDOWS\System32\ADVAPI32.dll
0x00007fff2bbf0000 - 0x00007fff2bc9a000 	C:\WINDOWS\System32\sechost.dll
0x00007fff2b520000 - 0x00007fff2b638000 	C:\WINDOWS\System32\RPCRT4.dll
0x0000000076a30000 - 0x0000000076aa3000 	C:\WINDOWS\System32\QIPCAP64.dll
0x00007fff2a4e0000 - 0x00007fff2ac68000 	C:\WINDOWS\System32\SHELL32.dll
0x00007fff2c040000 - 0x00007fff2c1d9000 	C:\WINDOWS\System32\ole32.dll
0x00007fff2bca0000 - 0x00007fff2c025000 	C:\WINDOWS\System32\combase.dll
0x00007fff2b380000 - 0x00007fff2b459000 	C:\WINDOWS\System32\OLEAUT32.dll
0x00007fff277a0000 - 0x00007fff278f8000 	C:\WINDOWS\SYSTEM32\DNSAPI.dll
0x00007fff284e0000 - 0x00007fff284ed000 	C:\WINDOWS\SYSTEM32\DSPARSE.dll
0x00007fff27760000 - 0x00007fff27793000 	C:\WINDOWS\SYSTEM32\IPHLPAPI.DLL
0x00007fff2aec0000 - 0x00007fff2aeca000 	C:\WINDOWS\System32\NSI.dll
0x00007fff20750000 - 0x00007fff2075c000 	C:\Users\matus.sivak\.jdks\corretto-21.0.6\bin\vcruntime140_1.dll
0x00007ffe86700000 - 0x00007ffe8678d000 	C:\Users\matus.sivak\.jdks\corretto-21.0.6\bin\msvcp140.dll
0x00007ffe253e0000 - 0x00007ffe2617f000 	C:\Users\matus.sivak\.jdks\corretto-21.0.6\bin\server\jvm.dll
0x00007fff2a450000 - 0x00007fff2a4d2000 	C:\WINDOWS\System32\WS2_32.dll
0x00007fff293e0000 - 0x00007fff2943e000 	C:\WINDOWS\SYSTEM32\POWRPROF.dll
0x00007fff1d860000 - 0x00007fff1d896000 	C:\WINDOWS\SYSTEM32\WINMM.dll
0x00007fff270f0000 - 0x00007fff270fb000 	C:\WINDOWS\SYSTEM32\VERSION.dll
0x00007fff293c0000 - 0x00007fff293d5000 	C:\WINDOWS\SYSTEM32\UMPDC.dll
0x00007fff28050000 - 0x00007fff2806b000 	C:\WINDOWS\SYSTEM32\kernel.appcore.dll
0x00007fff20720000 - 0x00007fff2072a000 	C:\Users\matus.sivak\.jdks\corretto-21.0.6\bin\jimage.dll
0x00007fff25b90000 - 0x00007fff25dd2000 	C:\WINDOWS\SYSTEM32\DBGHELP.DLL
0x00007ffefcfc0000 - 0x00007ffefcffb000 	C:\WINDOWS\SYSTEM32\dbgcore.DLL
0x00007fff29d30000 - 0x00007fff29ddc000 	C:\WINDOWS\System32\bcryptPrimitives.dll
0x00007ffece9d0000 - 0x00007ffece9ef000 	C:\Users\matus.sivak\.jdks\corretto-21.0.6\bin\java.dll
0x00007fff267e0000 - 0x00007fff2707b000 	C:\WINDOWS\SYSTEM32\windows.storage.dll
0x00007fff2a350000 - 0x00007fff2a449000 	C:\WINDOWS\System32\SHCORE.dll
0x00007fff2c360000 - 0x00007fff2c3c6000 	C:\WINDOWS\System32\shlwapi.dll
0x00007fff29550000 - 0x00007fff29579000 	C:\WINDOWS\SYSTEM32\profapi.dll
0x00007ffe66710000 - 0x00007ffe667e7000 	C:\Users\matus.sivak\.jdks\corretto-21.0.6\bin\jsvml.dll
0x00007fff03360000 - 0x00007fff03370000 	C:\Users\matus.sivak\.jdks\corretto-21.0.6\bin\net.dll
0x00007fff28070000 - 0x00007fff28198000 	C:\WINDOWS\SYSTEM32\WINHTTP.dll
0x00007fff28710000 - 0x00007fff2877c000 	C:\WINDOWS\system32\mswsock.dll
0x00007ffec6610000 - 0x00007ffec6626000 	C:\Users\matus.sivak\.jdks\corretto-21.0.6\bin\nio.dll
0x00007ffeca4a0000 - 0x00007ffeca4b8000 	C:\Users\matus.sivak\.jdks\corretto-21.0.6\bin\zip.dll
0x0000000065580000 - 0x0000000065616000 	C:\Users\matus.sivak\AppData\Local\Temp\libgdxmatus.sivak\12dfaa03\gdx64.dll
0x00007fff28b30000 - 0x00007fff28b4b000 	C:\WINDOWS\SYSTEM32\CRYPTSP.dll
0x00007fff27fb0000 - 0x00007fff27fe9000 	C:\WINDOWS\system32\rsaenh.dll
0x00007fff287c0000 - 0x00007fff287f2000 	C:\WINDOWS\SYSTEM32\USERENV.dll
0x00007fff29520000 - 0x00007fff2954a000 	C:\WINDOWS\SYSTEM32\bcrypt.dll
0x00007fff28b00000 - 0x00007fff28b0c000 	C:\WINDOWS\SYSTEM32\CRYPTBASE.dll
0x00007fff20900000 - 0x00007fff20910000 	C:\Users\matus.sivak\.jdks\corretto-21.0.6\bin\verify.dll
0x0000000180000000 - 0x0000000180053000 	C:\Users\matus.sivak\AppData\Local\Temp\libgdxmatus.sivak\dc0f0009\lwjgl64.dll
0x00007ffede0c0000 - 0x00007ffede1cc000 	C:\WINDOWS\SYSTEM32\OPENGL32.dll
0x00007ffede030000 - 0x00007ffede05d000 	C:\WINDOWS\SYSTEM32\GLU32.dll
0x00007fff25550000 - 0x00007fff25595000 	C:\WINDOWS\SYSTEM32\dxcore.dll
0x000001762dc40000 - 0x000001762dca4000 	C:\Users\MATUS~1.SIV\AppData\Local\Temp\libgdxmatus.sivak\dc0f0009\OpenAL64.dll
0x00007fff25470000 - 0x00007fff25518000 	C:\WINDOWS\system32\uxtheme.dll
0x00007fff2b460000 - 0x00007fff2b50e000 	C:\WINDOWS\System32\clbcatq.dll
0x00007ffe7e4f0000 - 0x00007ffe7e584000 	C:\WINDOWS\SYSTEM32\dsound.dll
0x00007ffe7e430000 - 0x00007ffe7e4e7000 	C:\WINDOWS\SYSTEM32\ResampleDmo.DLL
0x00007ffefd6d0000 - 0x00007ffefd707000 	C:\WINDOWS\SYSTEM32\winmmbase.dll
0x00007ffed7430000 - 0x00007ffed743e000 	C:\WINDOWS\SYSTEM32\msdmo.dll
0x00007fff290a0000 - 0x00007fff290f2000 	C:\WINDOWS\SYSTEM32\cfgmgr32.dll
0x00007ffefeac0000 - 0x00007ffefeb66000 	C:\WINDOWS\System32\MMDevApi.dll
0x00007fff29060000 - 0x00007fff2908f000 	C:\WINDOWS\System32\DEVOBJ.dll
0x00007ffefe3d0000 - 0x00007ffefe587000 	C:\WINDOWS\SYSTEM32\AUDIOSES.DLL
0x00007fff25f60000 - 0x00007fff25f74000 	C:\WINDOWS\SYSTEM32\resourcepolicyclient.dll
0x00007fff1d420000 - 0x00007fff1d4df000 	C:\WINDOWS\SYSTEM32\mscms.dll
0x00007fff14850000 - 0x00007fff148e2000 	C:\Windows\System32\Windows.Internal.Graphics.Display.DisplayColorManagement.dll
0x0000017674040000 - 0x000001767419d000 	C:\WINDOWS\System32\MSCTF.dll
0x00007fff0bc10000 - 0x00007fff0bd56000 	C:\WINDOWS\SYSTEM32\textinputframework.dll
0x00007fff24bc0000 - 0x00007fff24ceb000 	C:\WINDOWS\SYSTEM32\CoreMessaging.dll
0x00007fff1f710000 - 0x00007fff1f9f4000 	C:\WINDOWS\SYSTEM32\CoreUIComponents.dll
0x00007fff1f580000 - 0x00007fff1f6ea000 	C:\WINDOWS\SYSTEM32\wintypes.dll
0x00007fff20350000 - 0x00007fff203af000 	C:\WINDOWS\SYSTEM32\directxdatabasehelper.dll
0x00007fff12880000 - 0x00007fff1289f000 	C:\WINDOWS\SYSTEM32\windows.staterepositorycore.dll
0x00007ffdf7f10000 - 0x00007ffdf9462000 	C:\WINDOWS\System32\DriverStore\FileRepository\iigd_dch.inf_amd64_b20bdb7dfb36a7ef\igxelpicd64.dll
0x00007fff255a0000 - 0x00007fff256da000 	C:\WINDOWS\SYSTEM32\dxgi.dll
0x00007ffe83ff0000 - 0x00007ffe84013000 	C:\WINDOWS\SYSTEM32\d3d12.dll
0x00007fff25700000 - 0x00007fff2572f000 	C:\WINDOWS\system32\dwmapi.dll
0x00007ffe7a490000 - 0x00007ffe7a631000 	C:\WINDOWS\System32\DriverStore\FileRepository\iigd_dch.inf_amd64_b20bdb7dfb36a7ef\igdml64.dll
0x00007fff1cd80000 - 0x00007fff1d32b000 	C:\WINDOWS\System32\DriverStore\FileRepository\iigd_dch.inf_amd64_b20bdb7dfb36a7ef\igdgmm64.dll
0x00007ffef9e90000 - 0x00007ffef9edb000 	C:\WINDOWS\SYSTEM32\icm32.dll
0x00007fff17580000 - 0x00007fff1c834000 	C:\WINDOWS\System32\DriverStore\FileRepository\iigd_dch.inf_amd64_b20bdb7dfb36a7ef\igc64.dll
0x000000006a740000 - 0x000000006a7f1000 	C:\Users\matus.sivak\AppData\Local\Temp\libgdxmatus.sivak\a04a55a\gdx-freetype64.dll
0x00007fff208e0000 - 0x00007fff208ee000 	C:\Users\matus.sivak\.jdks\corretto-21.0.6\bin\sunmscapi.dll
0x00007fff29ba0000 - 0x00007fff29d1e000 	C:\WINDOWS\System32\CRYPT32.dll
0x00007fff28ca0000 - 0x00007fff28cd0000 	C:\WINDOWS\SYSTEM32\ncrypt.dll
0x00007fff28c50000 - 0x00007fff28c8f000 	C:\WINDOWS\SYSTEM32\NTASN1.dll
0x00007fff1d560000 - 0x00007fff1d56b000 	C:\Windows\System32\rasadhlp.dll
0x00007fff1ea30000 - 0x00007fff1eab6000 	C:\WINDOWS\System32\fwpuclnt.dll
0x00007fff208f0000 - 0x00007fff208f9000 	C:\Users\matus.sivak\.jdks\corretto-21.0.6\bin\extnet.dll
0x00007ffec7e60000 - 0x00007ffec7ee0000 	C:\WINDOWS\system32\Ninput.dll

dbghelp: loaded successfully - version: 4.0.5 - missing functions: none
symbol engine: initialized successfully - sym options: 0x614 - pdb path: .;C:\Users\matus.sivak\.jdks\corretto-21.0.6\bin;C:\WINDOWS\SYSTEM32;C:\WINDOWS\WinSxS\amd64_microsoft.windows.common-controls_6595b64144ccf1df_6.0.26100.8972_none_3e0da176e32f9d4b;C:\Program Files\Avecto\Privilege Guard Client;C:\Users\matus.sivak\.jdks\corretto-21.0.6\bin\server;C:\Users\matus.sivak\AppData\Local\Temp\libgdxmatus.sivak\12dfaa03;C:\Users\matus.sivak\AppData\Local\Temp\libgdxmatus.sivak\dc0f0009;C:\Users\MATUS~1.SIV\AppData\Local\Temp\libgdxmatus.sivak\dc0f0009;C:\WINDOWS\System32\DriverStore\FileRepository\iigd_dch.inf_amd64_b20bdb7dfb36a7ef;C:\Users\matus.sivak\AppData\Local\Temp\libgdxmatus.sivak\a04a55a

VM Arguments:
jvm_args: -Dfile.encoding=UTF-8 -Duser.country=US -Duser.language=en -Duser.variant 
java_command: sk.sivak.eldritchhorror.GameDesktop
java_class_path (initial): C:\WORK\Projects\Ancient Terror\desktop\build\classes\java\main;C:\WORK\Projects\Ancient Terror\desktop\build\resources\main;C:\WORK\Projects\Ancient Terror\core\entry\build\libs\Entry-1.0.jar;C:\Users\matus.sivak\.gradle\caches\modules-2\files-2.1\org.springframework.boot\spring-boot-starter-web\2.7.18\dd62ea85098187b4604e78dc15a7ff87dba173d\spring-boot-starter-web-2.7.18.jar;C:\Users\matus.sivak\.gradle\caches\modules-2\files-2.1\com.badlogicgames.gdx\gdx-backend-lwjgl\1.9.8\b7c138f14ed67ad830ae7597da3d86ae02b20eee\gdx-backend-lwjgl-1.9.8.jar;C:\Users\matus.sivak\.gradle\caches\modules-2\files-2.1\com.badlogicgames.gdx\gdx-platform\1.9.8\604a2ef2c7c92a5900114757cbd3fb4dcbb8270c\gdx-platform-1.9.8-natives-desktop.jar;C:\Users\matus.sivak\.gradle\caches\modules-2\files-2.1\com.badlogicgames.gdx\gdx-freetype-platform\1.9.8\b21a8def0c70ec49ea5e2658e788b7a9177399f8\gdx-freetype-platform-1.9.8-natives-desktop.jar;C:\WORK\Projects\Ancient Terror\core\initializer\build\libs\initializer-1.0.jar;C:\WORK\Projects\Ancient Terror\core\binder\binder-view-controller\build\libs\binder-view-controller-1.0.jar;C:\WORK\Projects\Ancient Terror\core\view\view-provider\view-provider-impl\build\libs\view-provider-impl-1.0.jar;C:\WORK\Projects\Ancient Terror\core\view\view-provider\view-provider-interface\build\libs\view-provider-interface-1.0.jar;C:\WORK\Projects\Ancient Terror\core\view\view-impl\build\libs\view-impl-1.0.jar;C:\WORK\Projects\Ancient Terror\core\skin-composer\build\libs\skin-composer-1.0.jar;C:\Users\matus.sivak\.gradle\caches\modules-2\files-2.1\com.badlogicgames.gdx\gdx-ai\1.8.1\a52367e373fe52f0d20f162cbf8711c38f002a25\gdx-ai-1.8.1.jar;C:\Users\matus.sivak\.gradle\caches\modules-2\files-2.1\com.badlogicgames.gdx\gdx-freetype\1.9.8\d92b5b8beab10e3b3c0dd836d4fc186f95e7ea4b\gdx-freetype-1.9.8.jar;C:\Users\matus.sivak\.gradle\caches\modules-2\files-2.1\com.kotcrab.vis\vis-ui\1.3.0\639741faa66a560197ee06a9412949402c831796\vis-ui-1.3.0.jar;C:\WORK\Projects\Ancient Terror\core\binder\binder-action\build\libs\binder-action-1.0.jar;C:\WORK\Projects\Ancient Terror\core\action\action-provider\action-provider-impl\build\libs\action-provider-impl-1.0.jar;C:\WORK\Projects\Ancient Terror\core\action\action-impl\build\libs\action-impl-1.0.jar;C:\WORK\Projects\Ancient Terror\core\binder\binder-controller-model\build\libs\binder-controller-model-1.0.jar;C:\WORK\Projects\Ancient Terror\core\controller\controller-provider\controller-provider-impl\build\libs\controller-provider-impl-1.0.jar;C:\WORK\Projects\Ancient Terror\core\controller\controller-provider\controller-provider-interface\build\libs\controller-provider-interface-1.0.jar;C:\WORK\Projects\Ancient Terror\core\controller\controller-impl\build\libs\controller-impl-1.0.jar;C:\WORK\Projects\Ancient Terror\core\controller\controller-interface\build\libs\controller-interface-1.0.jar;C:\WORK\Projects\Ancient Terror\core\view\view-interface\build\libs\view-interface-1.0.jar;C:\WORK\Projects\Ancient Terror\core\model\model-provider\model-provider-impl\build\libs\model-provider-impl-1.0.jar;C:\WORK\Projects\Ancient Terror\core\model\model-provider\model-provider-interface\build\libs\model-provider-interface-1.0.jar;C:\WORK\Projects\Ancient Terror\core\model\model-impl\build\libs\model-impl-1.0.jar;C:\WORK\Projects\Ancient Terror\core\model\model-write\build\libs\model-write-1.0.jar;C:\WORK\Projects\Ancient Terror\core\binder\binder-event-listener\build\libs\binder-event-listener-1.0.jar;C:\WORK\Projects\Ancient Terror\core\event-listener\event-listener-provider\event-listener-provider-impl\build\libs\event-listener-provider-impl-1.0.jar;C:\WORK\Projects\Ancient Terror\core\event-listener\event-listener-provider\event-listener-provider-interface\build\libs\event-listener-provider-interface-1.0.jar;C:\WORK\Projects\Ancient Terror\core\event-listener\event-listener-impl\build\libs\event-listener-impl-1.0.jar;C:\WORK\Projects\Ancient Terror\core\model\model-read\build\libs\model-read-1.0.jar;C:\WORK\Projects\Ancient Terror\core\binder\binder-service\build\libs\binder-service-1.0.jar;C:\WORK\Projects\Ancient Terror\core\service\service-provider\service-provider-impl\build\libs\service-provider-impl-1.0.jar;C:\WORK\Projects\Ancient Terror\core\service\service-provider\service-provider-interface\build\libs\service-provider-interface-1.0.jar;C:\WORK\Projects\Ancient Terror\core\service\service-impl\build\libs\service-impl-1.0.jar;C:\WORK\Projects\Ancient Terror\core\action\action-provider\action-provider-interface\build\libs\action-provider-interface-1.0.jar;C:\WORK\Projects\Ancient Terror\core\action\action-interface\build\libs\action-interface-1.0.jar;C:\WORK\Projects\Ancient Terror\core\event-queue\event-queue-provider\event-queue-provider-impl\build\libs\event-queue-provider-impl-1.0.jar;C:\WORK\Projects\Ancient Terror\core\event-queue\event-queue-provider\event-queue-provider-interface\build\libs\event-queue-provider-interface-1.0.jar;C:\WORK\Projects\Ancient Terror\core\event-queue\event-queue-impl\build\libs\event-queue-impl-1.0.jar;C:\WORK\Projects\Ancient Terror\core\event-queue\event-queue-write\build\libs\event-queue-write-1.0.jar;C:\WORK\Projects\Ancient Terror\core\event-queue\event-queue-read\build\libs\event-queue-read-1.0.jar;C:\WORK\Projects\Ancient Terror\core\service\service-interface\build\libs\service-interface-1.0.jar;C:\WORK\Projects\Ancient Terror\core\event-type\build\libs\event-type-1.0.jar;C:\WORK\Projects\Ancient Terror\core\constants\build\libs\constants-1.0.jar;C:\Users\matus.sivak\.gradle\caches\modules-2\files-2.1\com.badlogicgames.gdxpay\gdx-pay-client\1.3.13\7ee97c4ea70bb172bd7d7ae80d79d50abe94e4da\gdx-pay-client-1.3.13.jar;C:\Users\matus.sivak\.gradle\caches\modules-2\files-2.1\com.badlogicgames.gdx\gdx\1.9.8\a35a0076fbce873f9c2d5a1a1c8066244231bb3c\gdx-1.9.8.jar;C:\Users\matus.sivak\.gradle\caches\modules-2\files-2.1\javax.mail\mail\1.5.0-b01\c128515e42609622ce3f7dc0b431026d80bdb688\mail-1.5.0-b01.jar;C:\Users\matus.sivak\.gradle\caches\modules-2\files-2.1\org.springframework.boot\spring-boot-starter-json\2.7.18\b6d9ed5cae0c1929a9e561bf4799a3dc93a10db1\spring-boot-starter-json-2.7.18.jar;C:\Users\matus.sivak\.gradle\caches\modules-2\files-2.1\org.springframework.boot\spring-boot-starter\2.7.18\e56b75105f9ace6df154fd47eeeeadc2f5791e56\spring-boot-starter-2.7.18.jar;C:\Users\matus.sivak\.gradle\caches\modules-2\files-2.1\org.springframework.boot\spring-boot-starter-tomcat\2.7.18\c56e50e006448e75a8bde595dbc754ba294389af\spring-boot-starter-tomcat-2.7.18.jar;C:\Users\matus.sivak\.gradle\caches\modules-2\files-2.1\org.springframework\spring-webmvc\5.3.31\45754d056effe8257a012f6b98ed5454cf1e8960\spring-webmvc-5.3.31.jar;C:\Users\matus.sivak\.gradle\caches\modules-2\files-2.1\org.springframework\spring-web\5.3.31\3bf73c385a1f2f4a0d482149d6a205e854cec497\spring-web-5.3.31.jar;C:\Users\matus.sivak\.gradle\caches\modules-2\files-2.1\org.lwjgl.lwjgl\lwjgl_util\2.9.2\4b9e37300a87799856e0bd15ed81663cdb6b0947\lwjgl_util-2.9.2.jar;C:\Users\matus.sivak\.gradle\caches\modules-2\files-2.1\org.lwjgl.lwjgl\lwjgl\2.9.2\a9d80fe5935c7a9149f6584d9777cfd471f65489\lwjgl-2.9.2.jar;C:\Users\matus.sivak\.gradle\caches\modules-2\files-2.1\com.badlogicgames.jlayer\jlayer\1.0.1-gdx\7cca83cec5c1b2f011362f4d85aabd71a73b049d\jlayer-1.0.1-gdx.jar;C:\Users\matus.sivak\.gradle\caches\modules-2\files-2.1\org.jcraft\jorbis\0.0.17\8872d22b293e8f5d7d56ff92be966e6dc28ebdc6\jorbis-0.0.17.jar;C:\WORK\Projects\Ancient Terror\core\command-queue\command-queue-impl\build\libs\command-queue-impl-1.0.jar;C:\Users\matus.sivak\.gradle\caches\modules-2\files-2.1\javax.activation\activation\1.1\e6cb541461c2834bdea3eb920f1884d1eb508b50\activation-1.1.jar;C:\Users\matus.sivak\.gradle\caches\modules-2\files-2.1\org.springframework.boot\spring-boot-autoconfigure\2.7.18\9cf147c6ca274c75b32556acdcba5a1de081ebcd\spring-boot-autoconfigure-2.7.18.jar;C:\Users\matus.sivak\.gradle\caches\modules-2\files-2.1\org.springframework.boot\spring-boot\2.7.18\f6dbdd8da7c2bded63dff9b1f48d01a4923f20a0\spring-boot-2.7.18.jar;C:\Users\matus.sivak\.gradle\caches\modules-2\files-2.1\org.springframework.boot\spring-boot-starter-logging\2.7.18\19f7c255ba5255116f58c3bbaf52c7b88ea6af3e\spring-boot-starter-logging-2.7.18.jar;C:\Users\matus.sivak\.gradle\caches\modules-2\files-2.1\jakarta.annotation\jakarta.annotation-api\1.3.5\59eb84ee0d616332ff44aba065f3888cf002cd2d\jakarta.annotation-api-1.3.5.jar;C:\Users\matus.sivak\.gradle\caches\modules-2\files-2.1\org.springframework\spring-context\5.3.31\a2d6e76507f037ad835e8c2288dfedf28981999f\spring-context-5.3.31.jar;C:\Users\matus.sivak\.gradle\caches\modules-2\files-2.1\org.springframework\spring-aop\5.3.31\3be929dbdb5f4516919ad09a3d3720d779bb65d9\spring-aop-5.3.31.jar;C:\Users\matus.sivak\.gradle\caches\modules-2\files-2.1\org.springframework\spring-beans\5.3.31\d27258849071b3b268ecc388eca35bbfcc586448\spring-beans-5.3.31.jar;C:\Users\matus.sivak\.gradle\caches\modules-2\files-2.1\org.springframework\spring-expression\5.3.31\55637af1b186d1008890980c2876c5fc83599756\spring-expression-5.3.31.jar;C:\Users\matus.sivak\.gradle\caches\modules-2\files-2.1\org.springframework\spring-core\5.3.31\368e76f732a3c331b970f69cafec1525d27b34d3\spring-core-5.3.31.jar;C:\Users\matus.sivak\.gradle\caches\modules-2\files-2.1\org.yaml\snakeyaml\1.30\8fde7fe2586328ac3c68db92045e1c8759125000\snakeyaml-1.30.jar;C:\Users\matus.sivak\.gradle\caches\modules-2\files-2.1\com.fasterxml.jackson.datatype\jackson-datatype-jsr310\2.13.5\8ba3b868e81d7fc6ead686bd2353859b111d9eaf\jackson-datatype-jsr310-2.13.5.jar;C:\Users\matus.sivak\.gradle\caches\modules-2\files-2.1\com.fasterxml.jackson.module\jackson-module-parameter-names\2.13.5\a401a99e7a45450fd3ef76e82ba39005fd1a8c22\jackson-module-parameter-names-2.13.5.jar;C:\Users\matus.sivak\.gradle\caches\modules-2\files-2.1\com.fasterxml.jackson.core\jackson-annotations\2.13.5\136f77ab424f302c9e27230b4482e8000e142edf\jackson-annotations-2.13.5.jar;C:\Users\matus.sivak\.gradle\caches\modules-2\files-2.1\com.fasterxml.jackson.core\jackson-core\2.13.5\d07c97d3de9ea658caf1ff1809fd9de930a286a\jackson-core-2.13.5.jar;C:\Users\matus.sivak\.gradle\caches\modules-2\files-2.1\com.fasterxml.jackson.datatype\jackson-datatype-jdk8\2.13.5\1278f38160812811c56eb77f67213662ed1c7a2e\jackson-datatype-jdk8-2.13.5.jar;C:\Users\matus.sivak\.gradle\caches\modules-2\files-2.1\com.fasterxml.jackson.core\jackson-databind\2.13.5\aa95e46dbc32454f3983221d420e78ef19ddf844\jackson-databind-2.13.5.jar;C:\Users\matus.sivak\.gradle\caches\modules-2\files-2.1\org.apache.tomcat.embed\tomcat-embed-websocket\9.0.83\9af4b7450296bb4eff93b2ee3e52ab69d07512e4\tomcat-embed-websocket-9.0.83.jar;C:\Users\matus.sivak\.gradle\caches\modules-2\files-2.1\org.apache.tomcat.embed\tomcat-embed-core\9.0.83\d771e4343b0515c67dab2a09fe02f5d47550153f\tomcat-embed-core-9.0.83.jar;C:\Users\matus.sivak\.gradle\caches\modules-2\files-2.1\org.apache.tomcat.embed\tomcat-embed-el\9.0.83\b0cdada70099c25f45fceb48e1ebce60d138a5ce\tomcat-embed-el-9.0.83.jar;C:\Users\matus.sivak\.gradle\caches\modules-2\files-2.1\org.lwjgl.lwjgl\lwjgl-platform\2.9.2\510c7d317f5e9e700b9cfaac5fd38bdebf0702e0\lwjgl-platform-2.9.2-natives-windows.jar;C:\Users\matus.sivak\.gradle\caches\modules-2\files-2.1\org.lwjgl.lwjgl\lwjgl-platform\2.9.2\d276cdf61fe2b516c7b7f4aa1b8dea91dbdc8d56\lwjgl-platform-2.9.2-natives-linux.jar;C:\Users\matus.sivak\.gradle\caches\modules-2\files-2.1\org.lwjgl.lwjgl\lwjgl-platform\2.9.2\d55b46b40b40249d627a83a7f7f22649709d70c3\lwjgl-platform-2.9.2-natives-osx.jar;C:\Users\matus.sivak\.gradle\caches\modules-2\files-2.1\net.java.jinput\jinput\2.0.5\39c7796b469a600f72380316f6b1f11db6c2c7c4\jinput-2.0.5.jar;C:\WORK\Projects\Ancient Terror\core\command-queue\command-queue-interface\build\libs\command-queue-interface-1.0.jar;C:\Users\matus.sivak\.gradle\caches\modules-2\files-2.1\ch.qos.reload4j\reload4j\1.2.26\f9a29cea570c15844d2ec98bf8e2e523017a6a53\reload4j-1.2.26.jar;C:\Users\matus.sivak\.gradle\caches\modules-2\files-2.1\ch.qos.logback\logback-classic\1.2.12\d4dee19148dccb177a0736eb2027bd195341da78\logback-classic-1.2.12.jar;C:\Users\matus.sivak\.gradle\caches\modules-2\files-2.1\org.apache.logging.log4j\log4j-to-slf4j\2.17.2\17dd0fae2747d9a28c67bc9534108823d2376b46\log4j-to-slf4j-2.17.2.jar;C:\Users\matus.sivak\.gradle\caches\modules-2\files-2.1\org.slf4j\jul-to-slf4j\1.7.36\ed46d81cef9c412a88caef405b58f93a678ff2ca\jul-to-slf4j-1.7.36.jar;C:\Users\matus.sivak\.gradle\caches\modules-2\files-2.1\org.springframework\spring-jcl\5.3.31\e7ab9ee590a195415dd6b898440d776b4c8db78c\spring-jcl-5.3.31.jar;C:\Users\matus.sivak\.gradle\caches\modules-2\files-2.1\net.java.jutils\jutils\1.0.0\e12fe1fda814bd348c1579329c86943d2cd3c6a6\jutils-1.0.0.jar;C:\Users\matus.sivak\.gradle\caches\modules-2\files-2.1\net.java.jinput\jinput-platform\2.0.5\7ff832a6eb9ab6a767f1ade2b548092d0fa64795\jinput-platform-2.0.5-natives-linux.jar;C:\Users\matus.sivak\.gradle\caches\modules-2\files-2.1\net.java.jinput\jinput-platform\2.0.5\385ee093e01f587f30ee1c8a2ee7d408fd732e16\jinput-platform-2.0.5-natives-windows.jar;C:\Users\matus.sivak\.gradle\caches\modules-2\files-2.1\net.java.jinput\jinput-platform\2.0.5\53f9c919f34d2ca9de8c51fc4e1e8282029a9232\jinput-platform-2.0.5-natives-osx.jar;C:\WORK\Projects\Ancient Terror\java8-features\build\libs\java8-features-1.0.jar;C:\Users\matus.sivak\.gradle\caches\modules-2\files-2.1\io.reactivex\rxjava\1.3.0\af000bec2036a2a9d07197c4b03b8966bfc60b03\rxjava-1.3.0.jar;C:\Users\matus.sivak\.gradle\caches\modules-2\files-2.1\junit\junit\4.12\2973d150c0dc1fefe998f834810d68f278ea58ec\junit-4.12.jar;C:\Users\matus.sivak\.gradle\caches\modules-2\files-2.1\ch.qos.logback\logback-core\1.2.12\1d8e51a698b138065d73baefb4f94531faa323cb\logback-core-1.2.12.jar;C:\Users\matus.sivak\.m2\repository\org\slf4j\slf4j-api\1.7.36\slf4j-api-1.7.36.jar;C:\Users\matus.sivak\.gradle\caches\modules-2\files-2.1\org.apache.logging.log4j\log4j-api\2.17.2\f42d6afa111b4dec5d2aea0fe2197240749a4ea6\log4j-api-2.17.2.jar;C:\Users\matus.sivak\.gradle\caches\modules-2\files-2.1\com.rafaskoberg.gdx\typing-label\1.0.4\45dddf6ddba01c056f1742133c4030ce34dde488\typing-label-1.0.4.jar;C:\Users\matus.sivak\.m2\repository\org\hamcrest\hamcrest-core\1.3\hamcrest-core-1.3.jar;C:\Users\matus.sivak\.gradle\caches\modules-2\files-2.1\com.badlogicgames.gdxpay\gdx-pay\1.3.13\a0bd1fbf1489e66ab2681529ccad389762ad6f95\gdx-pay-1.3.13.jar;C:\Users\matus.sivak\.m2\repository\com\google\code\findbugs\jsr305\3.0.2\jsr305-3.0.2.jar
Launcher Type: SUN_STANDARD

[Global flags]
     intx CICompilerCount                          = 12                                        {product} {ergonomic}
     uint ConcGCThreads                            = 3                                         {product} {ergonomic}
     uint G1ConcRefinementThreads                  = 13                                        {product} {ergonomic}
   size_t G1HeapRegionSize                         = 4194304                                   {product} {ergonomic}
    uintx GCDrainStackTargetSize                   = 64                                        {product} {ergonomic}
   size_t InitialHeapSize                          = 532676608                                 {product} {ergonomic}
   size_t MarkStackSize                            = 4194304                                   {product} {ergonomic}
   size_t MaxHeapSize                              = 8518631424                                {product} {ergonomic}
   size_t MaxNewSize                               = 5108662272                                {product} {ergonomic}
   size_t MinHeapDeltaBytes                        = 4194304                                   {product} {ergonomic}
   size_t MinHeapSize                              = 8388608                                   {product} {ergonomic}
    uintx NonNMethodCodeHeapSize                   = 7602480                                {pd product} {ergonomic}
    uintx NonProfiledCodeHeapSize                  = 122027880                              {pd product} {ergonomic}
    uintx ProfiledCodeHeapSize                     = 122027880                              {pd product} {ergonomic}
    uintx ReservedCodeCacheSize                    = 251658240                              {pd product} {ergonomic}
     bool SegmentedCodeCache                       = true                                      {product} {ergonomic}
   size_t SoftMaxHeapSize                          = 8518631424                             {manageable} {ergonomic}
     bool UseCompressedOops                        = true                           {product lp64_product} {ergonomic}
     bool UseG1GC                                  = true                                      {product} {ergonomic}
     bool UseLargePagesIndividualAllocation        = false                                  {pd product} {ergonomic}

Logging:
Log output configuration:
 #0: stdout all=warning uptime,level,tags foldmultilines=false
 #1: stderr all=off uptime,level,tags foldmultilines=false

Environment Variables:
JAVA_HOME=C:\Users\matus.sivak\.jdks\corretto-21.0.6
PATH=C:\Program Files\Microsoft SDKs\Azure\CLI2\wbin;C:\windows\system32;C:\windows;C:\windows\System32\Wbem;C:\windows\System32\WindowsPowerShell\v1.0\;C:\windows\System32\OpenSSH\;C:\Program Files (x86)\Pulse Secure\VC142.CRT\X64\;C:\Program Files (x86)\Pulse Secure\VC142.CRT\X86\;C:\Users\matus.sivak\.jdks\openjdk-25.0.2\bin;C:\WORK\Tools\apache-maven-3.9.1\bin;C:\Program Files\PuTTY\;C:\Program Files (x86)\Microsoft SQL Server\160\DTS\Binn\;C:\Program Files\Azure Data Studio\bin;C:\Program Files (x86)\NVIDIA Corporation\PhysX\Common;C:\WINDOWS\system32;C:\WINDOWS;C:\WINDOWS\System32\Wbem;C:\WINDOWS\System32\WindowsPowerShell\v1.0\;C:\WINDOWS\System32\OpenSSH\;C:\Program Files\dotnet\;C:\Users\matus.sivak\AppData\Local\Programs\Python\Python314\Scripts\;C:\Users\matus.sivak\AppData\Local\Programs\Python\Python314\;C:\Users\matus.sivak\AppData\Local\Programs\Python\Launcher\;C:\Users\matus.sivak\AppData\Local\Microsoft\WindowsApps;C:\Users\matus.sivak\AppData\Local\Programs\IntelliJ IDEA 2025.3.1.1\bin;C:\Program Files\Azure Data Studio\bin;C:\Users\matus.sivak\.dotnet\tools;C:\WORK\Projects\EntriX\docker;C:\Program Files (x86)\Nmap;C:\Users\matus.sivak\AppData\Local\Programs\Git\cmd;
USERNAME=matus.sivak
OS=Windows_NT
PROCESSOR_IDENTIFIER=Intel64 Family 6 Model 141 Stepping 1, GenuineIntel
TMP=C:\Users\MATUS~1.SIV\AppData\Local\Temp
TEMP=C:\Users\MATUS~1.SIV\AppData\Local\Temp




Periodic native trim disabled

---------------  S Y S T E M  ---------------

OS:
 Windows 11 , 64 bit Build 26100 (10.0.26100.9168)
OS uptime: 1 days 0:13 hours
Hyper-V role detected

CPU: total 16 (initial active 16) (8 cores per cpu, 2 threads per core) family 6 model 141 stepping 1 microcode 0x56, cx8, cmov, fxsr, ht, mmx, 3dnowpref, sse, sse2, sse3, ssse3, sse4.1, sse4.2, popcnt, lzcnt, tsc, tscinvbit, avx, avx2, aes, erms, clmul, bmi1, bmi2, adx, avx512f, avx512dq, avx512cd, avx512bw, avx512vl, sha, fma, vzeroupper, avx512_vpopcntdq, avx512_vpclmulqdq, avx512_vaes, avx512_vnni, clflush, clflushopt, clwb, avx512_vbmi2, avx512_vbmi, hv, rdtscp, rdpid, fsrm, gfni, avx512_bitalg, f16c, cet_ibt, cet_ss, avx512_ifma
Processor Information for the first 16 processors :
  Max Mhz: 2496, Current Mhz: 2496, Mhz Limit: 2496

Memory: 4k page, system-wide physical 32490M (7578M free)
TotalPageFile size 45788M (AvailPageFile size 7481M)
current process WorkingSet (physical memory assigned to process): 1561M, peak: 1561M
current process commit charge ("private bytes"): 1558M, peak: 1741M

vm_info: OpenJDK 64-Bit Server VM (21.0.6+7-LTS) for windows-amd64 JRE (21.0.6+7-LTS), built on 2025-01-07T23:42:01Z by "Administrator" with MS VC++ 16.10 / 16.11 (VS2019)

END.
