#
# A fatal error has been detected by the Java Runtime Environment:
#
#  EXCEPTION_ACCESS_VIOLATION (0xc0000005) at pc=0x00007ffe1d654982, pid=7460, tid=10948
#
# JRE version: OpenJDK Runtime Environment Corretto-21.0.6.7.1 (21.0.6+7) (build 21.0.6+7-LTS)
# Java VM: OpenJDK 64-Bit Server VM Corretto-21.0.6.7.1 (21.0.6+7-LTS, mixed mode, sharing, tiered, compressed oops, compressed class ptrs, g1 gc, windows-amd64)
# Problematic frame:
# C  [igxelpicd64.dll+0x324982]
#
# No core dump will be written. Minidumps are not enabled by default on client versions of Windows
#
# If you would like to submit a bug report, please visit:
#   https://github.com/corretto/corretto-21/issues/
# The crash happened outside the Java Virtual Machine in native code.
# See problematic frame for where to report the bug.
#

---------------  S U M M A R Y ------------

Command Line: -Dfile.encoding=UTF-8 -Duser.country=US -Duser.language=en -Duser.variant sk.sivak.eldritchhorror.GameDesktop

Host: 11th Gen Intel(R) Core(TM) i7-11850H @ 2.50GHz, 16 cores, 31G,  Windows 11 , 64 bit Build 26100 (10.0.26100.9168)
Time: Fri Sep 11 18:29:10 2026 Central Europe Daylight Time elapsed time: 1705.436017 seconds (0d 0h 28m 25s)

---------------  T H R E A D  ---------------

Current thread (0x0000023b5899db70):  JavaThread "LWJGL Application"        [_thread_in_native, id=10948, stack(0x0000005d6c500000,0x0000005d6c600000) (1024K)]

Stack: [0x0000005d6c500000,0x0000005d6c600000],  sp=0x0000005d6c5f8b30,  free space=994k
Native frames: (J=compiled Java code, j=interpreted, Vv=VM code, C=native code)
C  [igxelpicd64.dll+0x324982]

Java frames: (J=compiled Java code, j=interpreted, Vv=VM code)
J 2137  org.lwjgl.opengl.GL11.nglDrawElements(IIIJJ)V (0 bytes) @ 0x0000023b07c8972f [0x0000023b07c896c0+0x000000000000006f]
J 3169 c2 com.badlogic.gdx.graphics.Mesh.render(Lcom/badlogic/gdx/graphics/glutils/ShaderProgram;III)V (14 bytes) @ 0x0000023b07d16884 [0x0000023b07d16620+0x0000000000000264]
J 5296 c2 com.badlogic.gdx.graphics.g2d.SpriteBatch.flush()V (193 bytes) @ 0x0000023b07fbd824 [0x0000023b07fbd400+0x0000000000000424]
J 5980 c2 com.badlogic.gdx.scenes.scene2d.ui.Image.draw(Lcom/badlogic/gdx/graphics/g2d/Batch;F)V (200 bytes) @ 0x0000023b0808efd0 [0x0000023b0808ec40+0x0000000000000390]
J 5282 c2 com.badlogic.gdx.scenes.scene2d.Group.drawChildren(Lcom/badlogic/gdx/graphics/g2d/Batch;F)V (551 bytes) @ 0x0000023b07fba63c [0x0000023b07fba4a0+0x000000000000019c]
J 5577 c2 com.badlogic.gdx.scenes.scene2d.Stage.draw()V (70 bytes) @ 0x0000023b08008da8 [0x0000023b080087c0+0x00000000000005e8]
J 5854 c2 sk.sivak.eldritchhorror.core.view.game.GameViewImpl.render(F)V (54 bytes) @ 0x0000023b08064c6c [0x0000023b08064a80+0x00000000000001ec]
J 6224 c2 sk.sivak.eldritchhorror.core.Game.render()V (47 bytes) @ 0x0000023b08110ef0 [0x0000023b08110e60+0x0000000000000090]
J 6794% c1 com.badlogic.gdx.backends.lwjgl.LwjglApplication.mainLoop()V (886 bytes) @ 0x0000023b00d1cdbc [0x0000023b00d19180+0x0000000000003c3c]
j  com.badlogic.gdx.backends.lwjgl.LwjglApplication$1.run()V+27
v  ~StubRoutines::call_stub 0x0000023b074510e7

siginfo: EXCEPTION_ACCESS_VIOLATION (0xc0000005), writing address 0x0000000000000018


Registers:
RAX=0x0000000078080003, RBX=0x0000023b5d226600, RCX=0x0000000000000000, RDX=0x0000000000000034
RSP=0x0000005d6c5f8b30, RBP=0x0000005d6c5f8c30, RSI=0x0000000000000000, RDI=0x0000000000000018
R8 =0x0000023b5d4e7370, R9 =0x0000000000000000, R10=0x0000000000000003, R11=0x0000000000000003
R12=0x0000000000000003, R13=0x0000000000000000, R14=0x0000000000000000, R15=0x0000023b5d4d4310
RIP=0x00007ffe1d654982, EFLAGS=0x0000000000010202

XMM[0]=0x0000000000000000 0x0000000000000000
XMM[1]=0x0000000000000000 0x0000000000000018
XMM[2]=0x0000000000000000 0x0000000000000000
XMM[3]=0x0000000000000000 0x0000000000000000
XMM[4]=0x3f8000003f800000 0x4278000041e00000
XMM[5]=0x0000000000000000 0x00000000feffffff
XMM[6]=0x0000000000000000 0x000000003f800000
XMM[7]=0x0000000000000000 0x000000003f800000
XMM[8]=0x0000000000000000 0x000000003f800000
XMM[9]=0x0000000000000000 0x0000000000000000
XMM[10]=0x0000000000000000 0x000000003f800000
XMM[11]=0x0000000000000000 0x0000000000000000
XMM[12]=0x8000000080000000 0x80000000bd368da4
XMM[13]=0x0000000000000000 0x00000000433371c8
XMM[14]=0x8000000080000000 0x80000000bc08e2f5
XMM[15]=0x0000000000000000 0x000000003d4bde61
  MXCSR=0x00001fa7


Register to memory mapping:

RAX=0x0000000078080003 is an unknown value
RBX=0x0000023b5d226600 points into unknown readable memory: 0x0000023b5d1d4900 | 00 49 1d 5d 3b 02 00 00
RCX=0x0 is null
RDX=0x0000000000000034 is an unknown value
RSP=0x0000005d6c5f8b30 is pointing into the stack for thread: 0x0000023b5899db70
RBP=0x0000005d6c5f8c30 is pointing into the stack for thread: 0x0000023b5899db70
RSI=0x0 is null
RDI=0x0000000000000018 is an unknown value
R8 =0x0000023b5d4e7370 points into unknown readable memory: 0x02c7000078090005 | 05 00 09 78 00 00 c7 02
R9 =0x0 is null
R10=0x0000000000000003 is an unknown value
R11=0x0000000000000003 is an unknown value
R12=0x0000000000000003 is an unknown value
R13=0x0 is null
R14=0x0 is null
R15=0x0000023b5d4d4310 points into unknown readable memory: 0x0000b13411000001 | 01 00 00 11 34 b1 00 00

Top of Stack: (sp=0x0000005d6c5f8b30)
0x0000005d6c5f8b30:   0000023b5d226600 0000023b5d2562e8
0x0000005d6c5f8b40:   0000023b5d226600 fffffffe00000000
0x0000005d6c5f8b50:   0000000000000000 0000000000000000
0x0000005d6c5f8b60:   0000005d6c5ff560 0000023b00d1c56c
0x0000005d6c5f8b70:   0000023b00d18690 0000000000000000
0x0000005d6c5f8b80:   0000000400000100 0000005d00000000
0x0000005d6c5f8b90:   ffffffff00000003 0000000040000000
0x0000005d6c5f8ba0:   00000003ffffffff 0000000300000000
0x0000005d6c5f8bb0:   0000000000000000 0000000000000008
0x0000005d6c5f8bc0:   0000023b5d4d4310 0000005d6c5fea20
0x0000005d6c5f8bd0:   0000005d6c5fe601 0000000000000018
0x0000005d6c5f8be0:   0000000400000000 0000005d6c5fc240
0x0000005d6c5f8bf0:   0000023b5d2562e8 0000000000018975
0x0000005d6c5f8c00:   0000005d6c5fea00 0000023bb3fc4ab0
0x0000005d6c5f8c10:   0000023b5d51e2f8 000000000000003c
0x0000005d6c5f8c20:   0000005d6c5fe640 0000023b5d226600
0x0000005d6c5f8c30:   0000005d6c5fbf10 0000023b5d4e7384
0x0000005d6c5f8c40:   0000023b5d4e7370 0000005d6c5fe654
0x0000005d6c5f8c50:   0000005d6c5fe670 0000005d6c5fe674
0x0000005d6c5f8c60:   0000023b5d4e738c 0000000000000018
0x0000005d6c5f8c70:   0000023b5d226600 00007ffe1d6c464f
0x0000005d6c5f8c80:   0000005d6c5fea60 0000005d6c5fea64
0x0000005d6c5f8c90:   0000005d6c5fe6f0 0000005d6c5fe6f4
0x0000005d6c5f8ca0:   0000005d6c5fe680 0000005d6c5fe684
0x0000005d6c5f8cb0:   0000023b5d226600 0000023b5d2562e8
0x0000005d6c5f8cc0:   0000005d6c5fe690 0000005d6c5fe694
0x0000005d6c5f8cd0:   0000005d6c5fe6b0 0000005d6c5fe6b4
0x0000005d6c5f8ce0:   ffffffff00000003 0000000040000000
0x0000005d6c5f8cf0:   00000003ffffffff 0000000300000000
0x0000005d6c5f8d00:   0000005d6c5fea70 0000005d6c5fea74
0x0000005d6c5f8d10:   0000005d6c5fe700 0000005d6c5fe704
0x0000005d6c5f8d20:   0000005d6c5fe6c0 0000005d6c5fe6c4 

Instructions: (pc=0x00007ffe1d654982)
0x00007ffe1d654882:   01 00 89 44 24 64 41 0f be bf 99 31 01 00 89 7c
0x00007ffe1d654892:   24 70 45 85 d2 0f 85 ab 00 00 00 49 8b 8f 80 31
0x00007ffe1d6548a2:   01 00 49 39 48 04 74 0e 49 89 48 04 81 8b b0 54
0x00007ffe1d6548b2:   04 00 00 00 00 02 45 33 f6 44 89 74 24 64 45 39
0x00007ffe1d6548c2:   b7 28 2f 01 00 75 09 45 39 b7 2c 2f 01 00 74 6d
0x00007ffe1d6548d2:   41 8b c5 48 8d 0c 40 f2 0f 10 05 2f 76 d9 00 f2
0x00007ffe1d6548e2:   0f 11 84 8d a0 02 00 00 8b 05 28 76 d9 00 89 84
0x00007ffe1d6548f2:   8d a8 02 00 00 8b 84 8d a4 02 00 00 44 33 d0 41
0x00007ffe1d654902:   83 e2 3f 44 33 d0 41 0f ba f2 08 44 89 94 8d a4
0x00007ffe1d654912:   02 00 00 44 89 b4 8d a8 02 00 00 4d 89 b7 28 2f
0x00007ffe1d654922:   01 00 49 8b 87 40 30 01 00 48 0f ba e8 00 49 89
0x00007ffe1d654932:   87 40 30 01 00 41 ff c5 44 89 6c 24 78 44 88 b3
0x00007ffe1d654942:   21 fc 02 00 eb 03 45 33 f6 80 bb 21 fc 02 00 00
0x00007ffe1d654952:   0f 85 6b 0d 00 00 48 c7 83 14 fc 02 00 00 00 00
0x00007ffe1d654962:   00 45 85 e4 0f 84 d3 05 00 00 0f ae e8 41 8b d4
0x00007ffe1d654972:   c1 e2 04 83 c2 04 8b 05 d2 91 04 01 48 8b 7d a8
0x00007ffe1d654982:   89 07 8b c2 c1 e8 02 2c 02 88 07 48 8d 8d c0 05
0x00007ffe1d654992:   00 00 e8 83 3e d4 ff 48 8d 8d c0 05 00 00 e8 97
0x00007ffe1d6549a2:   60 d0 ff 4c 8b c8 48 8b 95 f0 09 00 00 48 8b 8d
0x00007ffe1d6549b2:   c0 05 00 00 80 b9 c0 df 04 00 00 48 0f 45 95 e0
0x00007ffe1d6549c2:   09 00 00 44 0f b6 83 b4 62 04 00 48 8b 0d cc 85
0x00007ffe1d6549d2:   01 01 83 b9 60 0a 00 00 00 74 63 45 84 c0 0f 84
0x00007ffe1d6549e2:   aa 00 00 00 83 bb fc 63 04 00 00 0f 85 9d 00 00
0x00007ffe1d6549f2:   00 80 bb ac 61 04 00 00 74 32 8b 83 a8 61 04 00
0x00007ffe1d654a02:   ff c0 3b 83 48 61 04 00 75 22 80 bb 68 66 04 00
0x00007ffe1d654a12:   00 74 19 81 8b 98 61 04 00 00 80 00 00 8b 8b 98
0x00007ffe1d654a22:   61 04 00 48 8b 83 a0 61 04 00 89 08 48 89 93 a0
0x00007ffe1d654a32:   61 04 00 41 8b 01 89 83 98 61 04 00 eb 44 45 84
0x00007ffe1d654a42:   c0 74 4b 83 bb fc 63 04 00 00 75 42 80 bb ac 61
0x00007ffe1d654a52:   04 00 00 74 26 8b 83 a8 61 04 00 ff c0 3b 83 48
0x00007ffe1d654a62:   61 04 00 75 16 80 bb 68 66 04 00 00 74 0d 48 8b
0x00007ffe1d654a72:   83 a0 61 04 00 81 08 00 80 00 00 48 89 93 a0 61 


Stack slot to memory mapping:

stack at sp + 0 slots: 0x0000023b5d226600 points into unknown readable memory: 0x0000023b5d1d4900 | 00 49 1d 5d 3b 02 00 00
stack at sp + 1 slots: 0x0000023b5d2562e8 points into unknown readable memory: 0x0000000000000000 | 00 00 00 00 00 00 00 00
stack at sp + 2 slots: 0x0000023b5d226600 points into unknown readable memory: 0x0000023b5d1d4900 | 00 49 1d 5d 3b 02 00 00
stack at sp + 3 slots: 0xfffffffe00000000 is an unknown value
stack at sp + 4 slots: 0x0 is null
stack at sp + 5 slots: 0x0 is null
stack at sp + 6 slots: 0x0000005d6c5ff560 is pointing into the stack for thread: 0x0000023b5899db70
stack at sp + 7 slots: 0x0000023b00d1c56c is at entry_point+13292 in (nmethod*)0x0000023b00d18690
Compiled method (c1) 1705536 6794 % !   3       com.badlogic.gdx.backends.lwjgl.LwjglApplication::mainLoop @ 71 (886 bytes)
 total in heap  [0x0000023b00d18690,0x0000023b00d21c68] = 38360
 relocation     [0x0000023b00d187f0,0x0000023b00d19148] = 2392
 constants      [0x0000023b00d19160,0x0000023b00d19180] = 32
 main code      [0x0000023b00d19180,0x0000023b00d1ee10] = 23696
 stub code      [0x0000023b00d1ee10,0x0000023b00d1f188] = 888
 oops           [0x0000023b00d1f188,0x0000023b00d1f198] = 16
 metadata       [0x0000023b00d1f198,0x0000023b00d1f400] = 616
 scopes data    [0x0000023b00d1f400,0x0000023b00d204a8] = 4264
 scopes pcs     [0x0000023b00d204a8,0x0000023b00d215c8] = 4384
 dependencies   [0x0000023b00d215c8,0x0000023b00d21648] = 128
 handler table  [0x0000023b00d21648,0x0000023b00d21960] = 792
 nul chk table  [0x0000023b00d21960,0x0000023b00d21c68] = 776


Compiled method (n/a) 1705543 2137     n 0       org.lwjgl.opengl.GL11::nglDrawElements (native)
 total in heap  [0x0000023b07c89510,0x0000023b07c898f8] = 1000
 relocation     [0x0000023b07c89670,0x0000023b07c896a8] = 56
 main code      [0x0000023b07c896c0,0x0000023b07c898ee] = 558
 stub code      [0x0000023b07c898ee,0x0000023b07c898f0] = 2
 oops           [0x0000023b07c898f0,0x0000023b07c898f8] = 8

[Constant Pool (empty)]

[MachCode]
[Entry Point]
  # {method} {0x0000023b5953c3a0} 'nglDrawElements' '(IIIJJ)V' in 'org/lwjgl/opengl/GL11'
  # parm0:    rdx       = int
  # parm1:    r8        = int
  # parm2:    r9        = int
  # parm3:    rdi:rdi   = long
  # parm4:    rsi:rsi   = long
  #           [sp+0x90]  (sp of caller)
  0x0000023b07c896c0: 448b 5208 | 49bb 0000 | 0017 3b02 | 0000 4d03 | d349 3bc2 | 0f84 0600 

  0x0000023b07c896d8: ;   {runtime_call ic_miss_stub}
  0x0000023b07c896d8: 0000 e9a1 | 5281 ff90 
[Verified Entry Point]
  0x0000023b07c896e0: 8984 2400 | 80ff ff55 | 488b ec48 | 81ec 8000 | 0000 6690 | 4181 7f20 | 0300 0000 

  0x0000023b07c896fc: ;   {runtime_call StubRoutines (final stubs)}
  0x0000023b07c896fc: 7405 e8bd | c57f ff48 | 8974 2430 | 4889 7c24 | 284c 894c | 2420 4d8b | c84c 8bc2 

  0x0000023b07c89718: ;   {oop(a 'java/lang/Class'{0x00000006046e4790} = 'org/lwjgl/opengl/GL11')}
  0x0000023b07c89718: 49be 9047 | 6e04 0600 | 0000 4c89 | 7424 684c | 8d74 2468 | 498b d6c5 

  0x0000023b07c89730: ;   {internal_word}
  0x0000023b07c89730: f877 49ba | 2f97 c807 | 3b02 0000 | 4d89 97a0 | 0300 0049 | 89a7 9803 

  0x0000023b07c89748: ;   {external_word}
  0x0000023b07c89748: 0000 49ba | c75a 7045 | fe7f 0000 | 4180 3a00 | 0f84 4e00 | 0000 5241 

  0x0000023b07c89760: ;   {metadata({method} {0x0000023b5953c3a0} 'nglDrawElements' '(IIIJJ)V' in 'org/lwjgl/opengl/GL11')}
  0x0000023b07c89760: 5041 5148 | ba98 c353 | 593b 0200 | 0049 8bcf | 4883 ec20 | 40f6 c40f | 0f84 1900 | 0000 4883 
  0x0000023b07c89780: ;   {runtime_call}
  0x0000023b07c89780: ec08 48b8 | d010 1a45 | fe7f 0000 | ffd0 4883 | c408 e90c 

  0x0000023b07c89794: ;   {runtime_call}
  0x0000023b07c89794: 0000 0048 | b8d0 101a | 45fe 7f00 | 00ff d048 | 83c4 2041 | 5941 585a | 498d 8fb8 | 0300 0041 
  0x0000023b07c897b4: c787 4404 | 0000 0400 

  0x0000023b07c897bc: ;   {runtime_call}
  0x0000023b07c897bc: 0000 48b8 | d0d8 0080 | 0100 0000 | ffd0 c5f8 | 7741 c787 | 4404 0000 | 0500 0000 | f083 4424 
  0x0000023b07c897dc: c000 493b | af48 0400 | 000f 870e | 0000 0041 | 83bf 4004 | 0000 000f | 8423 0000 | 00c5 f877 
  0x0000023b07c897fc: 498b cf4c | 8be4 4883 | ec20 4883 

  0x0000023b07c89808: ;   {runtime_call}
  0x0000023b07c89808: e4f0 48b8 | 407a e544 | fe7f 0000 | ffd0 498b | e44d 33e4 | 41c7 8744 | 0400 0008 | 0000 0041 
  0x0000023b07c89828: 83bf c004 | 0000 020f | 8494 0000 

  0x0000023b07c89834: ;   {external_word}
  0x0000023b07c89834: 0049 bac7 | 5a70 45fe | 7f00 0041 | 803a 000f | 8444 0000 

  0x0000023b07c89848: ;   {metadata({method} {0x0000023b5953c3a0} 'nglDrawElements' '(IIIJJ)V' in 'org/lwjgl/opengl/GL11')}
  0x0000023b07c89848: 0048 ba98 | c353 593b | 0200 0049 | 8bcf 4883 | ec20 40f6 | c40f 0f84 | 1900 0000 | 4883 ec08 
  0x0000023b07c89868: ;   {runtime_call}
  0x0000023b07c89868: 48b8 d010 | 1a45 fe7f | 0000 ffd0 | 4883 c408 | e90c 0000 

  0x0000023b07c8987c: ;   {runtime_call}
  0x0000023b07c8987c: 0048 b8d0 | 101a 45fe | 7f00 00ff | d048 83c4 | 2049 c787 | 9803 0000 | 0000 0000 | 49c7 87a0 
  0x0000023b07c8989c: 0300 0000 | 0000 00c5 | f877 498b | 8f28 0400 | 00c7 8100 | 0100 0000 | 0000 00c9 | 4983 7f08 
  0x0000023b07c898bc: 000f 8501 | 0000 00c3 

  0x0000023b07c898c4: ;   {runtime_call StubRoutines (initial stubs)}
  0x0000023b07c898c4: e937 767c | ffc5 f877 | 4c8b e448 | 83ec 2048 

  0x0000023b07c898d4: ;   {runtime_call}
  0x0000023b07c898d4: 83e4 f048 | b870 481a | 45fe 7f00 | 00ff d049 | 8be4 4d33 | e4e9 47ff | ffff f4f4 
[/MachCode]


Compiled method (c2) 1705565 3169       4       com.badlogic.gdx.graphics.Mesh::render (14 bytes)
 total in heap  [0x0000023b07d16310,0x0000023b07d18bd0] = 10432
 relocation     [0x0000023b07d16470,0x0000023b07d16608] = 408
 main code      [0x0000023b07d16620,0x0000023b07d17978] = 4952
 stub code      [0x0000023b07d17978,0x0000023b07d179d8] = 96
 oops           [0x0000023b07d179d8,0x0000023b07d179e0] = 8
 metadata       [0x0000023b07d179e0,0x0000023b07d17b78] = 408
 scopes data    [0x0000023b07d17b78,0x0000023b07d185a0] = 2600
 scopes pcs     [0x0000023b07d185a0,0x0000023b07d18a60] = 1216
 dependencies   [0x0000023b07d18a60,0x0000023b07d18a98] = 56
 handler table  [0x0000023b07d18a98,0x0000023b07d18b10] = 120
 nul chk table  [0x0000023b07d18b10,0x0000023b07d18bd0] = 192

[Constant Pool (empty)]

[MachCode]
[Entry Point]
  # {method} {0x0000023b5998cd80} 'render' '(Lcom/badlogic/gdx/graphics/glutils/ShaderProgram;III)V' in 'com/badlogic/gdx/graphics/Mesh'
  # this:     rdx:rdx   = 'com/badlogic/gdx/graphics/Mesh'
  # parm0:    r8:r8     = 'com/badlogic/gdx/graphics/glutils/ShaderProgram'
  # parm1:    r9        = int
  # parm2:    rdi       = int
  # parm3:    rsi       = int
  #           [sp+0x70]  (sp of caller)
  0x0000023b07d16620: 448b 5208 | 49bb 0000 | 0017 3b02 | 0000 4d03 | d349 3bc2 

  0x0000023b07d16634: ;   {runtime_call ic_miss_stub}
  0x0000023b07d16634: 0f85 4683 | 78ff 6690 | 0f1f 4000 
[Verified Entry Point]
  0x0000023b07d16640: 8984 2400 | 80ff ff55 | 4883 ec60 | 4181 7f20 | 0300 0000 | 0f85 0d13 | 0000 897c | 240c 4489 
  0x0000023b07d16660: 4c24 084c | 8904 244c | 8bd2 85f6 | 0f84 9e0b | 0000 440f | b642 0c45 | 85c0 0f84 | a80b 0000 
  0x0000023b07d16680: 8b6a 1045 | 8b5c ec08 

  0x0000023b07d16688: ;   {metadata('com/badlogic/gdx/graphics/glutils/VertexArray')}
  0x0000023b07d16688: 4181 fba0 | 2210 010f | 85f7 0900 | 0044 8944 | 2414 4889 | 5424 1889 | 7424 1049 | 8d14 ec45 
  0x0000023b07d166a8: 33c9 4d8b | 9780 0300 | 004d 8b12 | 4c89 5424 | 204c 8b04 | 2448 8b6c | 2418 6690 

  0x0000023b07d166c4: ;   {optimized virtual_call}
  0x0000023b07d166c4: c5f8 77e8 

  0x0000023b07d166c8: ; ImmutableOopMap {rbp=Oop [0]=Oop [24]=Oop [32]=Oop }
                      ;*invokeinterface bind {reexecute=0 rethrow=0 return_oop=0}
                      ; - com.badlogic.gdx.graphics.Mesh::bind@6 (line 391)
                      ; - com.badlogic.gdx.graphics.Mesh::bind@3 (line 382)
                      ; - com.badlogic.gdx.graphics.Mesh::render@13 (line 490)
                      ; - com.badlogic.gdx.graphics.Mesh::render@10 (line 460)
  0x0000023b07d166c8: f40f fbff 

  0x0000023b07d166cc: ;   {other}
  0x0000023b07d166cc: 0f1f 8400 | bc03 0000 | 488b c58b | 6814 458b 

  0x0000023b07d166dc: ;   {metadata('com/badlogic/gdx/graphics/glutils/IndexArray')}
  0x0000023b07d166dc: 5cec 0841 | 81fb 8825 | 1001 0f85 | c409 0000 | 4d8d 14ec | 410f b66a | 0c85 ed0f | 854f 0b00 
  0x0000023b07d166fc: 0045 8b52 | 1047 8b5c | d41c 4585 | db0f 8e49 | 0a00 000f | b668 0d85 | ed0f 8449 | 0b00 0047 
  0x0000023b07d1671c: 8b4c d418 | 8b4c 240c | 413b cb0f | 8f4f 0b00 | 0085 c90f | 8c73 0b00 | 0043 8b7c | d40c 3bf9 
  0x0000023b07d1673c: 0f8f 920b | 0000 4389 | 4cd4 1844 | 8bc1 4403 | 4424 1043 | 8b6c d420 | 443b c50f | 8fa7 0b00 
  0x0000023b07d1675c: 0045 85c0 | 0f8c f20b | 0000 4789 | 44d4 1c41 | 3bc8 0f8f | 3c0c 0000 | 413b f80f | 8f8f 0c00 
  0x0000023b07d1677c: ;   {oop(a 'java/lang/Class'{0x0000000604669360} = 'com/badlogic/gdx/Gdx')}
  0x0000023b07d1677c: 0049 b860 | 9366 0406 | 0000 0041 | 8ba8 8c00 | 0000 418b 

  0x0000023b07d16790: ;   {metadata('com/badlogic/gdx/backends/lwjgl/LwjglGL20')}
  0x0000023b07d16790: 5cec 0881 | fb60 1202 | 010f 8529 

  0x0000023b07d1679c: ;   {oop(a 'java/lang/Class'{0x00000006046c9ef8} = 'org/lwjgl/opengl/GLContext')}
  0x0000023b07d1679c: 0900 0049 | b8f8 9e6c | 0406 0000 | 0041 8b58 | 7441 8b6c | dc0c 4c8b | c549 c1e0 | 0348 8b7c 
  0x0000023b07d167bc: 2420 4c3b | c70f 85b1 | 0900 0045 | 8b44 dc10 | 4585 c00f | 8493 0c00 | 004b 8b9c | c488 1a00 
  0x0000023b07d167dc: 0048 85db | 0f84 c20c | 0000 438b | 94c4 ac3f | 0000 418b | 6cd4 1041 | 8b74 ec10 | 418b 6cec 
  0x0000023b07d167fc: 0c41 8b54 | f40c 3bea | 0f83 2208 | 0000 498d | 14f4 8b74 | aa10 418b | 6cf4 1885 | ed0f 8595 
  0x0000023b07d1681c: 0900 0041 | 8b6c f40c | 85ed 0f85 | d00c 0000 | 448b 4424 | 1045 85c0 | 0f8e a004 

  0x0000023b07d16838: ;   {oop(a 'org/lwjgl/MemoryUtilSun$AccessorUnsafe'{0x00000006046e4640})}
  0x0000023b07d16838: 0000 48ba | 4046 6e04 | 0600 0000 | 488b 7210 | 443b 620c | 0f84 1e08 | 0000 4489 | 4c24 2844 
  0x0000023b07d16858: 895c 2410 | d1e1 4b8d | 2cd4 4489 | 5424 0c48 | 63f9 4803 | 7c35 0041 | b903 1400 | 008b 5424 
  0x0000023b07d16878: 0848 8bf3 

  0x0000023b07d1687c: ;   {static_call}
  0x0000023b07d1687c: c5f8 77e8 

  0x0000023b07d16880: ; ImmutableOopMap {rbp=Oop [0]=Oop [12]=NarrowOop [24]=Oop [32]=Oop }
                      ;*invokestatic nglDrawElements {reexecute=0 rethrow=0 return_oop=0}
                      ; - org.lwjgl.opengl.GL11::glDrawElements@34 (line 1110)
                      ; - com.badlogic.gdx.backends.lwjgl.LwjglGL20::glDrawElements@21 (line 281)
                      ; - com.badlogic.gdx.graphics.Mesh::render@88 (line 499)
                      ; - com.badlogic.gdx.graphics.Mesh::render@10 (line 460)
  0x0000023b07d16880: 5c2e f7ff 

  0x0000023b07d16884: ;   {other}
  0x0000023b07d16884: 0f1f 8400 | 7405 0001 | 448b 4424 | 0c43 8b6c | c41c 448b | 5c24 2844 | 3bdd 0f8f | 940c 0000 
  0x0000023b07d168a4: 4585 db0f | 8cb7 0c00 | 0047 8b4c | c40c 453b | cb0f 8fdd | 0c00 0047 | 895c c418 | 438b 6cc4 
  0x0000023b07d168c4: 2044 8b54 | 2410 443b | d50f 8ffd | 0c00 0045 | 85d2 0f8c | 300d 0000 | 4789 54c4 | 1c45 3bda 
  0x0000023b07d168e4: 0f8f 560d | 0000 453b | ca0f 8f81 | 0d00 0048 | 8b44 2418 | 8b68 1045 | 8b54 ec08 

  0x0000023b07d16900: ;   {metadata('com/badlogic/gdx/graphics/glutils/VertexArray')}
  0x0000023b07d16900: 4181 faa0 | 2210 010f | 85f3 0700 | 0049 8d3c | ec44 8b5f | 1047 8b54 | dc18 478b | 74d4 0c45 
  0x0000023b07d16920: 85f6 0f86 | bf02 0000 | 4c8b 0424 | 4d85 c00f | 84ff 0700 | 0045 33ed | eb17 660f | 1f44 0000 
  0x0000023b07d16940: 488b c54c | 8b04 2448 | 8b7c 2408 | 448b 7424 | 1044 8b5f | 1047 8b5c | dc18 478b | 54dc 0c45 
  0x0000023b07d16960: 3bea 0f83 | f503 0000 | 4f8d 14dc | 478b 5caa | 1047 8b4c 

  0x0000023b07d16974: ;   {oop(a 'java/lang/Class'{0x0000000604669360} = 'com/badlogic/gdx/Gdx')}
  0x0000023b07d16974: dc28 49ba | 6093 6604 | 0600 0000 | 418b b28c | 0000 0041 | 0fb6 681d | 85ed 0f85 | 7005 0000 
  0x0000023b07d16994: 458b 5034 | 4585 d20f | 84ef 0300 | 0043 8b5c | cc0c 85db | 0f84 8a02 | 0000 8bcb | 4323 4cd4 
  0x0000023b07d169b4: 2043 8b6c | d430 458b | 5cec 0c41 | 3bcb 0f83 | e003 0000 | 4d8d 1cec | 418b 6c8b | 1044 3bcd 
  0x0000023b07d169d4: 0f84 3c01 | 0000 458b 

  0x0000023b07d169dc: ;   {metadata('java/lang/String')}
  0x0000023b07d169dc: 5cec 0841 | 81fb 40e7 | 0000 0f85 | dc0c 0000 | c5f9 6ee1 | c5f9 6edb | c4c1 796e | d2c5 f96e 
  0x0000023b07d169fc: ce4c 8bdf | 4c8b d043 | 0fbe 4ccc | 1049 8d3c | ec0f be5f | 103b cb0f | 855c 0400 | 008b 5f14 
  0x0000023b07d16a1c: 438b 54cc | 1441 8b7c | dc0c 418b | 4cd4 0c3b | cf0f 8550 | 0400 0049 | 8d3c dc49 | 8d74 dc10 
  0x0000023b07d16a3c: 498d 1cd4 | 498d 7cd4 | 1085 c90f | 849d 0000 | 008b c183 | e01f 83e1 | e00f 844b | 0000 0048 
  0x0000023b07d16a5c: 8d3c 0f48 | 8d34 0e48 | f7d9 c5fe | 6f2c 0fc5 | fe6f 040e | c5d5 efe8 | c4e2 7d17 | ed0f 8572 
  0x0000023b07d16a7c: 0000 0048 | 83c1 2075 | e185 c00f | 845d 0000 | 00c5 fe6f | 6c07 e0c5 | fe6f 4406 | e0c5 d5ef 
  0x0000023b07d16a9c: e8c4 e27d | 17ed 754d | eb44 8bc8 | 83e1 fc74 | 1948 8d3c | 0f48 8d34 | 0e48 f7d9 | 8b1c 0f3b 
  0x0000023b07d16abc: 1c0e 7531 | 4883 c104 | 75f2 a802 | 7412 0fb7 | 1f0f b70e | 3bd9 751d | 488d 7f02 | 488d 7602 
  0x0000023b07d16adc: ;   {no_reloc}
  0x0000023b07d16adc: a801 740a | 0fb6 1f0f | b60e 3bd9 | 7507 b801 | 0000 00eb | 0233 c0c5 | d5ef edc5 | fdef c085 
  0x0000023b07d16afc: c00f 845d | 0300 0049 | 8bc2 498b | fbc5 f97e | cec4 c179 | 7ed2 c5f9 | 7ee1 438b | 6cd4 3445 
  0x0000023b07d16b1c: 8b5c ec0c | 413b cb0f | 83c7 0200 | 004d 8d14 | ec45 8b5c | 8a10 4183 | fbfe 0f84 | 0404 0000 
  0x0000023b07d16b3c: 4183 fbff | 0f84 3604 | 0000 458b 

  0x0000023b07d16b48: ;   {metadata('com/badlogic/gdx/backends/lwjgl/LwjglGL20')}
  0x0000023b07d16b48: 54f4 0841 | 81fa 6012 | 0201 0f85 | d402 0000 

  0x0000023b07d16b58: ;   {oop(a 'java/lang/Class'{0x00000006046c9ef8} = 'org/lwjgl/opengl/GLContext')}
  0x0000023b07d16b58: 49ba f89e | 6c04 0600 | 0000 458b | 4a74 438b | 6ccc 0c4c | 8bd5 49c1 | e203 488b | 4c24 204c 
  0x0000023b07d16b78: 3bd1 0f85 | 4c03 0000 | 438b 6ccc | 1085 ed0f | 841f 0400 | 004d 8b94 | ecf0 2300 | 004d 85d2 
  0x0000023b07d16b98: 0f84 4204 | 0000 4489 | 6c24 1444 | 8974 2410 | 4889 7c24 | 084c 8904 | 2448 8be8 | 418b d34d 
  0x0000023b07d16bb8: 8bc2 6690 

  0x0000023b07d16bbc: ;   {static_call}
  0x0000023b07d16bbc: c5f8 77e8 

  0x0000023b07d16bc0: ; ImmutableOopMap {rbp=Oop [0]=Oop [8]=Oop [32]=Oop }
                      ;*invokestatic nglDisableVertexAttribArray {reexecute=0 rethrow=0 return_oop=0}
                      ; - org.lwjgl.opengl.GL20::glDisableVertexAttribArray@15 (line 920)
                      ; - com.badlogic.gdx.backends.lwjgl.LwjglGL20::glDisableVertexAttribArray@1 (line 272)
                      ; - com.badlogic.gdx.graphics.glutils.ShaderProgram::disableVertexAttribute@22 (line 719)
                      ; - com.badlogic.gdx.graphics.glutils.VertexArray::unbind@34 (line 157)
                      ; - com.badlogic.gdx.graphics.Mesh::unbind@6 (line 409)
                      ; - com.badlogic.gdx.graphics.Mesh::unbind@3 (line 400)
                      ; - com.badlogic.gdx.graphics.Mesh::render@253 (line 518)
                      ; - com.badlogic.gdx.graphics.Mesh::render@10 (line 460)
  0x0000023b07d16bc0: 9cae f6ff 

  0x0000023b07d16bc4: ;   {other}
  0x0000023b07d16bc4: 0f1f 8400 | b408 0002 | 448b 6c24 | 1441 ffc5 | 443b 6c24 | 100f 8c61 | fdff ff48 | 8bc5 488b 
  0x0000023b07d16be4: 7c24 0844 | 8867 0c8b | 6814 458b 

  0x0000023b07d16bf0: ;   {metadata('com/badlogic/gdx/graphics/glutils/IndexArray')}
  0x0000023b07d16bf0: 5cec 0841 | 81fb 8825 | 1001 0f85 | 1805 0000 | 4d8d 14ec | 410f b66a | 0c85 ed0f | 859b 0a00 
  0x0000023b07d16c10: 0045 8b5a | 1043 8b6c | dc1c 85ed | 0f8e d605 | 0000 c5f8 | 7748 83c4 

  0x0000023b07d16c28: ;   {poll_return}
  0x0000023b07d16c28: 605d 493b | a748 0400 | 000f 871a | 0d00 00c3 | 430f b64c | cc11 85c9 | 0f85 9c00 | 0000 478b 
  0x0000023b07d16c48: 5ccc 144b | 8d0c d449 | 8bd3 48c1 | e203 4b8d | 2ccc 4380 | 7ccc 1000 | 0f85 b600 | 0000 4489 
  0x0000023b07d16c68: 5424 3089 | 7424 2c44 | 894c 2428 | 4489 6c24 | 1c44 8974 | 2418 4889 | 7c24 104c | 8944 2408 
  0x0000023b07d16c88: 4889 0424 | 4889 4c24 | 4066 6690 

  0x0000023b07d16c94: ;   {static_call}
  0x0000023b07d16c94: c5f8 77e8 

  0x0000023b07d16c98: ; ImmutableOopMap {rbp=Oop [0]=Oop [8]=Oop [16]=Oop [32]=Oop [40]=NarrowOop [44]=NarrowOop [48]=NarrowOop [64]=Oop }
                      ;*invokestatic hashCode {reexecute=0 rethrow=0 return_oop=0}
                      ; - java.lang.String::hashCode@27 (line 2369)
                      ; - com.badlogic.gdx.utils.ObjectIntMap::get@1 (line 279)
                      ; - com.badlogic.gdx.graphics.glutils.ShaderProgram::fetchAttributeLocation@11 (line 290)
                      ; - com.badlogic.gdx.graphics.glutils.ShaderProgram::disableVertexAttribute@10 (line 717)
                      ; - com.badlogic.gdx.graphics.glutils.VertexArray::unbind@34 (line 157)
                      ; - com.badlogic.gdx.graphics.Mesh::unbind@6 (line 409)
                      ; - com.badlogic.gdx.graphics.Mesh::unbind@3 (line 400)
                      ; - com.badlogic.gdx.graphics.Mesh::render@253 (line 518)
                      ; - com.badlogic.gdx.graphics.Mesh::render@10 (line 460)
  0x0000023b07d16c98: e48b 78ff 

  0x0000023b07d16c9c: ;   {other}
  0x0000023b07d16c9c: 0f1f 8400 | 8c09 0003 | 8bd8 85c0 | 743f 448b | 4c24 2843 | 8944 cc0c | 488b 0424 | 4c8b 4424 
  0x0000023b07d16cbc: 0848 8b7c | 2410 448b | 7424 1844 | 8b6c 241c | 8b74 242c | 448b 5424 | 30e9 d4fc | ffff 4533 
  0x0000023b07d16cdc: c0e9 58fb | ffff 33db | e9c5 fcff | ff44 8b4c | 2428 43c6 | 44cc 1101 | 33db 488b | 0424 4c8b 
  0x0000023b07d16cfc: 4424 0848 | 8b7c 2410 | 448b 7424 | 1844 8b6c | 241c 8b74 | 242c 448b | 5424 30e9 | 92fc ffff 
  0x0000023b07d16d1c: 4489 5424 | 3089 7424 | 2c44 894c | 2428 4489 | 6c24 1c44 | 8974 2418 | 4889 7c24 | 104c 8944 
  0x0000023b07d16d3c: 2408 4889 | 0424 4889 | 4c24 4090 

  0x0000023b07d16d48: ;   {static_call}
  0x0000023b07d16d48: c5f8 77e8 

  0x0000023b07d16d4c: ; ImmutableOopMap {rbp=Oop [0]=Oop [8]=Oop [16]=Oop [32]=Oop [40]=NarrowOop [44]=NarrowOop [48]=NarrowOop [64]=Oop }
                      ;*invokestatic hashCode {reexecute=0 rethrow=0 return_oop=0}
                      ; - java.lang.String::hashCode@37 (line 2370)
                      ; - com.badlogic.gdx.utils.ObjectIntMap::get@1 (line 279)
                      ; - com.badlogic.gdx.graphics.glutils.ShaderProgram::fetchAttributeLocation@11 (line 290)
                      ; - com.badlogic.gdx.graphics.glutils.ShaderProgram::disableVertexAttribute@10 (line 717)
                      ; - com.badlogic.gdx.graphics.glutils.VertexArray::unbind@34 (line 157)
                      ; - com.badlogic.gdx.graphics.Mesh::unbind@6 (line 409)
                      ; - com.badlogic.gdx.graphics.Mesh::unbind@3 (line 400)
                      ; - com.badlogic.gdx.graphics.Mesh::render@253 (line 518)
                      ; - com.badlogic.gdx.graphics.Mesh::render@10 (line 460)
  0x0000023b07d16d4c: 308b 78ff 

  0x0000023b07d16d50: ;   {other}
  0x0000023b07d16d50: 0f1f 8400 | 400a 0004 | e947 ffff | ffba e4ff | ffff 488b | ef44 895c | 2404 4489 | 6c24 0848 
  0x0000023b07d16d70: 8944 2410 | 4489 7424 | 0c4c 8944 | 2420 6690 

  0x0000023b07d16d80: ;   {runtime_call UncommonTrapBlob}
  0x0000023b07d16d80: c5f8 77e8 

  0x0000023b07d16d84: ; ImmutableOopMap {rbp=Oop [4]=NarrowOop [16]=Oop [32]=Oop }
                      ;*aaload {reexecute=0 rethrow=0 return_oop=0}
                      ; - com.badlogic.gdx.graphics.VertexAttributes::get@5 (line 109)
                      ; - com.badlogic.gdx.graphics.glutils.VertexArray::unbind@28 (line 157)
                      ; - com.badlogic.gdx.graphics.Mesh::unbind@6 (line 409)
                      ; - com.badlogic.gdx.graphics.Mesh::unbind@3 (line 400)
                      ; - com.badlogic.gdx.graphics.Mesh::render@253 (line 518)
                      ; - com.badlogic.gdx.graphics.Mesh::render@10 (line 460)
  0x0000023b07d16d84: 780f 79ff 

  0x0000023b07d16d88: ;   {other}
  0x0000023b07d16d88: 0f1f 8400 | 780a 0005 | baf6 ffff | ff41 8be9 

  0x0000023b07d16d98: ;   {runtime_call UncommonTrapBlob}
  0x0000023b07d16d98: c5f8 77e8 

  0x0000023b07d16d9c: ; ImmutableOopMap {rbp=NarrowOop }
                      ;*invokevirtual get {reexecute=0 rethrow=0 return_oop=0}
                      ; - com.badlogic.gdx.graphics.glutils.ShaderProgram::fetchAttributeLocation@11 (line 290)
                      ; - com.badlogic.gdx.graphics.glutils.ShaderProgram::disableVertexAttribute@10 (line 717)
                      ; - com.badlogic.gdx.graphics.glutils.VertexArray::unbind@34 (line 157)
                      ; - com.badlogic.gdx.graphics.Mesh::unbind@6 (line 409)
                      ; - com.badlogic.gdx.graphics.Mesh::unbind@3 (line 400)
                      ; - com.badlogic.gdx.graphics.Mesh::render@253 (line 518)
                      ; - com.badlogic.gdx.graphics.Mesh::render@10 (line 460)
  0x0000023b07d16d9c: 600f 79ff 

  0x0000023b07d16da0: ;   {other}
  0x0000023b07d16da0: 0f1f 8400 | 900a 0006 | bae4 ffff | ff48 893c | 2444 896c | 2408 4889 | 4424 1044 | 8974 240c 
  0x0000023b07d16dc0: 4c89 4424 | 2889 7424 | 3044 8954 | 2434 4489 | 4c24 3889 | 5c24 3c44 | 894c 2444 | 894c 2448 
  0x0000023b07d16de0: ;   {runtime_call UncommonTrapBlob}
  0x0000023b07d16de0: c5f8 77e8 

  0x0000023b07d16de4: ; ImmutableOopMap {rbp=NarrowOop [0]=Oop [16]=Oop [40]=Oop [48]=NarrowOop [52]=NarrowOop [56]=NarrowOop [68]=NarrowOop }
                      ;*aaload {reexecute=0 rethrow=0 return_oop=0}
                      ; - com.badlogic.gdx.utils.ObjectIntMap::get@20 (line 281)
                      ; - com.badlogic.gdx.graphics.glutils.ShaderProgram::fetchAttributeLocation@11 (line 290)
                      ; - com.badlogic.gdx.graphics.glutils.ShaderProgram::disableVertexAttribute@10 (line 717)
                      ; - com.badlogic.gdx.graphics.glutils.VertexArray::unbind@34 (line 157)
                      ; - com.badlogic.gdx.graphics.Mesh::unbind@6 (line 409)
                      ; - com.badlogic.gdx.graphics.Mesh::unbind@3 (line 400)
                      ; - com.badlogic.gdx.graphics.Mesh::render@253 (line 518)
                      ; - com.badlogic.gdx.graphics.Mesh::render@10 (line 460)
  0x0000023b07d16de4: 180f 79ff 

  0x0000023b07d16de8: ;   {other}
  0x0000023b07d16de8: 0f1f 8400 | d80a 0007 | bae4 ffff | ff48 893c | 2444 896c | 2408 4889 | 4424 1044 | 8974 240c 
  0x0000023b07d16e08: 4c89 4424 | 2844 894c | 2424 8974 | 2430 894c | 2434 6690 

  0x0000023b07d16e1c: ;   {runtime_call UncommonTrapBlob}
  0x0000023b07d16e1c: c5f8 77e8 

  0x0000023b07d16e20: ; ImmutableOopMap {rbp=NarrowOop [0]=Oop [16]=Oop [36]=NarrowOop [40]=Oop [48]=NarrowOop }
                      ;*iaload {reexecute=0 rethrow=0 return_oop=0}
                      ; - com.badlogic.gdx.utils.ObjectIntMap::get@82 (line 288)
                      ; - com.badlogic.gdx.graphics.glutils.ShaderProgram::fetchAttributeLocation@11 (line 290)
                      ; - com.badlogic.gdx.graphics.glutils.ShaderProgram::disableVertexAttribute@10 (line 717)
                      ; - com.badlogic.gdx.graphics.glutils.VertexArray::unbind@34 (line 157)
                      ; - com.badlogic.gdx.graphics.Mesh::unbind@6 (line 409)
                      ; - com.badlogic.gdx.graphics.Mesh::unbind@3 (line 400)
                      ; - com.badlogic.gdx.graphics.Mesh::render@253 (line 518)
                      ; - com.badlogic.gdx.graphics.Mesh::render@10 (line 460)
  0x0000023b07d16e20: dc0e 79ff 

  0x0000023b07d16e24: ;   {other}
  0x0000023b07d16e24: 0f1f 8400 | 140b 0008 | bade ffff | ff48 8bef | 4489 2c24 | 4889 4424 | 084c 8944 | 2410 4489 
  0x0000023b07d16e44: 7424 0489 | 7424 1844 | 895c 241c 

  0x0000023b07d16e50: ;   {runtime_call UncommonTrapBlob}
  0x0000023b07d16e50: c5f8 77e8 

  0x0000023b07d16e54: ; ImmutableOopMap {rbp=Oop [8]=Oop [16]=Oop [24]=NarrowOop }
                      ;*invokeinterface glDisableVertexAttribArray {reexecute=0 rethrow=0 return_oop=0}
                      ; - com.badlogic.gdx.graphics.glutils.ShaderProgram::disableVertexAttribute@22 (line 719)
                      ; - com.badlogic.gdx.graphics.glutils.VertexArray::unbind@34 (line 157)
                      ; - com.badlogic.gdx.graphics.Mesh::unbind@6 (line 409)
                      ; - com.badlogic.gdx.graphics.Mesh::unbind@3 (line 400)
                      ; - com.badlogic.gdx.graphics.Mesh::render@253 (line 518)
                      ; - com.badlogic.gdx.graphics.Mesh::render@10 (line 460)
  0x0000023b07d16e54: a80e 79ff 

  0x0000023b07d16e58: ;   {other}
  0x0000023b07d16e58: 0f1f 8400 | 480b 0009 | 498b c249 | 8bfb c5f9 | 7ece c4c1 | 797e d2c5 | f97e dbeb | 1a49 8bfb 
  0x0000023b07d16e78: c4c1 797e | d2c5 f97e | dbeb 0c49 | 8bfb c4c1 | 797e d2c5 | f97e dbba | 45ff ffff | 488b ef44 
  0x0000023b07d16e98: 892c 2448 | 8944 2408 | 4489 7424 | 044c 8944 | 2420 8974 | 2428 4489 | 5424 2c44 | 894c 2430 
  0x0000023b07d16eb8: 895c 2434 

  0x0000023b07d16ebc: ;   {runtime_call UncommonTrapBlob}
  0x0000023b07d16ebc: c5f8 77e8 

  0x0000023b07d16ec0: ; ImmutableOopMap {rbp=Oop [8]=Oop [32]=Oop [40]=NarrowOop [44]=NarrowOop [48]=NarrowOop }
                      ;*ifne {reexecute=1 rethrow=0 return_oop=0}
                      ; - (reexecute) com.badlogic.gdx.utils.ObjectIntMap::get@24 (line 281)
                      ; - com.badlogic.gdx.graphics.glutils.ShaderProgram::fetchAttributeLocation@11 (line 290)
                      ; - com.badlogic.gdx.graphics.glutils.ShaderProgram::disableVertexAttribute@10 (line 717)
                      ; - com.badlogic.gdx.graphics.glutils.VertexArray::unbind@34 (line 157)
                      ; - com.badlogic.gdx.graphics.Mesh::unbind@6 (line 409)
                      ; - com.badlogic.gdx.graphics.Mesh::unbind@3 (line 400)
                      ; - com.badlogic.gdx.graphics.Mesh::render@253 (line 518)
                      ; - com.badlogic.gdx.graphics.Mesh::render@10 (line 460)
  0x0000023b07d16ec0: 3c0e 79ff 

  0x0000023b07d16ec4: ;   {other}
  0x0000023b07d16ec4: 0f1f 8400 | b40b 000a | ba45 ffff | ff48 893c | 2444 896c | 2408 4889 | 4424 104c | 8944 2418 
  0x0000023b07d16ee4: 4489 7424 | 0c44 895c | 2420 4889 | 4c24 2890 

  0x0000023b07d16ef4: ;   {runtime_call UncommonTrapBlob}
  0x0000023b07d16ef4: c5f8 77e8 

  0x0000023b07d16ef8: ; ImmutableOopMap {rbp=NarrowOop [0]=Oop [16]=Oop [24]=Oop [40]=Oop }
                      ;*if_acmpne {reexecute=1 rethrow=0 return_oop=0}
                      ; - (reexecute) org.lwjgl.opengl.GLContext::getCapabilitiesImpl@11 (line 132)
                      ; - org.lwjgl.opengl.GLContext::getCapabilities@0 (line 122)
                      ; - org.lwjgl.opengl.GL20::glDisableVertexAttribArray@0 (line 917)
                      ; - com.badlogic.gdx.backends.lwjgl.LwjglGL20::glDisableVertexAttribArray@1 (line 272)
                      ; - com.badlogic.gdx.graphics.glutils.ShaderProgram::disableVertexAttribute@22 (line 719)
                      ; - com.badlogic.gdx.graphics.glutils.VertexArray::unbind@34 (line 157)
                      ; - com.badlogic.gdx.graphics.Mesh::unbind@6 (line 409)
                      ; - com.badlogic.gdx.graphics.Mesh::unbind@3 (line 400)
                      ; - com.badlogic.gdx.graphics.Mesh::render@253 (line 518)
                      ; - com.badlogic.gdx.graphics.Mesh::render@10 (line 460)
  0x0000023b07d16ef8: 040e 79ff 

  0x0000023b07d16efc: ;   {other}
  0x0000023b07d16efc: 0f1f 8400 | ec0b 000b | ba45 ffff | ff48 893c | 2444 896c | 2408 4889 | 4424 1044 | 8974 240c 
  0x0000023b07d16f1c: 4c89 4424 | 2044 894c | 2428 8974 | 242c 4c89 | 4424 3090 

  0x0000023b07d16f30: ;   {runtime_call UncommonTrapBlob}
  0x0000023b07d16f30: c5f8 77e8 

  0x0000023b07d16f34: ; ImmutableOopMap {[0]=Oop [16]=Oop [32]=Oop [40]=NarrowOop [44]=NarrowOop [48]=Oop }
                      ;*ifeq {reexecute=1 rethrow=0 return_oop=0}
                      ; - (reexecute) com.badlogic.gdx.graphics.glutils.ShaderProgram::checkManaged@4 (line 746)
                      ; - com.badlogic.gdx.graphics.glutils.ShaderProgram::disableVertexAttribute@5 (line 716)
                      ; - com.badlogic.gdx.graphics.glutils.VertexArray::unbind@34 (line 157)
                      ; - com.badlogic.gdx.graphics.Mesh::unbind@6 (line 409)
                      ; - com.badlogic.gdx.graphics.Mesh::unbind@3 (line 400)
                      ; - com.badlogic.gdx.graphics.Mesh::render@253 (line 518)
                      ; - com.badlogic.gdx.graphics.Mesh::render@10 (line 460)
  0x0000023b07d16f34: c80d 79ff 

  0x0000023b07d16f38: ;   {other}
  0x0000023b07d16f38: 0f1f 8400 | 280c 000c | ba45 ffff | ff48 8bef | 4489 2c24 | 4889 4424 | 0844 8974 | 2404 4c89 
  0x0000023b07d16f58: 4424 2044 | 894c 241c | 8974 2428 | 4489 5c24 | 2c66 6690 

  0x0000023b07d16f6c: ;   {runtime_call UncommonTrapBlob}
  0x0000023b07d16f6c: c5f8 77e8 

  0x0000023b07d16f70: ; ImmutableOopMap {rbp=Oop [8]=Oop [28]=NarrowOop [32]=Oop [40]=NarrowOop }
                      ;*if_icmpne {reexecute=1 rethrow=0 return_oop=0}
                      ; - (reexecute) com.badlogic.gdx.graphics.glutils.ShaderProgram::fetchAttributeLocation@18 (line 290)
                      ; - com.badlogic.gdx.graphics.glutils.ShaderProgram::disableVertexAttribute@10 (line 717)
                      ; - com.badlogic.gdx.graphics.glutils.VertexArray::unbind@34 (line 157)
                      ; - com.badlogic.gdx.graphics.Mesh::unbind@6 (line 409)
                      ; - com.badlogic.gdx.graphics.Mesh::unbind@3 (line 400)
                      ; - com.badlogic.gdx.graphics.Mesh::render@253 (line 518)
                      ; - com.badlogic.gdx.graphics.Mesh::render@10 (line 460)
  0x0000023b07d16f70: 8c0d 79ff 

  0x0000023b07d16f74: ;   {other}
  0x0000023b07d16f74: 0f1f 8400 | 640c 000d | ba45 ffff | ff48 8bef | 4489 2c24 | 4889 4424 | 084c 8944 | 2410 4489 
  0x0000023b07d16f94: 7424 0444 | 895c 2418 

  0x0000023b07d16f9c: ;   {runtime_call UncommonTrapBlob}
  0x0000023b07d16f9c: c5f8 77e8 

  0x0000023b07d16fa0: ; ImmutableOopMap {rbp=Oop [8]=Oop [16]=Oop }
                      ;*if_icmpne {reexecute=1 rethrow=0 return_oop=0}
                      ; - (reexecute) com.badlogic.gdx.graphics.glutils.ShaderProgram::disableVertexAttribute@16 (line 718)
                      ; - com.badlogic.gdx.graphics.glutils.VertexArray::unbind@34 (line 157)
                      ; - com.badlogic.gdx.graphics.Mesh::unbind@6 (line 409)
                      ; - com.badlogic.gdx.graphics.Mesh::unbind@3 (line 400)
                      ; - com.badlogic.gdx.graphics.Mesh::render@253 (line 518)
                      ; - com.badlogic.gdx.graphics.Mesh::render@10 (line 460)
  0x0000023b07d16fa0: 5c0d 79ff 

  0x0000023b07d16fa4: ;   {other}
  0x0000023b07d16fa4: 0f1f 8400 | 940c 000e | ba45 ffff | ff48 893c | 2444 896c | 2408 4889 | 4424 104c | 8944 2418 
  0x0000023b07d16fc4: 4489 7424 | 0c44 895c | 2420 6690 

  0x0000023b07d16fd0: ;   {runtime_call UncommonTrapBlob}
  0x0000023b07d16fd0: c5f8 77e8 

  0x0000023b07d16fd4: ; ImmutableOopMap {rbp=NarrowOop [0]=Oop [16]=Oop [24]=Oop }
                      ;*ifnonnull {reexecute=1 rethrow=0 return_oop=0}
                      ; - (reexecute) org.lwjgl.opengl.GLContext::getCapabilities@5 (line 123)
                      ; - org.lwjgl.opengl.GL20::glDisableVertexAttribArray@0 (line 917)
                      ; - com.badlogic.gdx.backends.lwjgl.LwjglGL20::glDisableVertexAttribArray@1 (line 272)
                      ; - com.badlogic.gdx.graphics.glutils.ShaderProgram::disableVertexAttribute@22 (line 719)
                      ; - com.badlogic.gdx.graphics.glutils.VertexArray::unbind@34 (line 157)
                      ; - com.badlogic.gdx.graphics.Mesh::unbind@6 (line 409)
                      ; - com.badlogic.gdx.graphics.Mesh::unbind@3 (line 400)
                      ; - com.badlogic.gdx.graphics.Mesh::render@253 (line 518)
                      ; - com.badlogic.gdx.graphics.Mesh::render@10 (line 460)
  0x0000023b07d16fd4: 280d 79ff 

  0x0000023b07d16fd8: ;   {other}
  0x0000023b07d16fd8: 0f1f 8400 | c80c 000f | 4533 c94d | 3bd1 bdff | ffff ff7c | 0840 0f95 | c540 0fb6 | edba 45ff 
  0x0000023b07d16ff8: ffff 4889 | 3c24 4489 | 6c24 0848 | 8944 2410 | 4c89 4424 | 1844 8974 | 240c 4489 | 5c24 204c 
  0x0000023b07d17018: 8954 2428 

  0x0000023b07d1701c: ;   {runtime_call UncommonTrapBlob}
  0x0000023b07d1701c: c5f8 77e8 

  0x0000023b07d17020: ; ImmutableOopMap {[0]=Oop [16]=Oop [24]=Oop }
                      ;*ifne {reexecute=1 rethrow=0 return_oop=0}
                      ; - (reexecute) org.lwjgl.BufferChecks::checkFunctionAddress@9 (line 57)
                      ; - org.lwjgl.opengl.GL20::glDisableVertexAttribArray@10 (line 919)
                      ; - com.badlogic.gdx.backends.lwjgl.LwjglGL20::glDisableVertexAttribArray@1 (line 272)
                      ; - com.badlogic.gdx.graphics.glutils.ShaderProgram::disableVertexAttribute@22 (line 719)
                      ; - com.badlogic.gdx.graphics.glutils.VertexArray::unbind@34 (line 157)
                      ; - com.badlogic.gdx.graphics.Mesh::unbind@6 (line 409)
                      ; - com.badlogic.gdx.graphics.Mesh::unbind@3 (line 400)
                      ; - com.badlogic.gdx.graphics.Mesh::render@253 (line 518)
                      ; - com.badlogic.gdx.graphics.Mesh::render@10 (line 460)
  0x0000023b07d17020: dc0c 79ff 

  0x0000023b07d17024: ;   {other}
  0x0000023b07d17024: 0f1f 8400 | 140d 0010 | bae4 ffff | ff48 8944 | 24f8 8b44 | 2414 8944 | 240c 488b | 4424 f844 
  0x0000023b07d17044: 894c 2414 | 4489 5c24 | 2044 8954 | 2424 4889 | 5c24 2844 | 8944 2430 | 8974 2434 

  0x0000023b07d17060: ;   {runtime_call UncommonTrapBlob}
  0x0000023b07d17060: c5f8 77e8 

  0x0000023b07d17064: ; ImmutableOopMap {[0]=Oop [24]=Oop [36]=NarrowOop [48]=NarrowOop [52]=NarrowOop }
                      ;*aaload {reexecute=0 rethrow=0 return_oop=0}
                      ; - org.lwjgl.opengl.ReferencesStack::getReferences@8 (line 41)
                      ; - org.lwjgl.opengl.StateTracker::getReferences@7 (line 85)
                      ; - org.lwjgl.opengl.StateTracker::getElementArrayBufferBound@1 (line 143)
                      ; - org.lwjgl.opengl.GLChecks::ensureElementVBOdisabled@7 (line 82)
                      ; - org.lwjgl.opengl.GL11::glDrawElements@14 (line 1108)
                      ; - com.badlogic.gdx.backends.lwjgl.LwjglGL20::glDrawElements@21 (line 281)
                      ; - com.badlogic.gdx.graphics.Mesh::render@88 (line 499)
                      ; - com.badlogic.gdx.graphics.Mesh::render@10 (line 460)
  0x0000023b07d17064: 980c 79ff 

  0x0000023b07d17068: ;   {other}
  0x0000023b07d17068: 0f1f 8400 | 580d 0011 | baf6 ffff | ff41 8bea | 4889 3424 

  0x0000023b07d1707c: ;   {runtime_call UncommonTrapBlob}
  0x0000023b07d1707c: c5f8 77e8 

  0x0000023b07d17080: ; ImmutableOopMap {rbp=NarrowOop }
                      ;*invokevirtual getLong {reexecute=0 rethrow=0 return_oop=0}
                      ; - org.lwjgl.MemoryUtilSun$AccessorUnsafe::getAddress@9 (line 70)
                      ; - org.lwjgl.MemoryUtil::getAddress0@4 (line 113)
                      ; - org.lwjgl.MemoryUtil::getAddress@1 (line 129)
                      ; - org.lwjgl.MemoryUtil::getAddress@5 (line 127)
                      ; - org.lwjgl.opengl.GL11::glDrawElements@30 (line 1110)
                      ; - com.badlogic.gdx.backends.lwjgl.LwjglGL20::glDrawElements@21 (line 281)
                      ; - com.badlogic.gdx.graphics.Mesh::render@88 (line 499)
                      ; - com.badlogic.gdx.graphics.Mesh::render@10 (line 460)
  0x0000023b07d17080: 7c0c 79ff 

  0x0000023b07d17084: ;   {other}
  0x0000023b07d17084: 0f1f 8400 | 740d 0012 | bade ffff | ff89 7424 | 1844 8944 | 241c 4c89 | 5424 2090 

  0x0000023b07d170a0: ;   {runtime_call UncommonTrapBlob}
  0x0000023b07d170a0: c5f8 77e8 

  0x0000023b07d170a4: ; ImmutableOopMap {rbp=NarrowOop [0]=Oop [32]=Oop }
                      ;*invokeinterface bind {reexecute=0 rethrow=0 return_oop=0}
                      ; - com.badlogic.gdx.graphics.Mesh::bind@6 (line 391)
                      ; - com.badlogic.gdx.graphics.Mesh::bind@3 (line 382)
                      ; - com.badlogic.gdx.graphics.Mesh::render@13 (line 490)
                      ; - com.badlogic.gdx.graphics.Mesh::render@10 (line 460)
  0x0000023b07d170a4: 580c 79ff 

  0x0000023b07d170a8: ;   {other}
  0x0000023b07d170a8: 0f1f 8400 | 980d 0013 | bade ffff | ff66 6690 

  0x0000023b07d170b8: ;   {runtime_call UncommonTrapBlob}
  0x0000023b07d170b8: c5f8 77e8 

  0x0000023b07d170bc: ; ImmutableOopMap {rbp=NarrowOop [0]=Oop [24]=Oop }
                      ;*invokeinterface getNumIndices {reexecute=0 rethrow=0 return_oop=0}
                      ; - com.badlogic.gdx.graphics.Mesh::bind@15 (line 392)
                      ; - com.badlogic.gdx.graphics.Mesh::bind@3 (line 382)
                      ; - com.badlogic.gdx.graphics.Mesh::render@13 (line 490)
                      ; - com.badlogic.gdx.graphics.Mesh::render@10 (line 460)
  0x0000023b07d170bc: 400c 79ff 

  0x0000023b07d170c0: ;   {other}
  0x0000023b07d170c0: 0f1f 8400 | b00d 0014 | bade ffff | ff48 8944 | 24f8 8b44 | 2414 8944 | 240c 488b | 4424 f844 
  0x0000023b07d170e0: 894c 2420 | 4489 5c24 | 2444 8954 | 2428 6690 

  0x0000023b07d170f0: ;   {runtime_call UncommonTrapBlob}
  0x0000023b07d170f0: c5f8 77e8 

  0x0000023b07d170f4: ; ImmutableOopMap {rbp=NarrowOop [0]=Oop [24]=Oop [40]=NarrowOop }
                      ;*invokeinterface glDrawElements {reexecute=0 rethrow=0 return_oop=0}
                      ; - com.badlogic.gdx.graphics.Mesh::render@88 (line 499)
                      ; - com.badlogic.gdx.graphics.Mesh::render@10 (line 460)
  0x0000023b07d170f4: 080c 79ff 

  0x0000023b07d170f8: ;   {other}
  0x0000023b07d170f8: 0f1f 8400 | e80d 0015 | bade ffff | ff66 6690 

  0x0000023b07d17108: ;   {runtime_call UncommonTrapBlob}
  0x0000023b07d17108: c5f8 77e8 

  0x0000023b07d1710c: ; ImmutableOopMap {rbp=NarrowOop [0]=Oop [24]=Oop }
                      ;*invokeinterface unbind {reexecute=0 rethrow=0 return_oop=0}
                      ; - com.badlogic.gdx.graphics.Mesh::unbind@6 (line 409)
                      ; - com.badlogic.gdx.graphics.Mesh::unbind@3 (line 400)
                      ; - com.badlogic.gdx.graphics.Mesh::render@253 (line 518)
                      ; - com.badlogic.gdx.graphics.Mesh::render@10 (line 460)
  0x0000023b07d1710c: f00b 79ff 

  0x0000023b07d17110: ;   {other}
  0x0000023b07d17110: 0f1f 8400 | 000e 0016 | bade ffff | ff48 8904 | 2466 6690 

  0x0000023b07d17124: ;   {runtime_call UncommonTrapBlob}
  0x0000023b07d17124: c5f8 77e8 

  0x0000023b07d17128: ; ImmutableOopMap {rbp=NarrowOop [0]=Oop }
                      ;*invokeinterface getNumIndices {reexecute=0 rethrow=0 return_oop=0}
                      ; - com.badlogic.gdx.graphics.Mesh::unbind@15 (line 410)
                      ; - com.badlogic.gdx.graphics.Mesh::unbind@3 (line 400)
                      ; - com.badlogic.gdx.graphics.Mesh::render@253 (line 518)
                      ; - com.badlogic.gdx.graphics.Mesh::render@10 (line 460)
  0x0000023b07d17128: d40b 79ff 

  0x0000023b07d1712c: ;   {other}
  0x0000023b07d1712c: 0f1f 8400 | 1c0e 0017 | ba76 ffff | ff48 8bef | 4c89 4424 | 0844 8974 | 2414 6690 

  0x0000023b07d17148: ;   {runtime_call UncommonTrapBlob}
  0x0000023b07d17148: c5f8 77e8 

  0x0000023b07d1714c: ; ImmutableOopMap {rbp=Oop [8]=Oop [24]=Oop }
                      ;*if_icmpge {reexecute=1 rethrow=0 return_oop=0}
                      ; - (reexecute) com.badlogic.gdx.graphics.glutils.VertexArray::unbind@18 (line 156)
                      ; - com.badlogic.gdx.graphics.Mesh::unbind@6 (line 409)
                      ; - com.badlogic.gdx.graphics.Mesh::unbind@3 (line 400)
                      ; - com.badlogic.gdx.graphics.Mesh::render@253 (line 518)
                      ; - com.badlogic.gdx.graphics.Mesh::render@10 (line 460)
  0x0000023b07d1714c: b00b 79ff 

  0x0000023b07d17150: ;   {other}
  0x0000023b07d17150: 0f1f 8400 | 400e 0018 | ba45 ffff | ff48 8be8 | 4489 5c24 | 1866 6690 

  0x0000023b07d17168: ;   {runtime_call UncommonTrapBlob}
  0x0000023b07d17168: c5f8 77e8 

  0x0000023b07d1716c: ; ImmutableOopMap {rbp=Oop [0]=Oop }
                      ;*ifle {reexecute=1 rethrow=0 return_oop=0}
                      ; - (reexecute) com.badlogic.gdx.graphics.Mesh::bind@20 (line 392)
                      ; - com.badlogic.gdx.graphics.Mesh::bind@3 (line 382)
                      ; - com.badlogic.gdx.graphics.Mesh::render@13 (line 490)
                      ; - com.badlogic.gdx.graphics.Mesh::render@10 (line 460)
  0x0000023b07d1716c: 900b 79ff 

  0x0000023b07d17170: ;   {other}
  0x0000023b07d17170: 0f1f 8400 | 600e 0019 | ba45 ffff | ff48 8944 | 24f8 8b44 | 2414 8944 | 240c 488b | 4424 f844 
  0x0000023b07d17190: 894c 2414 | 4489 5c24 | 2044 8954 | 2424 4889 | 7c24 2890 

  0x0000023b07d171a4: ;   {runtime_call UncommonTrapBlob}
  0x0000023b07d171a4: c5f8 77e8 

  0x0000023b07d171a8: ; ImmutableOopMap {rbp=NarrowOop [0]=Oop [24]=Oop [36]=NarrowOop [40]=Oop }
                      ;*if_acmpne {reexecute=1 rethrow=0 return_oop=0}
                      ; - (reexecute) org.lwjgl.opengl.GLContext::getCapabilitiesImpl@11 (line 132)
                      ; - org.lwjgl.opengl.GLContext::getCapabilities@0 (line 122)
                      ; - org.lwjgl.opengl.GL11::glDrawElements@0 (line 1105)
                      ; - com.badlogic.gdx.backends.lwjgl.LwjglGL20::glDrawElements@21 (line 281)
                      ; - com.badlogic.gdx.graphics.Mesh::render@88 (line 499)
                      ; - com.badlogic.gdx.graphics.Mesh::render@10 (line 460)
  0x0000023b07d171a8: 540b 79ff 

  0x0000023b07d171ac: ;   {other}
  0x0000023b07d171ac: 0f1f 8400 | 9c0e 001a | ba45 ffff | ff48 8944 | 24f8 8b44 | 2414 8944 | 240c 488b | 4424 f844 
  0x0000023b07d171cc: 894c 2414 | 4489 5c24 | 2044 8954 | 2424 4889 | 5c24 2844 | 8944 2430 | 8974 2434 

  0x0000023b07d171e8: ;   {runtime_call UncommonTrapBlob}
  0x0000023b07d171e8: c5f8 77e8 

  0x0000023b07d171ec: ; ImmutableOopMap {[0]=Oop [24]=Oop [36]=NarrowOop [48]=NarrowOop [52]=NarrowOop }
                      ;*ifne {reexecute=1 rethrow=0 return_oop=0}
                      ; - (reexecute) org.lwjgl.opengl.StateTracker::getElementArrayBufferBound@9 (line 145)
                      ; - org.lwjgl.opengl.GLChecks::ensureElementVBOdisabled@7 (line 82)
                      ; - org.lwjgl.opengl.GL11::glDrawElements@14 (line 1108)
                      ; - com.badlogic.gdx.backends.lwjgl.LwjglGL20::glDrawElements@21 (line 281)
                      ; - com.badlogic.gdx.graphics.Mesh::render@88 (line 499)
                      ; - com.badlogic.gdx.graphics.Mesh::render@10 (line 460)
  0x0000023b07d171ec: 100b 79ff 

  0x0000023b07d171f0: ;   {other}
  0x0000023b07d171f0: 0f1f 8400 | e00e 001b | ba45 ffff | ff66 6690 

  0x0000023b07d17200: ;   {runtime_call UncommonTrapBlob}
  0x0000023b07d17200: c5f8 77e8 

  0x0000023b07d17204: ; ImmutableOopMap {}
                      ;*ifle {reexecute=1 rethrow=0 return_oop=0}
                      ; - (reexecute) com.badlogic.gdx.graphics.Mesh::unbind@20 (line 410)
                      ; - com.badlogic.gdx.graphics.Mesh::unbind@3 (line 400)
                      ; - com.badlogic.gdx.graphics.Mesh::render@253 (line 518)
                      ; - com.badlogic.gdx.graphics.Mesh::render@10 (line 460)
  0x0000023b07d17204: f80a 79ff 

  0x0000023b07d17208: ;   {other}
  0x0000023b07d17208: 0f1f 8400 | f80e 001c | ba45 ffff | ff8b ee90 

  0x0000023b07d17218: ;   {runtime_call UncommonTrapBlob}
  0x0000023b07d17218: c5f8 77e8 

  0x0000023b07d1721c: ; ImmutableOopMap {}
                      ;*ifne {reexecute=1 rethrow=0 return_oop=0}
                      ; - (reexecute) com.badlogic.gdx.graphics.Mesh::render@2 (line 488)
                      ; - com.badlogic.gdx.graphics.Mesh::render@10 (line 460)
  0x0000023b07d1721c: e00a 79ff 

  0x0000023b07d17220: ;   {other}
  0x0000023b07d17220: 0f1f 8400 | 100f 001d | ba45 ffff | ff49 8bea | 8974 2410 | 4489 4424 | 1866 6690 

  0x0000023b07d1723c: ;   {runtime_call UncommonTrapBlob}
  0x0000023b07d1723c: c5f8 77e8 

  0x0000023b07d17240: ; ImmutableOopMap {rbp=Oop [0]=Oop }
                      ;*ifeq {reexecute=1 rethrow=0 return_oop=0}
                      ; - (reexecute) com.badlogic.gdx.graphics.Mesh::render@8 (line 490)
                      ; - com.badlogic.gdx.graphics.Mesh::render@10 (line 460)
  0x0000023b07d17240: bc0a 79ff 

  0x0000023b07d17244: ;   {other}
  0x0000023b07d17244: 0f1f 8400 | 340f 001e | ba45 ffff | ff66 6690 

  0x0000023b07d17254: ;   {runtime_call UncommonTrapBlob}
  0x0000023b07d17254: c5f8 77e8 

  0x0000023b07d17258: ; ImmutableOopMap {[0]=Oop [24]=Oop }
                      ;*ifeq {reexecute=1 rethrow=0 return_oop=0}
                      ; - (reexecute) com.badlogic.gdx.graphics.glutils.IndexArray::getNumIndices@4 (line 49)
                      ; - com.badlogic.gdx.graphics.Mesh::bind@15 (line 392)
                      ; - com.badlogic.gdx.graphics.Mesh::bind@3 (line 382)
                      ; - com.badlogic.gdx.graphics.Mesh::render@13 (line 490)
                      ; - com.badlogic.gdx.graphics.Mesh::render@10 (line 460)
  0x0000023b07d17258: a40a 79ff 

  0x0000023b07d1725c: ;   {other}
  0x0000023b07d1725c: 0f1f 8400 | 4c0f 001f | ba45 ffff | ff66 6690 

  0x0000023b07d1726c: ;   {runtime_call UncommonTrapBlob}
  0x0000023b07d1726c: c5f8 77e8 

  0x0000023b07d17270: ; ImmutableOopMap {[0]=Oop [24]=Oop }
                      ;*ifeq {reexecute=1 rethrow=0 return_oop=0}
                      ; - (reexecute) com.badlogic.gdx.graphics.Mesh::render@20 (line 492)
                      ; - com.badlogic.gdx.graphics.Mesh::render@10 (line 460)
  0x0000023b07d17270: 8c0a 79ff 

  0x0000023b07d17274: ;   {other}
  0x0000023b07d17274: 0f1f 8400 | 640f 0020 | ba45 ffff | ff48 8be8 | 4489 4c24 | 1c44 8954 | 2424 4489 | 5424 2844 
  0x0000023b07d17294: 895c 2434 

  0x0000023b07d17298: ;   {runtime_call UncommonTrapBlob}
  0x0000023b07d17298: c5f8 77e8 

  0x0000023b07d1729c: ; ImmutableOopMap {rbp=Oop [0]=Oop [36]=NarrowOop [40]=NarrowOop }
                      ;*if_icmple {reexecute=1 rethrow=0 return_oop=0}
                      ; - (reexecute) java.nio.Buffer::position@5 (line 326)
                      ; - java.nio.ShortBuffer::position@2 (line 1551)
                      ; - java.nio.ShortBuffer::position@2 (line 285)
                      ; - com.badlogic.gdx.graphics.Mesh::render@63 (line 497)
                      ; - com.badlogic.gdx.graphics.Mesh::render@10 (line 460)
  0x0000023b07d1729c: 600a 79ff 

  0x0000023b07d172a0: ;   {other}
  0x0000023b07d172a0: 0f1f 8400 | 900f 0021 | ba45 ffff | ff48 8be8 | 4489 4c24 | 1c44 895c | 2420 4489 | 5424 2444 
  0x0000023b07d172c0: 8954 2428 

  0x0000023b07d172c4: ;   {runtime_call UncommonTrapBlob}
  0x0000023b07d172c4: c5f8 77e8 

  0x0000023b07d172c8: ; ImmutableOopMap {rbp=Oop [0]=Oop [36]=NarrowOop [40]=NarrowOop }
                      ;*ifge {reexecute=1 rethrow=0 return_oop=0}
                      ; - (reexecute) java.nio.Buffer::position@14 (line 326)
                      ; - java.nio.ShortBuffer::position@2 (line 1551)
                      ; - java.nio.ShortBuffer::position@2 (line 285)
                      ; - com.badlogic.gdx.graphics.Mesh::render@63 (line 497)
                      ; - com.badlogic.gdx.graphics.Mesh::render@10 (line 460)
  0x0000023b07d172c8: 340a 79ff 

  0x0000023b07d172cc: ;   {other}
  0x0000023b07d172cc: 0f1f 8400 | bc0f 0022 | ba45 ffff | ff48 8be8 | 4489 4c24 | 1c44 895c | 2420 4489 | 5424 2444 
  0x0000023b07d172ec: 8954 2428 | 897c 2430 

  0x0000023b07d172f4: ;   {runtime_call UncommonTrapBlob}
  0x0000023b07d172f4: c5f8 77e8 

  0x0000023b07d172f8: ; ImmutableOopMap {rbp=Oop [0]=Oop [36]=NarrowOop [40]=NarrowOop }
                      ;*if_icmple {reexecute=1 rethrow=0 return_oop=0}
                      ; - (reexecute) java.nio.Buffer::position@37 (line 328)
                      ; - java.nio.ShortBuffer::position@2 (line 1551)
                      ; - java.nio.ShortBuffer::position@2 (line 285)
                      ; - com.badlogic.gdx.graphics.Mesh::render@63 (line 497)
                      ; - com.badlogic.gdx.graphics.Mesh::render@10 (line 460)
  0x0000023b07d172f8: 040a 79ff 

  0x0000023b07d172fc: ;   {other}
  0x0000023b07d172fc: 0f1f 8400 | ec0f 0023 | ba45 ffff | ff48 8944 | 24f8 8b44 | 2410 8944 | 240c 488b | 4424 f848 
  0x0000023b07d1731c: 8944 24f8 | 8b44 2414 | 8944 2410 | 488b 4424 | f844 894c | 2420 4489 | 5c24 2444 | 8954 2428 
  0x0000023b07d1733c: 4489 5424 | 2c44 8944 | 2434 6690 

  0x0000023b07d17348: ;   {runtime_call UncommonTrapBlob}
  0x0000023b07d17348: c5f8 77e8 

  0x0000023b07d1734c: ; ImmutableOopMap {[0]=Oop [24]=Oop [40]=NarrowOop [44]=NarrowOop }
                      ;*if_icmple {reexecute=1 rethrow=0 return_oop=0}
                      ; - (reexecute) java.nio.Buffer::limit@5 (line 379)
                      ; - java.nio.ShortBuffer::limit@2 (line 1565)
                      ; - java.nio.ShortBuffer::limit@2 (line 285)
                      ; - com.badlogic.gdx.graphics.Mesh::render@73 (line 498)
                      ; - com.badlogic.gdx.graphics.Mesh::render@10 (line 460)
  0x0000023b07d1734c: b009 79ff 

  0x0000023b07d17350: ;   {other}
  0x0000023b07d17350: 0f1f 8400 | 4010 0024 | ba45 ffff | ff48 8be8 | 4889 4424 | f88b 4424 | 1089 4424 | 0c48 8b44 
  0x0000023b07d17370: 24f8 4889 | 4424 f88b | 4424 1489 | 4424 1048 | 8b44 24f8 | 4489 4c24 | 1844 895c | 241c 4489 
  0x0000023b07d17390: 5424 2044 | 8954 2424 | 4489 4424 | 2c66 6690 

  0x0000023b07d173a0: ;   {runtime_call UncommonTrapBlob}
  0x0000023b07d173a0: c5f8 77e8 

  0x0000023b07d173a4: ; ImmutableOopMap {rbp=Oop [0]=Oop [32]=NarrowOop [36]=NarrowOop }
                      ;*ifge {reexecute=1 rethrow=0 return_oop=0}
                      ; - (reexecute) java.nio.Buffer::limit@14 (line 379)
                      ; - java.nio.ShortBuffer::limit@2 (line 1565)
                      ; - java.nio.ShortBuffer::limit@2 (line 285)
                      ; - com.badlogic.gdx.graphics.Mesh::render@73 (line 498)
                      ; - com.badlogic.gdx.graphics.Mesh::render@10 (line 460)
  0x0000023b07d173a4: 5809 79ff 

  0x0000023b07d173a8: ;   {other}
  0x0000023b07d173a8: 0f1f 8400 | 9810 0025 | ba45 ffff | ff48 8be8 | 4889 4424 | f88b 4424 | 1089 4424 | 0c48 8b44 
  0x0000023b07d173c8: 24f8 4889 | 4424 f88b | 4424 1489 | 4424 1048 | 8b44 24f8 | 4489 4c24 | 1844 895c | 241c 4489 
  0x0000023b07d173e8: 5424 2044 | 8954 2424 | 894c 242c | 4489 4424 | 3066 6690 

  0x0000023b07d173fc: ;   {runtime_call UncommonTrapBlob}
  0x0000023b07d173fc: c5f8 77e8 

  0x0000023b07d17400: ; ImmutableOopMap {rbp=Oop [0]=Oop [32]=NarrowOop [36]=NarrowOop }
                      ;*if_icmple {reexecute=1 rethrow=0 return_oop=0}
                      ; - (reexecute) java.nio.Buffer::limit@42 (line 382)
                      ; - java.nio.ShortBuffer::limit@2 (line 1565)
                      ; - java.nio.ShortBuffer::limit@2 (line 285)
                      ; - com.badlogic.gdx.graphics.Mesh::render@73 (line 498)
                      ; - com.badlogic.gdx.graphics.Mesh::render@10 (line 460)
  0x0000023b07d17400: fc08 79ff 

  0x0000023b07d17404: ;   {other}
  0x0000023b07d17404: 0f1f 8400 | f410 0026 | ba45 ffff | ff48 8be8 | 4889 4424 | f88b 4424 | 1089 4424 | 0c48 8b44 
  0x0000023b07d17424: 24f8 4889 | 4424 f88b | 4424 1489 | 4424 1048 | 8b44 24f8 | 4489 4c24 | 1844 895c | 241c 4489 
  0x0000023b07d17444: 5424 2044 | 8954 2424 | 897c 2428 | 4489 4424 | 2c66 6690 

  0x0000023b07d17458: ;   {runtime_call UncommonTrapBlob}
  0x0000023b07d17458: c5f8 77e8 

  0x0000023b07d1745c: ; ImmutableOopMap {rbp=Oop [0]=Oop [32]=NarrowOop [36]=NarrowOop }
                      ;*if_icmple {reexecute=1 rethrow=0 return_oop=0}
                      ; - (reexecute) java.nio.Buffer::limit@55 (line 383)
                      ; - java.nio.ShortBuffer::limit@2 (line 1565)
                      ; - java.nio.ShortBuffer::limit@2 (line 285)
                      ; - com.badlogic.gdx.graphics.Mesh::render@73 (line 498)
                      ; - com.badlogic.gdx.graphics.Mesh::render@10 (line 460)
  0x0000023b07d1745c: a008 79ff 

  0x0000023b07d17460: ;   {other}
  0x0000023b07d17460: 0f1f 8400 | 5011 0027 | ba45 ffff | ff48 8be8 | 4889 4424 | f88b 4424 | 1489 4424 | 0c48 8b44 
  0x0000023b07d17480: 24f8 4489 | 4c24 1444 | 895c 2418 | 4489 5424 | 1c44 8944 | 2424 6690 

  0x0000023b07d17498: ;   {runtime_call UncommonTrapBlob}
  0x0000023b07d17498: c5f8 77e8 

  0x0000023b07d1749c: ; ImmutableOopMap {rbp=Oop [0]=Oop [28]=NarrowOop [36]=NarrowOop }
                      ;*ifnonnull {reexecute=1 rethrow=0 return_oop=0}
                      ; - (reexecute) org.lwjgl.opengl.GLContext::getCapabilities@5 (line 123)
                      ; - org.lwjgl.opengl.GL11::glDrawElements@0 (line 1105)
                      ; - com.badlogic.gdx.backends.lwjgl.LwjglGL20::glDrawElements@21 (line 281)
                      ; - com.badlogic.gdx.graphics.Mesh::render@88 (line 499)
                      ; - com.badlogic.gdx.graphics.Mesh::render@10 (line 460)
  0x0000023b07d1749c: 6008 79ff 

  0x0000023b07d174a0: ;   {other}
  0x0000023b07d174a0: 0f1f 8400 | 9011 0028 | 33c9 483b | d9bd ffff | ffff 7c08 | 400f 95c5 | 400f b6ed | ba45 ffff 
  0x0000023b07d174c0: ff48 8944 | 24f8 8b44 | 2414 8944 | 240c 488b | 4424 f844 | 894c 2414 | 4489 5c24 | 2044 8954 
  0x0000023b07d174e0: 2424 4489 | 4424 2848 | 895c 2430 

  0x0000023b07d174ec: ;   {runtime_call UncommonTrapBlob}
  0x0000023b07d174ec: c5f8 77e8 

  0x0000023b07d174f0: ; ImmutableOopMap {[0]=Oop [24]=Oop [36]=NarrowOop [40]=NarrowOop }
                      ;*ifne {reexecute=1 rethrow=0 return_oop=0}
                      ; - (reexecute) org.lwjgl.BufferChecks::checkFunctionAddress@9 (line 57)
                      ; - org.lwjgl.opengl.GL11::glDrawElements@10 (line 1107)
                      ; - com.badlogic.gdx.backends.lwjgl.LwjglGL20::glDrawElements@21 (line 281)
                      ; - com.badlogic.gdx.graphics.Mesh::render@88 (line 499)
                      ; - com.badlogic.gdx.graphics.Mesh::render@10 (line 460)
  0x0000023b07d174f0: 0c08 79ff 

  0x0000023b07d174f4: ;   {other}
  0x0000023b07d174f4: 0f1f 8400 | e411 0029 | ba45 ffff | ff48 8944 | 24f8 8b44 | 2414 8944 | 240c 488b | 4424 f844 
  0x0000023b07d17514: 894c 2414 | 4489 5c24 | 2044 8954 | 2424 4889 | 5c24 2890 

  0x0000023b07d17528: ;   {runtime_call UncommonTrapBlob}
  0x0000023b07d17528: c5f8 77e8 

  0x0000023b07d1752c: ; ImmutableOopMap {[0]=Oop [24]=Oop [36]=NarrowOop }
                      ;*ifeq {reexecute=1 rethrow=0 return_oop=0}
                      ; - (reexecute) org.lwjgl.opengl.GLChecks::ensureElementVBOdisabled@10 (line 82)
                      ; - org.lwjgl.opengl.GL11::glDrawElements@14 (line 1108)
                      ; - com.badlogic.gdx.backends.lwjgl.LwjglGL20::glDrawElements@21 (line 281)
                      ; - com.badlogic.gdx.graphics.Mesh::render@88 (line 499)
                      ; - com.badlogic.gdx.graphics.Mesh::render@10 (line 460)
  0x0000023b07d1752c: d007 79ff 

  0x0000023b07d17530: ;   {other}
  0x0000023b07d17530: 0f1f 8400 | 2012 002a | ba45 ffff | ff48 ff74 | 2418 488f | 4424 0844 | 8944 241c | 4489 4424 
  0x0000023b07d17550: 2066 6690 

  0x0000023b07d17554: ;   {runtime_call UncommonTrapBlob}
  0x0000023b07d17554: c5f8 77e8 

  0x0000023b07d17558: ; ImmutableOopMap {[0]=Oop [8]=Oop [28]=NarrowOop [32]=NarrowOop }
                      ;*if_icmple {reexecute=1 rethrow=0 return_oop=0}
                      ; - (reexecute) java.nio.Buffer::position@5 (line 326)
                      ; - java.nio.ShortBuffer::position@2 (line 1551)
                      ; - java.nio.ShortBuffer::position@2 (line 285)
                      ; - com.badlogic.gdx.graphics.Mesh::render@97 (line 500)
                      ; - com.badlogic.gdx.graphics.Mesh::render@10 (line 460)
  0x0000023b07d17558: a407 79ff 

  0x0000023b07d1755c: ;   {other}
  0x0000023b07d1755c: 0f1f 8400 | 4c12 002b | ba45 ffff | ff48 8b6c | 2418 4889 | 4424 f88b | 4424 1489 | 4424 0848 
  0x0000023b07d1757c: 8b44 24f8 | 4489 5c24 | 2066 6690 

  0x0000023b07d17588: ;   {runtime_call UncommonTrapBlob}
  0x0000023b07d17588: c5f8 77e8 

  0x0000023b07d1758c: ; ImmutableOopMap {rbp=Oop [0]=Oop [12]=NarrowOop }
                      ;*ifge {reexecute=1 rethrow=0 return_oop=0}
                      ; - (reexecute) java.nio.Buffer::position@14 (line 326)
                      ; - java.nio.ShortBuffer::position@2 (line 1551)
                      ; - java.nio.ShortBuffer::position@2 (line 285)
                      ; - com.badlogic.gdx.graphics.Mesh::render@97 (line 500)
                      ; - com.badlogic.gdx.graphics.Mesh::render@10 (line 460)
  0x0000023b07d1758c: 7007 79ff 

  0x0000023b07d17590: ;   {other}
  0x0000023b07d17590: 0f1f 8400 | 8012 002c | ba45 ffff | ff48 8b6c | 2418 4889 | 4424 f88b | 4424 1489 | 4424 0848 
  0x0000023b07d175b0: 8b44 24f8 | 4489 4c24 | 2044 895c | 2424 6690 

  0x0000023b07d175c0: ;   {runtime_call UncommonTrapBlob}
  0x0000023b07d175c0: c5f8 77e8 

  0x0000023b07d175c4: ; ImmutableOopMap {rbp=Oop [0]=Oop [12]=NarrowOop }
                      ;*if_icmple {reexecute=1 rethrow=0 return_oop=0}
                      ; - (reexecute) java.nio.Buffer::position@37 (line 328)
                      ; - java.nio.ShortBuffer::position@2 (line 1551)
                      ; - java.nio.ShortBuffer::position@2 (line 285)
                      ; - com.badlogic.gdx.graphics.Mesh::render@97 (line 500)
                      ; - com.badlogic.gdx.graphics.Mesh::render@10 (line 460)
  0x0000023b07d175c4: 3807 79ff 

  0x0000023b07d175c8: ;   {other}
  0x0000023b07d175c8: 0f1f 8400 | b812 002d | ba45 ffff | ff48 ff74 | 2418 488f | 4424 0848 | 8944 24f8 | 8b44 2414 
  0x0000023b07d175e8: 8944 2410 | 488b 4424 | f844 8944 | 2418 4489 | 5424 2090 

  0x0000023b07d175fc: ;   {runtime_call UncommonTrapBlob}
  0x0000023b07d175fc: c5f8 77e8 

  0x0000023b07d17600: ; ImmutableOopMap {[0]=Oop [8]=Oop [24]=NarrowOop }
                      ;*if_icmple {reexecute=1 rethrow=0 return_oop=0}
                      ; - (reexecute) java.nio.Buffer::limit@5 (line 379)
                      ; - java.nio.ShortBuffer::limit@2 (line 1565)
                      ; - java.nio.ShortBuffer::limit@2 (line 285)
                      ; - com.badlogic.gdx.graphics.Mesh::render@105 (line 501)
                      ; - com.badlogic.gdx.graphics.Mesh::render@10 (line 460)
  0x0000023b07d17600: fc06 79ff 

  0x0000023b07d17604: ;   {other}
  0x0000023b07d17604: 0f1f 8400 | f412 002e | ba45 ffff | ff48 8b6c | 2418 4889 | 4424 f88b | 4424 1489 | 4424 0848 
  0x0000023b07d17624: 8b44 24f8 | 4489 5424 | 1866 6690 

  0x0000023b07d17630: ;   {runtime_call UncommonTrapBlob}
  0x0000023b07d17630: c5f8 77e8 

  0x0000023b07d17634: ; ImmutableOopMap {rbp=Oop [0]=Oop [12]=NarrowOop }
                      ;*ifge {reexecute=1 rethrow=0 return_oop=0}
                      ; - (reexecute) java.nio.Buffer::limit@14 (line 379)
                      ; - java.nio.ShortBuffer::limit@2 (line 1565)
                      ; - java.nio.ShortBuffer::limit@2 (line 285)
                      ; - com.badlogic.gdx.graphics.Mesh::render@105 (line 501)
                      ; - com.badlogic.gdx.graphics.Mesh::render@10 (line 460)
  0x0000023b07d17634: c806 79ff 

  0x0000023b07d17638: ;   {other}
  0x0000023b07d17638: 0f1f 8400 | 2813 002f | ba45 ffff | ff48 8b6c | 2418 4889 | 4424 f88b | 4424 1489 | 4424 0848 
  0x0000023b07d17658: 8b44 24f8 | 4489 5424 | 1c66 6690 

  0x0000023b07d17664: ;   {runtime_call UncommonTrapBlob}
  0x0000023b07d17664: c5f8 77e8 

  0x0000023b07d17668: ; ImmutableOopMap {rbp=Oop [0]=Oop [12]=NarrowOop }
                      ;*if_icmple {reexecute=1 rethrow=0 return_oop=0}
                      ; - (reexecute) java.nio.Buffer::limit@42 (line 382)
                      ; - java.nio.ShortBuffer::limit@2 (line 1565)
                      ; - java.nio.ShortBuffer::limit@2 (line 285)
                      ; - com.badlogic.gdx.graphics.Mesh::render@105 (line 501)
                      ; - com.badlogic.gdx.graphics.Mesh::render@10 (line 460)
  0x0000023b07d17668: 9406 79ff 

  0x0000023b07d1766c: ;   {other}
  0x0000023b07d1766c: 0f1f 8400 | 5c13 0030 | ba45 ffff | ff48 8b6c | 2418 4889 | 4424 f88b | 4424 1489 | 4424 0848 
  0x0000023b07d1768c: 8b44 24f8 | 4489 4c24 | 1444 8954 | 2418 6690 

  0x0000023b07d1769c: ;   {runtime_call UncommonTrapBlob}
  0x0000023b07d1769c: c5f8 77e8 

  0x0000023b07d176a0: ; ImmutableOopMap {rbp=Oop [0]=Oop [12]=NarrowOop }
                      ;*if_icmple {reexecute=1 rethrow=0 return_oop=0}
                      ; - (reexecute) java.nio.Buffer::limit@55 (line 383)
                      ; - java.nio.ShortBuffer::limit@2 (line 1565)
                      ; - java.nio.ShortBuffer::limit@2 (line 285)
                      ; - com.badlogic.gdx.graphics.Mesh::render@105 (line 501)
                      ; - com.badlogic.gdx.graphics.Mesh::render@10 (line 460)
  0x0000023b07d176a0: 5c06 79ff 

  0x0000023b07d176a4: ;   {other}
  0x0000023b07d176a4: 0f1f 8400 | 9413 0031 | ba45 ffff | ff48 8904 | 2466 6690 

  0x0000023b07d176b8: ;   {runtime_call UncommonTrapBlob}
  0x0000023b07d176b8: c5f8 77e8 

  0x0000023b07d176bc: ; ImmutableOopMap {[0]=Oop }
                      ;*ifeq {reexecute=1 rethrow=0 return_oop=0}
                      ; - (reexecute) com.badlogic.gdx.graphics.glutils.IndexArray::getNumIndices@4 (line 49)
                      ; - com.badlogic.gdx.graphics.Mesh::unbind@15 (line 410)
                      ; - com.badlogic.gdx.graphics.Mesh::unbind@3 (line 400)
                      ; - com.badlogic.gdx.graphics.Mesh::render@253 (line 518)
                      ; - com.badlogic.gdx.graphics.Mesh::render@10 (line 460)
  0x0000023b07d176bc: 4006 79ff 

  0x0000023b07d176c0: ;   {other}
  0x0000023b07d176c0: 0f1f 8400 | b013 0032 | bade ffff | ff48 893c | 2444 896c | 2408 4889 | 4424 1044 | 8974 240c 
  0x0000023b07d176e0: 4c89 4424 | 2889 7424 | 3044 8954 | 2434 4489 | 4c24 3889 | 5c24 3c89 | 4c24 4044 | 894c 2444 
  0x0000023b07d17700: ;   {runtime_call UncommonTrapBlob}
  0x0000023b07d17700: c5f8 77e8 

  0x0000023b07d17704: ; ImmutableOopMap {rbp=NarrowOop [0]=Oop [16]=Oop [40]=Oop [48]=NarrowOop [52]=NarrowOop [56]=NarrowOop [68]=NarrowOop }
                      ;*instanceof {reexecute=0 rethrow=0 return_oop=0}
                      ; - java.lang.String::equals@8 (line 1863)
                      ; - com.badlogic.gdx.utils.ObjectIntMap::get@21 (line 281)
                      ; - com.badlogic.gdx.graphics.glutils.ShaderProgram::fetchAttributeLocation@11 (line 290)
                      ; - com.badlogic.gdx.graphics.glutils.ShaderProgram::disableVertexAttribute@10 (line 717)
                      ; - com.badlogic.gdx.graphics.glutils.VertexArray::unbind@34 (line 157)
                      ; - com.badlogic.gdx.graphics.Mesh::unbind@6 (line 409)
                      ; - com.badlogic.gdx.graphics.Mesh::unbind@3 (line 400)
                      ; - com.badlogic.gdx.graphics.Mesh::render@253 (line 518)
                      ; - com.badlogic.gdx.graphics.Mesh::render@10 (line 460)
  0x0000023b07d17704: f805 79ff 

  0x0000023b07d17708: ;   {other}
  0x0000023b07d17708: 0f1f 8400 | f813 0033 | baf6 ffff | ff41 8bed 

  0x0000023b07d17718: ;   {runtime_call UncommonTrapBlob}
  0x0000023b07d17718: c5f8 77e8 

  0x0000023b07d1771c: ; ImmutableOopMap {}
                      ;*invokevirtual get {reexecute=0 rethrow=0 return_oop=0}
                      ; - com.badlogic.gdx.graphics.glutils.VertexArray::unbind@28 (line 157)
                      ; - com.badlogic.gdx.graphics.Mesh::unbind@6 (line 409)
                      ; - com.badlogic.gdx.graphics.Mesh::unbind@3 (line 400)
                      ; - com.badlogic.gdx.graphics.Mesh::render@253 (line 518)
                      ; - com.badlogic.gdx.graphics.Mesh::render@10 (line 460)
  0x0000023b07d1771c: e005 79ff 

  0x0000023b07d17720: ;   {other}
  0x0000023b07d17720: 0f1f 8400 | 1014 0034 | baf6 ffff | ff41 8bed 

  0x0000023b07d17730: ;   {runtime_call UncommonTrapBlob}
  0x0000023b07d17730: c5f8 77e8 

  0x0000023b07d17734: ; ImmutableOopMap {}
                      ;*aaload {reexecute=0 rethrow=0 return_oop=0}
                      ; - com.badlogic.gdx.graphics.VertexAttributes::get@5 (line 109)
                      ; - com.badlogic.gdx.graphics.glutils.VertexArray::unbind@28 (line 157)
                      ; - com.badlogic.gdx.graphics.Mesh::unbind@6 (line 409)
                      ; - com.badlogic.gdx.graphics.Mesh::unbind@3 (line 400)
                      ; - com.badlogic.gdx.graphics.Mesh::render@253 (line 518)
                      ; - com.badlogic.gdx.graphics.Mesh::render@10 (line 460)
  0x0000023b07d17734: c805 79ff 

  0x0000023b07d17738: ;   {other}
  0x0000023b07d17738: 0f1f 8400 | 2814 0035 | baf6 ffff | ff66 6690 

  0x0000023b07d17748: ;   {runtime_call UncommonTrapBlob}
  0x0000023b07d17748: c5f8 77e8 

  0x0000023b07d1774c: ; ImmutableOopMap {}
                      ;*getfield alias {reexecute=1 rethrow=0 return_oop=0}
                      ; - (reexecute) com.badlogic.gdx.graphics.glutils.VertexArray::unbind@31 (line 157)
                      ; - com.badlogic.gdx.graphics.Mesh::unbind@6 (line 409)
                      ; - com.badlogic.gdx.graphics.Mesh::unbind@3 (line 400)
                      ; - com.badlogic.gdx.graphics.Mesh::render@253 (line 518)
                      ; - com.badlogic.gdx.graphics.Mesh::render@10 (line 460)
  0x0000023b07d1774c: b005 79ff 

  0x0000023b07d17750: ;   {other}
  0x0000023b07d17750: 0f1f 8400 | 4014 0036 | baf6 ffff | ff66 6690 

  0x0000023b07d17760: ;   {runtime_call UncommonTrapBlob}
  0x0000023b07d17760: c5f8 77e8 

  0x0000023b07d17764: ; ImmutableOopMap {}
                      ;*invokevirtual hashCode {reexecute=0 rethrow=0 return_oop=0}
                      ; - com.badlogic.gdx.utils.ObjectIntMap::get@1 (line 279)
                      ; - com.badlogic.gdx.graphics.glutils.ShaderProgram::fetchAttributeLocation@11 (line 290)
                      ; - com.badlogic.gdx.graphics.glutils.ShaderProgram::disableVertexAttribute@10 (line 717)
                      ; - com.badlogic.gdx.graphics.glutils.VertexArray::unbind@34 (line 157)
                      ; - com.badlogic.gdx.graphics.Mesh::unbind@6 (line 409)
                      ; - com.badlogic.gdx.graphics.Mesh::unbind@3 (line 400)
                      ; - com.badlogic.gdx.graphics.Mesh::render@253 (line 518)
                      ; - com.badlogic.gdx.graphics.Mesh::render@10 (line 460)
  0x0000023b07d17764: 9805 79ff 

  0x0000023b07d17768: ;   {other}
  0x0000023b07d17768: 0f1f 8400 | 5814 0037 | baf6 ffff | ff8b e990 

  0x0000023b07d17778: ;   {runtime_call UncommonTrapBlob}
  0x0000023b07d17778: c5f8 77e8 

  0x0000023b07d1777c: ; ImmutableOopMap {}
                      ;*aaload {reexecute=0 rethrow=0 return_oop=0}
                      ; - com.badlogic.gdx.utils.ObjectIntMap::get@20 (line 281)
                      ; - com.badlogic.gdx.graphics.glutils.ShaderProgram::fetchAttributeLocation@11 (line 290)
                      ; - com.badlogic.gdx.graphics.glutils.ShaderProgram::disableVertexAttribute@10 (line 717)
                      ; - com.badlogic.gdx.graphics.glutils.VertexArray::unbind@34 (line 157)
                      ; - com.badlogic.gdx.graphics.Mesh::unbind@6 (line 409)
                      ; - com.badlogic.gdx.graphics.Mesh::unbind@3 (line 400)
                      ; - com.badlogic.gdx.graphics.Mesh::render@253 (line 518)
                      ; - com.badlogic.gdx.graphics.Mesh::render@10 (line 460)
  0x0000023b07d1777c: 8005 79ff 

  0x0000023b07d17780: ;   {other}
  0x0000023b07d17780: 0f1f 8400 | 7014 0038 | baf6 ffff | ff8b e990 

  0x0000023b07d17790: ;   {runtime_call UncommonTrapBlob}
  0x0000023b07d17790: c5f8 77e8 

  0x0000023b07d17794: ; ImmutableOopMap {}
                      ;*iaload {reexecute=0 rethrow=0 return_oop=0}
                      ; - com.badlogic.gdx.utils.ObjectIntMap::get@82 (line 288)
                      ; - com.badlogic.gdx.graphics.glutils.ShaderProgram::fetchAttributeLocation@11 (line 290)
                      ; - com.badlogic.gdx.graphics.glutils.ShaderProgram::disableVertexAttribute@10 (line 717)
                      ; - com.badlogic.gdx.graphics.glutils.VertexArray::unbind@34 (line 157)
                      ; - com.badlogic.gdx.graphics.Mesh::unbind@6 (line 409)
                      ; - com.badlogic.gdx.graphics.Mesh::unbind@3 (line 400)
                      ; - com.badlogic.gdx.graphics.Mesh::render@253 (line 518)
                      ; - com.badlogic.gdx.graphics.Mesh::render@10 (line 460)
  0x0000023b07d17794: 6805 79ff 

  0x0000023b07d17798: ;   {other}
  0x0000023b07d17798: 0f1f 8400 | 8814 0039 | baf6 ffff | ff41 8beb 

  0x0000023b07d177a8: ;   {runtime_call UncommonTrapBlob}
  0x0000023b07d177a8: c5f8 77e8 

  0x0000023b07d177ac: ; ImmutableOopMap {}
                      ;*invokeinterface glDisableVertexAttribArray {reexecute=0 rethrow=0 return_oop=0}
                      ; - com.badlogic.gdx.graphics.glutils.ShaderProgram::disableVertexAttribute@22 (line 719)
                      ; - com.badlogic.gdx.graphics.glutils.VertexArray::unbind@34 (line 157)
                      ; - com.badlogic.gdx.graphics.Mesh::unbind@6 (line 409)
                      ; - com.badlogic.gdx.graphics.Mesh::unbind@3 (line 400)
                      ; - com.badlogic.gdx.graphics.Mesh::render@253 (line 518)
                      ; - com.badlogic.gdx.graphics.Mesh::render@10 (line 460)
  0x0000023b07d177ac: 5005 79ff 

  0x0000023b07d177b0: ;   {other}
  0x0000023b07d177b0: 0f1f 8400 | a014 003a | baf6 ffff | ff66 6690 

  0x0000023b07d177c0: ;   {runtime_call UncommonTrapBlob}
  0x0000023b07d177c0: c5f8 77e8 

  0x0000023b07d177c4: ; ImmutableOopMap {}
                      ;*getfield owner {reexecute=1 rethrow=0 return_oop=0}
                      ; - (reexecute) org.lwjgl.opengl.GLContext::getCapabilitiesImpl@5 (line 132)
                      ; - org.lwjgl.opengl.GLContext::getCapabilities@0 (line 122)
                      ; - org.lwjgl.opengl.GL20::glDisableVertexAttribArray@0 (line 917)
                      ; - com.badlogic.gdx.backends.lwjgl.LwjglGL20::glDisableVertexAttribArray@1 (line 272)
                      ; - com.badlogic.gdx.graphics.glutils.ShaderProgram::disableVertexAttribute@22 (line 719)
                      ; - com.badlogic.gdx.graphics.glutils.VertexArray::unbind@34 (line 157)
                      ; - com.badlogic.gdx.graphics.Mesh::unbind@6 (line 409)
                      ; - com.badlogic.gdx.graphics.Mesh::unbind@3 (line 400)
                      ; - com.badlogic.gdx.graphics.Mesh::render@253 (line 518)
                      ; - com.badlogic.gdx.graphics.Mesh::render@10 (line 460)
  0x0000023b07d177c4: 3805 79ff 

  0x0000023b07d177c8: ;   {other}
  0x0000023b07d177c8: 0f1f 8400 | b814 003b | baf6 ffff | ff48 8b2c | 2466 6690 

  0x0000023b07d177dc: ;   {runtime_call UncommonTrapBlob}
  0x0000023b07d177dc: c5f8 77e8 

  0x0000023b07d177e0: ; ImmutableOopMap {rbp=Oop }
                      ;*invokeinterface bind {reexecute=0 rethrow=0 return_oop=0}
                      ; - com.badlogic.gdx.graphics.Mesh::bind@6 (line 391)
                      ; - com.badlogic.gdx.graphics.Mesh::bind@3 (line 382)
                      ; - com.badlogic.gdx.graphics.Mesh::render@13 (line 490)
                      ; - com.badlogic.gdx.graphics.Mesh::render@10 (line 460)
  0x0000023b07d177e0: 1c05 79ff 

  0x0000023b07d177e4: ;   {other}
  0x0000023b07d177e4: 0f1f 8400 | d414 003c | baf6 ffff | ff66 6690 

  0x0000023b07d177f4: ;   {runtime_call UncommonTrapBlob}
  0x0000023b07d177f4: c5f8 77e8 

  0x0000023b07d177f8: ; ImmutableOopMap {}
                      ;*invokeinterface getNumIndices {reexecute=0 rethrow=0 return_oop=0}
                      ; - com.badlogic.gdx.graphics.Mesh::bind@15 (line 392)
                      ; - com.badlogic.gdx.graphics.Mesh::bind@3 (line 382)
                      ; - com.badlogic.gdx.graphics.Mesh::render@13 (line 490)
                      ; - com.badlogic.gdx.graphics.Mesh::render@10 (line 460)
  0x0000023b07d177f8: 0405 79ff 

  0x0000023b07d177fc: ;   {other}
  0x0000023b07d177fc: 0f1f 8400 | ec14 003d | baf6 ffff | ff66 6690 

  0x0000023b07d1780c: ;   {runtime_call UncommonTrapBlob}
  0x0000023b07d1780c: c5f8 77e8 

  0x0000023b07d17810: ; ImmutableOopMap {}
                      ;*invokevirtual limit {reexecute=0 rethrow=0 return_oop=0}
                      ; - com.badlogic.gdx.graphics.glutils.IndexArray::getNumIndices@15 (line 49)
                      ; - com.badlogic.gdx.graphics.Mesh::bind@15 (line 392)
                      ; - com.badlogic.gdx.graphics.Mesh::bind@3 (line 382)
                      ; - com.badlogic.gdx.graphics.Mesh::render@13 (line 490)
                      ; - com.badlogic.gdx.graphics.Mesh::render@10 (line 460)
  0x0000023b07d17810: ec04 79ff 

  0x0000023b07d17814: ;   {other}
  0x0000023b07d17814: 0f1f 8400 | 0415 003e | baf6 ffff | ff8b 6c24 | 0844 8954 | 2404 6690 

  0x0000023b07d1782c: ;   {runtime_call UncommonTrapBlob}
  0x0000023b07d1782c: c5f8 77e8 

  0x0000023b07d17830: ; ImmutableOopMap {[4]=NarrowOop }
                      ;*invokeinterface glDrawElements {reexecute=0 rethrow=0 return_oop=0}
                      ; - com.badlogic.gdx.graphics.Mesh::render@88 (line 499)
                      ; - com.badlogic.gdx.graphics.Mesh::render@10 (line 460)
  0x0000023b07d17830: cc04 79ff 

  0x0000023b07d17834: ;   {other}
  0x0000023b07d17834: 0f1f 8400 | 2415 003f | baf6 ffff | ff66 6690 

  0x0000023b07d17844: ;   {runtime_call UncommonTrapBlob}
  0x0000023b07d17844: c5f8 77e8 

  0x0000023b07d17848: ; ImmutableOopMap {}
                      ;*getfield owner {reexecute=1 rethrow=0 return_oop=0}
                      ; - (reexecute) org.lwjgl.opengl.GLContext::getCapabilitiesImpl@5 (line 132)
                      ; - org.lwjgl.opengl.GLContext::getCapabilities@0 (line 122)
                      ; - org.lwjgl.opengl.GL11::glDrawElements@0 (line 1105)
                      ; - com.badlogic.gdx.backends.lwjgl.LwjglGL20::glDrawElements@21 (line 281)
                      ; - com.badlogic.gdx.graphics.Mesh::render@88 (line 499)
                      ; - com.badlogic.gdx.graphics.Mesh::render@10 (line 460)
  0x0000023b07d17848: b404 79ff 

  0x0000023b07d1784c: ;   {other}
  0x0000023b07d1784c: 0f1f 8400 | 3c15 0040 | baf6 ffff | ff66 6690 

  0x0000023b07d1785c: ;   {runtime_call UncommonTrapBlob}
  0x0000023b07d1785c: c5f8 77e8 

  0x0000023b07d17860: ; ImmutableOopMap {}
                      ;*getfield references_stack {reexecute=1 rethrow=0 return_oop=0}
                      ; - (reexecute) org.lwjgl.opengl.StateTracker::getReferences@4 (line 85)
                      ; - org.lwjgl.opengl.StateTracker::getElementArrayBufferBound@1 (line 143)
                      ; - org.lwjgl.opengl.GLChecks::ensureElementVBOdisabled@7 (line 82)
                      ; - org.lwjgl.opengl.GL11::glDrawElements@14 (line 1108)
                      ; - com.badlogic.gdx.backends.lwjgl.LwjglGL20::glDrawElements@21 (line 281)
                      ; - com.badlogic.gdx.graphics.Mesh::render@88 (line 499)
                      ; - com.badlogic.gdx.graphics.Mesh::render@10 (line 460)
  0x0000023b07d17860: 9c04 79ff 

  0x0000023b07d17864: ;   {other}
  0x0000023b07d17864: 0f1f 8400 | 5415 0041 | baf6 ffff | ff66 6690 

  0x0000023b07d17874: ;   {runtime_call UncommonTrapBlob}
  0x0000023b07d17874: c5f8 77e8 

  0x0000023b07d17878: ; ImmutableOopMap {}
                      ;*invokevirtual getReferences {reexecute=0 rethrow=0 return_oop=0}
                      ; - org.lwjgl.opengl.StateTracker::getReferences@7 (line 85)
                      ; - org.lwjgl.opengl.StateTracker::getElementArrayBufferBound@1 (line 143)
                      ; - org.lwjgl.opengl.GLChecks::ensureElementVBOdisabled@7 (line 82)
                      ; - org.lwjgl.opengl.GL11::glDrawElements@14 (line 1108)
                      ; - com.badlogic.gdx.backends.lwjgl.LwjglGL20::glDrawElements@21 (line 281)
                      ; - com.badlogic.gdx.graphics.Mesh::render@88 (line 499)
                      ; - com.badlogic.gdx.graphics.Mesh::render@10 (line 460)
  0x0000023b07d17878: 8404 79ff 

  0x0000023b07d1787c: ;   {other}
  0x0000023b07d1787c: 0f1f 8400 | 6c15 0042 | baf6 ffff | ff66 6690 

  0x0000023b07d1788c: ;   {runtime_call UncommonTrapBlob}
  0x0000023b07d1788c: c5f8 77e8 

  0x0000023b07d17890: ; ImmutableOopMap {}
                      ;*aaload {reexecute=0 rethrow=0 return_oop=0}
                      ; - org.lwjgl.opengl.ReferencesStack::getReferences@8 (line 41)
                      ; - org.lwjgl.opengl.StateTracker::getReferences@7 (line 85)
                      ; - org.lwjgl.opengl.StateTracker::getElementArrayBufferBound@1 (line 143)
                      ; - org.lwjgl.opengl.GLChecks::ensureElementVBOdisabled@7 (line 82)
                      ; - org.lwjgl.opengl.GL11::glDrawElements@14 (line 1108)
                      ; - com.badlogic.gdx.backends.lwjgl.LwjglGL20::glDrawElements@21 (line 281)
                      ; - com.badlogic.gdx.graphics.Mesh::render@88 (line 499)
                      ; - com.badlogic.gdx.graphics.Mesh::render@10 (line 460)
  0x0000023b07d17890: 6c04 79ff 

  0x0000023b07d17894: ;   {other}
  0x0000023b07d17894: 0f1f 8400 | 8415 0043 | baf6 ffff | ff66 6690 

  0x0000023b07d178a4: ;   {runtime_call UncommonTrapBlob}
  0x0000023b07d178a4: c5f8 77e8 

  0x0000023b07d178a8: ; ImmutableOopMap {}
                      ;*getfield vertexArrayObject {reexecute=1 rethrow=0 return_oop=0}
                      ; - (reexecute) org.lwjgl.opengl.StateTracker::getElementArrayBufferBound@6 (line 145)
                      ; - org.lwjgl.opengl.GLChecks::ensureElementVBOdisabled@7 (line 82)
                      ; - org.lwjgl.opengl.GL11::glDrawElements@14 (line 1108)
                      ; - com.badlogic.gdx.backends.lwjgl.LwjglGL20::glDrawElements@21 (line 281)
                      ; - com.badlogic.gdx.graphics.Mesh::render@88 (line 499)
                      ; - com.badlogic.gdx.graphics.Mesh::render@10 (line 460)
  0x0000023b07d178a8: 5404 79ff 

  0x0000023b07d178ac: ;   {other}
  0x0000023b07d178ac: 0f1f 8400 | 9c15 0044 | baf6 ffff | ff48 8b2c | 2466 6690 

  0x0000023b07d178c0: ;   {runtime_call UncommonTrapBlob}
  0x0000023b07d178c0: c5f8 77e8 

  0x0000023b07d178c4: ; ImmutableOopMap {rbp=Oop }
                      ;*invokeinterface unbind {reexecute=0 rethrow=0 return_oop=0}
                      ; - com.badlogic.gdx.graphics.Mesh::unbind@6 (line 409)
                      ; - com.badlogic.gdx.graphics.Mesh::unbind@3 (line 400)
                      ; - com.badlogic.gdx.graphics.Mesh::render@253 (line 518)
                      ; - com.badlogic.gdx.graphics.Mesh::render@10 (line 460)
  0x0000023b07d178c4: 3804 79ff 

  0x0000023b07d178c8: ;   {other}
  0x0000023b07d178c8: 0f1f 8400 | b815 0045 | baf6 ffff | ff66 6690 

  0x0000023b07d178d8: ;   {runtime_call UncommonTrapBlob}
  0x0000023b07d178d8: c5f8 77e8 

  0x0000023b07d178dc: ; ImmutableOopMap {}
                      ;*invokevirtual size {reexecute=0 rethrow=0 return_oop=0}
                      ; - com.badlogic.gdx.graphics.glutils.VertexArray::unbind@4 (line 154)
                      ; - com.badlogic.gdx.graphics.Mesh::unbind@6 (line 409)
                      ; - com.badlogic.gdx.graphics.Mesh::unbind@3 (line 400)
                      ; - com.badlogic.gdx.graphics.Mesh::render@253 (line 518)
                      ; - com.badlogic.gdx.graphics.Mesh::render@10 (line 460)
  0x0000023b07d178dc: 2004 79ff 

  0x0000023b07d178e0: ;   {other}
  0x0000023b07d178e0: 0f1f 8400 | d015 0046 | baf6 ffff | ff66 6690 

  0x0000023b07d178f0: ;   {runtime_call UncommonTrapBlob}
  0x0000023b07d178f0: c5f8 77e8 

  0x0000023b07d178f4: ; ImmutableOopMap {}
                      ;*arraylength {reexecute=0 rethrow=0 return_oop=0}
                      ; - com.badlogic.gdx.graphics.VertexAttributes::size@4 (line 103)
                      ; - com.badlogic.gdx.graphics.glutils.VertexArray::unbind@4 (line 154)
                      ; - com.badlogic.gdx.graphics.Mesh::unbind@6 (line 409)
                      ; - com.badlogic.gdx.graphics.Mesh::unbind@3 (line 400)
                      ; - com.badlogic.gdx.graphics.Mesh::render@253 (line 518)
                      ; - com.badlogic.gdx.graphics.Mesh::render@10 (line 460)
  0x0000023b07d178f4: 0804 79ff 

  0x0000023b07d178f8: ;   {other}
  0x0000023b07d178f8: 0f1f 8400 | e815 0047 | baf6 ffff | ff66 6690 

  0x0000023b07d17908: ;   {runtime_call UncommonTrapBlob}
  0x0000023b07d17908: c5f8 77e8 

  0x0000023b07d1790c: ; ImmutableOopMap {}
                      ;*invokeinterface getNumIndices {reexecute=0 rethrow=0 return_oop=0}
                      ; - com.badlogic.gdx.graphics.Mesh::unbind@15 (line 410)
                      ; - com.badlogic.gdx.graphics.Mesh::unbind@3 (line 400)
                      ; - com.badlogic.gdx.graphics.Mesh::render@253 (line 518)
                      ; - com.badlogic.gdx.graphics.Mesh::render@10 (line 460)
  0x0000023b07d1790c: f003 79ff 

  0x0000023b07d17910: ;   {other}
  0x0000023b07d17910: 0f1f 8400 | 0016 0048 | baf6 ffff | ff66 6690 

  0x0000023b07d17920: ;   {runtime_call UncommonTrapBlob}
  0x0000023b07d17920: c5f8 77e8 

  0x0000023b07d17924: ; ImmutableOopMap {}
                      ;*invokevirtual limit {reexecute=0 rethrow=0 return_oop=0}
                      ; - com.badlogic.gdx.graphics.glutils.IndexArray::getNumIndices@15 (line 49)
                      ; - com.badlogic.gdx.graphics.Mesh::unbind@15 (line 410)
                      ; - com.badlogic.gdx.graphics.Mesh::unbind@3 (line 400)
                      ; - com.badlogic.gdx.graphics.Mesh::render@253 (line 518)
                      ; - com.badlogic.gdx.graphics.Mesh::render@10 (line 460)
  0x0000023b07d17924: d803 79ff 

  0x0000023b07d17928: ;   {other}
  0x0000023b07d17928: 0f1f 8400 | 1816 0049 | eb00 488b | d0eb 0d48 | 8bd0 eb08 | 488b d0eb | 0348 8bd0 | c5f8 7748 
  0x0000023b07d17948: 83c4 605d 

  0x0000023b07d1794c: ;   {runtime_call _rethrow_Java}
  0x0000023b07d1794c: e9af cf8f 

  0x0000023b07d17950: ;   {internal_word}
  0x0000023b07d17950: ff49 ba2a | 6cd1 073b | 0200 004d | 8997 6004 

  0x0000023b07d17960: ;   {runtime_call SafepointBlob}
  0x0000023b07d17960: 0000 e919 

  0x0000023b07d17964: ;   {runtime_call StubRoutines (final stubs)}
  0x0000023b07d17964: f278 ffe8 | 54e3 76ff | e9e9 ecff | fff4 f4f4 | f4f4 f4f4 
[Stub Code]
  0x0000023b07d17978: ;   {no_reloc}
  0x0000023b07d17978: 48bb 0000 | 0000 0000 

  0x0000023b07d17980: ;   {runtime_call nmethod}
  0x0000023b07d17980: 0000 e9fb 

  0x0000023b07d17984: ;   {static_stub}
  0x0000023b07d17984: ffff ff48 | bb00 0000 | 0000 0000 

  0x0000023b07d17990: ;   {runtime_call nmethod}
  0x0000023b07d17990: 00e9 fbff 

  0x0000023b07d17994: ;   {static_stub}
  0x0000023b07d17994: ffff 48bb | 0000 0000 | 0000 0000 

  0x0000023b07d179a0: ;   {runtime_call nmethod}
  0x0000023b07d179a0: e9fb ffff 

  0x0000023b07d179a4: ;   {static_stub}
  0x0000023b07d179a4: ff48 bb00 | 0000 0000 

  0x0000023b07d179ac: ;   {runtime_call nmethod}
  0x0000023b07d179ac: 0000 00e9 | fbff ffff 

  0x0000023b07d179b4: ;   {static_stub}
  0x0000023b07d179b4: 48bb 0000 | 0000 0000 

  0x0000023b07d179bc: ;   {runtime_call nmethod}
  0x0000023b07d179bc: 0000 e9fb 

  0x0000023b07d179c0: ;   {runtime_call ExceptionBlob}
  0x0000023b07d179c0: ffff ffe9 | 3892 86ff 
[Deopt Handler Code]
  0x0000023b07d179c8: e800 0000 | 0048 832c 

  0x0000023b07d179d0: ;   {runtime_call DeoptimizationBlob}
  0x0000023b07d179d0: 2405 e949 | 0679 fff4 
[/MachCode]


Compiled method (c2) 1705741 5296       4       com.badlogic.gdx.graphics.g2d.SpriteBatch::flush (193 bytes)
 total in heap  [0x0000023b07fbd110,0x0000023b07fbf388] = 8824
 relocation     [0x0000023b07fbd270,0x0000023b07fbd3f0] = 384
 main code      [0x0000023b07fbd400,0x0000023b07fbe338] = 3896
 stub code      [0x0000023b07fbe338,0x0000023b07fbe398] = 96
 oops           [0x0000023b07fbe398,0x0000023b07fbe3a0] = 8
 metadata       [0x0000023b07fbe3a0,0x0000023b07fbe518] = 376
 scopes data    [0x0000023b07fbe518,0x0000023b07fbee10] = 2296
 scopes pcs     [0x0000023b07fbee10,0x0000023b07fbf240] = 1072
 dependencies   [0x0000023b07fbf240,0x0000023b07fbf278] = 56
 handler table  [0x0000023b07fbf278,0x0000023b07fbf308] = 144
 nul chk table  [0x0000023b07fbf308,0x0000023b07fbf388] = 128

[Constant Pool (empty)]

[MachCode]
[Entry Point]
  # {method} {0x0000023b59986b30} 'flush' '()V' in 'com/badlogic/gdx/graphics/g2d/SpriteBatch'
  #           [sp+0x70]  (sp of caller)
  0x0000023b07fbd400: 448b 5208 | 49bb 0000 | 0017 3b02 | 0000 4d03 | d349 3bc2 

  0x0000023b07fbd414: ;   {runtime_call ic_miss_stub}
  0x0000023b07fbd414: 0f85 6615 | 4eff 6690 | 0f1f 4000 
[Verified Entry Point]
  0x0000023b07fbd420: 8984 2400 | 80ff ff55 | 4883 ec60 | 4181 7f20 | 0300 0000 | 0f85 f40e | 0000 4c8b | c244 8b52 
  0x0000023b07fbd440: 0c45 85d2 | 0f84 ea03 | 0000 448b | 5a34 458b | ca41 c1f9 | 1f4d 63d2 | 4d69 d267 | 6666 6649 
  0x0000023b07fbd460: c1fa 2341 | 8bca 412b | c941 3bcb | 0f8f 0b05 | 0000 ff42 | 3044 8b5a | 44ff 422c 

  0x0000023b07fbd47c: ; implicit exception: dispatches to 0x0000023b07fbe196
  0x0000023b07fbd47c: 478b 54dc | 0c47 8b5c 

  0x0000023b07fbd484: ;   {oop(a 'java/lang/Class'{0x0000000604669360} = 'com/badlogic/gdx/Gdx')}
  0x0000023b07fbd484: dc10 49b9 | 6093 6604 | 0600 0000 | 418b a988 | 0000 0041 | 8b5c ec08 | 448d 0c8d | 0000 0000 
  0x0000023b07fbd4a4: 418d 0c49 

  0x0000023b07fbd4a8: ;   {metadata('com/badlogic/gdx/backends/lwjgl/LwjglGL20')}
  0x0000023b07fbd4a8: 81fb 6012 | 0201 0f85 | da04 0000 

  0x0000023b07fbd4b4: ;   {oop(a 'java/lang/Class'{0x00000006046c9ef8} = 'org/lwjgl/opengl/GLContext')}
  0x0000023b07fbd4b4: 49b9 f89e | 6c04 0600 | 0000 418b | 5974 458b | 4cdc 0c49 | 8bf9 48c1 | e703 498b | 9780 0300 
  0x0000023b07fbd4d4: 0048 8b32 | 483b fe0f | 854f 0500 | 0041 8b6c | dc10 85ed | 0f84 ba05 | 0000 4d8b | 8cec 3019 
  0x0000023b07fbd4f4: 0000 4d85 | c90f 84cd | 0500 0048 | 8934 2489 | 4c24 0849 | 8be8 418b | d245 8bc3 

  0x0000023b07fbd510: ;   {static_call}
  0x0000023b07fbd510: 6666 90e8 

  0x0000023b07fbd514: ; ImmutableOopMap {rbp=Oop [0]=Oop }
                      ;*invokestatic nglBindTexture {reexecute=0 rethrow=0 return_oop=0}
                      ; - org.lwjgl.opengl.GL11::glBindTexture@16 (line 654)
                      ; - com.badlogic.gdx.backends.lwjgl.LwjglGL20::glBindTexture@2 (line 93)
                      ; - com.badlogic.gdx.graphics.GLTexture::bind@11 (line 66)
                      ; - com.badlogic.gdx.graphics.g2d.SpriteBatch::flush@58 (line 964)
  0x0000023b07fbd514: c891 cbff 

  0x0000023b07fbd518: ;   {other}
  0x0000023b07fbd518: 0f1f 8400 | 0804 0000 | 488b fd8b | 4f3c 448b | 4f40 8b5f | 0c41 8b44 | cc10 458b | 54c4 0849 
  0x0000023b07fbd538: 8d34 cc49 | 8bd1 48c1 | e203 448d | 049d 0000 | 0000 4d8d 

  0x0000023b07fbd54c: ;   {metadata('com/badlogic/gdx/graphics/glutils/VertexArray')}
  0x0000023b07fbd54c: 1cc4 4181 | faa0 2210 | 010f 85ec | 0200 0041 | 8b6b 1845 | 8b54 ec08 

  0x0000023b07fbd564: ;   {metadata('java/nio/DirectByteBuffer')}
  0x0000023b07fbd564: 4181 fae8 | ea1b 000f | 858f 0400 | 0049 8d04 | ec8b 6820 | 443b c50f | 8f5f 0700 | 0045 85c0 
  0x0000023b07fbd584: 0f8c 8e07 | 0000 448b | 5018 453b | d00f 8fdd | 0300 0044 | 8940 1c8b | 680c 413b | e80f 8fb1 
  0x0000023b07fbd5a4: 0700 0048 | 8944 2430 | 4c89 5c24 | 2848 8974 | 2420 895c | 2418 894c | 240c 4889 | 7c24 104c 
  0x0000023b07fbd5c4: 8bc0 448b | cb33 ff48 

  0x0000023b07fbd5cc: ;   {static_call}
  0x0000023b07fbd5cc: 8bee 90e8 

  0x0000023b07fbd5d0: ; ImmutableOopMap {rbp=Oop [0]=Oop [12]=NarrowOop [16]=Oop [32]=Oop [40]=Oop [48]=Oop }
                      ;*invokestatic copyJni {reexecute=0 rethrow=0 return_oop=0}
                      ; - com.badlogic.gdx.utils.BufferUtils::copy@35 (line 54)
                      ; - com.badlogic.gdx.graphics.glutils.VertexArray::setVertices@7 (line 84)
                      ; - com.badlogic.gdx.graphics.Mesh::setVertices@7 (line 208)
                      ; - com.badlogic.gdx.graphics.g2d.SpriteBatch::flush@76 (line 966)
  0x0000023b07fbd5d0: 8c5e ccff 

  0x0000023b07fbd5d4: ;   {other}
  0x0000023b07fbd5d4: 0f1f 8400 | c404 0001 | 4c8b 5424 | 3041 8b6a | 1c85 ed0f | 8ca3 0700 | 0041 8b6a | 0c85 ed0f 
  0x0000023b07fbd5f4: 8fcb 0700 | 0045 8962 | 184c 8b54 | 2428 418b | 4a14 418b | 6ccc 1c85 | ed0f 8ce5 | 0700 0045 
  0x0000023b07fbd614: 8b4c cc0c | 4585 c90f | 8f03 0800 | 0045 8964 | cc18 418b | 6ccc 2044 | 8b5c 2418 | 443b dd0f 
  0x0000023b07fbd634: 8f2b 0800 | 0045 85db | 0f8c 4608 | 0000 4589 | 5ccc 1c45 | 3bcb 0f8f | 6808 0000 | 448b 5c24 
  0x0000023b07fbd654: 0c43 8b6c | dc14 458b 

  0x0000023b07fbd65c: ;   {metadata('com/badlogic/gdx/graphics/glutils/IndexArray')}
  0x0000023b07fbd65c: 44ec 0841 | 81f8 8825 | 1001 0f85 | 4803 0000 | 4d8d 14ec | 418b 5a10 

  0x0000023b07fbd674: ; implicit exception: dispatches to 0x0000023b07fbe21c
  0x0000023b07fbd674: 418b 6cdc | 1c85 ed0f | 8c8b 0400 | 0041 8b4c | dc0c 85c9 | 0f8f 9e04 | 0000 4589 | 64dc 1841 
  0x0000023b07fbd694: 8b6c dc20 | 448b 4424 | 0844 3bc5 | 0f8f c204 | 0000 4585 | c00f 8cd9 | 0400 0045 | 8944 dc1c 
  0x0000023b07fbd6b4: 413b c80f | 8f03 0500 | 0048 8b4c | 2410 0fb6 | 6939 85ed | 0f85 2a05 

  0x0000023b07fbd6cc: ;   {oop(a 'java/lang/Class'{0x0000000604669360} = 'com/badlogic/gdx/Gdx')}
  0x0000023b07fbd6cc: 0000 49ba | 6093 6604 | 0600 0000 | 418b aa88 | 0000 0045 | 8b54 ec08 

  0x0000023b07fbd6e4: ;   {metadata('com/badlogic/gdx/backends/lwjgl/LwjglGL20')}
  0x0000023b07fbd6e4: 4181 fa60 | 1202 010f | 85d7 0200 

  0x0000023b07fbd6f0: ;   {oop(a 'java/lang/Class'{0x00000006046c9ef8} = 'org/lwjgl/opengl/GLContext')}
  0x0000023b07fbd6f0: 0049 baf8 | 9e6c 0406 | 0000 0045 | 8b4a 7443 | 8b6c cc0c | 4c8b d549 | c1e2 0348 | 8b1c 244c 
  0x0000023b07fbd710: 3bd3 0f85 | 4403 0000 | 438b 6ccc | 1085 ed0f | 84e7 0400 | 004d 8b94 | ec60 1a00 | 004d 85d2 
  0x0000023b07fbd730: 0f84 ea04 | 0000 4889 | 5c24 1048 | 890c 24ba | e20b 0000 

  0x0000023b07fbd744: ;   {static_call}
  0x0000023b07fbd744: 4d8b c2e8 

  0x0000023b07fbd748: ; ImmutableOopMap {[0]=Oop [12]=NarrowOop [16]=Oop [32]=Oop }
                      ;*invokestatic nglEnable {reexecute=0 rethrow=0 return_oop=0}
                      ; - org.lwjgl.opengl.GL11::glEnable@15 (line 1015)
                      ; - com.badlogic.gdx.backends.lwjgl.LwjglGL20::glEnable@1 (line 292)
                      ; - com.badlogic.gdx.graphics.g2d.SpriteBatch::flush@125 (line 973)
  0x0000023b07fbd748: 94b7 ccff 

  0x0000023b07fbd74c: ;   {other}
  0x0000023b07fbd74c: 0f1f 8400 | 3c06 0002 | 4c8b 1424 | 458b 5a18 | 4183 fbff | 0f84 f204 | 0000 418b 

  0x0000023b07fbd768: ;   {oop(a 'java/lang/Class'{0x0000000604669360} = 'com/badlogic/gdx/Gdx')}
  0x0000023b07fbd768: 7a24 49ba | 6093 6604 | 0600 0000 | 418b aa88 | 0000 004c | 8b14 2441 | 8b4a 1c45 | 8b4a 2045 
  0x0000023b07fbd788: 8b44 ec08 

  0x0000023b07fbd78c: ;   {metadata('com/badlogic/gdx/backends/lwjgl/LwjglGL20')}
  0x0000023b07fbd78c: 4181 f860 | 1202 010f | 8543 0200 

  0x0000023b07fbd798: ;   {oop(a 'java/lang/Class'{0x00000006046c9ef8} = 'org/lwjgl/opengl/GLContext')}
  0x0000023b07fbd798: 0049 baf8 | 9e6c 0406 | 0000 0045 | 8b42 7443 | 8b6c c40c | 488b dd48 | c1e3 034c | 8b54 2410 
  0x0000023b07fbd7b8: 493b da0f | 85bb 0200 | 0043 8b6c | c410 85ed | 0f84 ae04 | 0000 498b | b4ec 5821 | 0000 4885 
  0x0000023b07fbd7d8: f60f 84c1 | 0400 0041 | 8bd3 448b 

  0x0000023b07fbd7e4: ;   {static_call}
  0x0000023b07fbd7e4: c166 90e8 

  0x0000023b07fbd7e8: ; ImmutableOopMap {[0]=Oop [32]=Oop }
                      ;*invokestatic nglBlendFuncSeparate {reexecute=0 rethrow=0 return_oop=0}
                      ; - org.lwjgl.opengl.GL14::glBlendFuncSeparate@23 (line 241)
                      ; - com.badlogic.gdx.backends.lwjgl.LwjglGL20::glBlendFuncSeparate@5 (line 113)
                      ; - com.badlogic.gdx.graphics.g2d.SpriteBatch::flush@157 (line 974)
  0x0000023b07fbd7e8: f4ba ccff 

  0x0000023b07fbd7ec: ;   {other}
  0x0000023b07fbd7ec: 0f1f 8400 | dc06 0003 | 4c8b 1424 | 458b 5a58 | 4585 db75 | 0445 8b5a | 544d 8bc3 | 49c1 e003 
  0x0000023b07fbd80c: 41b9 0400 | 0000 488b | 5424 2033 | ff8b 7424 

  0x0000023b07fbd81c: ;   {optimized virtual_call}
  0x0000023b07fbd81c: 0866 90e8 

  0x0000023b07fbd820: ; ImmutableOopMap {[0]=Oop }
                      ;*invokevirtual render {reexecute=0 rethrow=0 return_oop=0}
                      ; - com.badlogic.gdx.graphics.g2d.SpriteBatch::flush@184 (line 977)
  0x0000023b07fbd820: 1c8e d5ff 

  0x0000023b07fbd824: ;   {other}
  0x0000023b07fbd824: 0f1f 8400 | 1407 0004 | 4c8b 1424 | 4589 620c | 4883 c460 

  0x0000023b07fbd838: ;   {poll_return}
  0x0000023b07fbd838: 5d49 3ba7 | 4804 0000 | 0f87 d20a 

  0x0000023b07fbd844: ;   {metadata('com/badlogic/gdx/graphics/glutils/VertexBufferObject')}
  0x0000023b07fbd844: 0000 c341 | 81fa 407a | 2a01 0f85 | 9806 0000 | 418b 6b20 | 41c6 4315 | 0145 8b54 

  0x0000023b07fbd860: ;   {metadata('java/nio/DirectByteBuffer')}
  0x0000023b07fbd860: ec08 4181 | fae8 ea1b | 000f 85a9 | 0600 004d | 8d14 ec49 | 8bc2 8b68 | 2044 3bc5 | 0f8f c606 
  0x0000023b07fbd880: 0000 4585 | c00f 8cf5 | 0600 0044 | 8b50 1845 | 3bd0 0f8f | ed00 0000 | 4489 401c | 8b68 0c41 
  0x0000023b07fbd8a0: 3be8 0f8f | 1807 0000 | 488b e84c | 895c 2428 | 4889 7424 | 2089 5c24 | 1889 4c24 | 0c48 897c 
  0x0000023b07fbd8c0: 2410 4c8b | c044 8bcb 

  0x0000023b07fbd8c8: ;   {static_call}
  0x0000023b07fbd8c8: 33ff 90e8 

  0x0000023b07fbd8cc: ; ImmutableOopMap {rbp=Oop [0]=Oop [12]=NarrowOop [16]=Oop [32]=Oop [40]=Oop }
                      ;*invokestatic copyJni {reexecute=0 rethrow=0 return_oop=0}
                      ; - com.badlogic.gdx.utils.BufferUtils::copy@35 (line 54)
                      ; - com.badlogic.gdx.graphics.glutils.VertexBufferObject::setVertices@12 (line 134)
                      ; - com.badlogic.gdx.graphics.Mesh::setVertices@7 (line 208)
                      ; - com.badlogic.gdx.graphics.g2d.SpriteBatch::flush@76 (line 966)
  0x0000023b07fbd8cc: b01f 4eff 

  0x0000023b07fbd8d0: ;   {other}
  0x0000023b07fbd8d0: 0f1f 8400 | c007 0005 | 4c8b d541 | 8b6a 1c85 | ed0f 8c11 | 0700 0041 | 8b6a 0c85 | ed0f 8f41 
  0x0000023b07fbd8f0: 0700 0045 | 8962 184c | 8b4c 2428 | 418b 591c 

  0x0000023b07fbd900: ; implicit exception: dispatches to 0x0000023b07fbe304
  0x0000023b07fbd900: 418b 6cdc | 1c85 ed0f | 8c63 0700 | 0041 8b4c | dc0c 85c9 | 0f8f 8207 | 0000 4589 | 64dc 1841 
  0x0000023b07fbd920: 8b6c dc20 | 448b 5424 | 1844 3bd5 | 0f8f a607 | 0000 4585 | d20f 8cc9 | 0700 0045 | 8954 dc1c 
  0x0000023b07fbd940: 413b ca0f | 8fef 0700 | 0041 0fb6 | 6916 85ed | 0f84 fafc | ffff ba45 | ffff ff4c | 8b54 2410 
  0x0000023b07fbd960: 4c89 1424 

  0x0000023b07fbd964: ;   {runtime_call UncommonTrapBlob}
  0x0000023b07fbd964: 6666 90e8 

  0x0000023b07fbd968: ; ImmutableOopMap {[0]=Oop [12]=NarrowOop [40]=Oop }
                      ;*ifeq {reexecute=1 rethrow=0 return_oop=0}
                      ; - (reexecute) com.badlogic.gdx.graphics.glutils.VertexBufferObject::bufferChanged@4 (line 125)
                      ; - com.badlogic.gdx.graphics.glutils.VertexBufferObject::setVertices@34 (line 137)
                      ; - com.badlogic.gdx.graphics.Mesh::setVertices@7 (line 208)
                      ; - com.badlogic.gdx.graphics.g2d.SpriteBatch::flush@76 (line 966)
  0x0000023b07fbd968: 94a3 4eff 

  0x0000023b07fbd96c: ;   {other}
  0x0000023b07fbd96c: 0f1f 8400 | 5c08 0006 | 4489 4018 | e91a fcff | ff89 4a34 | e9ed faff | ff44 8940 | 18e9 0aff 
  0x0000023b07fbd98c: ffff bade | ffff ff4c | 8904 2489 | 4c24 0844 | 8954 240c | 4489 5c24 

  0x0000023b07fbd9a4: ;   {runtime_call UncommonTrapBlob}
  0x0000023b07fbd9a4: 1066 90e8 

  0x0000023b07fbd9a8: ; ImmutableOopMap {rbp=NarrowOop [0]=Oop }
                      ;*invokeinterface glBindTexture {reexecute=0 rethrow=0 return_oop=0}
                      ; - com.badlogic.gdx.graphics.GLTexture::bind@11 (line 66)
                      ; - com.badlogic.gdx.graphics.g2d.SpriteBatch::flush@58 (line 964)
  0x0000023b07fbd9a8: 54a3 4eff 

  0x0000023b07fbd9ac: ;   {other}
  0x0000023b07fbd9ac: 0f1f 8400 | 9c08 0007 | bade ffff 

  0x0000023b07fbd9b8: ;   {runtime_call UncommonTrapBlob}
  0x0000023b07fbd9b8: ff66 90e8 

  0x0000023b07fbd9bc: ; ImmutableOopMap {rbp=NarrowOop [12]=NarrowOop [16]=Oop }
                      ;*invokeinterface getBuffer {reexecute=0 rethrow=0 return_oop=0}
                      ; - com.badlogic.gdx.graphics.Mesh::getIndicesBuffer@4 (line 814)
                      ; - com.badlogic.gdx.graphics.g2d.SpriteBatch::flush@81 (line 967)
  0x0000023b07fbd9bc: 40a3 4eff 

  0x0000023b07fbd9c0: ;   {other}
  0x0000023b07fbd9c0: 0f1f 8400 | b008 0008 | bade ffff 

  0x0000023b07fbd9cc: ;   {runtime_call UncommonTrapBlob}
  0x0000023b07fbd9cc: ff66 90e8 

  0x0000023b07fbd9d0: ; ImmutableOopMap {rbp=NarrowOop [12]=NarrowOop [16]=Oop }
                      ;*invokeinterface glEnable {reexecute=0 rethrow=0 return_oop=0}
                      ; - com.badlogic.gdx.graphics.g2d.SpriteBatch::flush@125 (line 973)
  0x0000023b07fbd9d0: 2ca3 4eff 

  0x0000023b07fbd9d4: ;   {other}
  0x0000023b07fbd9d4: 0f1f 8400 | c408 0009 | bade ffff | ff44 895c | 2410 894c | 2414 4489 | 4c24 1889 

  0x0000023b07fbd9f0: ;   {runtime_call UncommonTrapBlob}
  0x0000023b07fbd9f0: 7c24 1ce8 

  0x0000023b07fbd9f4: ; ImmutableOopMap {rbp=NarrowOop [0]=Oop [12]=NarrowOop }
                      ;*invokeinterface glBlendFuncSeparate {reexecute=0 rethrow=0 return_oop=0}
                      ; - com.badlogic.gdx.graphics.g2d.SpriteBatch::flush@157 (line 974)
  0x0000023b07fbd9f4: 08a3 4eff 

  0x0000023b07fbd9f8: ;   {other}
  0x0000023b07fbd9f8: 0f1f 8400 | e808 000a | bade ffff | ff48 893c | 2489 4c24 | 104c 895c | 2418 4489 | 4c24 2089 
  0x0000023b07fbda18: 5c24 2444 | 8944 2428 

  0x0000023b07fbda20: ;   {runtime_call UncommonTrapBlob}
  0x0000023b07fbda20: 6666 90e8 

  0x0000023b07fbda24: ; ImmutableOopMap {rbp=NarrowOop [0]=Oop [16]=NarrowOop [24]=Oop [32]=NarrowOop }
                      ;*invokevirtual limit {reexecute=0 rethrow=0 return_oop=0}
                      ; - com.badlogic.gdx.utils.BufferUtils::copy@11 (line 51)
                      ; - com.badlogic.gdx.graphics.glutils.VertexArray::setVertices@7 (line 84)
                      ; - com.badlogic.gdx.graphics.Mesh::setVertices@7 (line 208)
                      ; - com.badlogic.gdx.graphics.g2d.SpriteBatch::flush@76 (line 966)
  0x0000023b07fbda24: d8a2 4eff 

  0x0000023b07fbda28: ;   {other}
  0x0000023b07fbda28: 0f1f 8400 | 1809 000b | ba45 ffff | ff49 8be8 | 890c 2444 | 8954 2404 | 4489 5c24 | 0844 894c 
  0x0000023b07fbda48: 240c 4889 

  0x0000023b07fbda4c: ;   {runtime_call UncommonTrapBlob}
  0x0000023b07fbda4c: 7424 10e8 

  0x0000023b07fbda50: ; ImmutableOopMap {rbp=Oop [12]=NarrowOop [16]=Oop }
                      ;*if_acmpne {reexecute=1 rethrow=0 return_oop=0}
                      ; - (reexecute) org.lwjgl.opengl.GLContext::getCapabilitiesImpl@11 (line 132)
                      ; - org.lwjgl.opengl.GLContext::getCapabilities@0 (line 122)
                      ; - org.lwjgl.opengl.GL11::glBindTexture@0 (line 651)
                      ; - com.badlogic.gdx.backends.lwjgl.LwjglGL20::glBindTexture@2 (line 93)
                      ; - com.badlogic.gdx.graphics.GLTexture::bind@11 (line 66)
                      ; - com.badlogic.gdx.graphics.g2d.SpriteBatch::flush@58 (line 964)
  0x0000023b07fbda50: aca2 4eff 

  0x0000023b07fbda54: ;   {other}
  0x0000023b07fbda54: 0f1f 8400 | 4409 000c | ba45 ffff | ff48 ff74 | 2410 488f | 0424 4889 

  0x0000023b07fbda6c: ;   {runtime_call UncommonTrapBlob}
  0x0000023b07fbda6c: 5c24 10e8 

  0x0000023b07fbda70: ; ImmutableOopMap {rbp=NarrowOop [0]=Oop [12]=NarrowOop [16]=Oop }
                      ;*if_acmpne {reexecute=1 rethrow=0 return_oop=0}
                      ; - (reexecute) org.lwjgl.opengl.GLContext::getCapabilitiesImpl@11 (line 132)
                      ; - org.lwjgl.opengl.GLContext::getCapabilities@0 (line 122)
                      ; - org.lwjgl.opengl.GL11::glEnable@0 (line 1012)
                      ; - com.badlogic.gdx.backends.lwjgl.LwjglGL20::glEnable@1 (line 292)
                      ; - com.badlogic.gdx.graphics.g2d.SpriteBatch::flush@125 (line 973)
  0x0000023b07fbda70: 8ca2 4eff 

  0x0000023b07fbda74: ;   {other}
  0x0000023b07fbda74: 0f1f 8400 | 6409 000d | ba45 ffff | ff44 895c | 2410 894c | 2414 4489 | 4c24 1889 | 7c24 1c4c 
  0x0000023b07fbda94: 8954 2420 

  0x0000023b07fbda98: ;   {runtime_call UncommonTrapBlob}
  0x0000023b07fbda98: 6666 90e8 

  0x0000023b07fbda9c: ; ImmutableOopMap {rbp=NarrowOop [0]=Oop [12]=NarrowOop [32]=Oop }
                      ;*if_acmpne {reexecute=1 rethrow=0 return_oop=0}
                      ; - (reexecute) org.lwjgl.opengl.GLContext::getCapabilitiesImpl@11 (line 132)
                      ; - org.lwjgl.opengl.GLContext::getCapabilities@0 (line 122)
                      ; - org.lwjgl.opengl.GL14::glBlendFuncSeparate@0 (line 238)
                      ; - com.badlogic.gdx.backends.lwjgl.LwjglGL20::glBlendFuncSeparate@5 (line 113)
                      ; - com.badlogic.gdx.graphics.g2d.SpriteBatch::flush@157 (line 974)
  0x0000023b07fbda9c: 60a2 4eff 

  0x0000023b07fbdaa0: ;   {other}
  0x0000023b07fbdaa0: 0f1f 8400 | 9009 000e | ba45 ffff | ff4c 8904 | 2489 4c24 | 0844 8954 | 240c 4489 

  0x0000023b07fbdabc: ;   {runtime_call UncommonTrapBlob}
  0x0000023b07fbdabc: 5c24 10e8 

  0x0000023b07fbdac0: ; ImmutableOopMap {rbp=NarrowOop [0]=Oop }
                      ;*ifnonnull {reexecute=1 rethrow=0 return_oop=0}
                      ; - (reexecute) org.lwjgl.opengl.GLContext::getCapabilities@5 (line 123)
                      ; - org.lwjgl.opengl.GL11::glBindTexture@0 (line 651)
                      ; - com.badlogic.gdx.backends.lwjgl.LwjglGL20::glBindTexture@2 (line 93)
                      ; - com.badlogic.gdx.graphics.GLTexture::bind@11 (line 66)
                      ; - com.badlogic.gdx.graphics.g2d.SpriteBatch::flush@58 (line 964)
  0x0000023b07fbdac0: 3ca2 4eff 

  0x0000023b07fbdac4: ;   {other}
  0x0000023b07fbdac4: 0f1f 8400 | b409 000f | 33db 4c3b | cbbd ffff | ffff 7c08 | 400f 95c5 | 400f b6ed | ba45 ffff 
  0x0000023b07fbdae4: ff4c 8904 | 2489 4c24 | 0844 8954 | 240c 4489 | 5c24 104c | 894c 2418 

  0x0000023b07fbdafc: ;   {runtime_call UncommonTrapBlob}
  0x0000023b07fbdafc: 6666 90e8 

  0x0000023b07fbdb00: ; ImmutableOopMap {[0]=Oop }
                      ;*ifne {reexecute=1 rethrow=0 return_oop=0}
                      ; - (reexecute) org.lwjgl.BufferChecks::checkFunctionAddress@9 (line 57)
                      ; - org.lwjgl.opengl.GL11::glBindTexture@10 (line 653)
                      ; - com.badlogic.gdx.backends.lwjgl.LwjglGL20::glBindTexture@2 (line 93)
                      ; - com.badlogic.gdx.graphics.GLTexture::bind@11 (line 66)
                      ; - com.badlogic.gdx.graphics.g2d.SpriteBatch::flush@58 (line 964)
  0x0000023b07fbdb00: fca1 4eff 

  0x0000023b07fbdb04: ;   {other}
  0x0000023b07fbdb04: 0f1f 8400 | f409 0010 | ba45 ffff | ff4c 8b54 | 2410 4c89 | 1424 895c 

  0x0000023b07fbdb1c: ;   {runtime_call UncommonTrapBlob}
  0x0000023b07fbdb1c: 2414 90e8 

  0x0000023b07fbdb20: ; ImmutableOopMap {[0]=Oop [12]=NarrowOop [20]=NarrowOop }
                      ;*if_icmple {reexecute=1 rethrow=0 return_oop=0}
                      ; - (reexecute) java.nio.Buffer::position@5 (line 326)
                      ; - java.nio.ShortBuffer::position@2 (line 1551)
                      ; - java.nio.ShortBuffer::position@2 (line 285)
                      ; - com.badlogic.gdx.graphics.g2d.SpriteBatch::flush@85 (line 967)
  0x0000023b07fbdb20: dca1 4eff 

  0x0000023b07fbdb24: ;   {other}
  0x0000023b07fbdb24: 0f1f 8400 | 140a 0011 | ba45 ffff | ff48 8b6c | 2410 448b | 5424 0844 | 8914 2448 | 8944 24f8 
  0x0000023b07fbdb44: 8b44 240c | 8944 2404 | 488b 4424 | f889 5c24 | 0c89 4c24 

  0x0000023b07fbdb58: ;   {runtime_call UncommonTrapBlob}
  0x0000023b07fbdb58: 1066 90e8 

  0x0000023b07fbdb5c: ; ImmutableOopMap {rbp=Oop [4]=NarrowOop [12]=NarrowOop }
                      ;*if_icmple {reexecute=1 rethrow=0 return_oop=0}
                      ; - (reexecute) java.nio.Buffer::position@37 (line 328)
                      ; - java.nio.ShortBuffer::position@2 (line 1551)
                      ; - java.nio.ShortBuffer::position@2 (line 285)
                      ; - com.badlogic.gdx.graphics.g2d.SpriteBatch::flush@85 (line 967)
  0x0000023b07fbdb5c: a0a1 4eff 

  0x0000023b07fbdb60: ;   {other}
  0x0000023b07fbdb60: 0f1f 8400 | 500a 0012 | ba45 ffff | ff4c 8b54 | 2410 4c89 | 1424 895c 

  0x0000023b07fbdb78: ;   {runtime_call UncommonTrapBlob}
  0x0000023b07fbdb78: 2414 90e8 

  0x0000023b07fbdb7c: ; ImmutableOopMap {[0]=Oop [12]=NarrowOop [20]=NarrowOop }
                      ;*if_icmple {reexecute=1 rethrow=0 return_oop=0}
                      ; - (reexecute) java.nio.Buffer::limit@5 (line 379)
                      ; - java.nio.ShortBuffer::limit@2 (line 1565)
                      ; - java.nio.ShortBuffer::limit@2 (line 285)
                      ; - com.badlogic.gdx.graphics.g2d.SpriteBatch::flush@94 (line 968)
  0x0000023b07fbdb7c: 80a1 4eff 

  0x0000023b07fbdb80: ;   {other}
  0x0000023b07fbdb80: 0f1f 8400 | 700a 0013 | ba45 ffff | ff48 8b6c | 2410 4889 | 4424 f88b | 4424 0c89 | 4424 0448 
  0x0000023b07fbdba0: 8b44 24f8 | 895c 240c | 4489 4424 | 1044 8944 

  0x0000023b07fbdbb0: ;   {runtime_call UncommonTrapBlob}
  0x0000023b07fbdbb0: 2414 90e8 

  0x0000023b07fbdbb4: ; ImmutableOopMap {rbp=Oop [4]=NarrowOop [12]=NarrowOop }
                      ;*ifge {reexecute=1 rethrow=0 return_oop=0}
                      ; - (reexecute) java.nio.Buffer::limit@14 (line 379)
                      ; - java.nio.ShortBuffer::limit@2 (line 1565)
                      ; - java.nio.ShortBuffer::limit@2 (line 285)
                      ; - com.badlogic.gdx.graphics.g2d.SpriteBatch::flush@94 (line 968)
  0x0000023b07fbdbb4: 48a1 4eff 

  0x0000023b07fbdbb8: ;   {other}
  0x0000023b07fbdbb8: 0f1f 8400 | a80a 0014 | ba45 ffff | ff48 8b6c | 2410 4889 | 4424 f88b | 4424 0c89 | 4424 0448 
  0x0000023b07fbdbd8: 8b44 24f8 | 895c 240c | 894c 2410 | 4489 4424 

  0x0000023b07fbdbe8: ;   {runtime_call UncommonTrapBlob}
  0x0000023b07fbdbe8: 1466 90e8 

  0x0000023b07fbdbec: ; ImmutableOopMap {rbp=Oop [4]=NarrowOop [12]=NarrowOop }
                      ;*if_icmple {reexecute=1 rethrow=0 return_oop=0}
                      ; - (reexecute) java.nio.Buffer::limit@55 (line 383)
                      ; - java.nio.ShortBuffer::limit@2 (line 1565)
                      ; - java.nio.ShortBuffer::limit@2 (line 285)
                      ; - com.badlogic.gdx.graphics.g2d.SpriteBatch::flush@94 (line 968)
  0x0000023b07fbdbec: 10a1 4eff 

  0x0000023b07fbdbf0: ;   {other}
  0x0000023b07fbdbf0: 0f1f 8400 | e00a 0015 | ba45 ffff 

  0x0000023b07fbdbfc: ;   {runtime_call UncommonTrapBlob}
  0x0000023b07fbdbfc: ff66 90e8 

  0x0000023b07fbdc00: ; ImmutableOopMap {[12]=NarrowOop [16]=Oop }
                      ;*ifeq {reexecute=1 rethrow=0 return_oop=0}
                      ; - (reexecute) com.badlogic.gdx.graphics.g2d.SpriteBatch::flush@102 (line 970)
  0x0000023b07fbdc00: fca0 4eff 

  0x0000023b07fbdc04: ;   {other}
  0x0000023b07fbdc04: 0f1f 8400 | f40a 0016 | ba45 ffff 

  0x0000023b07fbdc10: ;   {runtime_call UncommonTrapBlob}
  0x0000023b07fbdc10: ff66 90e8 

  0x0000023b07fbdc14: ; ImmutableOopMap {rbp=NarrowOop [12]=NarrowOop [16]=Oop }
                      ;*ifnonnull {reexecute=1 rethrow=0 return_oop=0}
                      ; - (reexecute) org.lwjgl.opengl.GLContext::getCapabilities@5 (line 123)
                      ; - org.lwjgl.opengl.GL11::glEnable@0 (line 1012)
                      ; - com.badlogic.gdx.backends.lwjgl.LwjglGL20::glEnable@1 (line 292)
                      ; - com.badlogic.gdx.graphics.g2d.SpriteBatch::flush@125 (line 973)
  0x0000023b07fbdc14: e8a0 4eff 

  0x0000023b07fbdc18: ;   {other}
  0x0000023b07fbdc18: 0f1f 8400 | 080b 0017 | 4533 c94d | 3bd1 bdff | ffff ff7c | 0840 0f95 | c540 0fb6 | edba 45ff 
  0x0000023b07fbdc38: ffff 48ff | 7424 1048 | 8f04 244c | 8954 2410 

  0x0000023b07fbdc48: ;   {runtime_call UncommonTrapBlob}
  0x0000023b07fbdc48: 6666 90e8 

  0x0000023b07fbdc4c: ; ImmutableOopMap {[0]=Oop [12]=NarrowOop }
                      ;*ifne {reexecute=1 rethrow=0 return_oop=0}
                      ; - (reexecute) org.lwjgl.BufferChecks::checkFunctionAddress@9 (line 57)
                      ; - org.lwjgl.opengl.GL11::glEnable@10 (line 1014)
                      ; - com.badlogic.gdx.backends.lwjgl.LwjglGL20::glEnable@1 (line 292)
                      ; - com.badlogic.gdx.graphics.g2d.SpriteBatch::flush@125 (line 973)
  0x0000023b07fbdc4c: b0a0 4eff 

  0x0000023b07fbdc50: ;   {other}
  0x0000023b07fbdc50: 0f1f 8400 | 400b 0018 | ba45 ffff | ff49 8bea | 448b 4424 | 0844 8904 | 2444 895c 

  0x0000023b07fbdc6c: ;   {runtime_call UncommonTrapBlob}
  0x0000023b07fbdc6c: 2408 90e8 

  0x0000023b07fbdc70: ; ImmutableOopMap {rbp=Oop [12]=NarrowOop }
                      ;*if_icmpeq {reexecute=1 rethrow=0 return_oop=0}
                      ; - (reexecute) com.badlogic.gdx.graphics.g2d.SpriteBatch::flush@135 (line 974)
  0x0000023b07fbdc70: 8ca0 4eff 

  0x0000023b07fbdc74: ;   {other}
  0x0000023b07fbdc74: 0f1f 8400 | 640b 0019 | ba45 ffff | ff44 895c | 2410 894c | 2414 4489 | 4c24 1889 

  0x0000023b07fbdc90: ;   {runtime_call UncommonTrapBlob}
  0x0000023b07fbdc90: 7c24 1ce8 

  0x0000023b07fbdc94: ; ImmutableOopMap {rbp=NarrowOop [0]=Oop [12]=NarrowOop }
                      ;*ifnonnull {reexecute=1 rethrow=0 return_oop=0}
                      ; - (reexecute) org.lwjgl.opengl.GLContext::getCapabilities@5 (line 123)
                      ; - org.lwjgl.opengl.GL14::glBlendFuncSeparate@0 (line 238)
                      ; - com.badlogic.gdx.backends.lwjgl.LwjglGL20::glBlendFuncSeparate@5 (line 113)
                      ; - com.badlogic.gdx.graphics.g2d.SpriteBatch::flush@157 (line 974)
  0x0000023b07fbdc94: 68a0 4eff 

  0x0000023b07fbdc98: ;   {other}
  0x0000023b07fbdc98: 0f1f 8400 | 880b 001a | 4533 d249 | 3bf2 bdff | ffff ff7c | 0840 0f95 | c540 0fb6 | edba 45ff 
  0x0000023b07fbdcb8: ffff 4489 | 5c24 1089 | 4c24 1444 | 894c 2418 | 897c 241c | 4889 7424 

  0x0000023b07fbdcd0: ;   {runtime_call UncommonTrapBlob}
  0x0000023b07fbdcd0: 2066 90e8 

  0x0000023b07fbdcd4: ; ImmutableOopMap {[0]=Oop [12]=NarrowOop }
                      ;*ifne {reexecute=1 rethrow=0 return_oop=0}
                      ; - (reexecute) org.lwjgl.BufferChecks::checkFunctionAddress@9 (line 57)
                      ; - org.lwjgl.opengl.GL14::glBlendFuncSeparate@14 (line 240)
                      ; - com.badlogic.gdx.backends.lwjgl.LwjglGL20::glBlendFuncSeparate@5 (line 113)
                      ; - com.badlogic.gdx.graphics.g2d.SpriteBatch::flush@157 (line 974)
  0x0000023b07fbdcd4: 28a0 4eff 

  0x0000023b07fbdcd8: ;   {other}
  0x0000023b07fbdcd8: 0f1f 8400 | c80b 001b | ba45 ffff | ff48 893c | 2489 4c24 | 104c 895c | 2418 4489 | 4c24 2089 
  0x0000023b07fbdcf8: 5c24 2448 | 8944 2430 | 4889 4424 | 3844 8944 

  0x0000023b07fbdd08: ;   {runtime_call UncommonTrapBlob}
  0x0000023b07fbdd08: 244c 90e8 

  0x0000023b07fbdd0c: ; ImmutableOopMap {[0]=Oop [16]=NarrowOop [24]=Oop [32]=NarrowOop [48]=Oop [56]=Oop }
                      ;*if_icmple {reexecute=1 rethrow=0 return_oop=0}
                      ; - (reexecute) java.nio.Buffer::limit@5 (line 379)
                      ; - java.nio.ByteBuffer::limit@2 (line 1565)
                      ; - java.nio.MappedByteBuffer::limit@2 (line 338)
                      ; - java.nio.MappedByteBuffer::limit@2 (line 73)
                      ; - com.badlogic.gdx.utils.BufferUtils::copy@11 (line 51)
                      ; - com.badlogic.gdx.graphics.glutils.VertexArray::setVertices@7 (line 84)
                      ; - com.badlogic.gdx.graphics.Mesh::setVertices@7 (line 208)
                      ; - com.badlogic.gdx.graphics.g2d.SpriteBatch::flush@76 (line 966)
  0x0000023b07fbdd0c: f09f 4eff 

  0x0000023b07fbdd10: ;   {other}
  0x0000023b07fbdd10: 0f1f 8400 | 000c 001c | ba45 ffff | ff48 8bef | 8b7c 2408 | 893c 2489 | 4c24 084c | 895c 2410 
  0x0000023b07fbdd30: 4489 4c24 | 1889 5c24 | 1c48 8944 | 2428 4889 | 4424 3044 | 8944 2444 

  0x0000023b07fbdd48: ;   {runtime_call UncommonTrapBlob}
  0x0000023b07fbdd48: 6666 90e8 

  0x0000023b07fbdd4c: ; ImmutableOopMap {rbp=Oop [8]=NarrowOop [16]=Oop [24]=NarrowOop [40]=Oop [48]=Oop }
                      ;*ifge {reexecute=1 rethrow=0 return_oop=0}
                      ; - (reexecute) java.nio.Buffer::limit@14 (line 379)
                      ; - java.nio.ByteBuffer::limit@2 (line 1565)
                      ; - java.nio.MappedByteBuffer::limit@2 (line 338)
                      ; - java.nio.MappedByteBuffer::limit@2 (line 73)
                      ; - com.badlogic.gdx.utils.BufferUtils::copy@11 (line 51)
                      ; - com.badlogic.gdx.graphics.glutils.VertexArray::setVertices@7 (line 84)
                      ; - com.badlogic.gdx.graphics.Mesh::setVertices@7 (line 208)
                      ; - com.badlogic.gdx.graphics.g2d.SpriteBatch::flush@76 (line 966)
  0x0000023b07fbdd4c: b09f 4eff 

  0x0000023b07fbdd50: ;   {other}
  0x0000023b07fbdd50: 0f1f 8400 | 400c 001d | ba45 ffff | ff48 893c | 2489 4c24 | 104c 895c | 2418 4489 | 4c24 2089 
  0x0000023b07fbdd70: 5c24 2448 | 8944 2430 | 4889 4424 | 3844 8944 

  0x0000023b07fbdd80: ;   {runtime_call UncommonTrapBlob}
  0x0000023b07fbdd80: 2448 90e8 

  0x0000023b07fbdd84: ; ImmutableOopMap {[0]=Oop [16]=NarrowOop [24]=Oop [32]=NarrowOop [48]=Oop [56]=Oop }
                      ;*if_icmple {reexecute=1 rethrow=0 return_oop=0}
                      ; - (reexecute) java.nio.Buffer::limit@55 (line 383)
                      ; - java.nio.ByteBuffer::limit@2 (line 1565)
                      ; - java.nio.MappedByteBuffer::limit@2 (line 338)
                      ; - java.nio.MappedByteBuffer::limit@2 (line 73)
                      ; - com.badlogic.gdx.utils.BufferUtils::copy@11 (line 51)
                      ; - com.badlogic.gdx.graphics.glutils.VertexArray::setVertices@7 (line 84)
                      ; - com.badlogic.gdx.graphics.Mesh::setVertices@7 (line 208)
                      ; - com.badlogic.gdx.graphics.g2d.SpriteBatch::flush@76 (line 966)
  0x0000023b07fbdd84: 789f 4eff 

  0x0000023b07fbdd88: ;   {other}
  0x0000023b07fbdd88: 0f1f 8400 | 780c 001e | ba45 ffff | ff4c 8b5c | 2410 4c89 | 1c24 4c8b | 5c24 284c | 895c 2420 
  0x0000023b07fbdda8: 448b 5c24 | 1844 895c | 2414 4c89 

  0x0000023b07fbddb4: ;   {runtime_call UncommonTrapBlob}
  0x0000023b07fbddb4: 5424 28e8 

  0x0000023b07fbddb8: ; ImmutableOopMap {[0]=Oop [12]=NarrowOop [32]=Oop [40]=Oop [48]=Oop }
                      ;*if_icmple {reexecute=1 rethrow=0 return_oop=0}
                      ; - (reexecute) java.nio.Buffer::position@5 (line 326)
                      ; - java.nio.ByteBuffer::position@2 (line 1551)
                      ; - java.nio.MappedByteBuffer::position@2 (line 328)
                      ; - java.nio.MappedByteBuffer::position@2 (line 73)
                      ; - com.badlogic.gdx.utils.BufferUtils::copy@40 (line 55)
                      ; - com.badlogic.gdx.graphics.glutils.VertexArray::setVertices@7 (line 84)
                      ; - com.badlogic.gdx.graphics.Mesh::setVertices@7 (line 208)
                      ; - com.badlogic.gdx.graphics.g2d.SpriteBatch::flush@76 (line 966)
  0x0000023b07fbddb8: 449f 4eff 

  0x0000023b07fbddbc: ;   {other}
  0x0000023b07fbddbc: 0f1f 8400 | ac0c 001f | ba45 ffff | ff4c 8b5c | 2410 4c89 | 1c24 4c8b | 5c24 284c | 895c 2420 
  0x0000023b07fbdddc: 448b 5c24 | 1844 895c | 2414 4c89 

  0x0000023b07fbdde8: ;   {runtime_call UncommonTrapBlob}
  0x0000023b07fbdde8: 5424 28e8 

  0x0000023b07fbddec: ; ImmutableOopMap {[0]=Oop [12]=NarrowOop [32]=Oop [40]=Oop [48]=Oop }
                      ;*if_icmple {reexecute=1 rethrow=0 return_oop=0}
                      ; - (reexecute) java.nio.Buffer::position@37 (line 328)
                      ; - java.nio.ByteBuffer::position@2 (line 1551)
                      ; - java.nio.MappedByteBuffer::position@2 (line 328)
                      ; - java.nio.MappedByteBuffer::position@2 (line 73)
                      ; - com.badlogic.gdx.utils.BufferUtils::copy@40 (line 55)
                      ; - com.badlogic.gdx.graphics.glutils.VertexArray::setVertices@7 (line 84)
                      ; - com.badlogic.gdx.graphics.Mesh::setVertices@7 (line 208)
                      ; - com.badlogic.gdx.graphics.g2d.SpriteBatch::flush@76 (line 966)
  0x0000023b07fbddec: 109f 4eff 

  0x0000023b07fbddf0: ;   {other}
  0x0000023b07fbddf0: 0f1f 8400 | e00c 0020 | ba45 ffff | ff4c 8b5c | 2410 4c89 | 1c24 448b | 5424 1844 | 8954 2414 
  0x0000023b07fbde10: 894c 241c 

  0x0000023b07fbde14: ;   {runtime_call UncommonTrapBlob}
  0x0000023b07fbde14: 6666 90e8 

  0x0000023b07fbde18: ; ImmutableOopMap {[0]=Oop [12]=NarrowOop [28]=NarrowOop [40]=Oop }
                      ;*if_icmple {reexecute=1 rethrow=0 return_oop=0}
                      ; - (reexecute) java.nio.Buffer::position@5 (line 326)
                      ; - java.nio.FloatBuffer::position@2 (line 1551)
                      ; - java.nio.FloatBuffer::position@2 (line 285)
                      ; - com.badlogic.gdx.graphics.glutils.VertexArray::setVertices@15 (line 85)
                      ; - com.badlogic.gdx.graphics.Mesh::setVertices@7 (line 208)
                      ; - com.badlogic.gdx.graphics.g2d.SpriteBatch::flush@76 (line 966)
  0x0000023b07fbde18: e49e 4eff 

  0x0000023b07fbde1c: ;   {other}
  0x0000023b07fbde1c: 0f1f 8400 | 0c0d 0021 | ba45 ffff | ff48 8b6c | 2410 448b | 5c24 0844 | 891c 2444 | 8b44 240c 
  0x0000023b07fbde3c: 4489 4424 | 0844 8b54 | 2418 4489 | 5424 0c89 | 4c24 1c44 | 894c 2420 

  0x0000023b07fbde54: ;   {runtime_call UncommonTrapBlob}
  0x0000023b07fbde54: 6666 90e8 

  0x0000023b07fbde58: ; ImmutableOopMap {rbp=Oop [8]=NarrowOop [28]=NarrowOop [40]=Oop }
                      ;*if_icmple {reexecute=1 rethrow=0 return_oop=0}
                      ; - (reexecute) java.nio.Buffer::position@37 (line 328)
                      ; - java.nio.FloatBuffer::position@2 (line 1551)
                      ; - java.nio.FloatBuffer::position@2 (line 285)
                      ; - com.badlogic.gdx.graphics.glutils.VertexArray::setVertices@15 (line 85)
                      ; - com.badlogic.gdx.graphics.Mesh::setVertices@7 (line 208)
                      ; - com.badlogic.gdx.graphics.g2d.SpriteBatch::flush@76 (line 966)
  0x0000023b07fbde58: a49e 4eff 

  0x0000023b07fbde5c: ;   {other}
  0x0000023b07fbde5c: 0f1f 8400 | 4c0d 0022 | ba45 ffff | ff4c 8b54 | 2410 4c89 | 1424 894c | 2418 4489 

  0x0000023b07fbde78: ;   {runtime_call UncommonTrapBlob}
  0x0000023b07fbde78: 5c24 20e8 

  0x0000023b07fbde7c: ; ImmutableOopMap {[0]=Oop [12]=NarrowOop [24]=NarrowOop }
                      ;*if_icmple {reexecute=1 rethrow=0 return_oop=0}
                      ; - (reexecute) java.nio.Buffer::limit@5 (line 379)
                      ; - java.nio.FloatBuffer::limit@2 (line 1565)
                      ; - java.nio.FloatBuffer::limit@2 (line 285)
                      ; - com.badlogic.gdx.graphics.glutils.VertexArray::setVertices@24 (line 86)
                      ; - com.badlogic.gdx.graphics.Mesh::setVertices@7 (line 208)
                      ; - com.badlogic.gdx.graphics.g2d.SpriteBatch::flush@76 (line 966)
  0x0000023b07fbde7c: 809e 4eff 

  0x0000023b07fbde80: ;   {other}
  0x0000023b07fbde80: 0f1f 8400 | 700d 0023 | ba45 ffff | ff48 8b6c | 2410 448b | 5424 0844 | 8914 2444 | 8b44 240c 
  0x0000023b07fbdea0: 4489 4424 | 0889 4c24 

  0x0000023b07fbdea8: ;   {runtime_call UncommonTrapBlob}
  0x0000023b07fbdea8: 1066 90e8 

  0x0000023b07fbdeac: ; ImmutableOopMap {rbp=Oop [8]=NarrowOop [16]=NarrowOop }
                      ;*ifge {reexecute=1 rethrow=0 return_oop=0}
                      ; - (reexecute) java.nio.Buffer::limit@14 (line 379)
                      ; - java.nio.FloatBuffer::limit@2 (line 1565)
                      ; - java.nio.FloatBuffer::limit@2 (line 285)
                      ; - com.badlogic.gdx.graphics.glutils.VertexArray::setVertices@24 (line 86)
                      ; - com.badlogic.gdx.graphics.Mesh::setVertices@7 (line 208)
                      ; - com.badlogic.gdx.graphics.g2d.SpriteBatch::flush@76 (line 966)
  0x0000023b07fbdeac: 509e 4eff 

  0x0000023b07fbdeb0: ;   {other}
  0x0000023b07fbdeb0: 0f1f 8400 | a00d 0024 | ba45 ffff | ff48 8b6c | 2410 448b | 5424 0844 | 8914 2444 | 8b44 240c 
  0x0000023b07fbded0: 4489 4424 | 0889 4c24 | 1044 894c 

  0x0000023b07fbdedc: ;   {runtime_call UncommonTrapBlob}
  0x0000023b07fbdedc: 2414 90e8 

  0x0000023b07fbdee0: ; ImmutableOopMap {rbp=Oop [8]=NarrowOop [16]=NarrowOop }
                      ;*if_icmple {reexecute=1 rethrow=0 return_oop=0}
                      ; - (reexecute) java.nio.Buffer::limit@55 (line 383)
                      ; - java.nio.FloatBuffer::limit@2 (line 1565)
                      ; - java.nio.FloatBuffer::limit@2 (line 285)
                      ; - com.badlogic.gdx.graphics.glutils.VertexArray::setVertices@24 (line 86)
                      ; - com.badlogic.gdx.graphics.Mesh::setVertices@7 (line 208)
                      ; - com.badlogic.gdx.graphics.g2d.SpriteBatch::flush@76 (line 966)
  0x0000023b07fbdee0: 1c9e 4eff 

  0x0000023b07fbdee4: ;   {other}
  0x0000023b07fbdee4: 0f1f 8400 | d40d 0025 | bac6 ffff | ff44 8b5c | 2408 4489 | 1c24 894c | 2408 8944 | 240c 4489 
  0x0000023b07fbdf04: 4c24 1089 

  0x0000023b07fbdf08: ;   {runtime_call UncommonTrapBlob}
  0x0000023b07fbdf08: 5c24 14e8 

  0x0000023b07fbdf0c: ; ImmutableOopMap {rbp=Oop [8]=NarrowOop [12]=NarrowOop [16]=NarrowOop }
                      ;*invokeinterface setVertices {reexecute=0 rethrow=0 return_oop=0}
                      ; - com.badlogic.gdx.graphics.Mesh::setVertices@7 (line 208)
                      ; - com.badlogic.gdx.graphics.g2d.SpriteBatch::flush@76 (line 966)
  0x0000023b07fbdf0c: f09d 4eff 

  0x0000023b07fbdf10: ;   {other}
  0x0000023b07fbdf10: 0f1f 8400 | 000e 0026 | bade ffff | ff48 893c | 2489 4c24 | 104c 895c | 2418 4489 | 4c24 2089 
  0x0000023b07fbdf30: 5c24 2444 | 8944 2428 

  0x0000023b07fbdf38: ;   {runtime_call UncommonTrapBlob}
  0x0000023b07fbdf38: 6666 90e8 

  0x0000023b07fbdf3c: ; ImmutableOopMap {rbp=NarrowOop [0]=Oop [16]=NarrowOop [24]=Oop [32]=NarrowOop }
                      ;*invokevirtual limit {reexecute=0 rethrow=0 return_oop=0}
                      ; - com.badlogic.gdx.utils.BufferUtils::copy@11 (line 51)
                      ; - com.badlogic.gdx.graphics.glutils.VertexBufferObject::setVertices@12 (line 134)
                      ; - com.badlogic.gdx.graphics.Mesh::setVertices@7 (line 208)
                      ; - com.badlogic.gdx.graphics.g2d.SpriteBatch::flush@76 (line 966)
  0x0000023b07fbdf3c: c09d 4eff 

  0x0000023b07fbdf40: ;   {other}
  0x0000023b07fbdf40: 0f1f 8400 | 300e 0027 | ba45 ffff | ff48 893c | 2489 4c24 | 104c 895c | 2418 4489 | 4c24 2089 
  0x0000023b07fbdf60: 5c24 2448 | 8944 2430 | 4889 4424 | 3844 8944 

  0x0000023b07fbdf70: ;   {runtime_call UncommonTrapBlob}
  0x0000023b07fbdf70: 244c 90e8 

  0x0000023b07fbdf74: ; ImmutableOopMap {[0]=Oop [16]=NarrowOop [24]=Oop [32]=NarrowOop [48]=Oop [56]=Oop }
                      ;*if_icmple {reexecute=1 rethrow=0 return_oop=0}
                      ; - (reexecute) java.nio.Buffer::limit@5 (line 379)
                      ; - java.nio.ByteBuffer::limit@2 (line 1565)
                      ; - java.nio.MappedByteBuffer::limit@2 (line 338)
                      ; - java.nio.MappedByteBuffer::limit@2 (line 73)
                      ; - com.badlogic.gdx.utils.BufferUtils::copy@11 (line 51)
                      ; - com.badlogic.gdx.graphics.glutils.VertexBufferObject::setVertices@12 (line 134)
                      ; - com.badlogic.gdx.graphics.Mesh::setVertices@7 (line 208)
                      ; - com.badlogic.gdx.graphics.g2d.SpriteBatch::flush@76 (line 966)
  0x0000023b07fbdf74: 889d 4eff 

  0x0000023b07fbdf78: ;   {other}
  0x0000023b07fbdf78: 0f1f 8400 | 680e 0028 | ba45 ffff | ff48 8bef | 448b 5424 | 0844 8914 | 2489 4c24 | 084c 895c 
  0x0000023b07fbdf98: 2410 4489 | 4c24 1889 | 5c24 1c48 | 8944 2428 | 4889 4424 | 3044 8944 

  0x0000023b07fbdfb0: ;   {runtime_call UncommonTrapBlob}
  0x0000023b07fbdfb0: 2444 90e8 

  0x0000023b07fbdfb4: ; ImmutableOopMap {rbp=Oop [8]=NarrowOop [16]=Oop [24]=NarrowOop [40]=Oop [48]=Oop }
                      ;*ifge {reexecute=1 rethrow=0 return_oop=0}
                      ; - (reexecute) java.nio.Buffer::limit@14 (line 379)
                      ; - java.nio.ByteBuffer::limit@2 (line 1565)
                      ; - java.nio.MappedByteBuffer::limit@2 (line 338)
                      ; - java.nio.MappedByteBuffer::limit@2 (line 73)
                      ; - com.badlogic.gdx.utils.BufferUtils::copy@11 (line 51)
                      ; - com.badlogic.gdx.graphics.glutils.VertexBufferObject::setVertices@12 (line 134)
                      ; - com.badlogic.gdx.graphics.Mesh::setVertices@7 (line 208)
                      ; - com.badlogic.gdx.graphics.g2d.SpriteBatch::flush@76 (line 966)
  0x0000023b07fbdfb4: 489d 4eff 

  0x0000023b07fbdfb8: ;   {other}
  0x0000023b07fbdfb8: 0f1f 8400 | a80e 0029 | ba45 ffff | ff48 893c | 2489 4c24 | 104c 895c | 2418 4489 | 4c24 2089 
  0x0000023b07fbdfd8: 5c24 2448 | 8944 2430 | 4889 4424 | 3844 8944 

  0x0000023b07fbdfe8: ;   {runtime_call UncommonTrapBlob}
  0x0000023b07fbdfe8: 2448 90e8 

  0x0000023b07fbdfec: ; ImmutableOopMap {[0]=Oop [16]=NarrowOop [24]=Oop [32]=NarrowOop [48]=Oop [56]=Oop }
                      ;*if_icmple {reexecute=1 rethrow=0 return_oop=0}
                      ; - (reexecute) java.nio.Buffer::limit@55 (line 383)
                      ; - java.nio.ByteBuffer::limit@2 (line 1565)
                      ; - java.nio.MappedByteBuffer::limit@2 (line 338)
                      ; - java.nio.MappedByteBuffer::limit@2 (line 73)
                      ; - com.badlogic.gdx.utils.BufferUtils::copy@11 (line 51)
                      ; - com.badlogic.gdx.graphics.glutils.VertexBufferObject::setVertices@12 (line 134)
                      ; - com.badlogic.gdx.graphics.Mesh::setVertices@7 (line 208)
                      ; - com.badlogic.gdx.graphics.g2d.SpriteBatch::flush@76 (line 966)
  0x0000023b07fbdfec: 109d 4eff 

  0x0000023b07fbdff0: ;   {other}
  0x0000023b07fbdff0: 0f1f 8400 | e00e 002a | ba45 ffff | ff4c 8b5c | 2410 4c89 | 1c24 4c8b | 5c24 284c | 895c 2420 
  0x0000023b07fbe010: 448b 4424 | 1844 8944 | 2414 4c89 | 5424 284c | 8954 2430 

  0x0000023b07fbe024: ;   {runtime_call UncommonTrapBlob}
  0x0000023b07fbe024: 6666 90e8 

  0x0000023b07fbe028: ; ImmutableOopMap {[0]=Oop [12]=NarrowOop [32]=Oop [40]=Oop [48]=Oop }
                      ;*if_icmple {reexecute=1 rethrow=0 return_oop=0}
                      ; - (reexecute) java.nio.Buffer::position@5 (line 326)
                      ; - java.nio.ByteBuffer::position@2 (line 1551)
                      ; - java.nio.MappedByteBuffer::position@2 (line 328)
                      ; - java.nio.MappedByteBuffer::position@2 (line 73)
                      ; - com.badlogic.gdx.utils.BufferUtils::copy@40 (line 55)
                      ; - com.badlogic.gdx.graphics.glutils.VertexBufferObject::setVertices@12 (line 134)
                      ; - com.badlogic.gdx.graphics.Mesh::setVertices@7 (line 208)
                      ; - com.badlogic.gdx.graphics.g2d.SpriteBatch::flush@76 (line 966)
  0x0000023b07fbe028: d49c 4eff 

  0x0000023b07fbe02c: ;   {other}
  0x0000023b07fbe02c: 0f1f 8400 | 1c0f 002b | ba45 ffff | ff4c 8b5c | 2410 4c89 | 1c24 4c8b | 5c24 284c | 895c 2420 
  0x0000023b07fbe04c: 448b 4424 | 1844 8944 | 2414 4c89 | 5424 284c | 8954 2430 

  0x0000023b07fbe060: ;   {runtime_call UncommonTrapBlob}
  0x0000023b07fbe060: 6666 90e8 

  0x0000023b07fbe064: ; ImmutableOopMap {[0]=Oop [12]=NarrowOop [32]=Oop [40]=Oop [48]=Oop }
                      ;*if_icmple {reexecute=1 rethrow=0 return_oop=0}
                      ; - (reexecute) java.nio.Buffer::position@37 (line 328)
                      ; - java.nio.ByteBuffer::position@2 (line 1551)
                      ; - java.nio.MappedByteBuffer::position@2 (line 328)
                      ; - java.nio.MappedByteBuffer::position@2 (line 73)
                      ; - com.badlogic.gdx.utils.BufferUtils::copy@40 (line 55)
                      ; - com.badlogic.gdx.graphics.glutils.VertexBufferObject::setVertices@12 (line 134)
                      ; - com.badlogic.gdx.graphics.Mesh::setVertices@7 (line 208)
                      ; - com.badlogic.gdx.graphics.g2d.SpriteBatch::flush@76 (line 966)
  0x0000023b07fbe064: 989c 4eff 

  0x0000023b07fbe068: ;   {other}
  0x0000023b07fbe068: 0f1f 8400 | 580f 002c | ba45 ffff | ff4c 8b54 | 2410 4c89 | 1424 448b | 5c24 1844 | 895c 2414 
  0x0000023b07fbe088: 895c 241c 

  0x0000023b07fbe08c: ;   {runtime_call UncommonTrapBlob}
  0x0000023b07fbe08c: 6666 90e8 

  0x0000023b07fbe090: ; ImmutableOopMap {[0]=Oop [12]=NarrowOop [28]=NarrowOop [40]=Oop }
                      ;*if_icmple {reexecute=1 rethrow=0 return_oop=0}
                      ; - (reexecute) java.nio.Buffer::position@5 (line 326)
                      ; - java.nio.FloatBuffer::position@2 (line 1551)
                      ; - java.nio.FloatBuffer::position@2 (line 285)
                      ; - com.badlogic.gdx.graphics.glutils.VertexBufferObject::setVertices@20 (line 135)
                      ; - com.badlogic.gdx.graphics.Mesh::setVertices@7 (line 208)
                      ; - com.badlogic.gdx.graphics.g2d.SpriteBatch::flush@76 (line 966)
  0x0000023b07fbe090: 6c9c 4eff 

  0x0000023b07fbe094: ;   {other}
  0x0000023b07fbe094: 0f1f 8400 | 840f 002d | ba45 ffff | ff48 8b6c | 2410 448b | 5c24 0844 | 891c 2444 | 8b5c 240c 
  0x0000023b07fbe0b4: 4489 5c24 | 0844 8b5c | 2418 4489 | 5c24 0c89 | 5c24 1c89 

  0x0000023b07fbe0c8: ;   {runtime_call UncommonTrapBlob}
  0x0000023b07fbe0c8: 4c24 20e8 

  0x0000023b07fbe0cc: ; ImmutableOopMap {rbp=Oop [8]=NarrowOop [28]=NarrowOop [40]=Oop }
                      ;*if_icmple {reexecute=1 rethrow=0 return_oop=0}
                      ; - (reexecute) java.nio.Buffer::position@37 (line 328)
                      ; - java.nio.FloatBuffer::position@2 (line 1551)
                      ; - java.nio.FloatBuffer::position@2 (line 285)
                      ; - com.badlogic.gdx.graphics.glutils.VertexBufferObject::setVertices@20 (line 135)
                      ; - com.badlogic.gdx.graphics.Mesh::setVertices@7 (line 208)
                      ; - com.badlogic.gdx.graphics.g2d.SpriteBatch::flush@76 (line 966)
  0x0000023b07fbe0cc: 309c 4eff 

  0x0000023b07fbe0d0: ;   {other}
  0x0000023b07fbe0d0: 0f1f 8400 | c00f 002e | ba45 ffff | ff4c 8b5c | 2410 4c89 | 1c24 4c89 | 4c24 1889 | 5c24 2044 
  0x0000023b07fbe0f0: 8954 2428 

  0x0000023b07fbe0f4: ;   {runtime_call UncommonTrapBlob}
  0x0000023b07fbe0f4: 6666 90e8 

  0x0000023b07fbe0f8: ; ImmutableOopMap {[0]=Oop [12]=NarrowOop [24]=Oop [32]=NarrowOop }
                      ;*if_icmple {reexecute=1 rethrow=0 return_oop=0}
                      ; - (reexecute) java.nio.Buffer::limit@5 (line 379)
                      ; - java.nio.FloatBuffer::limit@2 (line 1565)
                      ; - java.nio.FloatBuffer::limit@2 (line 285)
                      ; - com.badlogic.gdx.graphics.glutils.VertexBufferObject::setVertices@29 (line 136)
                      ; - com.badlogic.gdx.graphics.Mesh::setVertices@7 (line 208)
                      ; - com.badlogic.gdx.graphics.g2d.SpriteBatch::flush@76 (line 966)
  0x0000023b07fbe0f8: 049c 4eff 

  0x0000023b07fbe0fc: ;   {other}
  0x0000023b07fbe0fc: 0f1f 8400 | ec0f 002f | ba45 ffff | ff48 8b6c | 2410 448b | 4424 0844 | 8904 2444 | 8b5c 240c 
  0x0000023b07fbe11c: 4489 5c24 | 0889 5c24 | 1844 8954 

  0x0000023b07fbe128: ;   {runtime_call UncommonTrapBlob}
  0x0000023b07fbe128: 2420 90e8 

  0x0000023b07fbe12c: ; ImmutableOopMap {rbp=Oop [8]=NarrowOop [24]=NarrowOop [40]=Oop }
                      ;*ifge {reexecute=1 rethrow=0 return_oop=0}
                      ; - (reexecute) java.nio.Buffer::limit@14 (line 379)
                      ; - java.nio.FloatBuffer::limit@2 (line 1565)
                      ; - java.nio.FloatBuffer::limit@2 (line 285)
                      ; - com.badlogic.gdx.graphics.glutils.VertexBufferObject::setVertices@29 (line 136)
                      ; - com.badlogic.gdx.graphics.Mesh::setVertices@7 (line 208)
                      ; - com.badlogic.gdx.graphics.g2d.SpriteBatch::flush@76 (line 966)
  0x0000023b07fbe12c: d09b 4eff 

  0x0000023b07fbe130: ;   {other}
  0x0000023b07fbe130: 0f1f 8400 | 2010 0030 | ba45 ffff | ff48 8b6c | 2410 448b | 4424 0844 | 8904 2444 | 8b5c 240c 
  0x0000023b07fbe150: 4489 5c24 | 0889 5c24 | 1889 4c24 | 1c44 8954 

  0x0000023b07fbe160: ;   {runtime_call UncommonTrapBlob}
  0x0000023b07fbe160: 2420 90e8 

  0x0000023b07fbe164: ; ImmutableOopMap {rbp=Oop [8]=NarrowOop [24]=NarrowOop [40]=Oop }
                      ;*if_icmple {reexecute=1 rethrow=0 return_oop=0}
                      ; - (reexecute) java.nio.Buffer::limit@55 (line 383)
                      ; - java.nio.FloatBuffer::limit@2 (line 1565)
                      ; - java.nio.FloatBuffer::limit@2 (line 285)
                      ; - com.badlogic.gdx.graphics.glutils.VertexBufferObject::setVertices@29 (line 136)
                      ; - com.badlogic.gdx.graphics.Mesh::setVertices@7 (line 208)
                      ; - com.badlogic.gdx.graphics.g2d.SpriteBatch::flush@76 (line 966)
  0x0000023b07fbe164: 989b 4eff 

  0x0000023b07fbe168: ;   {other}
  0x0000023b07fbe168: 0f1f 8400 | 5810 0031 | 488b d0eb | 1748 8bd0 | eb12 488b | d0eb 0d48 | 8bd0 eb08 | 488b d0eb 
  0x0000023b07fbe188: 0348 8bd0 | 4883 c460 

  0x0000023b07fbe190: ;   {runtime_call _rethrow_Java}
  0x0000023b07fbe190: 5de9 6a67 | 65ff baf6 

  0x0000023b07fbe198: ;   {runtime_call UncommonTrapBlob}
  0x0000023b07fbe198: ffff ffe8 

  0x0000023b07fbe19c: ; ImmutableOopMap {}
                      ;*invokevirtual bind {reexecute=0 rethrow=0 return_oop=0}
                      ; - com.badlogic.gdx.graphics.g2d.SpriteBatch::flush@58 (line 964)
  0x0000023b07fbe19c: 609b 4eff 

  0x0000023b07fbe1a0: ;   {other}
  0x0000023b07fbe1a0: 0f1f 8400 | 9010 0032 | baf6 ffff | ff41 8bea | 4489 1c24 

  0x0000023b07fbe1b4: ;   {runtime_call UncommonTrapBlob}
  0x0000023b07fbe1b4: 6666 90e8 

  0x0000023b07fbe1b8: ; ImmutableOopMap {}
                      ;*invokeinterface glBindTexture {reexecute=0 rethrow=0 return_oop=0}
                      ; - com.badlogic.gdx.graphics.GLTexture::bind@11 (line 66)
                      ; - com.badlogic.gdx.graphics.g2d.SpriteBatch::flush@58 (line 964)
  0x0000023b07fbe1b8: 449b 4eff 

  0x0000023b07fbe1bc: ;   {other}
  0x0000023b07fbe1bc: 0f1f 8400 | ac10 0033 | baf6 ffff 

  0x0000023b07fbe1c8: ;   {runtime_call UncommonTrapBlob}
  0x0000023b07fbe1c8: ff66 90e8 

  0x0000023b07fbe1cc: ; ImmutableOopMap {}
                      ;*getfield owner {reexecute=1 rethrow=0 return_oop=0}
                      ; - (reexecute) org.lwjgl.opengl.GLContext::getCapabilitiesImpl@5 (line 132)
                      ; - org.lwjgl.opengl.GLContext::getCapabilities@0 (line 122)
                      ; - org.lwjgl.opengl.GL11::glBindTexture@0 (line 651)
                      ; - com.badlogic.gdx.backends.lwjgl.LwjglGL20::glBindTexture@2 (line 93)
                      ; - com.badlogic.gdx.graphics.GLTexture::bind@11 (line 66)
                      ; - com.badlogic.gdx.graphics.g2d.SpriteBatch::flush@58 (line 964)
  0x0000023b07fbe1cc: 309b 4eff 

  0x0000023b07fbe1d0: ;   {other}
  0x0000023b07fbe1d0: 0f1f 8400 | c010 0034 | baf6 ffff | ff41 8be9 

  0x0000023b07fbe1e0: ;   {runtime_call UncommonTrapBlob}
  0x0000023b07fbe1e0: 891c 24e8 

  0x0000023b07fbe1e4: ; ImmutableOopMap {rbp=NarrowOop }
                      ;*invokevirtual setVertices {reexecute=0 rethrow=0 return_oop=0}
                      ; - com.badlogic.gdx.graphics.g2d.SpriteBatch::flush@76 (line 966)
  0x0000023b07fbe1e4: 189b 4eff 

  0x0000023b07fbe1e8: ;   {other}
  0x0000023b07fbe1e8: 0f1f 8400 | d810 0035 | baf6 ffff | ff41 8be9 

  0x0000023b07fbe1f8: ;   {runtime_call UncommonTrapBlob}
  0x0000023b07fbe1f8: 891c 24e8 

  0x0000023b07fbe1fc: ; ImmutableOopMap {rbp=NarrowOop }
                      ;*invokeinterface setVertices {reexecute=0 rethrow=0 return_oop=0}
                      ; - com.badlogic.gdx.graphics.Mesh::setVertices@7 (line 208)
                      ; - com.badlogic.gdx.graphics.g2d.SpriteBatch::flush@76 (line 966)
  0x0000023b07fbe1fc: 009b 4eff 

  0x0000023b07fbe200: ;   {other}
  0x0000023b07fbe200: 0f1f 8400 | f010 0036 | baf6 ffff 

  0x0000023b07fbe20c: ;   {runtime_call UncommonTrapBlob}
  0x0000023b07fbe20c: ff66 90e8 

  0x0000023b07fbe210: ; ImmutableOopMap {}
                      ;*invokeinterface getBuffer {reexecute=0 rethrow=0 return_oop=0}
                      ; - com.badlogic.gdx.graphics.Mesh::getIndicesBuffer@4 (line 814)
                      ; - com.badlogic.gdx.graphics.g2d.SpriteBatch::flush@81 (line 967)
  0x0000023b07fbe210: ec9a 4eff 

  0x0000023b07fbe214: ;   {other}
  0x0000023b07fbe214: 0f1f 8400 | 0411 0037 | baf6 ffff 

  0x0000023b07fbe220: ;   {runtime_call UncommonTrapBlob}
  0x0000023b07fbe220: ff66 90e8 

  0x0000023b07fbe224: ; ImmutableOopMap {}
                      ;*invokevirtual position {reexecute=0 rethrow=0 return_oop=0}
                      ; - com.badlogic.gdx.graphics.g2d.SpriteBatch::flush@85 (line 967)
  0x0000023b07fbe224: d89a 4eff 

  0x0000023b07fbe228: ;   {other}
  0x0000023b07fbe228: 0f1f 8400 | 1811 0038 | baf6 ffff 

  0x0000023b07fbe234: ;   {runtime_call UncommonTrapBlob}
  0x0000023b07fbe234: ff66 90e8 

  0x0000023b07fbe238: ; ImmutableOopMap {}
                      ;*invokeinterface glEnable {reexecute=0 rethrow=0 return_oop=0}
                      ; - com.badlogic.gdx.graphics.g2d.SpriteBatch::flush@125 (line 973)
  0x0000023b07fbe238: c49a 4eff 

  0x0000023b07fbe23c: ;   {other}
  0x0000023b07fbe23c: 0f1f 8400 | 2c11 0039 | baf6 ffff 

  0x0000023b07fbe248: ;   {runtime_call UncommonTrapBlob}
  0x0000023b07fbe248: ff66 90e8 

  0x0000023b07fbe24c: ; ImmutableOopMap {}
                      ;*getfield owner {reexecute=1 rethrow=0 return_oop=0}
                      ; - (reexecute) org.lwjgl.opengl.GLContext::getCapabilitiesImpl@5 (line 132)
                      ; - org.lwjgl.opengl.GLContext::getCapabilities@0 (line 122)
                      ; - org.lwjgl.opengl.GL11::glEnable@0 (line 1012)
                      ; - com.badlogic.gdx.backends.lwjgl.LwjglGL20::glEnable@1 (line 292)
                      ; - com.badlogic.gdx.graphics.g2d.SpriteBatch::flush@125 (line 973)
  0x0000023b07fbe24c: b09a 4eff 

  0x0000023b07fbe250: ;   {other}
  0x0000023b07fbe250: 0f1f 8400 | 4011 003a | baf6 ffff | ff41 8beb | 890c 2444 | 894c 2404 | 897c 2408 

  0x0000023b07fbe26c: ;   {runtime_call UncommonTrapBlob}
  0x0000023b07fbe26c: 6666 90e8 

  0x0000023b07fbe270: ; ImmutableOopMap {}
                      ;*invokeinterface glBlendFuncSeparate {reexecute=0 rethrow=0 return_oop=0}
                      ; - com.badlogic.gdx.graphics.g2d.SpriteBatch::flush@157 (line 974)
  0x0000023b07fbe270: 8c9a 4eff 

  0x0000023b07fbe274: ;   {other}
  0x0000023b07fbe274: 0f1f 8400 | 6411 003b | baf6 ffff 

  0x0000023b07fbe280: ;   {runtime_call UncommonTrapBlob}
  0x0000023b07fbe280: ff66 90e8 

  0x0000023b07fbe284: ; ImmutableOopMap {}
                      ;*getfield owner {reexecute=1 rethrow=0 return_oop=0}
                      ; - (reexecute) org.lwjgl.opengl.GLContext::getCapabilitiesImpl@5 (line 132)
                      ; - org.lwjgl.opengl.GLContext::getCapabilities@0 (line 122)
                      ; - org.lwjgl.opengl.GL14::glBlendFuncSeparate@0 (line 238)
                      ; - com.badlogic.gdx.backends.lwjgl.LwjglGL20::glBlendFuncSeparate@5 (line 113)
                      ; - com.badlogic.gdx.graphics.g2d.SpriteBatch::flush@157 (line 974)
  0x0000023b07fbe284: 789a 4eff 

  0x0000023b07fbe288: ;   {other}
  0x0000023b07fbe288: 0f1f 8400 | 7811 003c | baf4 ffff | ff48 8bef | 448b 5424 | 0844 8914 | 2489 4c24 | 084c 895c 
  0x0000023b07fbe2a8: 2410 4489 | 4c24 1889 

  0x0000023b07fbe2b0: ;   {runtime_call UncommonTrapBlob}
  0x0000023b07fbe2b0: 5c24 1ce8 

  0x0000023b07fbe2b4: ; ImmutableOopMap {rbp=Oop [8]=NarrowOop [16]=Oop [24]=NarrowOop }
                      ;*instanceof {reexecute=0 rethrow=0 return_oop=0}
                      ; - com.badlogic.gdx.utils.BufferUtils::copy@1 (line 50)
                      ; - com.badlogic.gdx.graphics.glutils.VertexArray::setVertices@7 (line 84)
                      ; - com.badlogic.gdx.graphics.Mesh::setVertices@7 (line 208)
                      ; - com.badlogic.gdx.graphics.g2d.SpriteBatch::flush@76 (line 966)
  0x0000023b07fbe2b4: 489a 4eff 

  0x0000023b07fbe2b8: ;   {other}
  0x0000023b07fbe2b8: 0f1f 8400 | a811 003d | baf6 ffff 

  0x0000023b07fbe2c4: ;   {runtime_call UncommonTrapBlob}
  0x0000023b07fbe2c4: ff66 90e8 

  0x0000023b07fbe2c8: ; ImmutableOopMap {}
                      ;*invokevirtual position {reexecute=0 rethrow=0 return_oop=0}
                      ; - com.badlogic.gdx.graphics.glutils.VertexArray::setVertices@15 (line 85)
                      ; - com.badlogic.gdx.graphics.Mesh::setVertices@7 (line 208)
                      ; - com.badlogic.gdx.graphics.g2d.SpriteBatch::flush@76 (line 966)
  0x0000023b07fbe2c8: 349a 4eff 

  0x0000023b07fbe2cc: ;   {other}
  0x0000023b07fbe2cc: 0f1f 8400 | bc11 003e | baf4 ffff | ff48 8bef | 448b 4424 | 0844 8904 | 2489 4c24 | 084c 895c 
  0x0000023b07fbe2ec: 2410 4489 | 4c24 1889 

  0x0000023b07fbe2f4: ;   {runtime_call UncommonTrapBlob}
  0x0000023b07fbe2f4: 5c24 1ce8 

  0x0000023b07fbe2f8: ; ImmutableOopMap {rbp=Oop [8]=NarrowOop [16]=Oop [24]=NarrowOop }
                      ;*instanceof {reexecute=0 rethrow=0 return_oop=0}
                      ; - com.badlogic.gdx.utils.BufferUtils::copy@1 (line 50)
                      ; - com.badlogic.gdx.graphics.glutils.VertexBufferObject::setVertices@12 (line 134)
                      ; - com.badlogic.gdx.graphics.Mesh::setVertices@7 (line 208)
                      ; - com.badlogic.gdx.graphics.g2d.SpriteBatch::flush@76 (line 966)
  0x0000023b07fbe2f8: 049a 4eff 

  0x0000023b07fbe2fc: ;   {other}
  0x0000023b07fbe2fc: 0f1f 8400 | ec11 003f | baf6 ffff 

  0x0000023b07fbe308: ;   {runtime_call UncommonTrapBlob}
  0x0000023b07fbe308: ff66 90e8 

  0x0000023b07fbe30c: ; ImmutableOopMap {}
                      ;*invokevirtual position {reexecute=0 rethrow=0 return_oop=0}
                      ; - com.badlogic.gdx.graphics.glutils.VertexBufferObject::setVertices@20 (line 135)
                      ; - com.badlogic.gdx.graphics.Mesh::setVertices@7 (line 208)
                      ; - com.badlogic.gdx.graphics.g2d.SpriteBatch::flush@76 (line 966)
  0x0000023b07fbe30c: f099 4eff 

  0x0000023b07fbe310: ;   {other}
  0x0000023b07fbe310: 0f1f 8400 | 0012 0040 

  0x0000023b07fbe318: ;   {internal_word}
  0x0000023b07fbe318: 49ba 39d8 | fb07 3b02 | 0000 4d89 | 9760 0400 

  0x0000023b07fbe328: ;   {runtime_call SafepointBlob}
  0x0000023b07fbe328: 00e9 5288 

  0x0000023b07fbe32c: ;   {runtime_call StubRoutines (final stubs)}
  0x0000023b07fbe32c: 4eff e88d | 794c ffe9 | 02f1 ffff 
[Stub Code]
  0x0000023b07fbe338: ;   {no_reloc}
  0x0000023b07fbe338: 48bb 0000 | 0000 0000 

  0x0000023b07fbe340: ;   {runtime_call nmethod}
  0x0000023b07fbe340: 0000 e9fb 

  0x0000023b07fbe344: ;   {static_stub}
  0x0000023b07fbe344: ffff ff48 | bb00 0000 | 0000 0000 

  0x0000023b07fbe350: ;   {runtime_call nmethod}
  0x0000023b07fbe350: 00e9 fbff 

  0x0000023b07fbe354: ;   {static_stub}
  0x0000023b07fbe354: ffff 48bb | 0000 0000 | 0000 0000 

  0x0000023b07fbe360: ;   {runtime_call nmethod}
  0x0000023b07fbe360: e9fb ffff 

  0x0000023b07fbe364: ;   {static_stub}
  0x0000023b07fbe364: ff48 bb00 | 0000 0000 

  0x0000023b07fbe36c: ;   {runtime_call nmethod}
  0x0000023b07fbe36c: 0000 00e9 | fbff ffff 

  0x0000023b07fbe374: ;   {static_stub}
  0x0000023b07fbe374: 48bb 0000 | 0000 0000 

  0x0000023b07fbe37c: ;   {runtime_call nmethod}
  0x0000023b07fbe37c: 0000 e9fb 

  0x0000023b07fbe380: ;   {runtime_call ExceptionBlob}
  0x0000023b07fbe380: ffff ffe9 | 7828 5cff 
[Deopt Handler Code]
  0x0000023b07fbe388: e800 0000 | 0048 832c 

  0x0000023b07fbe390: ;   {runtime_call DeoptimizationBlob}
  0x0000023b07fbe390: 2405 e989 | 9c4e fff4 
[/MachCode]


---------------  P R O C E S S  ---------------

Threads class SMR info:
_java_thread_list=0x0000023b58888b70, length=22, elements={
0x0000023b7ac562d0, 0x0000023b7ac57ea0, 0x0000023b7ac5b1b0, 0x0000023b7ac5c0d0,
0x0000023b7ac5de30, 0x0000023b580852c0, 0x0000023b58097b80, 0x0000023b580c6710,
0x0000023b58249bc0, 0x0000023b5824fcf0, 0x0000023b5899db70, 0x0000023b6fb8f400,
0x0000023b5d880240, 0x0000023b5df7bbf0, 0x0000023b5dd10060, 0x0000023b676dce50,
0x0000023b676dd4e0, 0x0000023b68114160, 0x0000023b68113ad0, 0x0000023b676dc130,
0x0000023b676da6f0, 0x0000023b676d99d0
}

Java Threads: ( => current thread )
  0x0000023b7ac562d0 JavaThread "Reference Handler"          daemon [_thread_blocked, id=34836, stack(0x0000005d6bd00000,0x0000005d6be00000) (1024K)]
  0x0000023b7ac57ea0 JavaThread "Finalizer"                  daemon [_thread_blocked, id=41324, stack(0x0000005d6be00000,0x0000005d6bf00000) (1024K)]
  0x0000023b7ac5b1b0 JavaThread "Signal Dispatcher"          daemon [_thread_blocked, id=12448, stack(0x0000005d6bf00000,0x0000005d6c000000) (1024K)]
  0x0000023b7ac5c0d0 JavaThread "Attach Listener"            daemon [_thread_blocked, id=23520, stack(0x0000005d6c000000,0x0000005d6c100000) (1024K)]
  0x0000023b7ac5de30 JavaThread "Service Thread"             daemon [_thread_blocked, id=38224, stack(0x0000005d6c100000,0x0000005d6c200000) (1024K)]
  0x0000023b580852c0 JavaThread "Monitor Deflation Thread"   daemon [_thread_blocked, id=29004, stack(0x0000005d6c200000,0x0000005d6c300000) (1024K)]
  0x0000023b58097b80 JavaThread "C2 CompilerThread0"         daemon [_thread_blocked, id=29284, stack(0x0000005d6c300000,0x0000005d6c400000) (1024K)]
  0x0000023b580c6710 JavaThread "C1 CompilerThread0"         daemon [_thread_blocked, id=22156, stack(0x0000005d6c400000,0x0000005d6c500000) (1024K)]
  0x0000023b58249bc0 JavaThread "Notification Thread"        daemon [_thread_blocked, id=30692, stack(0x0000005d6c600000,0x0000005d6c700000) (1024K)]
  0x0000023b5824fcf0 JavaThread "Common-Cleaner"             daemon [_thread_blocked, id=39568, stack(0x0000005d6c700000,0x0000005d6c800000) (1024K)]
=>0x0000023b5899db70 JavaThread "LWJGL Application"                 [_thread_in_native, id=10948, stack(0x0000005d6c500000,0x0000005d6c600000) (1024K)]
  0x0000023b6fb8f400 JavaThread "DestroyJavaVM"                     [_thread_blocked, id=34008, stack(0x0000005d6b500000,0x0000005d6b600000) (1024K)]
  0x0000023b5d880240 JavaThread "AsynchExecutor-Thread"      daemon [_thread_blocked, id=14876, stack(0x0000005d6d400000,0x0000005d6d500000) (1024K)]
  0x0000023b5df7bbf0 JavaThread "RxIoScheduler-1 (Evictor)"  daemon [_thread_blocked, id=42228, stack(0x0000005d6d600000,0x0000005d6d700000) (1024K)]
  0x0000023b5dd10060 JavaThread "RxComputationScheduler-1"   daemon [_thread_blocked, id=32984, stack(0x0000005d6e600000,0x0000005d6e700000) (1024K)]
  0x0000023b676dce50 JavaThread "RxIoScheduler-44"           daemon [_thread_blocked, id=40468, stack(0x0000005d70e00000,0x0000005d70f00000) (1024K)]
  0x0000023b676dd4e0 JavaThread "LWJGL Timer"                daemon [_thread_blocked, id=26300, stack(0x0000005d6d300000,0x0000005d6d400000) (1024K)]
  0x0000023b68114160 JavaThread "Timer"                      daemon [_thread_blocked, id=40932, stack(0x0000005d6b200000,0x0000005d6b300000) (1024K)]
  0x0000023b68113ad0 JavaThread "AsynchExecutor-Thread"      daemon [_thread_blocked, id=37396, stack(0x0000005d6ca00000,0x0000005d6cb00000) (1024K)]
  0x0000023b676dc130 JavaThread "RxIoScheduler-90"           daemon [_thread_blocked, id=10756, stack(0x0000005d6b300000,0x0000005d6b400000) (1024K)]
  0x0000023b676da6f0 JavaThread "RxComputationScheduler-2"   daemon [_thread_blocked, id=28984, stack(0x0000005d6b400000,0x0000005d6b500000) (1024K)]
  0x0000023b676d99d0 JavaThread "RxComputationScheduler-3"   daemon [_thread_blocked, id=26728, stack(0x0000005d6d000000,0x0000005d6d100000) (1024K)]
Total: 22

Other Threads:
  0x0000023b7ac3b0b0 VMThread "VM Thread"                           [id=20368, stack(0x0000005d6bc00000,0x0000005d6bd00000) (1024K)]
  0x0000023b580814d0 WatcherThread "VM Periodic Task Thread"        [id=36080, stack(0x0000005d6bb00000,0x0000005d6bc00000) (1024K)]
  0x0000023b7aaa9760 WorkerThread "GC Thread#0"                     [id=37296, stack(0x0000005d6b600000,0x0000005d6b700000) (1024K)]
  0x0000023b5df5dd70 WorkerThread "GC Thread#1"                     [id=41908, stack(0x0000005d6d900000,0x0000005d6da00000) (1024K)]
  0x0000023b5e0d1e00 WorkerThread "GC Thread#2"                     [id=38112, stack(0x0000005d6da00000,0x0000005d6db00000) (1024K)]
  0x0000023b5e0b3400 WorkerThread "GC Thread#3"                     [id=30400, stack(0x0000005d6db00000,0x0000005d6dc00000) (1024K)]
  0x0000023b67790c20 WorkerThread "GC Thread#4"                     [id=40076, stack(0x0000005d6dc00000,0x0000005d6dd00000) (1024K)]
  0x0000023b5dcd8370 WorkerThread "GC Thread#5"                     [id=19088, stack(0x0000005d6dd00000,0x0000005d6de00000) (1024K)]
  0x0000023b5db9b860 WorkerThread "GC Thread#6"                     [id=10076, stack(0x0000005d6de00000,0x0000005d6df00000) (1024K)]
  0x0000023b5db79b00 WorkerThread "GC Thread#7"                     [id=27504, stack(0x0000005d6df00000,0x0000005d6e000000) (1024K)]
  0x0000023b5db7a5e0 WorkerThread "GC Thread#8"                     [id=23388, stack(0x0000005d6e000000,0x0000005d6e100000) (1024K)]
  0x0000023b5db79760 WorkerThread "GC Thread#9"                     [id=15228, stack(0x0000005d6e100000,0x0000005d6e200000) (1024K)]
  0x0000023b5db78c80 WorkerThread "GC Thread#10"                    [id=35940, stack(0x0000005d6e200000,0x0000005d6e300000) (1024K)]
  0x0000023b5db79020 WorkerThread "GC Thread#11"                    [id=18112, stack(0x0000005d6e300000,0x0000005d6e400000) (1024K)]
  0x0000023b5db793c0 WorkerThread "GC Thread#12"                    [id=37648, stack(0x0000005d6d100000,0x0000005d6d200000) (1024K)]
  0x0000023b7aabb850 ConcurrentGCThread "G1 Main Marker"            [id=36712, stack(0x0000005d6b700000,0x0000005d6b800000) (1024K)]
  0x0000023b7aabcdd0 WorkerThread "G1 Conc#0"                       [id=2344, stack(0x0000005d6b800000,0x0000005d6b900000) (1024K)]
  0x0000023b5de190c0 WorkerThread "G1 Conc#1"                       [id=39800, stack(0x0000005d6cb00000,0x0000005d6cc00000) (1024K)]
  0x0000023b5de19f40 WorkerThread "G1 Conc#2"                       [id=22164, stack(0x0000005d6cd00000,0x0000005d6ce00000) (1024K)]
  0x0000023b7ab6eb00 ConcurrentGCThread "G1 Refine#0"               [id=1376, stack(0x0000005d6b900000,0x0000005d6ba00000) (1024K)]
  0x0000023b7ab6f580 ConcurrentGCThread "G1 Service"                [id=33896, stack(0x0000005d6ba00000,0x0000005d6bb00000) (1024K)]
Total: 21

Threads with active compile tasks:
Total: 0

VM state: not at safepoint (normal execution)

VM Mutex/Monitor currently owned by a thread: None

Heap address: 0x0000000604400000, size: 8124 MB, Compressed Oops mode: Zero based, Oop shift amount: 3

CDS archive(s) mapped at: [0x0000023b17000000-0x0000023b17c80000-0x0000023b17c80000), size 13107200, SharedBaseAddress: 0x0000023b17000000, ArchiveRelocationMode: 1.
Compressed class space mapped at: 0x0000023b18000000-0x0000023b58000000, reserved size: 1073741824
Narrow klass base: 0x0000023b17000000, Narrow klass shift: 0, Narrow klass range: 0x100000000

GC Precious Log:
 CardTable entry size: 512
 Card Set container configuration: InlinePtr #cards 4 size 8 Array Of Cards #cards 32 size 80 Howl #buckets 8 coarsen threshold 7372 Howl Bitmap #cards 1024 size 144 coarsen threshold 921 Card regions per heap region 1 cards per card region 8192
 CPUs: 16 total, 16 available
 Memory: 32490M
 Large Page Support: Disabled
 NUMA Support: Disabled
 Compressed Oops: Enabled (Zero based)
 Heap Region Size: 4M
 Heap Min Capacity: 8M
 Heap Initial Capacity: 508M
 Heap Max Capacity: 8124M
 Pre-touch: Disabled
 Parallel Workers: 13
 Concurrent Workers: 3
 Concurrent Refinement Workers: 13
 Periodic GC: Disabled

Heap:
 garbage-first heap   total 151552K, used 99651K [0x0000000604400000, 0x0000000800000000)
  region size 4096K, 17 young (69632K), 3 survivors (12288K)
 Metaspace       used 28702K, committed 29056K, reserved 1114112K
  class space    used 3711K, committed 3840K, reserved 1048576K

Heap Regions: E=young(eden), S=young(survivor), O=old, HS=humongous(starts), HC=humongous(continues), CS=collection set, F=free, TAMS=top-at-mark-start, PB=parsable bottom
|   0|0x0000000604400000, 0x0000000604800000, 0x0000000604800000|100%| O|  |TAMS 0x0000000604400000| PB 0x0000000604400000| Untracked 
|   1|0x0000000604800000, 0x0000000604c00000, 0x0000000604c00000|100%| O|  |TAMS 0x0000000604800000| PB 0x0000000604800000| Untracked 
|   2|0x0000000604c00000, 0x0000000605000000, 0x0000000605000000|100%| O|  |TAMS 0x0000000604c00000| PB 0x0000000604c00000| Untracked 
|   3|0x0000000605000000, 0x0000000605000000, 0x0000000605400000|  0%| F|  |TAMS 0x0000000605000000| PB 0x0000000605000000| Untracked 
|   4|0x0000000605400000, 0x0000000605800000, 0x0000000605800000|100%| O|  |TAMS 0x0000000605400000| PB 0x0000000605400000| Untracked 
|   5|0x0000000605800000, 0x0000000605800000, 0x0000000605c00000|  0%| F|  |TAMS 0x0000000605800000| PB 0x0000000605800000| Untracked 
|   6|0x0000000605c00000, 0x0000000605c00000, 0x0000000606000000|  0%| F|  |TAMS 0x0000000605c00000| PB 0x0000000605c00000| Untracked 
|   7|0x0000000606000000, 0x0000000606000000, 0x0000000606400000|  0%| F|  |TAMS 0x0000000606000000| PB 0x0000000606000000| Untracked 
|   8|0x0000000606400000, 0x0000000606400000, 0x0000000606800000|  0%| F|  |TAMS 0x0000000606400000| PB 0x0000000606400000| Untracked 
|   9|0x0000000606800000, 0x0000000606800000, 0x0000000606c00000|  0%| F|  |TAMS 0x0000000606800000| PB 0x0000000606800000| Untracked 
|  10|0x0000000606c00000, 0x0000000606d50e00, 0x0000000607000000| 32%| S|CS|TAMS 0x0000000606c00000| PB 0x0000000606c00000| Complete 
|  11|0x0000000607000000, 0x0000000607400000, 0x0000000607400000|100%| S|CS|TAMS 0x0000000607000000| PB 0x0000000607000000| Complete 
|  12|0x0000000607400000, 0x0000000607800000, 0x0000000607800000|100%| S|CS|TAMS 0x0000000607400000| PB 0x0000000607400000| Complete 
|  13|0x0000000607800000, 0x0000000607800000, 0x0000000607c00000|  0%| F|  |TAMS 0x0000000607800000| PB 0x0000000607800000| Untracked 
|  14|0x0000000607c00000, 0x0000000607c00000, 0x0000000608000000|  0%| F|  |TAMS 0x0000000607c00000| PB 0x0000000607c00000| Untracked 
|  15|0x0000000608000000, 0x0000000608000000, 0x0000000608400000|  0%| F|  |TAMS 0x0000000608000000| PB 0x0000000608000000| Untracked 
|  16|0x0000000608400000, 0x0000000608400000, 0x0000000608800000|  0%| F|  |TAMS 0x0000000608400000| PB 0x0000000608400000| Untracked 
|  17|0x0000000608800000, 0x0000000608800000, 0x0000000608c00000|  0%| F|  |TAMS 0x0000000608800000| PB 0x0000000608800000| Untracked 
|  18|0x0000000608c00000, 0x0000000608e036e8, 0x0000000609000000| 50%| E|  |TAMS 0x0000000608c00000| PB 0x0000000608c00000| Complete 
|  19|0x0000000609000000, 0x0000000609400000, 0x0000000609400000|100%| E|CS|TAMS 0x0000000609000000| PB 0x0000000609000000| Complete 
|  20|0x0000000609400000, 0x0000000609800000, 0x0000000609800000|100%| E|CS|TAMS 0x0000000609400000| PB 0x0000000609400000| Complete 
|  21|0x0000000609800000, 0x0000000609c00000, 0x0000000609c00000|100%| E|CS|TAMS 0x0000000609800000| PB 0x0000000609800000| Complete 
|  22|0x0000000609c00000, 0x000000060a000000, 0x000000060a000000|100%| E|CS|TAMS 0x0000000609c00000| PB 0x0000000609c00000| Complete 
|  23|0x000000060a000000, 0x000000060a400000, 0x000000060a400000|100%| E|CS|TAMS 0x000000060a000000| PB 0x000000060a000000| Complete 
|  24|0x000000060a400000, 0x000000060a800000, 0x000000060a800000|100%| E|CS|TAMS 0x000000060a400000| PB 0x000000060a400000| Complete 
| 105|0x000000061e800000, 0x000000061ec00000, 0x000000061ec00000|100%| E|CS|TAMS 0x000000061e800000| PB 0x000000061e800000| Complete 
| 106|0x000000061ec00000, 0x000000061f000000, 0x000000061f000000|100%| E|CS|TAMS 0x000000061ec00000| PB 0x000000061ec00000| Complete 
| 107|0x000000061f000000, 0x000000061f400000, 0x000000061f400000|100%| E|CS|TAMS 0x000000061f000000| PB 0x000000061f000000| Complete 
| 108|0x000000061f400000, 0x000000061f800000, 0x000000061f800000|100%| E|CS|TAMS 0x000000061f400000| PB 0x000000061f400000| Complete 
| 109|0x000000061f800000, 0x000000061fc00000, 0x000000061fc00000|100%| E|CS|TAMS 0x000000061f800000| PB 0x000000061f800000| Complete 
| 110|0x000000061fc00000, 0x0000000620000000, 0x0000000620000000|100%| E|CS|TAMS 0x000000061fc00000| PB 0x000000061fc00000| Complete 
| 126|0x0000000623c00000, 0x0000000624000000, 0x0000000624000000|100%| E|CS|TAMS 0x0000000623c00000| PB 0x0000000623c00000| Complete 
|2026|0x00000007fec00000, 0x00000007ff000000, 0x00000007ff000000|100%| O|  |TAMS 0x00000007fec00000| PB 0x00000007fec00000| Untracked 
|2027|0x00000007ff000000, 0x00000007ff400000, 0x00000007ff400000|100%| O|  |TAMS 0x00000007ff000000| PB 0x00000007ff000000| Untracked 
|2028|0x00000007ff400000, 0x00000007ff800000, 0x00000007ff800000|100%| O|  |TAMS 0x00000007ff400000| PB 0x00000007ff400000| Untracked 
|2029|0x00000007ff800000, 0x00000007ffc00000, 0x00000007ffc00000|100%| O|  |TAMS 0x00000007ff800000| PB 0x00000007ff800000| Untracked 
|2030|0x00000007ffc00000, 0x0000000800000000, 0x0000000800000000|100%| O|  |TAMS 0x00000007ffc00000| PB 0x00000007ffc00000| Untracked 

Card table byte_map: [0x0000023b79a80000,0x0000023b7aa60000] _byte_map_base: 0x0000023b76a5e000

Marking Bits: (CMBitMap*) 0x0000023b7aaaa320
 Bits: [0x0000023b0f000000, 0x0000023b16ef0000)

Polling page: 0x0000023b6d8e0000

Metaspace:

Usage:
  Non-class:     24.40 MB used.
      Class:      3.62 MB used.
       Both:     28.03 MB used.

Virtual space:
  Non-class space:       64.00 MB reserved,      24.62 MB ( 38%) committed,  1 nodes.
      Class space:        1.00 GB reserved,       3.75 MB ( <1%) committed,  1 nodes.
             Both:        1.06 GB reserved,      28.38 MB (  3%) committed. 

Chunk freelists:
   Non-Class:  7.27 MB
       Class:  12.14 MB
        Both:  19.41 MB

MaxMetaspaceSize: unlimited
CompressedClassSpaceSize: 1.00 GB
Initial GC threshold: 21.00 MB
Current GC threshold: 35.12 MB
CDS: on
 - commit_granule_bytes: 65536.
 - commit_granule_words: 8192.
 - virtual_space_node_default_size: 8388608.
 - enlarge_chunks_in_place: 1.
 - use_allocation_guard: 0.


Internal statistics:

num_allocs_failed_limit: 3.
num_arena_births: 404.
num_arena_deaths: 0.
num_vsnodes_births: 2.
num_vsnodes_deaths: 0.
num_space_committed: 452.
num_space_uncommitted: 0.
num_chunks_returned_to_freelist: 3.
num_chunks_taken_from_freelist: 1220.
num_chunk_merges: 3.
num_chunk_splits: 822.
num_chunks_enlarged: 644.
num_inconsistent_stats: 0.

CodeHeap 'non-profiled nmethods': size=119168Kb used=6695Kb max_used=6695Kb free=112472Kb
 bounds [0x0000023b07ba0000, 0x0000023b08230000, 0x0000023b0f000000]
CodeHeap 'profiled nmethods': size=119104Kb used=14256Kb max_used=14256Kb free=104847Kb
 bounds [0x0000023b00000000, 0x0000023b00df0000, 0x0000023b07450000]
CodeHeap 'non-nmethods': size=7488Kb used=1990Kb max_used=3600Kb free=5498Kb
 bounds [0x0000023b07450000, 0x0000023b07800000, 0x0000023b07ba0000]
 total_blobs=7956 nmethods=7171 adapters=688
 compilation: enabled
              stopped_count=0, restarted_count=0
 full_count=0

Compilation events (20 events):
Event: 1676.600 Thread 0x0000023b58097b80 7164       4       java.util.LinkedList::addAll (182 bytes)
Event: 1676.604 Thread 0x0000023b58097b80 nmethod 7164 0x0000023b08227f90 code [0x0000023b08228140, 0x0000023b082287b8]
Event: 1676.650 Thread 0x0000023b580c6710 7165       1       sk.sivak.eldritchhorror.core.model.Model::getBackgroundModel (5 bytes)
Event: 1676.650 Thread 0x0000023b580c6710 nmethod 7165 0x0000023b08228a90 code [0x0000023b08228c20, 0x0000023b08228cf0]
Event: 1676.666 Thread 0x0000023b580c6710 7166       3       sk.sivak.eldritchhorror.core.view.components.hud.TicketContainerBar::sizeChanged (84 bytes)
Event: 1676.667 Thread 0x0000023b580c6710 nmethod 7166 0x0000023b00de7590 code [0x0000023b00de7840, 0x0000023b00de8840]
Event: 1679.802 Thread 0x0000023b580c6710 7167       3       sun.security.provider.HashDrbg::addBytes (130 bytes)
Event: 1679.802 Thread 0x0000023b580c6710 nmethod 7167 0x0000023b00de8c90 code [0x0000023b00de8e60, 0x0000023b00de91e8]
Event: 1683.104 Thread 0x0000023b58097b80 7168   !   4       java.util.zip.ZipFile$ZipFileInputStream::close (59 bytes)
Event: 1683.108 Thread 0x0000023b58097b80 nmethod 7168 0x0000023b08228d90 code [0x0000023b08228f80, 0x0000023b08229790]
Event: 1683.650 Thread 0x0000023b580c6710 7169       3       sk.sivak.eldritchhorror.core.view.utils.BackgroundUtils$$Lambda/0x0000023b1837d800::test (12 bytes)
Event: 1683.651 Thread 0x0000023b580c6710 nmethod 7169 0x0000023b00de9410 code [0x0000023b00de95e0, 0x0000023b00de9958]
Event: 1683.651 Thread 0x0000023b580c6710 7170       3       sk.sivak.eldritchhorror.core.view.utils.BackgroundUtils::lambda$hideInvestigatorsNotOnThisLocation$11 (19 bytes)
Event: 1683.651 Thread 0x0000023b580c6710 nmethod 7170 0x0000023b00de9a90 code [0x0000023b00de9c40, 0x0000023b00de9e28]
Event: 1689.267 Thread 0x0000023b580c6710 7171       3       sk.sivak.eldritchhorror.core.view.utils.MarkupText::replaceImproveSkillKeywords (118 bytes)
Event: 1689.267 Thread 0x0000023b58097b80 7172       4       java.lang.Character::isSurrogate (18 bytes)
Event: 1689.267 Thread 0x0000023b58097b80 nmethod 7172 0x0000023b08229c90 code [0x0000023b08229e00, 0x0000023b08229e78]
Event: 1689.268 Thread 0x0000023b580c6710 nmethod 7171 0x0000023b00de9f90 code [0x0000023b00dea300, 0x0000023b00deb688]
Event: 1703.705 Thread 0x0000023b580c6710 7173       3       com.badlogic.gdx.scenes.scene2d.ui.Button$1::clicked (35 bytes)
Event: 1703.705 Thread 0x0000023b580c6710 nmethod 7173 0x0000023b00debd90 code [0x0000023b00debf40, 0x0000023b00dec270]

GC Heap History (16 events):
Event: 5.998 GC heap before
{Heap before GC invocations=0 (full 0):
 garbage-first heap   total 520192K, used 20480K [0x0000000604400000, 0x0000000800000000)
  region size 4096K, 6 young (24576K), 0 survivors (0K)
 Metaspace       used 5950K, committed 6144K, reserved 1114112K
  class space    used 464K, committed 576K, reserved 1048576K
}
Event: 6.002 GC heap after
{Heap after GC invocations=1 (full 0):
 garbage-first heap   total 520192K, used 5072K [0x0000000604400000, 0x0000000800000000)
  region size 4096K, 1 young (4096K), 1 survivors (4096K)
 Metaspace       used 5950K, committed 6144K, reserved 1114112K
  class space    used 464K, committed 576K, reserved 1048576K
}
Event: 6.848 GC heap before
{Heap before GC invocations=1 (full 0):
 garbage-first heap   total 520192K, used 33744K [0x0000000604400000, 0x0000000800000000)
  region size 4096K, 7 young (28672K), 1 survivors (4096K)
 Metaspace       used 11269K, committed 11456K, reserved 1114112K
  class space    used 1146K, committed 1216K, reserved 1048576K
}
Event: 6.851 GC heap after
{Heap after GC invocations=2 (full 0):
 garbage-first heap   total 520192K, used 7001K [0x0000000604400000, 0x0000000800000000)
  region size 4096K, 1 young (4096K), 1 survivors (4096K)
 Metaspace       used 11269K, committed 11456K, reserved 1114112K
  class space    used 1146K, committed 1216K, reserved 1048576K
}
Event: 20.340 GC heap before
{Heap before GC invocations=2 (full 0):
 garbage-first heap   total 520192K, used 72537K [0x0000000604400000, 0x0000000800000000)
  region size 4096K, 17 young (69632K), 1 survivors (4096K)
 Metaspace       used 12630K, committed 12864K, reserved 1114112K
  class space    used 1296K, committed 1408K, reserved 1048576K
}
Event: 20.343 GC heap after
{Heap after GC invocations=3 (full 0):
 garbage-first heap   total 520192K, used 8561K [0x0000000604400000, 0x0000000800000000)
  region size 4096K, 1 young (4096K), 1 survivors (4096K)
 Metaspace       used 12630K, committed 12864K, reserved 1114112K
  class space    used 1296K, committed 1408K, reserved 1048576K
}
Event: 152.550 GC heap before
{Heap before GC invocations=3 (full 0):
 garbage-first heap   total 520192K, used 196977K [0x0000000604400000, 0x0000000800000000)
  region size 4096K, 47 young (192512K), 1 survivors (4096K)
 Metaspace       used 20268K, committed 20480K, reserved 1114112K
  class space    used 2129K, committed 2240K, reserved 1048576K
}
Event: 152.562 GC heap after
{Heap after GC invocations=4 (full 0):
 garbage-first heap   total 520192K, used 24870K [0x0000000604400000, 0x0000000800000000)
  region size 4096K, 5 young (20480K), 5 survivors (20480K)
 Metaspace       used 20268K, committed 20480K, reserved 1114112K
  class space    used 2129K, committed 2240K, reserved 1048576K
}
Event: 291.238 GC heap before
{Heap before GC invocations=4 (full 0):
 garbage-first heap   total 520192K, used 86310K [0x0000000604400000, 0x0000000800000000)
  region size 4096K, 21 young (86016K), 5 survivors (20480K)
 Metaspace       used 21323K, committed 21504K, reserved 1114112K
  class space    used 2267K, committed 2368K, reserved 1048576K
}
Event: 291.245 GC heap after
{Heap after GC invocations=5 (full 0):
 garbage-first heap   total 520192K, used 28109K [0x0000000604400000, 0x0000000800000000)
  region size 4096K, 6 young (24576K), 6 survivors (24576K)
 Metaspace       used 21323K, committed 21504K, reserved 1114112K
  class space    used 2267K, committed 2368K, reserved 1048576K
}
Event: 697.146 GC heap before
{Heap before GC invocations=6 (full 0):
 garbage-first heap   total 110592K, used 105933K [0x0000000604400000, 0x0000000800000000)
  region size 4096K, 23 young (94208K), 6 survivors (24576K)
 Metaspace       used 26902K, committed 27264K, reserved 1114112K
  class space    used 3400K, committed 3520K, reserved 1048576K
}
Event: 697.157 GC heap after
{Heap after GC invocations=7 (full 0):
 garbage-first heap   total 151552K, used 40683K [0x0000000604400000, 0x0000000800000000)
  region size 4096K, 5 young (20480K), 5 survivors (20480K)
 Metaspace       used 26902K, committed 27264K, reserved 1114112K
  class space    used 3400K, committed 3520K, reserved 1048576K
}
Event: 1098.556 GC heap before
{Heap before GC invocations=7 (full 0):
 garbage-first heap   total 151552K, used 106219K [0x0000000604400000, 0x0000000800000000)
  region size 4096K, 22 young (90112K), 5 survivors (20480K)
 Metaspace       used 28179K, committed 28544K, reserved 1114112K
  class space    used 3617K, committed 3776K, reserved 1048576K
}
Event: 1098.563 GC heap after
{Heap after GC invocations=8 (full 0):
 garbage-first heap   total 151552K, used 44247K [0x0000000604400000, 0x0000000800000000)
  region size 4096K, 2 young (8192K), 2 survivors (8192K)
 Metaspace       used 28179K, committed 28544K, reserved 1114112K
  class space    used 3617K, committed 3776K, reserved 1048576K
}
Event: 1481.094 GC heap before
{Heap before GC invocations=8 (full 0):
 garbage-first heap   total 151552K, used 122071K [0x0000000604400000, 0x0000000800000000)
  region size 4096K, 21 young (86016K), 2 survivors (8192K)
 Metaspace       used 28603K, committed 28928K, reserved 1114112K
  class space    used 3698K, committed 3840K, reserved 1048576K
}
Event: 1481.097 GC heap after
{Heap after GC invocations=9 (full 0):
 garbage-first heap   total 151552K, used 46403K [0x0000000604400000, 0x0000000800000000)
  region size 4096K, 3 young (12288K), 3 survivors (12288K)
 Metaspace       used 28603K, committed 28928K, reserved 1114112K
  class space    used 3698K, committed 3840K, reserved 1048576K
}

Dll operation events (12 events):
Event: 0.010 Loaded shared library C:\Users\matus.sivak\.jdks\corretto-21.0.6\bin\java.dll
Event: 0.045 Loaded shared library C:\Users\matus.sivak\.jdks\corretto-21.0.6\bin\jsvml.dll
Event: 0.207 Loaded shared library C:\Users\matus.sivak\.jdks\corretto-21.0.6\bin\net.dll
Event: 0.210 Loaded shared library C:\Users\matus.sivak\.jdks\corretto-21.0.6\bin\nio.dll
Event: 0.429 Loaded shared library C:\Users\matus.sivak\.jdks\corretto-21.0.6\bin\zip.dll
Event: 4.484 Loaded shared library C:\Users\matus.sivak\.jdks\corretto-21.0.6\bin\jimage.dll
Event: 4.496 Loaded shared library C:\Users\matus.sivak\AppData\Local\Temp\libgdxmatus.sivak\12dfaa03\gdx64.dll
Event: 4.561 Loaded shared library C:\Users\matus.sivak\.jdks\corretto-21.0.6\bin\verify.dll
Event: 4.572 Loaded shared library C:\Users\matus.sivak\AppData\Local\Temp\libgdxmatus.sivak\dc0f0009\lwjgl64.dll
Event: 5.865 Loaded shared library C:\Users\matus.sivak\AppData\Local\Temp\libgdxmatus.sivak\a04a55a\gdx-freetype64.dll
Event: 151.213 Loaded shared library C:\Users\matus.sivak\.jdks\corretto-21.0.6\bin\sunmscapi.dll
Event: 151.340 Loaded shared library C:\Users\matus.sivak\.jdks\corretto-21.0.6\bin\extnet.dll

Deoptimization events (20 events):
Event: 1664.733 Thread 0x0000023b5899db70 Uncommon trap: trap_request=0xffffff45 fr.pc=0x0000023b0811cbf0 relative=0x0000000000000bf0
Event: 1664.733 Thread 0x0000023b5899db70 Uncommon trap: reason=unstable_if action=reinterpret pc=0x0000023b0811cbf0 method=com.badlogic.gdx.scenes.scene2d.utils.ClickListener.isOver()Z @ 11 c2
Event: 1664.733 Thread 0x0000023b5899db70 DEOPT PACKING pc=0x0000023b0811cbf0 sp=0x0000005d6c5ff100
Event: 1664.733 Thread 0x0000023b5899db70 DEOPT UNPACKING pc=0x0000023b074a7da2 sp=0x0000005d6c5fefb8 mode 2
Event: 1664.750 Thread 0x0000023b5899db70 Uncommon trap: trap_request=0xffffff45 fr.pc=0x0000023b0819e078 relative=0x0000000000000298
Event: 1664.750 Thread 0x0000023b5899db70 Uncommon trap: reason=unstable_if action=reinterpret pc=0x0000023b0819e078 method=com.badlogic.gdx.scenes.scene2d.utils.ClickListener.isOver()Z @ 11 c2
Event: 1664.750 Thread 0x0000023b5899db70 DEOPT PACKING pc=0x0000023b0819e078 sp=0x0000005d6c5ff160
Event: 1664.750 Thread 0x0000023b5899db70 DEOPT UNPACKING pc=0x0000023b074a7da2 sp=0x0000005d6c5ff068 mode 2
Event: 1664.750 Thread 0x0000023b5899db70 Uncommon trap: trap_request=0xffffff45 fr.pc=0x0000023b0801cf1c relative=0x000000000000007c
Event: 1664.750 Thread 0x0000023b5899db70 Uncommon trap: reason=unstable_if action=reinterpret pc=0x0000023b0801cf1c method=com.badlogic.gdx.scenes.scene2d.utils.ClickListener.isOver()Z @ 11 c2
Event: 1664.750 Thread 0x0000023b5899db70 DEOPT PACKING pc=0x0000023b0801cf1c sp=0x0000005d6c5ff080
Event: 1664.750 Thread 0x0000023b5899db70 DEOPT UNPACKING pc=0x0000023b074a7da2 sp=0x0000005d6c5fefb0 mode 2
Event: 1703.677 Thread 0x0000023b5899db70 Uncommon trap: trap_request=0xffffff45 fr.pc=0x0000023b08207ff8 relative=0x0000000000000cd8
Event: 1703.677 Thread 0x0000023b5899db70 Uncommon trap: reason=unstable_if action=reinterpret pc=0x0000023b08207ff8 method=org.lwjgl.opengl.WindowsDisplay.doHandleMessage(JIJJJ)J @ 333 c2
Event: 1703.677 Thread 0x0000023b5899db70 DEOPT PACKING pc=0x0000023b08207ff8 sp=0x0000005d6c5fd740
Event: 1703.677 Thread 0x0000023b5899db70 DEOPT UNPACKING pc=0x0000023b074a7da2 sp=0x0000005d6c5fd6b8 mode 2
Event: 1704.926 Thread 0x0000023b5899db70 Uncommon trap: trap_request=0xffffff45 fr.pc=0x0000023b07dfc470 relative=0x0000000000000ad0
Event: 1704.926 Thread 0x0000023b5899db70 Uncommon trap: reason=unstable_if action=reinterpret pc=0x0000023b07dfc470 method=org.lwjgl.opengl.WindowsDisplay.wasResized()Z @ 4 c2
Event: 1704.926 Thread 0x0000023b5899db70 DEOPT PACKING pc=0x0000023b07dfc470 sp=0x0000005d6c5ff4c0
Event: 1704.926 Thread 0x0000023b5899db70 DEOPT UNPACKING pc=0x0000023b074a7da2 sp=0x0000005d6c5ff440 mode 2

Classes loaded (20 events):
Event: 157.333 Loading class sun/security/ssl/Alert$AlertConsumer
Event: 157.333 Loading class sun/security/ssl/Alert$AlertConsumer done
Event: 157.333 Loading class sun/security/ssl/Alert$Level
Event: 157.333 Loading class sun/security/ssl/Alert$Level done
Event: 157.335 Loading class java/net/SocketTimeoutException
Event: 157.335 Loading class java/net/SocketTimeoutException done
Event: 160.425 Loading class sun/util/calendar/ZoneInfoFile$Checksum
Event: 160.425 Loading class sun/util/calendar/ZoneInfoFile$Checksum done
Event: 492.289 Loading class sun/reflect/generics/repository/FieldRepository
Event: 492.289 Loading class sun/reflect/generics/repository/FieldRepository done
Event: 492.289 Loading class sun/reflect/generics/tree/TypeVariableSignature
Event: 492.289 Loading class sun/reflect/generics/tree/TypeVariableSignature done
Event: 494.378 Loading class java/util/concurrent/PriorityBlockingQueue
Event: 494.379 Loading class java/util/concurrent/PriorityBlockingQueue done
Event: 503.541 Loading class java/lang/Math$RandomNumberGeneratorHolder
Event: 503.541 Loading class java/lang/Math$RandomNumberGeneratorHolder done
Event: 509.188 Loading class java/util/ArrayList$SubList$1
Event: 509.188 Loading class java/util/ArrayList$SubList$1 done
Event: 763.334 Loading class jdk/internal/math/FDBigInteger
Event: 763.335 Loading class jdk/internal/math/FDBigInteger done

Classes unloaded (0 events):
No events

Classes redefined (0 events):
No events

Internal exceptions (20 events):
Event: 513.088 Thread 0x0000023b5899db70 Exception <a 'java/lang/NoSuchMethodError'{0x0000000606e03f18}: 'java.lang.Object java.lang.invoke.DirectMethodHandle$Holder.newInvokeSpecial(java.lang.Object, java.lang.Object, float)'> (0x0000000606e03f18) 
thrown [s\src\hotspot\share\interpreter\linkResolver.cpp, line 773]
Event: 560.086 Thread 0x0000023b5899db70 Implicit null exception at 0x0000023b08095e43 to 0x0000023b080961c0
Event: 576.733 Thread 0x0000023b5899db70 Exception <a 'java/lang/NoSuchMethodError'{0x0000000606744488}: 'void java.lang.invoke.DirectMethodHandle$Holder.invokeSpecial(java.lang.Object, java.lang.Object, java.lang.Object, java.lang.Object, int, java.lang.Object)'> (0x0000000606744488) 
thrown [s\src\hotspot\share\interpreter\linkResolver.cpp, line 773]
Event: 582.997 Thread 0x0000023b5899db70 Exception <a 'java/lang/NoSuchMethodError'{0x00000006067cace8}: 'void java.lang.invoke.DirectMethodHandle$Holder.invokeSpecial(java.lang.Object, java.lang.Object, float, java.lang.Object)'> (0x00000006067cace8) 
thrown [s\src\hotspot\share\interpreter\linkResolver.cpp, line 773]
Event: 610.706 Thread 0x0000023b5899db70 Exception <a 'java/lang/NoSuchMethodError'{0x0000000606371fd8}: 'void java.lang.invoke.DirectMethodHandle$Holder.invokeStatic(java.lang.Object, java.lang.Object, float)'> (0x0000000606371fd8) 
thrown [s\src\hotspot\share\interpreter\linkResolver.cpp, line 773]
Event: 635.746 Thread 0x0000023b5899db70 Exception <a 'java/lang/NoSuchMethodError'{0x0000000605e08f88}: 'java.lang.Object java.lang.invoke.DirectMethodHandle$Holder.newInvokeSpecial(java.lang.Object, java.lang.Object, java.lang.Object, java.lang.Object, java.lang.Object, float)'> (0x0000000605e08f88) 
thrown [s\src\hotspot\share\interpreter\linkResolver.cpp, line 773]
Event: 635.746 Thread 0x0000023b5899db70 Exception <a 'java/lang/NoSuchMethodError'{0x0000000605e0d3a0}: 'java.lang.Object java.lang.invoke.DirectMethodHandle$Holder.invokeSpecial(java.lang.Object, java.lang.Object, java.lang.Object, java.lang.Object, java.lang.Object, java.lang.Object, float)'> (0x0000000605e0d3a0) 
thrown [s\src\hotspot\share\interpreter\linkResolver.cpp, line 773]
Event: 654.491 Thread 0x0000023b5899db70 Implicit null exception at 0x0000023b07d8c844 to 0x0000023b07d8d064
Event: 654.491 Thread 0x0000023b5899db70 Implicit null exception at 0x0000023b07d89b40 to 0x0000023b07d8a358
Event: 656.687 Thread 0x0000023b5899db70 Exception <a 'java/lang/NoSuchMethodError'{0x000000060595f9e0}: 'java.lang.Object java.lang.invoke.DirectMethodHandle$Holder.newInvokeSpecial(java.lang.Object, java.lang.Object, java.lang.Object, java.lang.Object, int, java.lang.Object, java.lang.Object)'> (0x000000060595f9e0) 
thrown [s\src\hotspot\share\interpreter\linkResolver.cpp, line 773]
Event: 657.737 Thread 0x0000023b5899db70 Implicit null exception at 0x0000023b07f44a73 to 0x0000023b07f45748
Event: 754.029 Thread 0x0000023b5899db70 Implicit null exception at 0x0000023b07ea19da to 0x0000023b07ea1a69
Event: 754.029 Thread 0x0000023b5899db70 Implicit null exception at 0x0000023b07da60da to 0x0000023b07da6169
Event: 754.029 Thread 0x0000023b5899db70 Implicit null exception at 0x0000023b07de5ada to 0x0000023b07de5b69
Event: 763.392 Thread 0x0000023b5899db70 Exception <a 'java/lang/NoSuchMethodError'{0x000000061f5a84c8}: 'java.lang.Object java.lang.invoke.DirectMethodHandle$Holder.newInvokeSpecial(java.lang.Object, java.lang.Object, java.lang.Object, java.lang.Object, java.lang.Object, java.lang.Object, java.lang.Object, java.lang.Object)'> (0x000000061f5a84c8) 
thrown [s\src\hotspot\share\interpreter\linkResolver.cpp, line 773]
Event: 768.202 Thread 0x0000023b5899db70 Exception <a 'java/lang/NoSuchMethodError'{0x000000061f074968}: 'void java.lang.invoke.DirectMethodHandle$Holder.invokeStatic(java.lang.Object, java.lang.Object, java.lang.Object, java.lang.Object, java.lang.Object, java.lang.Object, java.lang.Object, java.lang.Object)'> (0x000000061f074968) 
thrown [s\src\hotspot\share\interpreter\linkResolver.cpp, line 773]
Event: 788.661 Thread 0x0000023b5899db70 Exception <a 'java/lang/NoSuchMethodError'{0x000000061f2d4e68}: 'java.lang.Object java.lang.invoke.DirectMethodHandle$Holder.newInvokeSpecial(java.lang.Object, java.lang.Object, java.lang.Object, java.lang.Object, java.lang.Object, int)'> (0x000000061f2d4e68) 
thrown [s\src\hotspot\share\interpreter\linkResolver.cpp, line 773]
Event: 788.661 Thread 0x0000023b5899db70 Exception <a 'java/lang/NoSuchMethodError'{0x000000061f2d9080}: 'java.lang.Object java.lang.invoke.DirectMethodHandle$Holder.invokeSpecial(java.lang.Object, java.lang.Object, java.lang.Object, java.lang.Object, java.lang.Object, java.lang.Object, int)'> (0x000000061f2d9080) 
thrown [s\src\hotspot\share\interpreter\linkResolver.cpp, line 773]
Event: 810.887 Thread 0x0000023b5899db70 Exception <a 'java/lang/NoSuchMethodError'{0x000000061edfa298}: 'void java.lang.invoke.DirectMethodHandle$Holder.invokeSpecial(java.lang.Object, java.lang.Object, int)'> (0x000000061edfa298) 
thrown [s\src\hotspot\share\interpreter\linkResolver.cpp, line 773]
Event: 1044.263 Thread 0x0000023b5899db70 Implicit null exception at 0x0000023b08004464 to 0x0000023b08004cb0

ZGC Phase Switch (0 events):
No events

VM Operations (20 events):
Event: 1590.156 Executing VM operation: Cleanup
Event: 1590.156 Executing VM operation: Cleanup done
Event: 1604.163 Executing VM operation: Cleanup
Event: 1604.163 Executing VM operation: Cleanup done
Event: 1606.165 Executing VM operation: Cleanup
Event: 1606.165 Executing VM operation: Cleanup done
Event: 1619.171 Executing VM operation: Cleanup
Event: 1619.171 Executing VM operation: Cleanup done
Event: 1640.182 Executing VM operation: Cleanup
Event: 1640.182 Executing VM operation: Cleanup done
Event: 1661.192 Executing VM operation: Cleanup
Event: 1661.192 Executing VM operation: Cleanup done
Event: 1665.194 Executing VM operation: Cleanup
Event: 1665.194 Executing VM operation: Cleanup done
Event: 1680.202 Executing VM operation: Cleanup
Event: 1680.203 Executing VM operation: Cleanup done
Event: 1683.203 Executing VM operation: Cleanup
Event: 1683.203 Executing VM operation: Cleanup done
Event: 1705.204 Executing VM operation: Cleanup
Event: 1705.204 Executing VM operation: Cleanup done

Memory protections (0 events):
No events

Nmethod flushes (0 events):
No events

Events (20 events):
Event: 657.239 Thread 0x0000023b5899db70 Thread added: 0x0000023b676dbaa0
Event: 733.901 Thread 0x0000023b58097b80 Thread added: 0x0000023b5d55ca20
Event: 734.495 Thread 0x0000023b5d55ca20 Thread exited: 0x0000023b5d55ca20
Event: 810.822 Thread 0x0000023b580c6710 Thread added: 0x0000023b5d55de90
Event: 811.652 Thread 0x0000023b5d55de90 Thread exited: 0x0000023b5d55de90
Event: 906.304 Thread 0x0000023b676dbaa0 Thread exited: 0x0000023b676dbaa0
Event: 927.014 Thread 0x0000023b580c6710 Thread added: 0x0000023b5d55bc80
Event: 930.028 Thread 0x0000023b5d55bc80 Thread exited: 0x0000023b5d55bc80
Event: 976.432 Thread 0x0000023b580c6710 Thread added: 0x0000023b5d55d7c0
Event: 979.663 Thread 0x0000023b5d55d7c0 Thread exited: 0x0000023b5d55d7c0
Event: 1078.213 Thread 0x0000023b5899db70 Thread added: 0x0000023b676da060
Event: 1097.174 Thread 0x0000023b580c6710 Thread added: 0x0000023b5d55bc80
Event: 1097.174 Thread 0x0000023b580c6710 Thread added: 0x0000023b5d55e560
Event: 1102.340 Thread 0x0000023b5d55bc80 Thread exited: 0x0000023b5d55bc80
Event: 1102.340 Thread 0x0000023b5d55e560 Thread exited: 0x0000023b5d55e560
Event: 1146.309 Thread 0x0000023b676da060 Thread exited: 0x0000023b676da060
Event: 1157.280 Thread 0x0000023b5899db70 Thread added: 0x0000023b676d8cb0
Event: 1266.311 Thread 0x0000023b676d8cb0 Thread exited: 0x0000023b676d8cb0
Event: 1338.896 Thread 0x0000023b5899db70 Thread added: 0x0000023b676da060
Event: 1566.318 Thread 0x0000023b676da060 Thread exited: 0x0000023b676da060


Dynamic libraries:
0x00007ff6444a0000 - 0x00007ff6444ae000 	C:\Users\matus.sivak\.jdks\corretto-21.0.6\bin\java.exe
0x00007fff2c420000 - 0x00007fff2c686000 	C:\WINDOWS\SYSTEM32\ntdll.dll
0x00007fff2b9b0000 - 0x00007fff2ba79000 	C:\WINDOWS\System32\KERNEL32.DLL
0x00007fff29790000 - 0x00007fff29b8f000 	C:\WINDOWS\System32\KERNELBASE.dll
0x00007fff29630000 - 0x00007fff2977c000 	C:\WINDOWS\System32\ucrtbase.dll
0x00007fff20600000 - 0x00007fff2061b000 	C:\Users\matus.sivak\.jdks\corretto-21.0.6\bin\VCRUNTIME140.dll
0x00007fff208f0000 - 0x00007fff20908000 	C:\Users\matus.sivak\.jdks\corretto-21.0.6\bin\jli.dll
0x00007fff2a150000 - 0x00007fff2a316000 	C:\WINDOWS\System32\USER32.dll
0x00007fff06400000 - 0x00007fff06691000 	C:\WINDOWS\WinSxS\amd64_microsoft.windows.common-controls_6595b64144ccf1df_6.0.26100.8972_none_3e0da176e32f9d4b\COMCTL32.dll
0x00007fff2a060000 - 0x00007fff2a087000 	C:\WINDOWS\System32\win32u.dll
0x00007fff2c1e0000 - 0x00007fff2c289000 	C:\WINDOWS\System32\msvcrt.dll
0x00007fff2a320000 - 0x00007fff2a34b000 	C:\WINDOWS\System32\GDI32.dll
0x00007fff29f30000 - 0x00007fff2a059000 	C:\WINDOWS\System32\gdi32full.dll
0x00007fff29e80000 - 0x00007fff29f23000 	C:\WINDOWS\System32\msvcp_win.dll
0x00007fff2c2c0000 - 0x00007fff2c2f2000 	C:\WINDOWS\System32\IMM32.DLL
0x00007fff29260000 - 0x00007fff293b9000 	C:\Program Files\Avecto\Privilege Guard Client\PGHook.dll
0x00007fff2adf0000 - 0x00007fff2aeac000 	C:\WINDOWS\System32\ADVAPI32.dll
0x00007fff2bbf0000 - 0x00007fff2bc9a000 	C:\WINDOWS\System32\sechost.dll
0x00007fff2b520000 - 0x00007fff2b638000 	C:\WINDOWS\System32\RPCRT4.dll
0x0000000076a30000 - 0x0000000076aa3000 	C:\WINDOWS\System32\QIPCAP64.dll
0x00007fff2a4e0000 - 0x00007fff2ac68000 	C:\WINDOWS\System32\SHELL32.dll
0x00007fff2c040000 - 0x00007fff2c1d9000 	C:\WINDOWS\System32\ole32.dll
0x00007fff2bca0000 - 0x00007fff2c025000 	C:\WINDOWS\System32\combase.dll
0x00007fff2b380000 - 0x00007fff2b459000 	C:\WINDOWS\System32\OLEAUT32.dll
0x00007fff277a0000 - 0x00007fff278f8000 	C:\WINDOWS\SYSTEM32\DNSAPI.dll
0x00007fff284e0000 - 0x00007fff284ed000 	C:\WINDOWS\SYSTEM32\DSPARSE.dll
0x00007fff27760000 - 0x00007fff27793000 	C:\WINDOWS\SYSTEM32\IPHLPAPI.DLL
0x00007fff2aec0000 - 0x00007fff2aeca000 	C:\WINDOWS\System32\NSI.dll
0x00007fff24780000 - 0x00007fff2478c000 	C:\Users\matus.sivak\.jdks\corretto-21.0.6\bin\vcruntime140_1.dll
0x00007fff136a0000 - 0x00007fff1372d000 	C:\Users\matus.sivak\.jdks\corretto-21.0.6\bin\msvcp140.dll
0x00007ffe44a60000 - 0x00007ffe457ff000 	C:\Users\matus.sivak\.jdks\corretto-21.0.6\bin\server\jvm.dll
0x00007fff2a450000 - 0x00007fff2a4d2000 	C:\WINDOWS\System32\WS2_32.dll
0x00007fff293e0000 - 0x00007fff2943e000 	C:\WINDOWS\SYSTEM32\POWRPROF.dll
0x00007fff1d860000 - 0x00007fff1d896000 	C:\WINDOWS\SYSTEM32\WINMM.dll
0x00007fff270f0000 - 0x00007fff270fb000 	C:\WINDOWS\SYSTEM32\VERSION.dll
0x00007fff293c0000 - 0x00007fff293d5000 	C:\WINDOWS\SYSTEM32\UMPDC.dll
0x00007fff28050000 - 0x00007fff2806b000 	C:\WINDOWS\SYSTEM32\kernel.appcore.dll
0x00007fff209a0000 - 0x00007fff209aa000 	C:\Users\matus.sivak\.jdks\corretto-21.0.6\bin\jimage.dll
0x00007fff25b90000 - 0x00007fff25dd2000 	C:\WINDOWS\SYSTEM32\DBGHELP.DLL
0x00007ffefcfc0000 - 0x00007ffefcffb000 	C:\WINDOWS\SYSTEM32\dbgcore.DLL
0x00007fff29d30000 - 0x00007fff29ddc000 	C:\WINDOWS\System32\bcryptPrimitives.dll
0x00007fff1fda0000 - 0x00007fff1fdbf000 	C:\Users\matus.sivak\.jdks\corretto-21.0.6\bin\java.dll
0x00007fff267e0000 - 0x00007fff2707b000 	C:\WINDOWS\SYSTEM32\windows.storage.dll
0x00007fff2a350000 - 0x00007fff2a449000 	C:\WINDOWS\System32\SHCORE.dll
0x00007fff2c360000 - 0x00007fff2c3c6000 	C:\WINDOWS\System32\shlwapi.dll
0x00007fff29550000 - 0x00007fff29579000 	C:\WINDOWS\SYSTEM32\profapi.dll
0x00007fff135c0000 - 0x00007fff13697000 	C:\Users\matus.sivak\.jdks\corretto-21.0.6\bin\jsvml.dll
0x00007fff20640000 - 0x00007fff20650000 	C:\Users\matus.sivak\.jdks\corretto-21.0.6\bin\net.dll
0x00007fff28070000 - 0x00007fff28198000 	C:\WINDOWS\SYSTEM32\WINHTTP.dll
0x00007fff28710000 - 0x00007fff2877c000 	C:\WINDOWS\system32\mswsock.dll
0x00007fff13310000 - 0x00007fff13326000 	C:\Users\matus.sivak\.jdks\corretto-21.0.6\bin\nio.dll
0x00007fff13330000 - 0x00007fff13348000 	C:\Users\matus.sivak\.jdks\corretto-21.0.6\bin\zip.dll
0x0000000065580000 - 0x0000000065616000 	C:\Users\matus.sivak\AppData\Local\Temp\libgdxmatus.sivak\12dfaa03\gdx64.dll
0x00007fff28b30000 - 0x00007fff28b4b000 	C:\WINDOWS\SYSTEM32\CRYPTSP.dll
0x00007fff27fb0000 - 0x00007fff27fe9000 	C:\WINDOWS\system32\rsaenh.dll
0x00007fff287c0000 - 0x00007fff287f2000 	C:\WINDOWS\SYSTEM32\USERENV.dll
0x00007fff29520000 - 0x00007fff2954a000 	C:\WINDOWS\SYSTEM32\bcrypt.dll
0x00007fff28b00000 - 0x00007fff28b0c000 	C:\WINDOWS\SYSTEM32\CRYPTBASE.dll
0x00007fff205d0000 - 0x00007fff205e0000 	C:\Users\matus.sivak\.jdks\corretto-21.0.6\bin\verify.dll
0x0000000180000000 - 0x0000000180053000 	C:\Users\matus.sivak\AppData\Local\Temp\libgdxmatus.sivak\dc0f0009\lwjgl64.dll
0x00007ffede0c0000 - 0x00007ffede1cc000 	C:\WINDOWS\SYSTEM32\OPENGL32.dll
0x00007ffede030000 - 0x00007ffede05d000 	C:\WINDOWS\SYSTEM32\GLU32.dll
0x00007fff25550000 - 0x00007fff25595000 	C:\WINDOWS\SYSTEM32\dxcore.dll
0x0000023b16f80000 - 0x0000023b16fe4000 	C:\Users\MATUS~1.SIV\AppData\Local\Temp\libgdxmatus.sivak\dc0f0009\OpenAL64.dll
0x00007fff25470000 - 0x00007fff25518000 	C:\WINDOWS\system32\uxtheme.dll
0x00007fff2b460000 - 0x00007fff2b50e000 	C:\WINDOWS\System32\clbcatq.dll
0x00007ffef7da0000 - 0x00007ffef7e34000 	C:\WINDOWS\SYSTEM32\dsound.dll
0x00007ffef7ce0000 - 0x00007ffef7d97000 	C:\WINDOWS\SYSTEM32\ResampleDmo.DLL
0x00007ffefd6d0000 - 0x00007ffefd707000 	C:\WINDOWS\SYSTEM32\winmmbase.dll
0x00007ffed7430000 - 0x00007ffed743e000 	C:\WINDOWS\SYSTEM32\msdmo.dll
0x00007fff290a0000 - 0x00007fff290f2000 	C:\WINDOWS\SYSTEM32\cfgmgr32.dll
0x00007ffefeac0000 - 0x00007ffefeb66000 	C:\WINDOWS\System32\MMDevApi.dll
0x00007fff29060000 - 0x00007fff2908f000 	C:\WINDOWS\System32\DEVOBJ.dll
0x00007ffefe3d0000 - 0x00007ffefe587000 	C:\WINDOWS\SYSTEM32\AUDIOSES.DLL
0x00007fff25f60000 - 0x00007fff25f74000 	C:\WINDOWS\SYSTEM32\resourcepolicyclient.dll
0x00007fff1d420000 - 0x00007fff1d4df000 	C:\WINDOWS\SYSTEM32\mscms.dll
0x00007fff14850000 - 0x00007fff148e2000 	C:\Windows\System32\Windows.Internal.Graphics.Display.DisplayColorManagement.dll
0x0000023b5e150000 - 0x0000023b5e2ad000 	C:\WINDOWS\System32\MSCTF.dll
0x00007fff0bc10000 - 0x00007fff0bd56000 	C:\WINDOWS\SYSTEM32\textinputframework.dll
0x00007fff24bc0000 - 0x00007fff24ceb000 	C:\WINDOWS\SYSTEM32\CoreMessaging.dll
0x00007fff1f710000 - 0x00007fff1f9f4000 	C:\WINDOWS\SYSTEM32\CoreUIComponents.dll
0x00007fff1f580000 - 0x00007fff1f6ea000 	C:\WINDOWS\SYSTEM32\wintypes.dll
0x00007fff20350000 - 0x00007fff203af000 	C:\WINDOWS\SYSTEM32\directxdatabasehelper.dll
0x00007fff12880000 - 0x00007fff1289f000 	C:\WINDOWS\SYSTEM32\windows.staterepositorycore.dll
0x00007ffe1d330000 - 0x00007ffe1e882000 	C:\WINDOWS\System32\DriverStore\FileRepository\iigd_dch.inf_amd64_b20bdb7dfb36a7ef\igxelpicd64.dll
0x00007fff255a0000 - 0x00007fff256da000 	C:\WINDOWS\SYSTEM32\dxgi.dll
0x00007ffe83ff0000 - 0x00007ffe84013000 	C:\WINDOWS\SYSTEM32\d3d12.dll
0x00007fff25700000 - 0x00007fff2572f000 	C:\WINDOWS\system32\dwmapi.dll
0x00007ffe69c80000 - 0x00007ffe69e21000 	C:\WINDOWS\System32\DriverStore\FileRepository\iigd_dch.inf_amd64_b20bdb7dfb36a7ef\igdml64.dll
0x00007fff1cd80000 - 0x00007fff1d32b000 	C:\WINDOWS\System32\DriverStore\FileRepository\iigd_dch.inf_amd64_b20bdb7dfb36a7ef\igdgmm64.dll
0x00007ffef9e90000 - 0x00007ffef9edb000 	C:\WINDOWS\SYSTEM32\icm32.dll
0x00007fff17580000 - 0x00007fff1c834000 	C:\WINDOWS\System32\DriverStore\FileRepository\iigd_dch.inf_amd64_b20bdb7dfb36a7ef\igc64.dll
0x000000006a740000 - 0x000000006a7f1000 	C:\Users\matus.sivak\AppData\Local\Temp\libgdxmatus.sivak\a04a55a\gdx-freetype64.dll
0x00007fff13390000 - 0x00007fff1339e000 	C:\Users\matus.sivak\.jdks\corretto-21.0.6\bin\sunmscapi.dll
0x00007fff29ba0000 - 0x00007fff29d1e000 	C:\WINDOWS\System32\CRYPT32.dll
0x00007fff28ca0000 - 0x00007fff28cd0000 	C:\WINDOWS\SYSTEM32\ncrypt.dll
0x00007fff28c50000 - 0x00007fff28c8f000 	C:\WINDOWS\SYSTEM32\NTASN1.dll
0x00007fff1d560000 - 0x00007fff1d56b000 	C:\Windows\System32\rasadhlp.dll
0x00007fff1ea30000 - 0x00007fff1eab6000 	C:\WINDOWS\System32\fwpuclnt.dll
0x00007fff133a0000 - 0x00007fff133a9000 	C:\Users\matus.sivak\.jdks\corretto-21.0.6\bin\extnet.dll
0x00007ffec7e60000 - 0x00007ffec7ee0000 	C:\WINDOWS\system32\Ninput.dll

dbghelp: loaded successfully - version: 4.0.5 - missing functions: none
symbol engine: initialized successfully - sym options: 0x614 - pdb path: .;C:\Users\matus.sivak\.jdks\corretto-21.0.6\bin;C:\WINDOWS\SYSTEM32;C:\WINDOWS\WinSxS\amd64_microsoft.windows.common-controls_6595b64144ccf1df_6.0.26100.8972_none_3e0da176e32f9d4b;C:\Program Files\Avecto\Privilege Guard Client;C:\Users\matus.sivak\.jdks\corretto-21.0.6\bin\server;C:\Users\matus.sivak\AppData\Local\Temp\libgdxmatus.sivak\12dfaa03;C:\Users\matus.sivak\AppData\Local\Temp\libgdxmatus.sivak\dc0f0009;C:\Users\MATUS~1.SIV\AppData\Local\Temp\libgdxmatus.sivak\dc0f0009;C:\WINDOWS\System32\DriverStore\FileRepository\iigd_dch.inf_amd64_b20bdb7dfb36a7ef;C:\Users\matus.sivak\AppData\Local\Temp\libgdxmatus.sivak\a04a55a

VM Arguments:
jvm_args: -Dfile.encoding=UTF-8 -Duser.country=US -Duser.language=en -Duser.variant 
java_command: sk.sivak.eldritchhorror.GameDesktop
java_class_path (initial): C:\WORK\Projects\Ancient Terror\desktop\build\classes\java\main;C:\WORK\Projects\Ancient Terror\desktop\build\resources\main;C:\WORK\Projects\Ancient Terror\core\entry\build\libs\Entry-1.0.jar;C:\Users\matus.sivak\.gradle\caches\modules-2\files-2.1\org.springframework.boot\spring-boot-starter-web\2.7.18\dd62ea85098187b4604e78dc15a7ff87dba173d\spring-boot-starter-web-2.7.18.jar;C:\Users\matus.sivak\.gradle\caches\modules-2\files-2.1\com.badlogicgames.gdx\gdx-backend-lwjgl\1.9.8\b7c138f14ed67ad830ae7597da3d86ae02b20eee\gdx-backend-lwjgl-1.9.8.jar;C:\Users\matus.sivak\.gradle\caches\modules-2\files-2.1\com.badlogicgames.gdx\gdx-platform\1.9.8\604a2ef2c7c92a5900114757cbd3fb4dcbb8270c\gdx-platform-1.9.8-natives-desktop.jar;C:\Users\matus.sivak\.gradle\caches\modules-2\files-2.1\com.badlogicgames.gdx\gdx-freetype-platform\1.9.8\b21a8def0c70ec49ea5e2658e788b7a9177399f8\gdx-freetype-platform-1.9.8-natives-desktop.jar;C:\WORK\Projects\Ancient Terror\core\initializer\build\libs\initializer-1.0.jar;C:\WORK\Projects\Ancient Terror\core\binder\binder-view-controller\build\libs\binder-view-controller-1.0.jar;C:\WORK\Projects\Ancient Terror\core\view\view-provider\view-provider-impl\build\libs\view-provider-impl-1.0.jar;C:\WORK\Projects\Ancient Terror\core\view\view-provider\view-provider-interface\build\libs\view-provider-interface-1.0.jar;C:\WORK\Projects\Ancient Terror\core\view\view-impl\build\libs\view-impl-1.0.jar;C:\WORK\Projects\Ancient Terror\core\skin-composer\build\libs\skin-composer-1.0.jar;C:\Users\matus.sivak\.gradle\caches\modules-2\files-2.1\com.badlogicgames.gdx\gdx-ai\1.8.1\a52367e373fe52f0d20f162cbf8711c38f002a25\gdx-ai-1.8.1.jar;C:\Users\matus.sivak\.gradle\caches\modules-2\files-2.1\com.badlogicgames.gdx\gdx-freetype\1.9.8\d92b5b8beab10e3b3c0dd836d4fc186f95e7ea4b\gdx-freetype-1.9.8.jar;C:\Users\matus.sivak\.gradle\caches\modules-2\files-2.1\com.kotcrab.vis\vis-ui\1.3.0\639741faa66a560197ee06a9412949402c831796\vis-ui-1.3.0.jar;C:\WORK\Projects\Ancient Terror\core\binder\binder-action\build\libs\binder-action-1.0.jar;C:\WORK\Projects\Ancient Terror\core\action\action-provider\action-provider-impl\build\libs\action-provider-impl-1.0.jar;C:\WORK\Projects\Ancient Terror\core\action\action-impl\build\libs\action-impl-1.0.jar;C:\WORK\Projects\Ancient Terror\core\binder\binder-controller-model\build\libs\binder-controller-model-1.0.jar;C:\WORK\Projects\Ancient Terror\core\controller\controller-provider\controller-provider-impl\build\libs\controller-provider-impl-1.0.jar;C:\WORK\Projects\Ancient Terror\core\controller\controller-provider\controller-provider-interface\build\libs\controller-provider-interface-1.0.jar;C:\WORK\Projects\Ancient Terror\core\controller\controller-impl\build\libs\controller-impl-1.0.jar;C:\WORK\Projects\Ancient Terror\core\controller\controller-interface\build\libs\controller-interface-1.0.jar;C:\WORK\Projects\Ancient Terror\core\view\view-interface\build\libs\view-interface-1.0.jar;C:\WORK\Projects\Ancient Terror\core\model\model-provider\model-provider-impl\build\libs\model-provider-impl-1.0.jar;C:\WORK\Projects\Ancient Terror\core\model\model-provider\model-provider-interface\build\libs\model-provider-interface-1.0.jar;C:\WORK\Projects\Ancient Terror\core\model\model-impl\build\libs\model-impl-1.0.jar;C:\WORK\Projects\Ancient Terror\core\model\model-write\build\libs\model-write-1.0.jar;C:\WORK\Projects\Ancient Terror\core\binder\binder-event-listener\build\libs\binder-event-listener-1.0.jar;C:\WORK\Projects\Ancient Terror\core\event-listener\event-listener-provider\event-listener-provider-impl\build\libs\event-listener-provider-impl-1.0.jar;C:\WORK\Projects\Ancient Terror\core\event-listener\event-listener-provider\event-listener-provider-interface\build\libs\event-listener-provider-interface-1.0.jar;C:\WORK\Projects\Ancient Terror\core\event-listener\event-listener-impl\build\libs\event-listener-impl-1.0.jar;C:\WORK\Projects\Ancient Terror\core\model\model-read\build\libs\model-read-1.0.jar;C:\WORK\Projects\Ancient Terror\core\binder\binder-service\build\libs\binder-service-1.0.jar;C:\WORK\Projects\Ancient Terror\core\service\service-provider\service-provider-impl\build\libs\service-provider-impl-1.0.jar;C:\WORK\Projects\Ancient Terror\core\service\service-provider\service-provider-interface\build\libs\service-provider-interface-1.0.jar;C:\WORK\Projects\Ancient Terror\core\service\service-impl\build\libs\service-impl-1.0.jar;C:\WORK\Projects\Ancient Terror\core\action\action-provider\action-provider-interface\build\libs\action-provider-interface-1.0.jar;C:\WORK\Projects\Ancient Terror\core\action\action-interface\build\libs\action-interface-1.0.jar;C:\WORK\Projects\Ancient Terror\core\event-queue\event-queue-provider\event-queue-provider-impl\build\libs\event-queue-provider-impl-1.0.jar;C:\WORK\Projects\Ancient Terror\core\event-queue\event-queue-provider\event-queue-provider-interface\build\libs\event-queue-provider-interface-1.0.jar;C:\WORK\Projects\Ancient Terror\core\event-queue\event-queue-impl\build\libs\event-queue-impl-1.0.jar;C:\WORK\Projects\Ancient Terror\core\event-queue\event-queue-write\build\libs\event-queue-write-1.0.jar;C:\WORK\Projects\Ancient Terror\core\event-queue\event-queue-read\build\libs\event-queue-read-1.0.jar;C:\WORK\Projects\Ancient Terror\core\service\service-interface\build\libs\service-interface-1.0.jar;C:\WORK\Projects\Ancient Terror\core\event-type\build\libs\event-type-1.0.jar;C:\WORK\Projects\Ancient Terror\core\constants\build\libs\constants-1.0.jar;C:\Users\matus.sivak\.gradle\caches\modules-2\files-2.1\com.badlogicgames.gdxpay\gdx-pay-client\1.3.13\7ee97c4ea70bb172bd7d7ae80d79d50abe94e4da\gdx-pay-client-1.3.13.jar;C:\Users\matus.sivak\.gradle\caches\modules-2\files-2.1\com.badlogicgames.gdx\gdx\1.9.8\a35a0076fbce873f9c2d5a1a1c8066244231bb3c\gdx-1.9.8.jar;C:\Users\matus.sivak\.gradle\caches\modules-2\files-2.1\javax.mail\mail\1.5.0-b01\c128515e42609622ce3f7dc0b431026d80bdb688\mail-1.5.0-b01.jar;C:\Users\matus.sivak\.gradle\caches\modules-2\files-2.1\org.springframework.boot\spring-boot-starter-json\2.7.18\b6d9ed5cae0c1929a9e561bf4799a3dc93a10db1\spring-boot-starter-json-2.7.18.jar;C:\Users\matus.sivak\.gradle\caches\modules-2\files-2.1\org.springframework.boot\spring-boot-starter\2.7.18\e56b75105f9ace6df154fd47eeeeadc2f5791e56\spring-boot-starter-2.7.18.jar;C:\Users\matus.sivak\.gradle\caches\modules-2\files-2.1\org.springframework.boot\spring-boot-starter-tomcat\2.7.18\c56e50e006448e75a8bde595dbc754ba294389af\spring-boot-starter-tomcat-2.7.18.jar;C:\Users\matus.sivak\.gradle\caches\modules-2\files-2.1\org.springframework\spring-webmvc\5.3.31\45754d056effe8257a012f6b98ed5454cf1e8960\spring-webmvc-5.3.31.jar;C:\Users\matus.sivak\.gradle\caches\modules-2\files-2.1\org.springframework\spring-web\5.3.31\3bf73c385a1f2f4a0d482149d6a205e854cec497\spring-web-5.3.31.jar;C:\Users\matus.sivak\.gradle\caches\modules-2\files-2.1\org.lwjgl.lwjgl\lwjgl_util\2.9.2\4b9e37300a87799856e0bd15ed81663cdb6b0947\lwjgl_util-2.9.2.jar;C:\Users\matus.sivak\.gradle\caches\modules-2\files-2.1\org.lwjgl.lwjgl\lwjgl\2.9.2\a9d80fe5935c7a9149f6584d9777cfd471f65489\lwjgl-2.9.2.jar;C:\Users\matus.sivak\.gradle\caches\modules-2\files-2.1\com.badlogicgames.jlayer\jlayer\1.0.1-gdx\7cca83cec5c1b2f011362f4d85aabd71a73b049d\jlayer-1.0.1-gdx.jar;C:\Users\matus.sivak\.gradle\caches\modules-2\files-2.1\org.jcraft\jorbis\0.0.17\8872d22b293e8f5d7d56ff92be966e6dc28ebdc6\jorbis-0.0.17.jar;C:\WORK\Projects\Ancient Terror\core\command-queue\command-queue-impl\build\libs\command-queue-impl-1.0.jar;C:\Users\matus.sivak\.gradle\caches\modules-2\files-2.1\javax.activation\activation\1.1\e6cb541461c2834bdea3eb920f1884d1eb508b50\activation-1.1.jar;C:\Users\matus.sivak\.gradle\caches\modules-2\files-2.1\org.springframework.boot\spring-boot-autoconfigure\2.7.18\9cf147c6ca274c75b32556acdcba5a1de081ebcd\spring-boot-autoconfigure-2.7.18.jar;C:\Users\matus.sivak\.gradle\caches\modules-2\files-2.1\org.springframework.boot\spring-boot\2.7.18\f6dbdd8da7c2bded63dff9b1f48d01a4923f20a0\spring-boot-2.7.18.jar;C:\Users\matus.sivak\.gradle\caches\modules-2\files-2.1\org.springframework.boot\spring-boot-starter-logging\2.7.18\19f7c255ba5255116f58c3bbaf52c7b88ea6af3e\spring-boot-starter-logging-2.7.18.jar;C:\Users\matus.sivak\.gradle\caches\modules-2\files-2.1\jakarta.annotation\jakarta.annotation-api\1.3.5\59eb84ee0d616332ff44aba065f3888cf002cd2d\jakarta.annotation-api-1.3.5.jar;C:\Users\matus.sivak\.gradle\caches\modules-2\files-2.1\org.springframework\spring-context\5.3.31\a2d6e76507f037ad835e8c2288dfedf28981999f\spring-context-5.3.31.jar;C:\Users\matus.sivak\.gradle\caches\modules-2\files-2.1\org.springframework\spring-aop\5.3.31\3be929dbdb5f4516919ad09a3d3720d779bb65d9\spring-aop-5.3.31.jar;C:\Users\matus.sivak\.gradle\caches\modules-2\files-2.1\org.springframework\spring-beans\5.3.31\d27258849071b3b268ecc388eca35bbfcc586448\spring-beans-5.3.31.jar;C:\Users\matus.sivak\.gradle\caches\modules-2\files-2.1\org.springframework\spring-expression\5.3.31\55637af1b186d1008890980c2876c5fc83599756\spring-expression-5.3.31.jar;C:\Users\matus.sivak\.gradle\caches\modules-2\files-2.1\org.springframework\spring-core\5.3.31\368e76f732a3c331b970f69cafec1525d27b34d3\spring-core-5.3.31.jar;C:\Users\matus.sivak\.gradle\caches\modules-2\files-2.1\org.yaml\snakeyaml\1.30\8fde7fe2586328ac3c68db92045e1c8759125000\snakeyaml-1.30.jar;C:\Users\matus.sivak\.gradle\caches\modules-2\files-2.1\com.fasterxml.jackson.datatype\jackson-datatype-jsr310\2.13.5\8ba3b868e81d7fc6ead686bd2353859b111d9eaf\jackson-datatype-jsr310-2.13.5.jar;C:\Users\matus.sivak\.gradle\caches\modules-2\files-2.1\com.fasterxml.jackson.module\jackson-module-parameter-names\2.13.5\a401a99e7a45450fd3ef76e82ba39005fd1a8c22\jackson-module-parameter-names-2.13.5.jar;C:\Users\matus.sivak\.gradle\caches\modules-2\files-2.1\com.fasterxml.jackson.core\jackson-annotations\2.13.5\136f77ab424f302c9e27230b4482e8000e142edf\jackson-annotations-2.13.5.jar;C:\Users\matus.sivak\.gradle\caches\modules-2\files-2.1\com.fasterxml.jackson.core\jackson-core\2.13.5\d07c97d3de9ea658caf1ff1809fd9de930a286a\jackson-core-2.13.5.jar;C:\Users\matus.sivak\.gradle\caches\modules-2\files-2.1\com.fasterxml.jackson.datatype\jackson-datatype-jdk8\2.13.5\1278f38160812811c56eb77f67213662ed1c7a2e\jackson-datatype-jdk8-2.13.5.jar;C:\Users\matus.sivak\.gradle\caches\modules-2\files-2.1\com.fasterxml.jackson.core\jackson-databind\2.13.5\aa95e46dbc32454f3983221d420e78ef19ddf844\jackson-databind-2.13.5.jar;C:\Users\matus.sivak\.gradle\caches\modules-2\files-2.1\org.apache.tomcat.embed\tomcat-embed-websocket\9.0.83\9af4b7450296bb4eff93b2ee3e52ab69d07512e4\tomcat-embed-websocket-9.0.83.jar;C:\Users\matus.sivak\.gradle\caches\modules-2\files-2.1\org.apache.tomcat.embed\tomcat-embed-core\9.0.83\d771e4343b0515c67dab2a09fe02f5d47550153f\tomcat-embed-core-9.0.83.jar;C:\Users\matus.sivak\.gradle\caches\modules-2\files-2.1\org.apache.tomcat.embed\tomcat-embed-el\9.0.83\b0cdada70099c25f45fceb48e1ebce60d138a5ce\tomcat-embed-el-9.0.83.jar;C:\Users\matus.sivak\.gradle\caches\modules-2\files-2.1\org.lwjgl.lwjgl\lwjgl-platform\2.9.2\510c7d317f5e9e700b9cfaac5fd38bdebf0702e0\lwjgl-platform-2.9.2-natives-windows.jar;C:\Users\matus.sivak\.gradle\caches\modules-2\files-2.1\org.lwjgl.lwjgl\lwjgl-platform\2.9.2\d276cdf61fe2b516c7b7f4aa1b8dea91dbdc8d56\lwjgl-platform-2.9.2-natives-linux.jar;C:\Users\matus.sivak\.gradle\caches\modules-2\files-2.1\org.lwjgl.lwjgl\lwjgl-platform\2.9.2\d55b46b40b40249d627a83a7f7f22649709d70c3\lwjgl-platform-2.9.2-natives-osx.jar;C:\Users\matus.sivak\.gradle\caches\modules-2\files-2.1\net.java.jinput\jinput\2.0.5\39c7796b469a600f72380316f6b1f11db6c2c7c4\jinput-2.0.5.jar;C:\WORK\Projects\Ancient Terror\core\command-queue\command-queue-interface\build\libs\command-queue-interface-1.0.jar;C:\Users\matus.sivak\.gradle\caches\modules-2\files-2.1\ch.qos.reload4j\reload4j\1.2.26\f9a29cea570c15844d2ec98bf8e2e523017a6a53\reload4j-1.2.26.jar;C:\Users\matus.sivak\.gradle\caches\modules-2\files-2.1\ch.qos.logback\logback-classic\1.2.12\d4dee19148dccb177a0736eb2027bd195341da78\logback-classic-1.2.12.jar;C:\Users\matus.sivak\.gradle\caches\modules-2\files-2.1\org.apache.logging.log4j\log4j-to-slf4j\2.17.2\17dd0fae2747d9a28c67bc9534108823d2376b46\log4j-to-slf4j-2.17.2.jar;C:\Users\matus.sivak\.gradle\caches\modules-2\files-2.1\org.slf4j\jul-to-slf4j\1.7.36\ed46d81cef9c412a88caef405b58f93a678ff2ca\jul-to-slf4j-1.7.36.jar;C:\Users\matus.sivak\.gradle\caches\modules-2\files-2.1\org.springframework\spring-jcl\5.3.31\e7ab9ee590a195415dd6b898440d776b4c8db78c\spring-jcl-5.3.31.jar;C:\Users\matus.sivak\.gradle\caches\modules-2\files-2.1\net.java.jutils\jutils\1.0.0\e12fe1fda814bd348c1579329c86943d2cd3c6a6\jutils-1.0.0.jar;C:\Users\matus.sivak\.gradle\caches\modules-2\files-2.1\net.java.jinput\jinput-platform\2.0.5\7ff832a6eb9ab6a767f1ade2b548092d0fa64795\jinput-platform-2.0.5-natives-linux.jar;C:\Users\matus.sivak\.gradle\caches\modules-2\files-2.1\net.java.jinput\jinput-platform\2.0.5\385ee093e01f587f30ee1c8a2ee7d408fd732e16\jinput-platform-2.0.5-natives-windows.jar;C:\Users\matus.sivak\.gradle\caches\modules-2\files-2.1\net.java.jinput\jinput-platform\2.0.5\53f9c919f34d2ca9de8c51fc4e1e8282029a9232\jinput-platform-2.0.5-natives-osx.jar;C:\WORK\Projects\Ancient Terror\java8-features\build\libs\java8-features-1.0.jar;C:\Users\matus.sivak\.gradle\caches\modules-2\files-2.1\io.reactivex\rxjava\1.3.0\af000bec2036a2a9d07197c4b03b8966bfc60b03\rxjava-1.3.0.jar;C:\Users\matus.sivak\.gradle\caches\modules-2\files-2.1\junit\junit\4.12\2973d150c0dc1fefe998f834810d68f278ea58ec\junit-4.12.jar;C:\Users\matus.sivak\.gradle\caches\modules-2\files-2.1\ch.qos.logback\logback-core\1.2.12\1d8e51a698b138065d73baefb4f94531faa323cb\logback-core-1.2.12.jar;C:\Users\matus.sivak\.m2\repository\org\slf4j\slf4j-api\1.7.36\slf4j-api-1.7.36.jar;C:\Users\matus.sivak\.gradle\caches\modules-2\files-2.1\org.apache.logging.log4j\log4j-api\2.17.2\f42d6afa111b4dec5d2aea0fe2197240749a4ea6\log4j-api-2.17.2.jar;C:\Users\matus.sivak\.gradle\caches\modules-2\files-2.1\com.rafaskoberg.gdx\typing-label\1.0.4\45dddf6ddba01c056f1742133c4030ce34dde488\typing-label-1.0.4.jar;C:\Users\matus.sivak\.m2\repository\org\hamcrest\hamcrest-core\1.3\hamcrest-core-1.3.jar;C:\Users\matus.sivak\.gradle\caches\modules-2\files-2.1\com.badlogicgames.gdxpay\gdx-pay\1.3.13\a0bd1fbf1489e66ab2681529ccad389762ad6f95\gdx-pay-1.3.13.jar;C:\Users\matus.sivak\.m2\repository\com\google\code\findbugs\jsr305\3.0.2\jsr305-3.0.2.jar
Launcher Type: SUN_STANDARD

[Global flags]
     intx CICompilerCount                          = 12                                        {product} {ergonomic}
     uint ConcGCThreads                            = 3                                         {product} {ergonomic}
     uint G1ConcRefinementThreads                  = 13                                        {product} {ergonomic}
   size_t G1HeapRegionSize                         = 4194304                                   {product} {ergonomic}
    uintx GCDrainStackTargetSize                   = 64                                        {product} {ergonomic}
   size_t InitialHeapSize                          = 532676608                                 {product} {ergonomic}
   size_t MarkStackSize                            = 4194304                                   {product} {ergonomic}
   size_t MaxHeapSize                              = 8518631424                                {product} {ergonomic}
   size_t MaxNewSize                               = 5108662272                                {product} {ergonomic}
   size_t MinHeapDeltaBytes                        = 4194304                                   {product} {ergonomic}
   size_t MinHeapSize                              = 8388608                                   {product} {ergonomic}
    uintx NonNMethodCodeHeapSize                   = 7602480                                {pd product} {ergonomic}
    uintx NonProfiledCodeHeapSize                  = 122027880                              {pd product} {ergonomic}
    uintx ProfiledCodeHeapSize                     = 122027880                              {pd product} {ergonomic}
    uintx ReservedCodeCacheSize                    = 251658240                              {pd product} {ergonomic}
     bool SegmentedCodeCache                       = true                                      {product} {ergonomic}
   size_t SoftMaxHeapSize                          = 8518631424                             {manageable} {ergonomic}
     bool UseCompressedOops                        = true                           {product lp64_product} {ergonomic}
     bool UseG1GC                                  = true                                      {product} {ergonomic}
     bool UseLargePagesIndividualAllocation        = false                                  {pd product} {ergonomic}

Logging:
Log output configuration:
 #0: stdout all=warning uptime,level,tags foldmultilines=false
 #1: stderr all=off uptime,level,tags foldmultilines=false

Environment Variables:
JAVA_HOME=C:\Users\matus.sivak\.jdks\corretto-21.0.6
PATH=C:\Program Files\Microsoft SDKs\Azure\CLI2\wbin;C:\windows\system32;C:\windows;C:\windows\System32\Wbem;C:\windows\System32\WindowsPowerShell\v1.0\;C:\windows\System32\OpenSSH\;C:\Program Files (x86)\Pulse Secure\VC142.CRT\X64\;C:\Program Files (x86)\Pulse Secure\VC142.CRT\X86\;C:\Users\matus.sivak\.jdks\openjdk-25.0.2\bin;C:\WORK\Tools\apache-maven-3.9.1\bin;C:\Program Files\PuTTY\;C:\Program Files (x86)\Microsoft SQL Server\160\DTS\Binn\;C:\Program Files\Azure Data Studio\bin;C:\Program Files (x86)\NVIDIA Corporation\PhysX\Common;C:\WINDOWS\system32;C:\WINDOWS;C:\WINDOWS\System32\Wbem;C:\WINDOWS\System32\WindowsPowerShell\v1.0\;C:\WINDOWS\System32\OpenSSH\;C:\Program Files\dotnet\;C:\Users\matus.sivak\AppData\Local\Programs\Python\Python314\Scripts\;C:\Users\matus.sivak\AppData\Local\Programs\Python\Python314\;C:\Users\matus.sivak\AppData\Local\Programs\Python\Launcher\;C:\Users\matus.sivak\AppData\Local\Microsoft\WindowsApps;C:\Users\matus.sivak\AppData\Local\Programs\IntelliJ IDEA 2025.3.1.1\bin;C:\Program Files\Azure Data Studio\bin;C:\Users\matus.sivak\.dotnet\tools;C:\WORK\Projects\EntriX\docker;C:\Program Files (x86)\Nmap;C:\Users\matus.sivak\AppData\Local\Programs\Git\cmd;
USERNAME=matus.sivak
OS=Windows_NT
PROCESSOR_IDENTIFIER=Intel64 Family 6 Model 141 Stepping 1, GenuineIntel
TMP=C:\Users\MATUS~1.SIV\AppData\Local\Temp
TEMP=C:\Users\MATUS~1.SIV\AppData\Local\Temp




Periodic native trim disabled

---------------  S Y S T E M  ---------------

OS:
 Windows 11 , 64 bit Build 26100 (10.0.26100.9168)
OS uptime: 1 days 4:25 hours
Hyper-V role detected

CPU: total 16 (initial active 16) (8 cores per cpu, 2 threads per core) family 6 model 141 stepping 1 microcode 0x56, cx8, cmov, fxsr, ht, mmx, 3dnowpref, sse, sse2, sse3, ssse3, sse4.1, sse4.2, popcnt, lzcnt, tsc, tscinvbit, avx, avx2, aes, erms, clmul, bmi1, bmi2, adx, avx512f, avx512dq, avx512cd, avx512bw, avx512vl, sha, fma, vzeroupper, avx512_vpopcntdq, avx512_vpclmulqdq, avx512_vaes, avx512_vnni, clflush, clflushopt, clwb, avx512_vbmi2, avx512_vbmi, hv, rdtscp, rdpid, fsrm, gfni, avx512_bitalg, f16c, cet_ibt, cet_ss, avx512_ifma
Processor Information for the first 16 processors :
  Max Mhz: 2496, Current Mhz: 2496, Mhz Limit: 2496

Memory: 4k page, system-wide physical 32490M (8896M free)
TotalPageFile size 44812M (AvailPageFile size 10801M)
current process WorkingSet (physical memory assigned to process): 1563M, peak: 1572M
current process commit charge ("private bytes"): 1560M, peak: 1607M

vm_info: OpenJDK 64-Bit Server VM (21.0.6+7-LTS) for windows-amd64 JRE (21.0.6+7-LTS), built on 2025-01-07T23:42:01Z by "Administrator" with MS VC++ 16.10 / 16.11 (VS2019)

END.
