#
# A fatal error has been detected by the Java Runtime Environment:
#
#  EXCEPTION_ACCESS_VIOLATION (0xc0000005) at pc=0x00007ffbf7ad4982, pid=38976, tid=19912
#
# JRE version: OpenJDK Runtime Environment Corretto-21.0.6.7.1 (21.0.6+7) (build 21.0.6+7-LTS)
# Java VM: OpenJDK 64-Bit Server VM Corretto-21.0.6.7.1 (21.0.6+7-LTS, mixed mode, sharing, tiered, compressed oops, compressed class ptrs, g1 gc, windows-amd64)
# Problematic frame:
# C  [igxelpicd64.dll+0x324982]
#
# No core dump will be written. Minidumps are not enabled by default on client versions of Windows
#
# If you would like to submit a bug report, please visit:
#   https://github.com/corretto/corretto-21/issues/
# The crash happened outside the Java Virtual Machine in native code.
# See problematic frame for where to report the bug.
#

---------------  S U M M A R Y ------------

Command Line: -Dfile.encoding=UTF-8 -Duser.country=US -Duser.language=en -Duser.variant sk.sivak.eldritchhorror.GameDesktop

Host: 11th Gen Intel(R) Core(TM) i7-11850H @ 2.50GHz, 16 cores, 31G,  Windows 11 , 64 bit Build 26100 (10.0.26100.9444)
Time: Fri Sep 25 20:06:43 2026 Central Europe Daylight Time elapsed time: 563.287352 seconds (0d 0h 9m 23s)

---------------  T H R E A D  ---------------

Current thread (0x0000022e6555dbd0):  JavaThread "LWJGL Application"        [_thread_in_native, id=19912, stack(0x000000bb5a200000,0x000000bb5a300000) (1024K)]

Stack: [0x000000bb5a200000,0x000000bb5a300000],  sp=0x000000bb5a2f8a90,  free space=994k
Native frames: (J=compiled Java code, j=interpreted, Vv=VM code, C=native code)
C  [igxelpicd64.dll+0x324982]

Java frames: (J=compiled Java code, j=interpreted, Vv=VM code)
J 1924  org.lwjgl.opengl.GL11.nglDrawElements(IIIJJ)V (0 bytes) @ 0x0000022e102964af [0x0000022e10296440+0x000000000000006f]
J 2893 c2 com.badlogic.gdx.graphics.Mesh.render(Lcom/badlogic/gdx/graphics/glutils/ShaderProgram;III)V (14 bytes) @ 0x0000022e10338d84 [0x0000022e10338b20+0x0000000000000264]
J 5477 c2 com.badlogic.gdx.graphics.g2d.SpriteBatch.draw(Lcom/badlogic/gdx/graphics/g2d/TextureRegion;FFFFFFFFF)V (619 bytes) @ 0x0000022e1062359c [0x0000022e106230c0+0x00000000000004dc]
J 5474 c2 com.badlogic.gdx.scenes.scene2d.ui.Image.draw(Lcom/badlogic/gdx/graphics/g2d/Batch;F)V (200 bytes) @ 0x0000022e106217c0 [0x0000022e10621460+0x0000000000000360]
J 3668 c2 com.badlogic.gdx.scenes.scene2d.Group.drawChildren(Lcom/badlogic/gdx/graphics/g2d/Batch;F)V (551 bytes) @ 0x0000022e10402c78 [0x0000022e10402940+0x0000000000000338]
J 3505 c2 com.badlogic.gdx.scenes.scene2d.Stage.draw()V (70 bytes) @ 0x0000022e103e8f40 [0x0000022e103e8940+0x0000000000000600]
J 4139 c2 sk.sivak.eldritchhorror.core.Game.render()V (47 bytes) @ 0x0000022e10481fb4 [0x0000022e10481d60+0x0000000000000254]
j  com.badlogic.gdx.backends.lwjgl.LwjglApplication.mainLoop()V+698
j  com.badlogic.gdx.backends.lwjgl.LwjglApplication$1.run()V+27
v  ~StubRoutines::call_stub 0x0000022e0fa710e7

siginfo: EXCEPTION_ACCESS_VIOLATION (0xc0000005), writing address 0x0000000000000018


Registers:
RAX=0x0000000078080003, RBX=0x0000022e656cfac0, RCX=0x0000000000000000, RDX=0x0000000000000034
RSP=0x000000bb5a2f8a90, RBP=0x000000bb5a2f8b90, RSI=0x0000000000000000, RDI=0x0000000000000018
R8 =0x0000022e66054270, R9 =0x0000000000000000, R10=0x0000000000000003, R11=0x0000000000000003
R12=0x0000000000000003, R13=0x0000000000000000, R14=0x0000000000000000, R15=0x0000022e66041210
RIP=0x00007ffbf7ad4982, EFLAGS=0x0000000000010202

XMM[0]=0x0000000000000000 0x0000000000000000
XMM[1]=0x0000000000000000 0x0000000000000018
XMM[2]=0x0000000000000000 0x0000000000000000
XMM[3]=0x0000000000000000 0x0000000000000000
XMM[4]=0x3f8000003f800000 0x4278000041e00000
XMM[5]=0x0000000000000000 0x0000000044070000
XMM[6]=0x0000000000000000 0x000000003fa00000
XMM[7]=0x0000000000000000 0x000000003fa00000
XMM[8]=0x0000000000000000 0x0000000000000000
XMM[9]=0x0000000000000000 0x000000003f800000
XMM[10]=0x0000000000000000 0x000000003fa00000
XMM[11]=0x0000000000000000 0x000000003fa00000
XMM[12]=0x0000000000000000 0x000000003f800000
XMM[13]=0x0000000000000000 0x00000000438b8000
XMM[14]=0x0000000000000000 0x0000000080000000
XMM[15]=0x0000000000000000 0x00000000438b8000
  MXCSR=0x00001fa7


Register to memory mapping:

RAX=0x0000000078080003 is an unknown value
RBX=0x0000022e656cfac0 points into unknown readable memory: 0x0000022e6561d140 | 40 d1 61 65 2e 02 00 00
RCX=0x0 is null
RDX=0x0000000000000034 is an unknown value
RSP=0x000000bb5a2f8a90 is pointing into the stack for thread: 0x0000022e6555dbd0
RBP=0x000000bb5a2f8b90 is pointing into the stack for thread: 0x0000022e6555dbd0
RSI=0x0 is null
RDI=0x0000000000000018 is an unknown value
R8 =0x0000022e66054270 points into unknown readable memory: 0x02c7000078090005 | 05 00 09 78 00 00 c7 02
R9 =0x0 is null
R10=0x0000000000000003 is an unknown value
R11=0x0000000000000003 is an unknown value
R12=0x0000000000000003 is an unknown value
R13=0x0 is null
R14=0x0 is null
R15=0x0000022e66041210 points into unknown readable memory: 0x0000b13411000001 | 01 00 00 11 34 b1 00 00

Top of Stack: (sp=0x000000bb5a2f8a90)
0x000000bb5a2f8a90:   0000022e656cfac0 0000022e656ff7a8
0x000000bb5a2f8aa0:   0000022e656cfac0 0000000000000000
0x000000bb5a2f8ab0:   0000000000000000 0000000000000000
0x000000bb5a2f8ac0:   0000000000000000 0000000000000000
0x000000bb5a2f8ad0:   0000965dc1c9b7d0 0000000000000000
0x000000bb5a2f8ae0:   0000000400000100 00007ffc00000000
0x000000bb5a2f8af0:   ffffffff00000003 0000000040000000
0x000000bb5a2f8b00:   00000003ffffffff 0000000300000000
0x000000bb5a2f8b10:   000000005a2fb100 00007ffd00000008
0x000000bb5a2f8b20:   0000022e66041210 000000bb5a2fb09c
0x000000bb5a2f8b30:   00007ffd1b3daa01 0000000000000018
0x000000bb5a2f8b40:   0000000000000000 000000bb5a2fc1a0
0x000000bb5a2f8b50:   0000022e656ff7a8 0000000000007e5f
0x000000bb5a2f8b60:   0000000000000000 0000022e667a2530
0x000000bb5a2f8b70:   0000022e660908f8 000000000000003c
0x000000bb5a2f8b80:   0000000000000020 0000022e656cfac0
0x000000bb5a2f8b90:   000000bb5a2fbe70 0000022e66054284
0x000000bb5a2f8ba0:   0000022e66054270 00000052ffffffff
0x000000bb5a2f8bb0:   0000000000000001 0000000000000000
0x000000bb5a2f8bc0:   0000022e6605428c 000000bb00000018
0x000000bb5a2f8bd0:   0000000000000000 000000bb5a2fb570
0x000000bb5a2f8be0:   0000000000000027 00007ffd1b3d838a
0x000000bb5a2f8bf0:   0000022e76ad0f70 0000000000000000
0x000000bb5a2f8c00:   0000000000000000 0000000000000000
0x000000bb5a2f8c10:   0000000000000000 0000000000000000
0x000000bb5a2f8c20:   0000000000000000 0000000000000000
0x000000bb5a2f8c30:   0000000000000000 0000000000000000
0x000000bb5a2f8c40:   0000000000000000 0000000000000000
0x000000bb5a2f8c50:   0000000000000000 0000000000000000
0x000000bb5a2f8c60:   0000000000000000 0000000000000000
0x000000bb5a2f8c70:   0000000000000000 0000000000000000
0x000000bb5a2f8c80:   0000000000000000 0000000000000000 

Instructions: (pc=0x00007ffbf7ad4982)
0x00007ffbf7ad4882:   01 00 89 44 24 64 41 0f be bf 99 31 01 00 89 7c
0x00007ffbf7ad4892:   24 70 45 85 d2 0f 85 ab 00 00 00 49 8b 8f 80 31
0x00007ffbf7ad48a2:   01 00 49 39 48 04 74 0e 49 89 48 04 81 8b b0 54
0x00007ffbf7ad48b2:   04 00 00 00 00 02 45 33 f6 44 89 74 24 64 45 39
0x00007ffbf7ad48c2:   b7 28 2f 01 00 75 09 45 39 b7 2c 2f 01 00 74 6d
0x00007ffbf7ad48d2:   41 8b c5 48 8d 0c 40 f2 0f 10 05 2f 76 d9 00 f2
0x00007ffbf7ad48e2:   0f 11 84 8d a0 02 00 00 8b 05 28 76 d9 00 89 84
0x00007ffbf7ad48f2:   8d a8 02 00 00 8b 84 8d a4 02 00 00 44 33 d0 41
0x00007ffbf7ad4902:   83 e2 3f 44 33 d0 41 0f ba f2 08 44 89 94 8d a4
0x00007ffbf7ad4912:   02 00 00 44 89 b4 8d a8 02 00 00 4d 89 b7 28 2f
0x00007ffbf7ad4922:   01 00 49 8b 87 40 30 01 00 48 0f ba e8 00 49 89
0x00007ffbf7ad4932:   87 40 30 01 00 41 ff c5 44 89 6c 24 78 44 88 b3
0x00007ffbf7ad4942:   21 fc 02 00 eb 03 45 33 f6 80 bb 21 fc 02 00 00
0x00007ffbf7ad4952:   0f 85 6b 0d 00 00 48 c7 83 14 fc 02 00 00 00 00
0x00007ffbf7ad4962:   00 45 85 e4 0f 84 d3 05 00 00 0f ae e8 41 8b d4
0x00007ffbf7ad4972:   c1 e2 04 83 c2 04 8b 05 d2 91 04 01 48 8b 7d a8
0x00007ffbf7ad4982:   89 07 8b c2 c1 e8 02 2c 02 88 07 48 8d 8d c0 05
0x00007ffbf7ad4992:   00 00 e8 83 3e d4 ff 48 8d 8d c0 05 00 00 e8 97
0x00007ffbf7ad49a2:   60 d0 ff 4c 8b c8 48 8b 95 f0 09 00 00 48 8b 8d
0x00007ffbf7ad49b2:   c0 05 00 00 80 b9 c0 df 04 00 00 48 0f 45 95 e0
0x00007ffbf7ad49c2:   09 00 00 44 0f b6 83 b4 62 04 00 48 8b 0d cc 85
0x00007ffbf7ad49d2:   01 01 83 b9 60 0a 00 00 00 74 63 45 84 c0 0f 84
0x00007ffbf7ad49e2:   aa 00 00 00 83 bb fc 63 04 00 00 0f 85 9d 00 00
0x00007ffbf7ad49f2:   00 80 bb ac 61 04 00 00 74 32 8b 83 a8 61 04 00
0x00007ffbf7ad4a02:   ff c0 3b 83 48 61 04 00 75 22 80 bb 68 66 04 00
0x00007ffbf7ad4a12:   00 74 19 81 8b 98 61 04 00 00 80 00 00 8b 8b 98
0x00007ffbf7ad4a22:   61 04 00 48 8b 83 a0 61 04 00 89 08 48 89 93 a0
0x00007ffbf7ad4a32:   61 04 00 41 8b 01 89 83 98 61 04 00 eb 44 45 84
0x00007ffbf7ad4a42:   c0 74 4b 83 bb fc 63 04 00 00 75 42 80 bb ac 61
0x00007ffbf7ad4a52:   04 00 00 74 26 8b 83 a8 61 04 00 ff c0 3b 83 48
0x00007ffbf7ad4a62:   61 04 00 75 16 80 bb 68 66 04 00 00 74 0d 48 8b
0x00007ffbf7ad4a72:   83 a0 61 04 00 81 08 00 80 00 00 48 89 93 a0 61 


Stack slot to memory mapping:

stack at sp + 0 slots: 0x0000022e656cfac0 points into unknown readable memory: 0x0000022e6561d140 | 40 d1 61 65 2e 02 00 00
stack at sp + 1 slots: 0x0000022e656ff7a8 points into unknown readable memory: 0x0000000000000000 | 00 00 00 00 00 00 00 00
stack at sp + 2 slots: 0x0000022e656cfac0 points into unknown readable memory: 0x0000022e6561d140 | 40 d1 61 65 2e 02 00 00
stack at sp + 3 slots: 0x0 is null
stack at sp + 4 slots: 0x0 is null
stack at sp + 5 slots: 0x0 is null
stack at sp + 6 slots: 0x0 is null
stack at sp + 7 slots: 0x0 is null


Compiled method (n/a) 563383 1924     n 0       org.lwjgl.opengl.GL11::nglDrawElements (native)
 total in heap  [0x0000022e10296290,0x0000022e10296678] = 1000
 relocation     [0x0000022e102963f0,0x0000022e10296428] = 56
 main code      [0x0000022e10296440,0x0000022e1029666e] = 558
 stub code      [0x0000022e1029666e,0x0000022e10296670] = 2
 oops           [0x0000022e10296670,0x0000022e10296678] = 8

[Constant Pool (empty)]

[MachCode]
[Entry Point]
  # {method} {0x0000022e6153c3a0} 'nglDrawElements' '(IIIJJ)V' in 'org/lwjgl/opengl/GL11'
  # parm0:    rdx       = int
  # parm1:    r8        = int
  # parm2:    r9        = int
  # parm3:    rdi:rdi   = long
  # parm4:    rsi:rsi   = long
  #           [sp+0x90]  (sp of caller)
  0x0000022e10296440: 448b 5208 | 49bb 0000 | 0020 2e02 | 0000 4d03 | d349 3bc2 | 0f84 0600 

  0x0000022e10296458: ;   {runtime_call ic_miss_stub}
  0x0000022e10296458: 0000 e921 | 8582 ff90 
[Verified Entry Point]
  0x0000022e10296460: 8984 2400 | 80ff ff55 | 488b ec48 | 81ec 8000 | 0000 6690 | 4181 7f20 | 0300 0000 

  0x0000022e1029647c: ;   {runtime_call StubRoutines (final stubs)}
  0x0000022e1029647c: 7405 e83d | f880 ff48 | 8974 2430 | 4889 7c24 | 284c 894c | 2420 4d8b | c84c 8bc2 

  0x0000022e10296498: ;   {oop(a 'java/lang/Class'{0x00000006046a3130} = 'org/lwjgl/opengl/GL11')}
  0x0000022e10296498: 49be 3031 | 6a04 0600 | 0000 4c89 | 7424 684c | 8d74 2468 | 498b d6c5 

  0x0000022e102964b0: ;   {internal_word}
  0x0000022e102964b0: f877 49ba | af64 2910 | 2e02 0000 | 4d89 97a0 | 0300 0049 | 89a7 9803 

  0x0000022e102964c8: ;   {external_word}
  0x0000022e102964c8: 0000 49ba | c75a 5049 | fc7f 0000 | 4180 3a00 | 0f84 4e00 | 0000 5241 

  0x0000022e102964e0: ;   {metadata({method} {0x0000022e6153c3a0} 'nglDrawElements' '(IIIJJ)V' in 'org/lwjgl/opengl/GL11')}
  0x0000022e102964e0: 5041 5148 | ba98 c353 | 612e 0200 | 0049 8bcf | 4883 ec20 | 40f6 c40f | 0f84 1900 | 0000 4883 
  0x0000022e10296500: ;   {runtime_call}
  0x0000022e10296500: ec08 48b8 | d010 fa48 | fc7f 0000 | ffd0 4883 | c408 e90c 

  0x0000022e10296514: ;   {runtime_call}
  0x0000022e10296514: 0000 0048 | b8d0 10fa | 48fc 7f00 | 00ff d048 | 83c4 2041 | 5941 585a | 498d 8fb8 | 0300 0041 
  0x0000022e10296534: c787 4404 | 0000 0400 

  0x0000022e1029653c: ;   {runtime_call}
  0x0000022e1029653c: 0000 48b8 | d0d8 0080 | 0100 0000 | ffd0 c5f8 | 7741 c787 | 4404 0000 | 0500 0000 | f083 4424 
  0x0000022e1029655c: c000 493b | af48 0400 | 000f 870e | 0000 0041 | 83bf 4004 | 0000 000f | 8423 0000 | 00c5 f877 
  0x0000022e1029657c: 498b cf4c | 8be4 4883 | ec20 4883 

  0x0000022e10296588: ;   {runtime_call}
  0x0000022e10296588: e4f0 48b8 | 407a c548 | fc7f 0000 | ffd0 498b | e44d 33e4 | 41c7 8744 | 0400 0008 | 0000 0041 
  0x0000022e102965a8: 83bf c004 | 0000 020f | 8494 0000 

  0x0000022e102965b4: ;   {external_word}
  0x0000022e102965b4: 0049 bac7 | 5a50 49fc | 7f00 0041 | 803a 000f | 8444 0000 

  0x0000022e102965c8: ;   {metadata({method} {0x0000022e6153c3a0} 'nglDrawElements' '(IIIJJ)V' in 'org/lwjgl/opengl/GL11')}
  0x0000022e102965c8: 0048 ba98 | c353 612e | 0200 0049 | 8bcf 4883 | ec20 40f6 | c40f 0f84 | 1900 0000 | 4883 ec08 
  0x0000022e102965e8: ;   {runtime_call}
  0x0000022e102965e8: 48b8 d010 | fa48 fc7f | 0000 ffd0 | 4883 c408 | e90c 0000 

  0x0000022e102965fc: ;   {runtime_call}
  0x0000022e102965fc: 0048 b8d0 | 10fa 48fc | 7f00 00ff | d048 83c4 | 2049 c787 | 9803 0000 | 0000 0000 | 49c7 87a0 
  0x0000022e1029661c: 0300 0000 | 0000 00c5 | f877 498b | 8f28 0400 | 00c7 8100 | 0100 0000 | 0000 00c9 | 4983 7f08 
  0x0000022e1029663c: 000f 8501 | 0000 00c3 

  0x0000022e10296644: ;   {runtime_call StubRoutines (initial stubs)}
  0x0000022e10296644: e9b7 a87d | ffc5 f877 | 4c8b e448 | 83ec 2048 

  0x0000022e10296654: ;   {runtime_call}
  0x0000022e10296654: 83e4 f048 | b870 48fa | 48fc 7f00 | 00ff d049 | 8be4 4d33 | e4e9 47ff | ffff f4f4 
[/MachCode]


Compiled method (c2) 563405 2893       4       com.badlogic.gdx.graphics.Mesh::render (14 bytes)
 total in heap  [0x0000022e10338810,0x0000022e1033b0d0] = 10432
 relocation     [0x0000022e10338970,0x0000022e10338b08] = 408
 main code      [0x0000022e10338b20,0x0000022e10339e78] = 4952
 stub code      [0x0000022e10339e78,0x0000022e10339ed8] = 96
 oops           [0x0000022e10339ed8,0x0000022e10339ee0] = 8
 metadata       [0x0000022e10339ee0,0x0000022e1033a078] = 408
 scopes data    [0x0000022e1033a078,0x0000022e1033aaa0] = 2600
 scopes pcs     [0x0000022e1033aaa0,0x0000022e1033af60] = 1216
 dependencies   [0x0000022e1033af60,0x0000022e1033af98] = 56
 handler table  [0x0000022e1033af98,0x0000022e1033b010] = 120
 nul chk table  [0x0000022e1033b010,0x0000022e1033b0d0] = 192

[Constant Pool (empty)]

[MachCode]
[Entry Point]
  # {method} {0x0000022e61618240} 'render' '(Lcom/badlogic/gdx/graphics/glutils/ShaderProgram;III)V' in 'com/badlogic/gdx/graphics/Mesh'
  # this:     rdx:rdx   = 'com/badlogic/gdx/graphics/Mesh'
  # parm0:    r8:r8     = 'com/badlogic/gdx/graphics/glutils/ShaderProgram'
  # parm1:    r9        = int
  # parm2:    rdi       = int
  # parm3:    rsi       = int
  #           [sp+0x70]  (sp of caller)
  0x0000022e10338b20: 448b 5208 | 49bb 0000 | 0020 2e02 | 0000 4d03 | d349 3bc2 

  0x0000022e10338b34: ;   {runtime_call ic_miss_stub}
  0x0000022e10338b34: 0f85 465e | 78ff 6690 | 0f1f 4000 
[Verified Entry Point]
  0x0000022e10338b40: 8984 2400 | 80ff ff55 | 4883 ec60 | 4181 7f20 | 0300 0000 | 0f85 1113 | 0000 897c | 240c 4489 
  0x0000022e10338b60: 4c24 084c | 8904 244c | 8bd2 85f6 | 0f84 a20b | 0000 440f | b642 0c45 | 85c0 0f84 | ac0b 0000 
  0x0000022e10338b80: 8b6a 1045 | 8b5c ec08 

  0x0000022e10338b88: ;   {metadata('com/badlogic/gdx/graphics/glutils/VertexArray')}
  0x0000022e10338b88: 4181 fb38 | f002 010f | 85fb 0900 | 0044 8944 | 2414 4889 | 5424 1889 | 7424 1049 | 8d14 ec45 
  0x0000022e10338ba8: 33c9 4d8b | 9780 0300 | 004d 8b12 | 4c89 5424 | 204c 8b04 | 2448 8b6c | 2418 6690 

  0x0000022e10338bc4: ;   {optimized virtual_call}
  0x0000022e10338bc4: c5f8 77e8 

  0x0000022e10338bc8: ; ImmutableOopMap {rbp=Oop [0]=Oop [24]=Oop [32]=Oop }
                      ;*invokeinterface bind {reexecute=0 rethrow=0 return_oop=0}
                      ; - com.badlogic.gdx.graphics.Mesh::bind@6 (line 391)
                      ; - com.badlogic.gdx.graphics.Mesh::bind@3 (line 382)
                      ; - com.badlogic.gdx.graphics.Mesh::render@13 (line 490)
                      ; - com.badlogic.gdx.graphics.Mesh::render@10 (line 460)
  0x0000022e10338bc8: 74c4 f9ff 

  0x0000022e10338bcc: ;   {other}
  0x0000022e10338bcc: 0f1f 8400 | bc03 0000 | 488b c58b | 6814 458b 

  0x0000022e10338bdc: ;   {metadata('com/badlogic/gdx/graphics/glutils/IndexArray')}
  0x0000022e10338bdc: 5cec 0841 | 81fb 18f5 | 0201 0f85 | c809 0000 | 4d8d 14ec | 410f b66a | 0c85 ed0f | 8553 0b00 
  0x0000022e10338bfc: 0045 8b52 | 1047 8b5c | d41c 4585 | db0f 8e4d | 0a00 000f | b668 0d85 | ed0f 844d | 0b00 0047 
  0x0000022e10338c1c: 8b4c d418 | 8b4c 240c | 413b cb0f | 8f53 0b00 | 0085 c90f | 8c77 0b00 | 0043 8b7c | d40c 3bf9 
  0x0000022e10338c3c: 0f8f 960b | 0000 4389 | 4cd4 1844 | 8bc1 4403 | 4424 1043 | 8b6c d420 | 443b c50f | 8fab 0b00 
  0x0000022e10338c5c: 0045 85c0 | 0f8c f60b | 0000 4789 | 44d4 1c41 | 3bc8 0f8f | 400c 0000 | 413b f80f | 8f93 0c00 
  0x0000022e10338c7c: ;   {oop(a 'java/lang/Class'{0x00000006044cca60} = 'com/badlogic/gdx/Gdx')}
  0x0000022e10338c7c: 0049 b860 | ca4c 0406 | 0000 0041 | 8ba8 8c00 | 0000 418b 

  0x0000022e10338c90: ;   {metadata('com/badlogic/gdx/backends/lwjgl/LwjglGL20')}
  0x0000022e10338c90: 5cec 0881 | fb60 1202 | 010f 852d 

  0x0000022e10338c9c: ;   {oop(a 'java/lang/Class'{0x000000060470ebb8} = 'org/lwjgl/opengl/GLContext')}
  0x0000022e10338c9c: 0900 0049 | b8b8 eb70 | 0406 0000 | 0041 8b58 | 7441 8b6c | dc0c 4c8b | c549 c1e0 | 0348 8b7c 
  0x0000022e10338cbc: 2420 4c3b | c70f 85b5 | 0900 0045 | 8b44 dc10 | 4585 c00f | 8497 0c00 | 004b 8b9c | c488 1a00 
  0x0000022e10338cdc: 0048 85db | 0f84 c60c | 0000 438b | 94c4 ac3f | 0000 418b | 6cd4 1041 | 8b74 ec10 | 418b 6cec 
  0x0000022e10338cfc: 0c41 8b54 | f40c 3bea | 0f83 2608 | 0000 498d | 14f4 8b74 | aa10 418b | 6cf4 1885 | ed0f 8599 
  0x0000022e10338d1c: 0900 0041 | 8b6c f40c | 85ed 0f85 | d40c 0000 

  0x0000022e10338d2c: ;   {oop(a 'org/lwjgl/MemoryUtilSun$AccessorUnsafe'{0x000000060467a5c8})}
  0x0000022e10338d2c: 48ba c8a5 | 6704 0600 | 0000 488b | 7210 448b | 4424 1045 | 85c0 0f8e | 9604 0000 | 443b 620c 
  0x0000022e10338d4c: 0f84 2208 | 0000 4489 | 4c24 2844 | 895c 2410 | d1e1 4b8d | 2cd4 4489 | 5424 0c48 | 63f9 4803 
  0x0000022e10338d6c: 7c35 0041 | b903 1400 | 008b 5424 | 0848 8bf3 

  0x0000022e10338d7c: ;   {static_call}
  0x0000022e10338d7c: c5f8 77e8 

  0x0000022e10338d80: ; ImmutableOopMap {rbp=Oop [0]=Oop [12]=NarrowOop [24]=Oop [32]=Oop }
                      ;*invokestatic nglDrawElements {reexecute=0 rethrow=0 return_oop=0}
                      ; - org.lwjgl.opengl.GL11::glDrawElements@34 (line 1110)
                      ; - com.badlogic.gdx.backends.lwjgl.LwjglGL20::glDrawElements@21 (line 281)
                      ; - com.badlogic.gdx.graphics.Mesh::render@88 (line 499)
                      ; - com.badlogic.gdx.graphics.Mesh::render@10 (line 460)
  0x0000022e10338d80: dcd6 f5ff 

  0x0000022e10338d84: ;   {other}
  0x0000022e10338d84: 0f1f 8400 | 7405 0001 | 448b 4424 | 0c43 8b6c | c41c 448b | 5c24 2844 | 3bdd 0f8f | 980c 0000 
  0x0000022e10338da4: 4585 db0f | 8cbb 0c00 | 0047 8b4c | c40c 453b | cb0f 8fe1 | 0c00 0047 | 895c c418 | 438b 6cc4 
  0x0000022e10338dc4: 2044 8b54 | 2410 443b | d50f 8f01 | 0d00 0045 | 85d2 0f8c | 340d 0000 | 4789 54c4 | 1c45 3bda 
  0x0000022e10338de4: 0f8f 5a0d | 0000 453b | ca0f 8f85 | 0d00 0048 | 8b44 2418 | 8b68 1045 | 8b54 ec08 

  0x0000022e10338e00: ;   {metadata('com/badlogic/gdx/graphics/glutils/VertexArray')}
  0x0000022e10338e00: 4181 fa38 | f002 010f | 85f7 0700 | 0049 8d3c | ec44 8b5f | 1047 8b54 | dc18 478b | 74d4 0c45 
  0x0000022e10338e20: 85f6 0f86 | bf02 0000 | 4c8b 0424 | 4d85 c00f | 8403 0800 | 0045 33ed | eb17 660f | 1f44 0000 
  0x0000022e10338e40: 488b c54c | 8b04 2448 | 8b7c 2408 | 448b 7424 | 1044 8b5f | 1047 8b5c | dc18 478b | 54dc 0c45 
  0x0000022e10338e60: 3bea 0f83 | f803 0000 | 4f8d 14dc | 478b 5caa | 1047 8b4c 

  0x0000022e10338e74: ;   {oop(a 'java/lang/Class'{0x00000006044cca60} = 'com/badlogic/gdx/Gdx')}
  0x0000022e10338e74: dc28 49ba | 60ca 4c04 | 0600 0000 | 418b b28c | 0000 0041 | 0fb6 681d | 85ed 0f85 | 7405 0000 
  0x0000022e10338e94: 458b 5034 | 4585 d20f | 84f3 0300 | 0043 8b5c | cc0c 85db | 0f84 8a02 | 0000 8bcb | 4323 4cd4 
  0x0000022e10338eb4: 2043 8b6c | d430 458b | 5cec 0c41 | 3bcb 0f83 | e403 0000 | 4d8d 1cec | 418b 6c8b | 1044 3bcd 
  0x0000022e10338ed4: 0f84 3c01 | 0000 458b 

  0x0000022e10338edc: ;   {metadata('java/lang/String')}
  0x0000022e10338edc: 5cec 0841 | 81fb 40e7 | 0000 0f85 | e00c 0000 | c5f9 6ee1 | c5f9 6edb | c4c1 796e | d2c5 f96e 
  0x0000022e10338efc: ce4c 8bdf | 4c8b d043 | 0fbe 4ccc | 1049 8d3c | ec0f be5f | 103b cb0f | 8560 0400 | 008b 5f14 
  0x0000022e10338f1c: 438b 54cc | 1441 8b7c | dc0c 418b | 4cd4 0c3b | cf0f 8554 | 0400 0049 | 8d3c dc49 | 8d74 dc10 
  0x0000022e10338f3c: 498d 1cd4 | 498d 7cd4 | 1085 c90f | 849d 0000 | 008b c183 | e01f 83e1 | e00f 844b | 0000 0048 
  0x0000022e10338f5c: 8d3c 0f48 | 8d34 0e48 | f7d9 c5fe | 6f2c 0fc5 | fe6f 040e | c5d5 efe8 | c4e2 7d17 | ed0f 8572 
  0x0000022e10338f7c: 0000 0048 | 83c1 2075 | e185 c00f | 845d 0000 | 00c5 fe6f | 6c07 e0c5 | fe6f 4406 | e0c5 d5ef 
  0x0000022e10338f9c: e8c4 e27d | 17ed 754d | eb44 8bc8 | 83e1 fc74 | 1948 8d3c | 0f48 8d34 | 0e48 f7d9 | 8b1c 0f3b 
  0x0000022e10338fbc: 1c0e 7531 | 4883 c104 | 75f2 a802 | 7412 0fb7 | 1f0f b70e | 3bd9 751d | 488d 7f02 | 488d 7602 
  0x0000022e10338fdc: ;   {no_reloc}
  0x0000022e10338fdc: a801 740a | 0fb6 1f0f | b60e 3bd9 | 7507 b801 | 0000 00eb | 0233 c0c5 | d5ef edc5 | fdef c085 
  0x0000022e10338ffc: c00f 8461 | 0300 0049 | 8bc2 498b | fbc5 f97e | cec4 c179 | 7ed2 c5f9 | 7ee1 438b | 6cd4 3445 
  0x0000022e1033901c: 8b5c ec0c | 413b cb0f | 83cb 0200 | 004d 8d14 | ec45 8b5c | 8a10 4183 | fbfe 0f84 | 0804 0000 
  0x0000022e1033903c: 4183 fbff | 0f84 3a04 | 0000 458b 

  0x0000022e10339048: ;   {metadata('com/badlogic/gdx/backends/lwjgl/LwjglGL20')}
  0x0000022e10339048: 54f4 0841 | 81fa 6012 | 0201 0f85 | d802 0000 

  0x0000022e10339058: ;   {oop(a 'java/lang/Class'{0x000000060470ebb8} = 'org/lwjgl/opengl/GLContext')}
  0x0000022e10339058: 49ba b8eb | 7004 0600 | 0000 458b | 4a74 438b | 6ccc 0c4c | 8bd5 49c1 | e203 488b | 4c24 204c 
  0x0000022e10339078: 3bd1 0f85 | 5003 0000 | 438b 6ccc | 1085 ed0f | 8423 0400 | 004d 8b94 | ecf0 2300 | 004d 85d2 
  0x0000022e10339098: 0f84 4604 | 0000 4489 | 6c24 1444 | 8974 2410 | 4889 7c24 | 084c 8904 | 2448 8be8 | 418b d34d 
  0x0000022e103390b8: 8bc2 6690 

  0x0000022e103390bc: ;   {static_call}
  0x0000022e103390bc: c5f8 77e8 

  0x0000022e103390c0: ; ImmutableOopMap {rbp=Oop [0]=Oop [8]=Oop [32]=Oop }
                      ;*invokestatic nglDisableVertexAttribArray {reexecute=0 rethrow=0 return_oop=0}
                      ; - org.lwjgl.opengl.GL20::glDisableVertexAttribArray@15 (line 920)
                      ; - com.badlogic.gdx.backends.lwjgl.LwjglGL20::glDisableVertexAttribArray@1 (line 272)
                      ; - com.badlogic.gdx.graphics.glutils.ShaderProgram::disableVertexAttribute@22 (line 719)
                      ; - com.badlogic.gdx.graphics.glutils.VertexArray::unbind@34 (line 157)
                      ; - com.badlogic.gdx.graphics.Mesh::unbind@6 (line 409)
                      ; - com.badlogic.gdx.graphics.Mesh::unbind@3 (line 400)
                      ; - com.badlogic.gdx.graphics.Mesh::render@253 (line 518)
                      ; - com.badlogic.gdx.graphics.Mesh::render@10 (line 460)
  0x0000022e103390c0: 1c12 f4ff 

  0x0000022e103390c4: ;   {other}
  0x0000022e103390c4: 0f1f 8400 | b408 0002 | 448b 6c24 | 1441 ffc5 | 443b 6c24 | 100f 8c61 | fdff ff48 | 8bc5 488b 
  0x0000022e103390e4: 7c24 0844 | 8867 0c8b | 6814 458b 

  0x0000022e103390f0: ;   {metadata('com/badlogic/gdx/graphics/glutils/IndexArray')}
  0x0000022e103390f0: 5cec 0841 | 81fb 18f5 | 0201 0f85 | 1c05 0000 | 4d8d 14ec | 410f b66a | 0c85 ed0f | 859f 0a00 
  0x0000022e10339110: 0045 8b5a | 1043 8b6c | dc1c 85ed | 0f8e da05 | 0000 c5f8 | 7748 83c4 

  0x0000022e10339128: ;   {poll_return}
  0x0000022e10339128: 605d 493b | a748 0400 | 000f 871e | 0d00 00c3 | 430f b64c | cc11 85c9 | 0f85 a000 | 0000 478b 
  0x0000022e10339148: 5ccc 144b | 8d0c d449 | 8bd3 48c1 | e203 4b8d | 2ccc 4380 | 7ccc 1000 | 0f85 8700 | 0000 4489 
  0x0000022e10339168: 5424 3089 | 7424 2c44 | 894c 2428 | 4489 6c24 | 1c44 8974 | 2418 4889 | 7c24 104c | 8944 2408 
  0x0000022e10339188: 4889 0424 | 4889 4c24 | 4066 6690 

  0x0000022e10339194: ;   {static_call}
  0x0000022e10339194: c5f8 77e8 

  0x0000022e10339198: ; ImmutableOopMap {rbp=Oop [0]=Oop [8]=Oop [16]=Oop [32]=Oop [40]=NarrowOop [44]=NarrowOop [48]=NarrowOop [64]=Oop }
                      ;*invokestatic hashCode {reexecute=0 rethrow=0 return_oop=0}
                      ; - java.lang.String::hashCode@27 (line 2369)
                      ; - com.badlogic.gdx.utils.ObjectIntMap::get@1 (line 279)
                      ; - com.badlogic.gdx.graphics.glutils.ShaderProgram::fetchAttributeLocation@11 (line 290)
                      ; - com.badlogic.gdx.graphics.glutils.ShaderProgram::disableVertexAttribute@10 (line 717)
                      ; - com.badlogic.gdx.graphics.glutils.VertexArray::unbind@34 (line 157)
                      ; - com.badlogic.gdx.graphics.Mesh::unbind@6 (line 409)
                      ; - com.badlogic.gdx.graphics.Mesh::unbind@3 (line 400)
                      ; - com.badlogic.gdx.graphics.Mesh::render@253 (line 518)
                      ; - com.badlogic.gdx.graphics.Mesh::render@10 (line 460)
  0x0000022e10339198: e466 78ff 

  0x0000022e1033919c: ;   {other}
  0x0000022e1033919c: 0f1f 8400 | 8c09 0003 | 8bd8 85c0 | 0f84 7f00 | 0000 448b | 4c24 2843 | 8944 cc0c | 488b 0424 
  0x0000022e103391bc: 4c8b 4424 | 0848 8b7c | 2410 448b | 7424 1844 | 8b6c 241c | 8b74 242c | 448b 5424 | 30e9 d0fc 
  0x0000022e103391dc: ffff 4533 | c0e9 62fb | ffff 33db | e9c1 fcff | ff44 8954 | 2430 8974 | 242c 4489 | 4c24 2844 
  0x0000022e103391fc: 896c 241c | 4489 7424 | 1848 897c | 2410 4c89 | 4424 0848 | 8904 2448 | 894c 2440 

  0x0000022e10339218: ;   {static_call}
  0x0000022e10339218: c5f8 77e8 

  0x0000022e1033921c: ; ImmutableOopMap {rbp=Oop [0]=Oop [8]=Oop [16]=Oop [32]=Oop [40]=NarrowOop [44]=NarrowOop [48]=NarrowOop [64]=Oop }
                      ;*invokestatic hashCode {reexecute=0 rethrow=0 return_oop=0}
                      ; - java.lang.String::hashCode@37 (line 2370)
                      ; - com.badlogic.gdx.utils.ObjectIntMap::get@1 (line 279)
                      ; - com.badlogic.gdx.graphics.glutils.ShaderProgram::fetchAttributeLocation@11 (line 290)
                      ; - com.badlogic.gdx.graphics.glutils.ShaderProgram::disableVertexAttribute@10 (line 717)
                      ; - com.badlogic.gdx.graphics.glutils.VertexArray::unbind@34 (line 157)
                      ; - com.badlogic.gdx.graphics.Mesh::unbind@6 (line 409)
                      ; - com.badlogic.gdx.graphics.Mesh::unbind@3 (line 400)
                      ; - com.badlogic.gdx.graphics.Mesh::render@253 (line 518)
                      ; - com.badlogic.gdx.graphics.Mesh::render@10 (line 460)
  0x0000022e1033921c: 6066 78ff 

  0x0000022e10339220: ;   {other}
  0x0000022e10339220: 0f1f 8400 | 100a 0004 | e977 ffff | ff44 8b4c | 2428 43c6 | 44cc 1101 | 33db 488b | 0424 4c8b 
  0x0000022e10339240: 4424 0848 | 8b7c 2410 | 448b 7424 | 1844 8b6c | 241c 8b74 | 242c 448b | 5424 30e9 | 4efc ffff 
  0x0000022e10339260: bae4 ffff | ff48 8bef | 4489 5c24 | 0444 896c | 2408 4889 | 4424 1044 | 8974 240c | 4c89 4424 
  0x0000022e10339280: 2066 6690 

  0x0000022e10339284: ;   {runtime_call UncommonTrapBlob}
  0x0000022e10339284: c5f8 77e8 

  0x0000022e10339288: ; ImmutableOopMap {rbp=Oop [4]=NarrowOop [16]=Oop [32]=Oop }
                      ;*aaload {reexecute=0 rethrow=0 return_oop=0}
                      ; - com.badlogic.gdx.graphics.VertexAttributes::get@5 (line 109)
                      ; - com.badlogic.gdx.graphics.glutils.VertexArray::unbind@28 (line 157)
                      ; - com.badlogic.gdx.graphics.Mesh::unbind@6 (line 409)
                      ; - com.badlogic.gdx.graphics.Mesh::unbind@3 (line 400)
                      ; - com.badlogic.gdx.graphics.Mesh::render@253 (line 518)
                      ; - com.badlogic.gdx.graphics.Mesh::render@10 (line 460)
  0x0000022e10339288: 74ea 78ff 

  0x0000022e1033928c: ;   {other}
  0x0000022e1033928c: 0f1f 8400 | 7c0a 0005 | baf6 ffff | ff41 8be9 

  0x0000022e1033929c: ;   {runtime_call UncommonTrapBlob}
  0x0000022e1033929c: c5f8 77e8 

  0x0000022e103392a0: ; ImmutableOopMap {rbp=NarrowOop }
                      ;*invokevirtual get {reexecute=0 rethrow=0 return_oop=0}
                      ; - com.badlogic.gdx.graphics.glutils.ShaderProgram::fetchAttributeLocation@11 (line 290)
                      ; - com.badlogic.gdx.graphics.glutils.ShaderProgram::disableVertexAttribute@10 (line 717)
                      ; - com.badlogic.gdx.graphics.glutils.VertexArray::unbind@34 (line 157)
                      ; - com.badlogic.gdx.graphics.Mesh::unbind@6 (line 409)
                      ; - com.badlogic.gdx.graphics.Mesh::unbind@3 (line 400)
                      ; - com.badlogic.gdx.graphics.Mesh::render@253 (line 518)
                      ; - com.badlogic.gdx.graphics.Mesh::render@10 (line 460)
  0x0000022e103392a0: 5cea 78ff 

  0x0000022e103392a4: ;   {other}
  0x0000022e103392a4: 0f1f 8400 | 940a 0006 | bae4 ffff | ff48 893c | 2444 896c | 2408 4889 | 4424 1044 | 8974 240c 
  0x0000022e103392c4: 4c89 4424 | 2889 7424 | 3044 8954 | 2434 4489 | 4c24 3889 | 5c24 3c44 | 894c 2444 | 894c 2448 
  0x0000022e103392e4: ;   {runtime_call UncommonTrapBlob}
  0x0000022e103392e4: c5f8 77e8 

  0x0000022e103392e8: ; ImmutableOopMap {rbp=NarrowOop [0]=Oop [16]=Oop [40]=Oop [48]=NarrowOop [52]=NarrowOop [56]=NarrowOop [68]=NarrowOop }
                      ;*aaload {reexecute=0 rethrow=0 return_oop=0}
                      ; - com.badlogic.gdx.utils.ObjectIntMap::get@20 (line 281)
                      ; - com.badlogic.gdx.graphics.glutils.ShaderProgram::fetchAttributeLocation@11 (line 290)
                      ; - com.badlogic.gdx.graphics.glutils.ShaderProgram::disableVertexAttribute@10 (line 717)
                      ; - com.badlogic.gdx.graphics.glutils.VertexArray::unbind@34 (line 157)
                      ; - com.badlogic.gdx.graphics.Mesh::unbind@6 (line 409)
                      ; - com.badlogic.gdx.graphics.Mesh::unbind@3 (line 400)
                      ; - com.badlogic.gdx.graphics.Mesh::render@253 (line 518)
                      ; - com.badlogic.gdx.graphics.Mesh::render@10 (line 460)
  0x0000022e103392e8: 14ea 78ff 

  0x0000022e103392ec: ;   {other}
  0x0000022e103392ec: 0f1f 8400 | dc0a 0007 | bae4 ffff | ff48 893c | 2444 896c | 2408 4889 | 4424 1044 | 8974 240c 
  0x0000022e1033930c: 4c89 4424 | 2844 894c | 2424 8974 | 2430 894c | 2434 6690 

  0x0000022e10339320: ;   {runtime_call UncommonTrapBlob}
  0x0000022e10339320: c5f8 77e8 

  0x0000022e10339324: ; ImmutableOopMap {rbp=NarrowOop [0]=Oop [16]=Oop [36]=NarrowOop [40]=Oop [48]=NarrowOop }
                      ;*iaload {reexecute=0 rethrow=0 return_oop=0}
                      ; - com.badlogic.gdx.utils.ObjectIntMap::get@82 (line 288)
                      ; - com.badlogic.gdx.graphics.glutils.ShaderProgram::fetchAttributeLocation@11 (line 290)
                      ; - com.badlogic.gdx.graphics.glutils.ShaderProgram::disableVertexAttribute@10 (line 717)
                      ; - com.badlogic.gdx.graphics.glutils.VertexArray::unbind@34 (line 157)
                      ; - com.badlogic.gdx.graphics.Mesh::unbind@6 (line 409)
                      ; - com.badlogic.gdx.graphics.Mesh::unbind@3 (line 400)
                      ; - com.badlogic.gdx.graphics.Mesh::render@253 (line 518)
                      ; - com.badlogic.gdx.graphics.Mesh::render@10 (line 460)
  0x0000022e10339324: d8e9 78ff 

  0x0000022e10339328: ;   {other}
  0x0000022e10339328: 0f1f 8400 | 180b 0008 | bade ffff | ff48 8bef | 4489 2c24 | 4889 4424 | 084c 8944 | 2410 4489 
  0x0000022e10339348: 7424 0489 | 7424 1844 | 895c 241c 

  0x0000022e10339354: ;   {runtime_call UncommonTrapBlob}
  0x0000022e10339354: c5f8 77e8 

  0x0000022e10339358: ; ImmutableOopMap {rbp=Oop [8]=Oop [16]=Oop [24]=NarrowOop }
                      ;*invokeinterface glDisableVertexAttribArray {reexecute=0 rethrow=0 return_oop=0}
                      ; - com.badlogic.gdx.graphics.glutils.ShaderProgram::disableVertexAttribute@22 (line 719)
                      ; - com.badlogic.gdx.graphics.glutils.VertexArray::unbind@34 (line 157)
                      ; - com.badlogic.gdx.graphics.Mesh::unbind@6 (line 409)
                      ; - com.badlogic.gdx.graphics.Mesh::unbind@3 (line 400)
                      ; - com.badlogic.gdx.graphics.Mesh::render@253 (line 518)
                      ; - com.badlogic.gdx.graphics.Mesh::render@10 (line 460)
  0x0000022e10339358: a4e9 78ff 

  0x0000022e1033935c: ;   {other}
  0x0000022e1033935c: 0f1f 8400 | 4c0b 0009 | 498b c249 | 8bfb c5f9 | 7ece c4c1 | 797e d2c5 | f97e dbeb | 1a49 8bfb 
  0x0000022e1033937c: c4c1 797e | d2c5 f97e | dbeb 0c49 | 8bfb c4c1 | 797e d2c5 | f97e dbba | 45ff ffff | 488b ef44 
  0x0000022e1033939c: 892c 2448 | 8944 2408 | 4489 7424 | 044c 8944 | 2420 8974 | 2428 4489 | 5424 2c44 | 894c 2430 
  0x0000022e103393bc: 895c 2434 

  0x0000022e103393c0: ;   {runtime_call UncommonTrapBlob}
  0x0000022e103393c0: c5f8 77e8 

  0x0000022e103393c4: ; ImmutableOopMap {rbp=Oop [8]=Oop [32]=Oop [40]=NarrowOop [44]=NarrowOop [48]=NarrowOop }
                      ;*ifne {reexecute=1 rethrow=0 return_oop=0}
                      ; - (reexecute) com.badlogic.gdx.utils.ObjectIntMap::get@24 (line 281)
                      ; - com.badlogic.gdx.graphics.glutils.ShaderProgram::fetchAttributeLocation@11 (line 290)
                      ; - com.badlogic.gdx.graphics.glutils.ShaderProgram::disableVertexAttribute@10 (line 717)
                      ; - com.badlogic.gdx.graphics.glutils.VertexArray::unbind@34 (line 157)
                      ; - com.badlogic.gdx.graphics.Mesh::unbind@6 (line 409)
                      ; - com.badlogic.gdx.graphics.Mesh::unbind@3 (line 400)
                      ; - com.badlogic.gdx.graphics.Mesh::render@253 (line 518)
                      ; - com.badlogic.gdx.graphics.Mesh::render@10 (line 460)
  0x0000022e103393c4: 38e9 78ff 

  0x0000022e103393c8: ;   {other}
  0x0000022e103393c8: 0f1f 8400 | b80b 000a | ba45 ffff | ff48 893c | 2444 896c | 2408 4889 | 4424 104c | 8944 2418 
  0x0000022e103393e8: 4489 7424 | 0c44 895c | 2420 4889 | 4c24 2890 

  0x0000022e103393f8: ;   {runtime_call UncommonTrapBlob}
  0x0000022e103393f8: c5f8 77e8 

  0x0000022e103393fc: ; ImmutableOopMap {rbp=NarrowOop [0]=Oop [16]=Oop [24]=Oop [40]=Oop }
                      ;*if_acmpne {reexecute=1 rethrow=0 return_oop=0}
                      ; - (reexecute) org.lwjgl.opengl.GLContext::getCapabilitiesImpl@11 (line 132)
                      ; - org.lwjgl.opengl.GLContext::getCapabilities@0 (line 122)
                      ; - org.lwjgl.opengl.GL20::glDisableVertexAttribArray@0 (line 917)
                      ; - com.badlogic.gdx.backends.lwjgl.LwjglGL20::glDisableVertexAttribArray@1 (line 272)
                      ; - com.badlogic.gdx.graphics.glutils.ShaderProgram::disableVertexAttribute@22 (line 719)
                      ; - com.badlogic.gdx.graphics.glutils.VertexArray::unbind@34 (line 157)
                      ; - com.badlogic.gdx.graphics.Mesh::unbind@6 (line 409)
                      ; - com.badlogic.gdx.graphics.Mesh::unbind@3 (line 400)
                      ; - com.badlogic.gdx.graphics.Mesh::render@253 (line 518)
                      ; - com.badlogic.gdx.graphics.Mesh::render@10 (line 460)
  0x0000022e103393fc: 00e9 78ff 

  0x0000022e10339400: ;   {other}
  0x0000022e10339400: 0f1f 8400 | f00b 000b | ba45 ffff | ff48 893c | 2444 896c | 2408 4889 | 4424 1044 | 8974 240c 
  0x0000022e10339420: 4c89 4424 | 2044 894c | 2428 8974 | 242c 4c89 | 4424 3090 

  0x0000022e10339434: ;   {runtime_call UncommonTrapBlob}
  0x0000022e10339434: c5f8 77e8 

  0x0000022e10339438: ; ImmutableOopMap {[0]=Oop [16]=Oop [32]=Oop [40]=NarrowOop [44]=NarrowOop [48]=Oop }
                      ;*ifeq {reexecute=1 rethrow=0 return_oop=0}
                      ; - (reexecute) com.badlogic.gdx.graphics.glutils.ShaderProgram::checkManaged@4 (line 746)
                      ; - com.badlogic.gdx.graphics.glutils.ShaderProgram::disableVertexAttribute@5 (line 716)
                      ; - com.badlogic.gdx.graphics.glutils.VertexArray::unbind@34 (line 157)
                      ; - com.badlogic.gdx.graphics.Mesh::unbind@6 (line 409)
                      ; - com.badlogic.gdx.graphics.Mesh::unbind@3 (line 400)
                      ; - com.badlogic.gdx.graphics.Mesh::render@253 (line 518)
                      ; - com.badlogic.gdx.graphics.Mesh::render@10 (line 460)
  0x0000022e10339438: c4e8 78ff 

  0x0000022e1033943c: ;   {other}
  0x0000022e1033943c: 0f1f 8400 | 2c0c 000c | ba45 ffff | ff48 8bef | 4489 2c24 | 4889 4424 | 0844 8974 | 2404 4c89 
  0x0000022e1033945c: 4424 2044 | 894c 241c | 8974 2428 | 4489 5c24 | 2c66 6690 

  0x0000022e10339470: ;   {runtime_call UncommonTrapBlob}
  0x0000022e10339470: c5f8 77e8 

  0x0000022e10339474: ; ImmutableOopMap {rbp=Oop [8]=Oop [28]=NarrowOop [32]=Oop [40]=NarrowOop }
                      ;*if_icmpne {reexecute=1 rethrow=0 return_oop=0}
                      ; - (reexecute) com.badlogic.gdx.graphics.glutils.ShaderProgram::fetchAttributeLocation@18 (line 290)
                      ; - com.badlogic.gdx.graphics.glutils.ShaderProgram::disableVertexAttribute@10 (line 717)
                      ; - com.badlogic.gdx.graphics.glutils.VertexArray::unbind@34 (line 157)
                      ; - com.badlogic.gdx.graphics.Mesh::unbind@6 (line 409)
                      ; - com.badlogic.gdx.graphics.Mesh::unbind@3 (line 400)
                      ; - com.badlogic.gdx.graphics.Mesh::render@253 (line 518)
                      ; - com.badlogic.gdx.graphics.Mesh::render@10 (line 460)
  0x0000022e10339474: 88e8 78ff 

  0x0000022e10339478: ;   {other}
  0x0000022e10339478: 0f1f 8400 | 680c 000d | ba45 ffff | ff48 8bef | 4489 2c24 | 4889 4424 | 084c 8944 | 2410 4489 
  0x0000022e10339498: 7424 0444 | 895c 2418 

  0x0000022e103394a0: ;   {runtime_call UncommonTrapBlob}
  0x0000022e103394a0: c5f8 77e8 

  0x0000022e103394a4: ; ImmutableOopMap {rbp=Oop [8]=Oop [16]=Oop }
                      ;*if_icmpne {reexecute=1 rethrow=0 return_oop=0}
                      ; - (reexecute) com.badlogic.gdx.graphics.glutils.ShaderProgram::disableVertexAttribute@16 (line 718)
                      ; - com.badlogic.gdx.graphics.glutils.VertexArray::unbind@34 (line 157)
                      ; - com.badlogic.gdx.graphics.Mesh::unbind@6 (line 409)
                      ; - com.badlogic.gdx.graphics.Mesh::unbind@3 (line 400)
                      ; - com.badlogic.gdx.graphics.Mesh::render@253 (line 518)
                      ; - com.badlogic.gdx.graphics.Mesh::render@10 (line 460)
  0x0000022e103394a4: 58e8 78ff 

  0x0000022e103394a8: ;   {other}
  0x0000022e103394a8: 0f1f 8400 | 980c 000e | ba45 ffff | ff48 893c | 2444 896c | 2408 4889 | 4424 104c | 8944 2418 
  0x0000022e103394c8: 4489 7424 | 0c44 895c | 2420 6690 

  0x0000022e103394d4: ;   {runtime_call UncommonTrapBlob}
  0x0000022e103394d4: c5f8 77e8 

  0x0000022e103394d8: ; ImmutableOopMap {rbp=NarrowOop [0]=Oop [16]=Oop [24]=Oop }
                      ;*ifnonnull {reexecute=1 rethrow=0 return_oop=0}
                      ; - (reexecute) org.lwjgl.opengl.GLContext::getCapabilities@5 (line 123)
                      ; - org.lwjgl.opengl.GL20::glDisableVertexAttribArray@0 (line 917)
                      ; - com.badlogic.gdx.backends.lwjgl.LwjglGL20::glDisableVertexAttribArray@1 (line 272)
                      ; - com.badlogic.gdx.graphics.glutils.ShaderProgram::disableVertexAttribute@22 (line 719)
                      ; - com.badlogic.gdx.graphics.glutils.VertexArray::unbind@34 (line 157)
                      ; - com.badlogic.gdx.graphics.Mesh::unbind@6 (line 409)
                      ; - com.badlogic.gdx.graphics.Mesh::unbind@3 (line 400)
                      ; - com.badlogic.gdx.graphics.Mesh::render@253 (line 518)
                      ; - com.badlogic.gdx.graphics.Mesh::render@10 (line 460)
  0x0000022e103394d8: 24e8 78ff 

  0x0000022e103394dc: ;   {other}
  0x0000022e103394dc: 0f1f 8400 | cc0c 000f | 4533 c94d | 3bd1 bdff | ffff ff7c | 0840 0f95 | c540 0fb6 | edba 45ff 
  0x0000022e103394fc: ffff 4889 | 3c24 4489 | 6c24 0848 | 8944 2410 | 4c89 4424 | 1844 8974 | 240c 4489 | 5c24 204c 
  0x0000022e1033951c: 8954 2428 

  0x0000022e10339520: ;   {runtime_call UncommonTrapBlob}
  0x0000022e10339520: c5f8 77e8 

  0x0000022e10339524: ; ImmutableOopMap {[0]=Oop [16]=Oop [24]=Oop }
                      ;*ifne {reexecute=1 rethrow=0 return_oop=0}
                      ; - (reexecute) org.lwjgl.BufferChecks::checkFunctionAddress@9 (line 57)
                      ; - org.lwjgl.opengl.GL20::glDisableVertexAttribArray@10 (line 919)
                      ; - com.badlogic.gdx.backends.lwjgl.LwjglGL20::glDisableVertexAttribArray@1 (line 272)
                      ; - com.badlogic.gdx.graphics.glutils.ShaderProgram::disableVertexAttribute@22 (line 719)
                      ; - com.badlogic.gdx.graphics.glutils.VertexArray::unbind@34 (line 157)
                      ; - com.badlogic.gdx.graphics.Mesh::unbind@6 (line 409)
                      ; - com.badlogic.gdx.graphics.Mesh::unbind@3 (line 400)
                      ; - com.badlogic.gdx.graphics.Mesh::render@253 (line 518)
                      ; - com.badlogic.gdx.graphics.Mesh::render@10 (line 460)
  0x0000022e10339524: d8e7 78ff 

  0x0000022e10339528: ;   {other}
  0x0000022e10339528: 0f1f 8400 | 180d 0010 | bae4 ffff | ff48 8944 | 24f8 8b44 | 2414 8944 | 240c 488b | 4424 f844 
  0x0000022e10339548: 894c 2414 | 4489 5c24 | 2044 8954 | 2424 4889 | 5c24 2844 | 8944 2430 | 8974 2434 

  0x0000022e10339564: ;   {runtime_call UncommonTrapBlob}
  0x0000022e10339564: c5f8 77e8 

  0x0000022e10339568: ; ImmutableOopMap {[0]=Oop [24]=Oop [36]=NarrowOop [48]=NarrowOop [52]=NarrowOop }
                      ;*aaload {reexecute=0 rethrow=0 return_oop=0}
                      ; - org.lwjgl.opengl.ReferencesStack::getReferences@8 (line 41)
                      ; - org.lwjgl.opengl.StateTracker::getReferences@7 (line 85)
                      ; - org.lwjgl.opengl.StateTracker::getElementArrayBufferBound@1 (line 143)
                      ; - org.lwjgl.opengl.GLChecks::ensureElementVBOdisabled@7 (line 82)
                      ; - org.lwjgl.opengl.GL11::glDrawElements@14 (line 1108)
                      ; - com.badlogic.gdx.backends.lwjgl.LwjglGL20::glDrawElements@21 (line 281)
                      ; - com.badlogic.gdx.graphics.Mesh::render@88 (line 499)
                      ; - com.badlogic.gdx.graphics.Mesh::render@10 (line 460)
  0x0000022e10339568: 94e7 78ff 

  0x0000022e1033956c: ;   {other}
  0x0000022e1033956c: 0f1f 8400 | 5c0d 0011 | baf6 ffff | ff41 8bea | 4889 3424 

  0x0000022e10339580: ;   {runtime_call UncommonTrapBlob}
  0x0000022e10339580: c5f8 77e8 

  0x0000022e10339584: ; ImmutableOopMap {rbp=NarrowOop }
                      ;*invokevirtual getLong {reexecute=0 rethrow=0 return_oop=0}
                      ; - org.lwjgl.MemoryUtilSun$AccessorUnsafe::getAddress@9 (line 70)
                      ; - org.lwjgl.MemoryUtil::getAddress0@4 (line 113)
                      ; - org.lwjgl.MemoryUtil::getAddress@1 (line 129)
                      ; - org.lwjgl.MemoryUtil::getAddress@5 (line 127)
                      ; - org.lwjgl.opengl.GL11::glDrawElements@30 (line 1110)
                      ; - com.badlogic.gdx.backends.lwjgl.LwjglGL20::glDrawElements@21 (line 281)
                      ; - com.badlogic.gdx.graphics.Mesh::render@88 (line 499)
                      ; - com.badlogic.gdx.graphics.Mesh::render@10 (line 460)
  0x0000022e10339584: 78e7 78ff 

  0x0000022e10339588: ;   {other}
  0x0000022e10339588: 0f1f 8400 | 780d 0012 | bade ffff | ff89 7424 | 1844 8944 | 241c 4c89 | 5424 2090 

  0x0000022e103395a4: ;   {runtime_call UncommonTrapBlob}
  0x0000022e103395a4: c5f8 77e8 

  0x0000022e103395a8: ; ImmutableOopMap {rbp=NarrowOop [0]=Oop [32]=Oop }
                      ;*invokeinterface bind {reexecute=0 rethrow=0 return_oop=0}
                      ; - com.badlogic.gdx.graphics.Mesh::bind@6 (line 391)
                      ; - com.badlogic.gdx.graphics.Mesh::bind@3 (line 382)
                      ; - com.badlogic.gdx.graphics.Mesh::render@13 (line 490)
                      ; - com.badlogic.gdx.graphics.Mesh::render@10 (line 460)
  0x0000022e103395a8: 54e7 78ff 

  0x0000022e103395ac: ;   {other}
  0x0000022e103395ac: 0f1f 8400 | 9c0d 0013 | bade ffff | ff66 6690 

  0x0000022e103395bc: ;   {runtime_call UncommonTrapBlob}
  0x0000022e103395bc: c5f8 77e8 

  0x0000022e103395c0: ; ImmutableOopMap {rbp=NarrowOop [0]=Oop [24]=Oop }
                      ;*invokeinterface getNumIndices {reexecute=0 rethrow=0 return_oop=0}
                      ; - com.badlogic.gdx.graphics.Mesh::bind@15 (line 392)
                      ; - com.badlogic.gdx.graphics.Mesh::bind@3 (line 382)
                      ; - com.badlogic.gdx.graphics.Mesh::render@13 (line 490)
                      ; - com.badlogic.gdx.graphics.Mesh::render@10 (line 460)
  0x0000022e103395c0: 3ce7 78ff 

  0x0000022e103395c4: ;   {other}
  0x0000022e103395c4: 0f1f 8400 | b40d 0014 | bade ffff | ff48 8944 | 24f8 8b44 | 2414 8944 | 240c 488b | 4424 f844 
  0x0000022e103395e4: 894c 2420 | 4489 5c24 | 2444 8954 | 2428 6690 

  0x0000022e103395f4: ;   {runtime_call UncommonTrapBlob}
  0x0000022e103395f4: c5f8 77e8 

  0x0000022e103395f8: ; ImmutableOopMap {rbp=NarrowOop [0]=Oop [24]=Oop [40]=NarrowOop }
                      ;*invokeinterface glDrawElements {reexecute=0 rethrow=0 return_oop=0}
                      ; - com.badlogic.gdx.graphics.Mesh::render@88 (line 499)
                      ; - com.badlogic.gdx.graphics.Mesh::render@10 (line 460)
  0x0000022e103395f8: 04e7 78ff 

  0x0000022e103395fc: ;   {other}
  0x0000022e103395fc: 0f1f 8400 | ec0d 0015 | bade ffff | ff66 6690 

  0x0000022e1033960c: ;   {runtime_call UncommonTrapBlob}
  0x0000022e1033960c: c5f8 77e8 

  0x0000022e10339610: ; ImmutableOopMap {rbp=NarrowOop [0]=Oop [24]=Oop }
                      ;*invokeinterface unbind {reexecute=0 rethrow=0 return_oop=0}
                      ; - com.badlogic.gdx.graphics.Mesh::unbind@6 (line 409)
                      ; - com.badlogic.gdx.graphics.Mesh::unbind@3 (line 400)
                      ; - com.badlogic.gdx.graphics.Mesh::render@253 (line 518)
                      ; - com.badlogic.gdx.graphics.Mesh::render@10 (line 460)
  0x0000022e10339610: ece6 78ff 

  0x0000022e10339614: ;   {other}
  0x0000022e10339614: 0f1f 8400 | 040e 0016 | bade ffff | ff48 8904 | 2466 6690 

  0x0000022e10339628: ;   {runtime_call UncommonTrapBlob}
  0x0000022e10339628: c5f8 77e8 

  0x0000022e1033962c: ; ImmutableOopMap {rbp=NarrowOop [0]=Oop }
                      ;*invokeinterface getNumIndices {reexecute=0 rethrow=0 return_oop=0}
                      ; - com.badlogic.gdx.graphics.Mesh::unbind@15 (line 410)
                      ; - com.badlogic.gdx.graphics.Mesh::unbind@3 (line 400)
                      ; - com.badlogic.gdx.graphics.Mesh::render@253 (line 518)
                      ; - com.badlogic.gdx.graphics.Mesh::render@10 (line 460)
  0x0000022e1033962c: d0e6 78ff 

  0x0000022e10339630: ;   {other}
  0x0000022e10339630: 0f1f 8400 | 200e 0017 | ba76 ffff | ff48 8bef | 4c89 4424 | 0844 8974 | 2414 6690 

  0x0000022e1033964c: ;   {runtime_call UncommonTrapBlob}
  0x0000022e1033964c: c5f8 77e8 

  0x0000022e10339650: ; ImmutableOopMap {rbp=Oop [8]=Oop [24]=Oop }
                      ;*if_icmpge {reexecute=1 rethrow=0 return_oop=0}
                      ; - (reexecute) com.badlogic.gdx.graphics.glutils.VertexArray::unbind@18 (line 156)
                      ; - com.badlogic.gdx.graphics.Mesh::unbind@6 (line 409)
                      ; - com.badlogic.gdx.graphics.Mesh::unbind@3 (line 400)
                      ; - com.badlogic.gdx.graphics.Mesh::render@253 (line 518)
                      ; - com.badlogic.gdx.graphics.Mesh::render@10 (line 460)
  0x0000022e10339650: ace6 78ff 

  0x0000022e10339654: ;   {other}
  0x0000022e10339654: 0f1f 8400 | 440e 0018 | ba45 ffff | ff48 8be8 | 4489 5c24 | 1866 6690 

  0x0000022e1033966c: ;   {runtime_call UncommonTrapBlob}
  0x0000022e1033966c: c5f8 77e8 

  0x0000022e10339670: ; ImmutableOopMap {rbp=Oop [0]=Oop }
                      ;*ifle {reexecute=1 rethrow=0 return_oop=0}
                      ; - (reexecute) com.badlogic.gdx.graphics.Mesh::bind@20 (line 392)
                      ; - com.badlogic.gdx.graphics.Mesh::bind@3 (line 382)
                      ; - com.badlogic.gdx.graphics.Mesh::render@13 (line 490)
                      ; - com.badlogic.gdx.graphics.Mesh::render@10 (line 460)
  0x0000022e10339670: 8ce6 78ff 

  0x0000022e10339674: ;   {other}
  0x0000022e10339674: 0f1f 8400 | 640e 0019 | ba45 ffff | ff48 8944 | 24f8 8b44 | 2414 8944 | 240c 488b | 4424 f844 
  0x0000022e10339694: 894c 2414 | 4489 5c24 | 2044 8954 | 2424 4889 | 7c24 2890 

  0x0000022e103396a8: ;   {runtime_call UncommonTrapBlob}
  0x0000022e103396a8: c5f8 77e8 

  0x0000022e103396ac: ; ImmutableOopMap {rbp=NarrowOop [0]=Oop [24]=Oop [36]=NarrowOop [40]=Oop }
                      ;*if_acmpne {reexecute=1 rethrow=0 return_oop=0}
                      ; - (reexecute) org.lwjgl.opengl.GLContext::getCapabilitiesImpl@11 (line 132)
                      ; - org.lwjgl.opengl.GLContext::getCapabilities@0 (line 122)
                      ; - org.lwjgl.opengl.GL11::glDrawElements@0 (line 1105)
                      ; - com.badlogic.gdx.backends.lwjgl.LwjglGL20::glDrawElements@21 (line 281)
                      ; - com.badlogic.gdx.graphics.Mesh::render@88 (line 499)
                      ; - com.badlogic.gdx.graphics.Mesh::render@10 (line 460)
  0x0000022e103396ac: 50e6 78ff 

  0x0000022e103396b0: ;   {other}
  0x0000022e103396b0: 0f1f 8400 | a00e 001a | ba45 ffff | ff48 8944 | 24f8 8b44 | 2414 8944 | 240c 488b | 4424 f844 
  0x0000022e103396d0: 894c 2414 | 4489 5c24 | 2044 8954 | 2424 4889 | 5c24 2844 | 8944 2430 | 8974 2434 

  0x0000022e103396ec: ;   {runtime_call UncommonTrapBlob}
  0x0000022e103396ec: c5f8 77e8 

  0x0000022e103396f0: ; ImmutableOopMap {[0]=Oop [24]=Oop [36]=NarrowOop [48]=NarrowOop [52]=NarrowOop }
                      ;*ifne {reexecute=1 rethrow=0 return_oop=0}
                      ; - (reexecute) org.lwjgl.opengl.StateTracker::getElementArrayBufferBound@9 (line 145)
                      ; - org.lwjgl.opengl.GLChecks::ensureElementVBOdisabled@7 (line 82)
                      ; - org.lwjgl.opengl.GL11::glDrawElements@14 (line 1108)
                      ; - com.badlogic.gdx.backends.lwjgl.LwjglGL20::glDrawElements@21 (line 281)
                      ; - com.badlogic.gdx.graphics.Mesh::render@88 (line 499)
                      ; - com.badlogic.gdx.graphics.Mesh::render@10 (line 460)
  0x0000022e103396f0: 0ce6 78ff 

  0x0000022e103396f4: ;   {other}
  0x0000022e103396f4: 0f1f 8400 | e40e 001b | ba45 ffff | ff66 6690 

  0x0000022e10339704: ;   {runtime_call UncommonTrapBlob}
  0x0000022e10339704: c5f8 77e8 

  0x0000022e10339708: ; ImmutableOopMap {}
                      ;*ifle {reexecute=1 rethrow=0 return_oop=0}
                      ; - (reexecute) com.badlogic.gdx.graphics.Mesh::unbind@20 (line 410)
                      ; - com.badlogic.gdx.graphics.Mesh::unbind@3 (line 400)
                      ; - com.badlogic.gdx.graphics.Mesh::render@253 (line 518)
                      ; - com.badlogic.gdx.graphics.Mesh::render@10 (line 460)
  0x0000022e10339708: f4e5 78ff 

  0x0000022e1033970c: ;   {other}
  0x0000022e1033970c: 0f1f 8400 | fc0e 001c | ba45 ffff | ff8b ee90 

  0x0000022e1033971c: ;   {runtime_call UncommonTrapBlob}
  0x0000022e1033971c: c5f8 77e8 

  0x0000022e10339720: ; ImmutableOopMap {}
                      ;*ifne {reexecute=1 rethrow=0 return_oop=0}
                      ; - (reexecute) com.badlogic.gdx.graphics.Mesh::render@2 (line 488)
                      ; - com.badlogic.gdx.graphics.Mesh::render@10 (line 460)
  0x0000022e10339720: dce5 78ff 

  0x0000022e10339724: ;   {other}
  0x0000022e10339724: 0f1f 8400 | 140f 001d | ba45 ffff | ff49 8bea | 8974 2410 | 4489 4424 | 1866 6690 

  0x0000022e10339740: ;   {runtime_call UncommonTrapBlob}
  0x0000022e10339740: c5f8 77e8 

  0x0000022e10339744: ; ImmutableOopMap {rbp=Oop [0]=Oop }
                      ;*ifeq {reexecute=1 rethrow=0 return_oop=0}
                      ; - (reexecute) com.badlogic.gdx.graphics.Mesh::render@8 (line 490)
                      ; - com.badlogic.gdx.graphics.Mesh::render@10 (line 460)
  0x0000022e10339744: b8e5 78ff 

  0x0000022e10339748: ;   {other}
  0x0000022e10339748: 0f1f 8400 | 380f 001e | ba45 ffff | ff66 6690 

  0x0000022e10339758: ;   {runtime_call UncommonTrapBlob}
  0x0000022e10339758: c5f8 77e8 

  0x0000022e1033975c: ; ImmutableOopMap {[0]=Oop [24]=Oop }
                      ;*ifeq {reexecute=1 rethrow=0 return_oop=0}
                      ; - (reexecute) com.badlogic.gdx.graphics.glutils.IndexArray::getNumIndices@4 (line 49)
                      ; - com.badlogic.gdx.graphics.Mesh::bind@15 (line 392)
                      ; - com.badlogic.gdx.graphics.Mesh::bind@3 (line 382)
                      ; - com.badlogic.gdx.graphics.Mesh::render@13 (line 490)
                      ; - com.badlogic.gdx.graphics.Mesh::render@10 (line 460)
  0x0000022e1033975c: a0e5 78ff 

  0x0000022e10339760: ;   {other}
  0x0000022e10339760: 0f1f 8400 | 500f 001f | ba45 ffff | ff66 6690 

  0x0000022e10339770: ;   {runtime_call UncommonTrapBlob}
  0x0000022e10339770: c5f8 77e8 

  0x0000022e10339774: ; ImmutableOopMap {[0]=Oop [24]=Oop }
                      ;*ifeq {reexecute=1 rethrow=0 return_oop=0}
                      ; - (reexecute) com.badlogic.gdx.graphics.Mesh::render@20 (line 492)
                      ; - com.badlogic.gdx.graphics.Mesh::render@10 (line 460)
  0x0000022e10339774: 88e5 78ff 

  0x0000022e10339778: ;   {other}
  0x0000022e10339778: 0f1f 8400 | 680f 0020 | ba45 ffff | ff48 8be8 | 4489 4c24 | 1c44 8954 | 2424 4489 | 5424 2844 
  0x0000022e10339798: 895c 2434 

  0x0000022e1033979c: ;   {runtime_call UncommonTrapBlob}
  0x0000022e1033979c: c5f8 77e8 

  0x0000022e103397a0: ; ImmutableOopMap {rbp=Oop [0]=Oop [36]=NarrowOop [40]=NarrowOop }
                      ;*if_icmple {reexecute=1 rethrow=0 return_oop=0}
                      ; - (reexecute) java.nio.Buffer::position@5 (line 326)
                      ; - java.nio.ShortBuffer::position@2 (line 1551)
                      ; - java.nio.ShortBuffer::position@2 (line 285)
                      ; - com.badlogic.gdx.graphics.Mesh::render@63 (line 497)
                      ; - com.badlogic.gdx.graphics.Mesh::render@10 (line 460)
  0x0000022e103397a0: 5ce5 78ff 

  0x0000022e103397a4: ;   {other}
  0x0000022e103397a4: 0f1f 8400 | 940f 0021 | ba45 ffff | ff48 8be8 | 4489 4c24 | 1c44 895c | 2420 4489 | 5424 2444 
  0x0000022e103397c4: 8954 2428 

  0x0000022e103397c8: ;   {runtime_call UncommonTrapBlob}
  0x0000022e103397c8: c5f8 77e8 

  0x0000022e103397cc: ; ImmutableOopMap {rbp=Oop [0]=Oop [36]=NarrowOop [40]=NarrowOop }
                      ;*ifge {reexecute=1 rethrow=0 return_oop=0}
                      ; - (reexecute) java.nio.Buffer::position@14 (line 326)
                      ; - java.nio.ShortBuffer::position@2 (line 1551)
                      ; - java.nio.ShortBuffer::position@2 (line 285)
                      ; - com.badlogic.gdx.graphics.Mesh::render@63 (line 497)
                      ; - com.badlogic.gdx.graphics.Mesh::render@10 (line 460)
  0x0000022e103397cc: 30e5 78ff 

  0x0000022e103397d0: ;   {other}
  0x0000022e103397d0: 0f1f 8400 | c00f 0022 | ba45 ffff | ff48 8be8 | 4489 4c24 | 1c44 895c | 2420 4489 | 5424 2444 
  0x0000022e103397f0: 8954 2428 | 897c 2430 

  0x0000022e103397f8: ;   {runtime_call UncommonTrapBlob}
  0x0000022e103397f8: c5f8 77e8 

  0x0000022e103397fc: ; ImmutableOopMap {rbp=Oop [0]=Oop [36]=NarrowOop [40]=NarrowOop }
                      ;*if_icmple {reexecute=1 rethrow=0 return_oop=0}
                      ; - (reexecute) java.nio.Buffer::position@37 (line 328)
                      ; - java.nio.ShortBuffer::position@2 (line 1551)
                      ; - java.nio.ShortBuffer::position@2 (line 285)
                      ; - com.badlogic.gdx.graphics.Mesh::render@63 (line 497)
                      ; - com.badlogic.gdx.graphics.Mesh::render@10 (line 460)
  0x0000022e103397fc: 00e5 78ff 

  0x0000022e10339800: ;   {other}
  0x0000022e10339800: 0f1f 8400 | f00f 0023 | ba45 ffff | ff48 8944 | 24f8 8b44 | 2410 8944 | 240c 488b | 4424 f848 
  0x0000022e10339820: 8944 24f8 | 8b44 2414 | 8944 2410 | 488b 4424 | f844 894c | 2420 4489 | 5c24 2444 | 8954 2428 
  0x0000022e10339840: 4489 5424 | 2c44 8944 | 2434 6690 

  0x0000022e1033984c: ;   {runtime_call UncommonTrapBlob}
  0x0000022e1033984c: c5f8 77e8 

  0x0000022e10339850: ; ImmutableOopMap {[0]=Oop [24]=Oop [40]=NarrowOop [44]=NarrowOop }
                      ;*if_icmple {reexecute=1 rethrow=0 return_oop=0}
                      ; - (reexecute) java.nio.Buffer::limit@5 (line 379)
                      ; - java.nio.ShortBuffer::limit@2 (line 1565)
                      ; - java.nio.ShortBuffer::limit@2 (line 285)
                      ; - com.badlogic.gdx.graphics.Mesh::render@73 (line 498)
                      ; - com.badlogic.gdx.graphics.Mesh::render@10 (line 460)
  0x0000022e10339850: ace4 78ff 

  0x0000022e10339854: ;   {other}
  0x0000022e10339854: 0f1f 8400 | 4410 0024 | ba45 ffff | ff48 8be8 | 4889 4424 | f88b 4424 | 1089 4424 | 0c48 8b44 
  0x0000022e10339874: 24f8 4889 | 4424 f88b | 4424 1489 | 4424 1048 | 8b44 24f8 | 4489 4c24 | 1844 895c | 241c 4489 
  0x0000022e10339894: 5424 2044 | 8954 2424 | 4489 4424 | 2c66 6690 

  0x0000022e103398a4: ;   {runtime_call UncommonTrapBlob}
  0x0000022e103398a4: c5f8 77e8 

  0x0000022e103398a8: ; ImmutableOopMap {rbp=Oop [0]=Oop [32]=NarrowOop [36]=NarrowOop }
                      ;*ifge {reexecute=1 rethrow=0 return_oop=0}
                      ; - (reexecute) java.nio.Buffer::limit@14 (line 379)
                      ; - java.nio.ShortBuffer::limit@2 (line 1565)
                      ; - java.nio.ShortBuffer::limit@2 (line 285)
                      ; - com.badlogic.gdx.graphics.Mesh::render@73 (line 498)
                      ; - com.badlogic.gdx.graphics.Mesh::render@10 (line 460)
  0x0000022e103398a8: 54e4 78ff 

  0x0000022e103398ac: ;   {other}
  0x0000022e103398ac: 0f1f 8400 | 9c10 0025 | ba45 ffff | ff48 8be8 | 4889 4424 | f88b 4424 | 1089 4424 | 0c48 8b44 
  0x0000022e103398cc: 24f8 4889 | 4424 f88b | 4424 1489 | 4424 1048 | 8b44 24f8 | 4489 4c24 | 1844 895c | 241c 4489 
  0x0000022e103398ec: 5424 2044 | 8954 2424 | 894c 242c | 4489 4424 | 3066 6690 

  0x0000022e10339900: ;   {runtime_call UncommonTrapBlob}
  0x0000022e10339900: c5f8 77e8 

  0x0000022e10339904: ; ImmutableOopMap {rbp=Oop [0]=Oop [32]=NarrowOop [36]=NarrowOop }
                      ;*if_icmple {reexecute=1 rethrow=0 return_oop=0}
                      ; - (reexecute) java.nio.Buffer::limit@42 (line 382)
                      ; - java.nio.ShortBuffer::limit@2 (line 1565)
                      ; - java.nio.ShortBuffer::limit@2 (line 285)
                      ; - com.badlogic.gdx.graphics.Mesh::render@73 (line 498)
                      ; - com.badlogic.gdx.graphics.Mesh::render@10 (line 460)
  0x0000022e10339904: f8e3 78ff 

  0x0000022e10339908: ;   {other}
  0x0000022e10339908: 0f1f 8400 | f810 0026 | ba45 ffff | ff48 8be8 | 4889 4424 | f88b 4424 | 1089 4424 | 0c48 8b44 
  0x0000022e10339928: 24f8 4889 | 4424 f88b | 4424 1489 | 4424 1048 | 8b44 24f8 | 4489 4c24 | 1844 895c | 241c 4489 
  0x0000022e10339948: 5424 2044 | 8954 2424 | 897c 2428 | 4489 4424 | 2c66 6690 

  0x0000022e1033995c: ;   {runtime_call UncommonTrapBlob}
  0x0000022e1033995c: c5f8 77e8 

  0x0000022e10339960: ; ImmutableOopMap {rbp=Oop [0]=Oop [32]=NarrowOop [36]=NarrowOop }
                      ;*if_icmple {reexecute=1 rethrow=0 return_oop=0}
                      ; - (reexecute) java.nio.Buffer::limit@55 (line 383)
                      ; - java.nio.ShortBuffer::limit@2 (line 1565)
                      ; - java.nio.ShortBuffer::limit@2 (line 285)
                      ; - com.badlogic.gdx.graphics.Mesh::render@73 (line 498)
                      ; - com.badlogic.gdx.graphics.Mesh::render@10 (line 460)
  0x0000022e10339960: 9ce3 78ff 

  0x0000022e10339964: ;   {other}
  0x0000022e10339964: 0f1f 8400 | 5411 0027 | ba45 ffff | ff48 8be8 | 4889 4424 | f88b 4424 | 1489 4424 | 0c48 8b44 
  0x0000022e10339984: 24f8 4489 | 4c24 1444 | 895c 2418 | 4489 5424 | 1c44 8944 | 2424 6690 

  0x0000022e1033999c: ;   {runtime_call UncommonTrapBlob}
  0x0000022e1033999c: c5f8 77e8 

  0x0000022e103399a0: ; ImmutableOopMap {rbp=Oop [0]=Oop [28]=NarrowOop [36]=NarrowOop }
                      ;*ifnonnull {reexecute=1 rethrow=0 return_oop=0}
                      ; - (reexecute) org.lwjgl.opengl.GLContext::getCapabilities@5 (line 123)
                      ; - org.lwjgl.opengl.GL11::glDrawElements@0 (line 1105)
                      ; - com.badlogic.gdx.backends.lwjgl.LwjglGL20::glDrawElements@21 (line 281)
                      ; - com.badlogic.gdx.graphics.Mesh::render@88 (line 499)
                      ; - com.badlogic.gdx.graphics.Mesh::render@10 (line 460)
  0x0000022e103399a0: 5ce3 78ff 

  0x0000022e103399a4: ;   {other}
  0x0000022e103399a4: 0f1f 8400 | 9411 0028 | 33c9 483b | d9bd ffff | ffff 7c08 | 400f 95c5 | 400f b6ed | ba45 ffff 
  0x0000022e103399c4: ff48 8944 | 24f8 8b44 | 2414 8944 | 240c 488b | 4424 f844 | 894c 2414 | 4489 5c24 | 2044 8954 
  0x0000022e103399e4: 2424 4489 | 4424 2848 | 895c 2430 

  0x0000022e103399f0: ;   {runtime_call UncommonTrapBlob}
  0x0000022e103399f0: c5f8 77e8 

  0x0000022e103399f4: ; ImmutableOopMap {[0]=Oop [24]=Oop [36]=NarrowOop [40]=NarrowOop }
                      ;*ifne {reexecute=1 rethrow=0 return_oop=0}
                      ; - (reexecute) org.lwjgl.BufferChecks::checkFunctionAddress@9 (line 57)
                      ; - org.lwjgl.opengl.GL11::glDrawElements@10 (line 1107)
                      ; - com.badlogic.gdx.backends.lwjgl.LwjglGL20::glDrawElements@21 (line 281)
                      ; - com.badlogic.gdx.graphics.Mesh::render@88 (line 499)
                      ; - com.badlogic.gdx.graphics.Mesh::render@10 (line 460)
  0x0000022e103399f4: 08e3 78ff 

  0x0000022e103399f8: ;   {other}
  0x0000022e103399f8: 0f1f 8400 | e811 0029 | ba45 ffff | ff48 8944 | 24f8 8b44 | 2414 8944 | 240c 488b | 4424 f844 
  0x0000022e10339a18: 894c 2414 | 4489 5c24 | 2044 8954 | 2424 4889 | 5c24 2890 

  0x0000022e10339a2c: ;   {runtime_call UncommonTrapBlob}
  0x0000022e10339a2c: c5f8 77e8 

  0x0000022e10339a30: ; ImmutableOopMap {[0]=Oop [24]=Oop [36]=NarrowOop }
                      ;*ifeq {reexecute=1 rethrow=0 return_oop=0}
                      ; - (reexecute) org.lwjgl.opengl.GLChecks::ensureElementVBOdisabled@10 (line 82)
                      ; - org.lwjgl.opengl.GL11::glDrawElements@14 (line 1108)
                      ; - com.badlogic.gdx.backends.lwjgl.LwjglGL20::glDrawElements@21 (line 281)
                      ; - com.badlogic.gdx.graphics.Mesh::render@88 (line 499)
                      ; - com.badlogic.gdx.graphics.Mesh::render@10 (line 460)
  0x0000022e10339a30: cce2 78ff 

  0x0000022e10339a34: ;   {other}
  0x0000022e10339a34: 0f1f 8400 | 2412 002a | ba45 ffff | ff48 ff74 | 2418 488f | 4424 0844 | 8944 241c | 4489 4424 
  0x0000022e10339a54: 2066 6690 

  0x0000022e10339a58: ;   {runtime_call UncommonTrapBlob}
  0x0000022e10339a58: c5f8 77e8 

  0x0000022e10339a5c: ; ImmutableOopMap {[0]=Oop [8]=Oop [28]=NarrowOop [32]=NarrowOop }
                      ;*if_icmple {reexecute=1 rethrow=0 return_oop=0}
                      ; - (reexecute) java.nio.Buffer::position@5 (line 326)
                      ; - java.nio.ShortBuffer::position@2 (line 1551)
                      ; - java.nio.ShortBuffer::position@2 (line 285)
                      ; - com.badlogic.gdx.graphics.Mesh::render@97 (line 500)
                      ; - com.badlogic.gdx.graphics.Mesh::render@10 (line 460)
  0x0000022e10339a5c: a0e2 78ff 

  0x0000022e10339a60: ;   {other}
  0x0000022e10339a60: 0f1f 8400 | 5012 002b | ba45 ffff | ff48 8b6c | 2418 4889 | 4424 f88b | 4424 1489 | 4424 0848 
  0x0000022e10339a80: 8b44 24f8 | 4489 5c24 | 2066 6690 

  0x0000022e10339a8c: ;   {runtime_call UncommonTrapBlob}
  0x0000022e10339a8c: c5f8 77e8 

  0x0000022e10339a90: ; ImmutableOopMap {rbp=Oop [0]=Oop [12]=NarrowOop }
                      ;*ifge {reexecute=1 rethrow=0 return_oop=0}
                      ; - (reexecute) java.nio.Buffer::position@14 (line 326)
                      ; - java.nio.ShortBuffer::position@2 (line 1551)
                      ; - java.nio.ShortBuffer::position@2 (line 285)
                      ; - com.badlogic.gdx.graphics.Mesh::render@97 (line 500)
                      ; - com.badlogic.gdx.graphics.Mesh::render@10 (line 460)
  0x0000022e10339a90: 6ce2 78ff 

  0x0000022e10339a94: ;   {other}
  0x0000022e10339a94: 0f1f 8400 | 8412 002c | ba45 ffff | ff48 8b6c | 2418 4889 | 4424 f88b | 4424 1489 | 4424 0848 
  0x0000022e10339ab4: 8b44 24f8 | 4489 4c24 | 2044 895c | 2424 6690 

  0x0000022e10339ac4: ;   {runtime_call UncommonTrapBlob}
  0x0000022e10339ac4: c5f8 77e8 

  0x0000022e10339ac8: ; ImmutableOopMap {rbp=Oop [0]=Oop [12]=NarrowOop }
                      ;*if_icmple {reexecute=1 rethrow=0 return_oop=0}
                      ; - (reexecute) java.nio.Buffer::position@37 (line 328)
                      ; - java.nio.ShortBuffer::position@2 (line 1551)
                      ; - java.nio.ShortBuffer::position@2 (line 285)
                      ; - com.badlogic.gdx.graphics.Mesh::render@97 (line 500)
                      ; - com.badlogic.gdx.graphics.Mesh::render@10 (line 460)
  0x0000022e10339ac8: 34e2 78ff 

  0x0000022e10339acc: ;   {other}
  0x0000022e10339acc: 0f1f 8400 | bc12 002d | ba45 ffff | ff48 ff74 | 2418 488f | 4424 0848 | 8944 24f8 | 8b44 2414 
  0x0000022e10339aec: 8944 2410 | 488b 4424 | f844 8944 | 2418 4489 | 5424 2090 

  0x0000022e10339b00: ;   {runtime_call UncommonTrapBlob}
  0x0000022e10339b00: c5f8 77e8 

  0x0000022e10339b04: ; ImmutableOopMap {[0]=Oop [8]=Oop [24]=NarrowOop }
                      ;*if_icmple {reexecute=1 rethrow=0 return_oop=0}
                      ; - (reexecute) java.nio.Buffer::limit@5 (line 379)
                      ; - java.nio.ShortBuffer::limit@2 (line 1565)
                      ; - java.nio.ShortBuffer::limit@2 (line 285)
                      ; - com.badlogic.gdx.graphics.Mesh::render@105 (line 501)
                      ; - com.badlogic.gdx.graphics.Mesh::render@10 (line 460)
  0x0000022e10339b04: f8e1 78ff 

  0x0000022e10339b08: ;   {other}
  0x0000022e10339b08: 0f1f 8400 | f812 002e | ba45 ffff | ff48 8b6c | 2418 4889 | 4424 f88b | 4424 1489 | 4424 0848 
  0x0000022e10339b28: 8b44 24f8 | 4489 5424 | 1866 6690 

  0x0000022e10339b34: ;   {runtime_call UncommonTrapBlob}
  0x0000022e10339b34: c5f8 77e8 

  0x0000022e10339b38: ; ImmutableOopMap {rbp=Oop [0]=Oop [12]=NarrowOop }
                      ;*ifge {reexecute=1 rethrow=0 return_oop=0}
                      ; - (reexecute) java.nio.Buffer::limit@14 (line 379)
                      ; - java.nio.ShortBuffer::limit@2 (line 1565)
                      ; - java.nio.ShortBuffer::limit@2 (line 285)
                      ; - com.badlogic.gdx.graphics.Mesh::render@105 (line 501)
                      ; - com.badlogic.gdx.graphics.Mesh::render@10 (line 460)
  0x0000022e10339b38: c4e1 78ff 

  0x0000022e10339b3c: ;   {other}
  0x0000022e10339b3c: 0f1f 8400 | 2c13 002f | ba45 ffff | ff48 8b6c | 2418 4889 | 4424 f88b | 4424 1489 | 4424 0848 
  0x0000022e10339b5c: 8b44 24f8 | 4489 5424 | 1c66 6690 

  0x0000022e10339b68: ;   {runtime_call UncommonTrapBlob}
  0x0000022e10339b68: c5f8 77e8 

  0x0000022e10339b6c: ; ImmutableOopMap {rbp=Oop [0]=Oop [12]=NarrowOop }
                      ;*if_icmple {reexecute=1 rethrow=0 return_oop=0}
                      ; - (reexecute) java.nio.Buffer::limit@42 (line 382)
                      ; - java.nio.ShortBuffer::limit@2 (line 1565)
                      ; - java.nio.ShortBuffer::limit@2 (line 285)
                      ; - com.badlogic.gdx.graphics.Mesh::render@105 (line 501)
                      ; - com.badlogic.gdx.graphics.Mesh::render@10 (line 460)
  0x0000022e10339b6c: 90e1 78ff 

  0x0000022e10339b70: ;   {other}
  0x0000022e10339b70: 0f1f 8400 | 6013 0030 | ba45 ffff | ff48 8b6c | 2418 4889 | 4424 f88b | 4424 1489 | 4424 0848 
  0x0000022e10339b90: 8b44 24f8 | 4489 4c24 | 1444 8954 | 2418 6690 

  0x0000022e10339ba0: ;   {runtime_call UncommonTrapBlob}
  0x0000022e10339ba0: c5f8 77e8 

  0x0000022e10339ba4: ; ImmutableOopMap {rbp=Oop [0]=Oop [12]=NarrowOop }
                      ;*if_icmple {reexecute=1 rethrow=0 return_oop=0}
                      ; - (reexecute) java.nio.Buffer::limit@55 (line 383)
                      ; - java.nio.ShortBuffer::limit@2 (line 1565)
                      ; - java.nio.ShortBuffer::limit@2 (line 285)
                      ; - com.badlogic.gdx.graphics.Mesh::render@105 (line 501)
                      ; - com.badlogic.gdx.graphics.Mesh::render@10 (line 460)
  0x0000022e10339ba4: 58e1 78ff 

  0x0000022e10339ba8: ;   {other}
  0x0000022e10339ba8: 0f1f 8400 | 9813 0031 | ba45 ffff | ff48 8904 | 2466 6690 

  0x0000022e10339bbc: ;   {runtime_call UncommonTrapBlob}
  0x0000022e10339bbc: c5f8 77e8 

  0x0000022e10339bc0: ; ImmutableOopMap {[0]=Oop }
                      ;*ifeq {reexecute=1 rethrow=0 return_oop=0}
                      ; - (reexecute) com.badlogic.gdx.graphics.glutils.IndexArray::getNumIndices@4 (line 49)
                      ; - com.badlogic.gdx.graphics.Mesh::unbind@15 (line 410)
                      ; - com.badlogic.gdx.graphics.Mesh::unbind@3 (line 400)
                      ; - com.badlogic.gdx.graphics.Mesh::render@253 (line 518)
                      ; - com.badlogic.gdx.graphics.Mesh::render@10 (line 460)
  0x0000022e10339bc0: 3ce1 78ff 

  0x0000022e10339bc4: ;   {other}
  0x0000022e10339bc4: 0f1f 8400 | b413 0032 | bade ffff | ff48 893c | 2444 896c | 2408 4889 | 4424 1044 | 8974 240c 
  0x0000022e10339be4: 4c89 4424 | 2889 7424 | 3044 8954 | 2434 4489 | 4c24 3889 | 5c24 3c89 | 4c24 4044 | 894c 2444 
  0x0000022e10339c04: ;   {runtime_call UncommonTrapBlob}
  0x0000022e10339c04: c5f8 77e8 

  0x0000022e10339c08: ; ImmutableOopMap {rbp=NarrowOop [0]=Oop [16]=Oop [40]=Oop [48]=NarrowOop [52]=NarrowOop [56]=NarrowOop [68]=NarrowOop }
                      ;*instanceof {reexecute=0 rethrow=0 return_oop=0}
                      ; - java.lang.String::equals@8 (line 1863)
                      ; - com.badlogic.gdx.utils.ObjectIntMap::get@21 (line 281)
                      ; - com.badlogic.gdx.graphics.glutils.ShaderProgram::fetchAttributeLocation@11 (line 290)
                      ; - com.badlogic.gdx.graphics.glutils.ShaderProgram::disableVertexAttribute@10 (line 717)
                      ; - com.badlogic.gdx.graphics.glutils.VertexArray::unbind@34 (line 157)
                      ; - com.badlogic.gdx.graphics.Mesh::unbind@6 (line 409)
                      ; - com.badlogic.gdx.graphics.Mesh::unbind@3 (line 400)
                      ; - com.badlogic.gdx.graphics.Mesh::render@253 (line 518)
                      ; - com.badlogic.gdx.graphics.Mesh::render@10 (line 460)
  0x0000022e10339c08: f4e0 78ff 

  0x0000022e10339c0c: ;   {other}
  0x0000022e10339c0c: 0f1f 8400 | fc13 0033 | baf6 ffff | ff41 8bed 

  0x0000022e10339c1c: ;   {runtime_call UncommonTrapBlob}
  0x0000022e10339c1c: c5f8 77e8 

  0x0000022e10339c20: ; ImmutableOopMap {}
                      ;*invokevirtual get {reexecute=0 rethrow=0 return_oop=0}
                      ; - com.badlogic.gdx.graphics.glutils.VertexArray::unbind@28 (line 157)
                      ; - com.badlogic.gdx.graphics.Mesh::unbind@6 (line 409)
                      ; - com.badlogic.gdx.graphics.Mesh::unbind@3 (line 400)
                      ; - com.badlogic.gdx.graphics.Mesh::render@253 (line 518)
                      ; - com.badlogic.gdx.graphics.Mesh::render@10 (line 460)
  0x0000022e10339c20: dce0 78ff 

  0x0000022e10339c24: ;   {other}
  0x0000022e10339c24: 0f1f 8400 | 1414 0034 | baf6 ffff | ff41 8bed 

  0x0000022e10339c34: ;   {runtime_call UncommonTrapBlob}
  0x0000022e10339c34: c5f8 77e8 

  0x0000022e10339c38: ; ImmutableOopMap {}
                      ;*aaload {reexecute=0 rethrow=0 return_oop=0}
                      ; - com.badlogic.gdx.graphics.VertexAttributes::get@5 (line 109)
                      ; - com.badlogic.gdx.graphics.glutils.VertexArray::unbind@28 (line 157)
                      ; - com.badlogic.gdx.graphics.Mesh::unbind@6 (line 409)
                      ; - com.badlogic.gdx.graphics.Mesh::unbind@3 (line 400)
                      ; - com.badlogic.gdx.graphics.Mesh::render@253 (line 518)
                      ; - com.badlogic.gdx.graphics.Mesh::render@10 (line 460)
  0x0000022e10339c38: c4e0 78ff 

  0x0000022e10339c3c: ;   {other}
  0x0000022e10339c3c: 0f1f 8400 | 2c14 0035 | baf6 ffff | ff66 6690 

  0x0000022e10339c4c: ;   {runtime_call UncommonTrapBlob}
  0x0000022e10339c4c: c5f8 77e8 

  0x0000022e10339c50: ; ImmutableOopMap {}
                      ;*getfield alias {reexecute=1 rethrow=0 return_oop=0}
                      ; - (reexecute) com.badlogic.gdx.graphics.glutils.VertexArray::unbind@31 (line 157)
                      ; - com.badlogic.gdx.graphics.Mesh::unbind@6 (line 409)
                      ; - com.badlogic.gdx.graphics.Mesh::unbind@3 (line 400)
                      ; - com.badlogic.gdx.graphics.Mesh::render@253 (line 518)
                      ; - com.badlogic.gdx.graphics.Mesh::render@10 (line 460)
  0x0000022e10339c50: ace0 78ff 

  0x0000022e10339c54: ;   {other}
  0x0000022e10339c54: 0f1f 8400 | 4414 0036 | baf6 ffff | ff66 6690 

  0x0000022e10339c64: ;   {runtime_call UncommonTrapBlob}
  0x0000022e10339c64: c5f8 77e8 

  0x0000022e10339c68: ; ImmutableOopMap {}
                      ;*invokevirtual hashCode {reexecute=0 rethrow=0 return_oop=0}
                      ; - com.badlogic.gdx.utils.ObjectIntMap::get@1 (line 279)
                      ; - com.badlogic.gdx.graphics.glutils.ShaderProgram::fetchAttributeLocation@11 (line 290)
                      ; - com.badlogic.gdx.graphics.glutils.ShaderProgram::disableVertexAttribute@10 (line 717)
                      ; - com.badlogic.gdx.graphics.glutils.VertexArray::unbind@34 (line 157)
                      ; - com.badlogic.gdx.graphics.Mesh::unbind@6 (line 409)
                      ; - com.badlogic.gdx.graphics.Mesh::unbind@3 (line 400)
                      ; - com.badlogic.gdx.graphics.Mesh::render@253 (line 518)
                      ; - com.badlogic.gdx.graphics.Mesh::render@10 (line 460)
  0x0000022e10339c68: 94e0 78ff 

  0x0000022e10339c6c: ;   {other}
  0x0000022e10339c6c: 0f1f 8400 | 5c14 0037 | baf6 ffff | ff8b e990 

  0x0000022e10339c7c: ;   {runtime_call UncommonTrapBlob}
  0x0000022e10339c7c: c5f8 77e8 

  0x0000022e10339c80: ; ImmutableOopMap {}
                      ;*aaload {reexecute=0 rethrow=0 return_oop=0}
                      ; - com.badlogic.gdx.utils.ObjectIntMap::get@20 (line 281)
                      ; - com.badlogic.gdx.graphics.glutils.ShaderProgram::fetchAttributeLocation@11 (line 290)
                      ; - com.badlogic.gdx.graphics.glutils.ShaderProgram::disableVertexAttribute@10 (line 717)
                      ; - com.badlogic.gdx.graphics.glutils.VertexArray::unbind@34 (line 157)
                      ; - com.badlogic.gdx.graphics.Mesh::unbind@6 (line 409)
                      ; - com.badlogic.gdx.graphics.Mesh::unbind@3 (line 400)
                      ; - com.badlogic.gdx.graphics.Mesh::render@253 (line 518)
                      ; - com.badlogic.gdx.graphics.Mesh::render@10 (line 460)
  0x0000022e10339c80: 7ce0 78ff 

  0x0000022e10339c84: ;   {other}
  0x0000022e10339c84: 0f1f 8400 | 7414 0038 | baf6 ffff | ff8b e990 

  0x0000022e10339c94: ;   {runtime_call UncommonTrapBlob}
  0x0000022e10339c94: c5f8 77e8 

  0x0000022e10339c98: ; ImmutableOopMap {}
                      ;*iaload {reexecute=0 rethrow=0 return_oop=0}
                      ; - com.badlogic.gdx.utils.ObjectIntMap::get@82 (line 288)
                      ; - com.badlogic.gdx.graphics.glutils.ShaderProgram::fetchAttributeLocation@11 (line 290)
                      ; - com.badlogic.gdx.graphics.glutils.ShaderProgram::disableVertexAttribute@10 (line 717)
                      ; - com.badlogic.gdx.graphics.glutils.VertexArray::unbind@34 (line 157)
                      ; - com.badlogic.gdx.graphics.Mesh::unbind@6 (line 409)
                      ; - com.badlogic.gdx.graphics.Mesh::unbind@3 (line 400)
                      ; - com.badlogic.gdx.graphics.Mesh::render@253 (line 518)
                      ; - com.badlogic.gdx.graphics.Mesh::render@10 (line 460)
  0x0000022e10339c98: 64e0 78ff 

  0x0000022e10339c9c: ;   {other}
  0x0000022e10339c9c: 0f1f 8400 | 8c14 0039 | baf6 ffff | ff41 8beb 

  0x0000022e10339cac: ;   {runtime_call UncommonTrapBlob}
  0x0000022e10339cac: c5f8 77e8 

  0x0000022e10339cb0: ; ImmutableOopMap {}
                      ;*invokeinterface glDisableVertexAttribArray {reexecute=0 rethrow=0 return_oop=0}
                      ; - com.badlogic.gdx.graphics.glutils.ShaderProgram::disableVertexAttribute@22 (line 719)
                      ; - com.badlogic.gdx.graphics.glutils.VertexArray::unbind@34 (line 157)
                      ; - com.badlogic.gdx.graphics.Mesh::unbind@6 (line 409)
                      ; - com.badlogic.gdx.graphics.Mesh::unbind@3 (line 400)
                      ; - com.badlogic.gdx.graphics.Mesh::render@253 (line 518)
                      ; - com.badlogic.gdx.graphics.Mesh::render@10 (line 460)
  0x0000022e10339cb0: 4ce0 78ff 

  0x0000022e10339cb4: ;   {other}
  0x0000022e10339cb4: 0f1f 8400 | a414 003a | baf6 ffff | ff66 6690 

  0x0000022e10339cc4: ;   {runtime_call UncommonTrapBlob}
  0x0000022e10339cc4: c5f8 77e8 

  0x0000022e10339cc8: ; ImmutableOopMap {}
                      ;*getfield owner {reexecute=1 rethrow=0 return_oop=0}
                      ; - (reexecute) org.lwjgl.opengl.GLContext::getCapabilitiesImpl@5 (line 132)
                      ; - org.lwjgl.opengl.GLContext::getCapabilities@0 (line 122)
                      ; - org.lwjgl.opengl.GL20::glDisableVertexAttribArray@0 (line 917)
                      ; - com.badlogic.gdx.backends.lwjgl.LwjglGL20::glDisableVertexAttribArray@1 (line 272)
                      ; - com.badlogic.gdx.graphics.glutils.ShaderProgram::disableVertexAttribute@22 (line 719)
                      ; - com.badlogic.gdx.graphics.glutils.VertexArray::unbind@34 (line 157)
                      ; - com.badlogic.gdx.graphics.Mesh::unbind@6 (line 409)
                      ; - com.badlogic.gdx.graphics.Mesh::unbind@3 (line 400)
                      ; - com.badlogic.gdx.graphics.Mesh::render@253 (line 518)
                      ; - com.badlogic.gdx.graphics.Mesh::render@10 (line 460)
  0x0000022e10339cc8: 34e0 78ff 

  0x0000022e10339ccc: ;   {other}
  0x0000022e10339ccc: 0f1f 8400 | bc14 003b | baf6 ffff | ff48 8b2c | 2466 6690 

  0x0000022e10339ce0: ;   {runtime_call UncommonTrapBlob}
  0x0000022e10339ce0: c5f8 77e8 

  0x0000022e10339ce4: ; ImmutableOopMap {rbp=Oop }
                      ;*invokeinterface bind {reexecute=0 rethrow=0 return_oop=0}
                      ; - com.badlogic.gdx.graphics.Mesh::bind@6 (line 391)
                      ; - com.badlogic.gdx.graphics.Mesh::bind@3 (line 382)
                      ; - com.badlogic.gdx.graphics.Mesh::render@13 (line 490)
                      ; - com.badlogic.gdx.graphics.Mesh::render@10 (line 460)
  0x0000022e10339ce4: 18e0 78ff 

  0x0000022e10339ce8: ;   {other}
  0x0000022e10339ce8: 0f1f 8400 | d814 003c | baf6 ffff | ff66 6690 

  0x0000022e10339cf8: ;   {runtime_call UncommonTrapBlob}
  0x0000022e10339cf8: c5f8 77e8 

  0x0000022e10339cfc: ; ImmutableOopMap {}
                      ;*invokeinterface getNumIndices {reexecute=0 rethrow=0 return_oop=0}
                      ; - com.badlogic.gdx.graphics.Mesh::bind@15 (line 392)
                      ; - com.badlogic.gdx.graphics.Mesh::bind@3 (line 382)
                      ; - com.badlogic.gdx.graphics.Mesh::render@13 (line 490)
                      ; - com.badlogic.gdx.graphics.Mesh::render@10 (line 460)
  0x0000022e10339cfc: 00e0 78ff 

  0x0000022e10339d00: ;   {other}
  0x0000022e10339d00: 0f1f 8400 | f014 003d | baf6 ffff | ff66 6690 

  0x0000022e10339d10: ;   {runtime_call UncommonTrapBlob}
  0x0000022e10339d10: c5f8 77e8 

  0x0000022e10339d14: ; ImmutableOopMap {}
                      ;*invokevirtual limit {reexecute=0 rethrow=0 return_oop=0}
                      ; - com.badlogic.gdx.graphics.glutils.IndexArray::getNumIndices@15 (line 49)
                      ; - com.badlogic.gdx.graphics.Mesh::bind@15 (line 392)
                      ; - com.badlogic.gdx.graphics.Mesh::bind@3 (line 382)
                      ; - com.badlogic.gdx.graphics.Mesh::render@13 (line 490)
                      ; - com.badlogic.gdx.graphics.Mesh::render@10 (line 460)
  0x0000022e10339d14: e8df 78ff 

  0x0000022e10339d18: ;   {other}
  0x0000022e10339d18: 0f1f 8400 | 0815 003e | baf6 ffff | ff8b 6c24 | 0844 8954 | 2404 6690 

  0x0000022e10339d30: ;   {runtime_call UncommonTrapBlob}
  0x0000022e10339d30: c5f8 77e8 

  0x0000022e10339d34: ; ImmutableOopMap {[4]=NarrowOop }
                      ;*invokeinterface glDrawElements {reexecute=0 rethrow=0 return_oop=0}
                      ; - com.badlogic.gdx.graphics.Mesh::render@88 (line 499)
                      ; - com.badlogic.gdx.graphics.Mesh::render@10 (line 460)
  0x0000022e10339d34: c8df 78ff 

  0x0000022e10339d38: ;   {other}
  0x0000022e10339d38: 0f1f 8400 | 2815 003f | baf6 ffff | ff66 6690 

  0x0000022e10339d48: ;   {runtime_call UncommonTrapBlob}
  0x0000022e10339d48: c5f8 77e8 

  0x0000022e10339d4c: ; ImmutableOopMap {}
                      ;*getfield owner {reexecute=1 rethrow=0 return_oop=0}
                      ; - (reexecute) org.lwjgl.opengl.GLContext::getCapabilitiesImpl@5 (line 132)
                      ; - org.lwjgl.opengl.GLContext::getCapabilities@0 (line 122)
                      ; - org.lwjgl.opengl.GL11::glDrawElements@0 (line 1105)
                      ; - com.badlogic.gdx.backends.lwjgl.LwjglGL20::glDrawElements@21 (line 281)
                      ; - com.badlogic.gdx.graphics.Mesh::render@88 (line 499)
                      ; - com.badlogic.gdx.graphics.Mesh::render@10 (line 460)
  0x0000022e10339d4c: b0df 78ff 

  0x0000022e10339d50: ;   {other}
  0x0000022e10339d50: 0f1f 8400 | 4015 0040 | baf6 ffff | ff66 6690 

  0x0000022e10339d60: ;   {runtime_call UncommonTrapBlob}
  0x0000022e10339d60: c5f8 77e8 

  0x0000022e10339d64: ; ImmutableOopMap {}
                      ;*getfield references_stack {reexecute=1 rethrow=0 return_oop=0}
                      ; - (reexecute) org.lwjgl.opengl.StateTracker::getReferences@4 (line 85)
                      ; - org.lwjgl.opengl.StateTracker::getElementArrayBufferBound@1 (line 143)
                      ; - org.lwjgl.opengl.GLChecks::ensureElementVBOdisabled@7 (line 82)
                      ; - org.lwjgl.opengl.GL11::glDrawElements@14 (line 1108)
                      ; - com.badlogic.gdx.backends.lwjgl.LwjglGL20::glDrawElements@21 (line 281)
                      ; - com.badlogic.gdx.graphics.Mesh::render@88 (line 499)
                      ; - com.badlogic.gdx.graphics.Mesh::render@10 (line 460)
  0x0000022e10339d64: 98df 78ff 

  0x0000022e10339d68: ;   {other}
  0x0000022e10339d68: 0f1f 8400 | 5815 0041 | baf6 ffff | ff66 6690 

  0x0000022e10339d78: ;   {runtime_call UncommonTrapBlob}
  0x0000022e10339d78: c5f8 77e8 

  0x0000022e10339d7c: ; ImmutableOopMap {}
                      ;*invokevirtual getReferences {reexecute=0 rethrow=0 return_oop=0}
                      ; - org.lwjgl.opengl.StateTracker::getReferences@7 (line 85)
                      ; - org.lwjgl.opengl.StateTracker::getElementArrayBufferBound@1 (line 143)
                      ; - org.lwjgl.opengl.GLChecks::ensureElementVBOdisabled@7 (line 82)
                      ; - org.lwjgl.opengl.GL11::glDrawElements@14 (line 1108)
                      ; - com.badlogic.gdx.backends.lwjgl.LwjglGL20::glDrawElements@21 (line 281)
                      ; - com.badlogic.gdx.graphics.Mesh::render@88 (line 499)
                      ; - com.badlogic.gdx.graphics.Mesh::render@10 (line 460)
  0x0000022e10339d7c: 80df 78ff 

  0x0000022e10339d80: ;   {other}
  0x0000022e10339d80: 0f1f 8400 | 7015 0042 | baf6 ffff | ff66 6690 

  0x0000022e10339d90: ;   {runtime_call UncommonTrapBlob}
  0x0000022e10339d90: c5f8 77e8 

  0x0000022e10339d94: ; ImmutableOopMap {}
                      ;*aaload {reexecute=0 rethrow=0 return_oop=0}
                      ; - org.lwjgl.opengl.ReferencesStack::getReferences@8 (line 41)
                      ; - org.lwjgl.opengl.StateTracker::getReferences@7 (line 85)
                      ; - org.lwjgl.opengl.StateTracker::getElementArrayBufferBound@1 (line 143)
                      ; - org.lwjgl.opengl.GLChecks::ensureElementVBOdisabled@7 (line 82)
                      ; - org.lwjgl.opengl.GL11::glDrawElements@14 (line 1108)
                      ; - com.badlogic.gdx.backends.lwjgl.LwjglGL20::glDrawElements@21 (line 281)
                      ; - com.badlogic.gdx.graphics.Mesh::render@88 (line 499)
                      ; - com.badlogic.gdx.graphics.Mesh::render@10 (line 460)
  0x0000022e10339d94: 68df 78ff 

  0x0000022e10339d98: ;   {other}
  0x0000022e10339d98: 0f1f 8400 | 8815 0043 | baf6 ffff | ff66 6690 

  0x0000022e10339da8: ;   {runtime_call UncommonTrapBlob}
  0x0000022e10339da8: c5f8 77e8 

  0x0000022e10339dac: ; ImmutableOopMap {}
                      ;*getfield vertexArrayObject {reexecute=1 rethrow=0 return_oop=0}
                      ; - (reexecute) org.lwjgl.opengl.StateTracker::getElementArrayBufferBound@6 (line 145)
                      ; - org.lwjgl.opengl.GLChecks::ensureElementVBOdisabled@7 (line 82)
                      ; - org.lwjgl.opengl.GL11::glDrawElements@14 (line 1108)
                      ; - com.badlogic.gdx.backends.lwjgl.LwjglGL20::glDrawElements@21 (line 281)
                      ; - com.badlogic.gdx.graphics.Mesh::render@88 (line 499)
                      ; - com.badlogic.gdx.graphics.Mesh::render@10 (line 460)
  0x0000022e10339dac: 50df 78ff 

  0x0000022e10339db0: ;   {other}
  0x0000022e10339db0: 0f1f 8400 | a015 0044 | baf6 ffff | ff48 8b2c | 2466 6690 

  0x0000022e10339dc4: ;   {runtime_call UncommonTrapBlob}
  0x0000022e10339dc4: c5f8 77e8 

  0x0000022e10339dc8: ; ImmutableOopMap {rbp=Oop }
                      ;*invokeinterface unbind {reexecute=0 rethrow=0 return_oop=0}
                      ; - com.badlogic.gdx.graphics.Mesh::unbind@6 (line 409)
                      ; - com.badlogic.gdx.graphics.Mesh::unbind@3 (line 400)
                      ; - com.badlogic.gdx.graphics.Mesh::render@253 (line 518)
                      ; - com.badlogic.gdx.graphics.Mesh::render@10 (line 460)
  0x0000022e10339dc8: 34df 78ff 

  0x0000022e10339dcc: ;   {other}
  0x0000022e10339dcc: 0f1f 8400 | bc15 0045 | baf6 ffff | ff66 6690 

  0x0000022e10339ddc: ;   {runtime_call UncommonTrapBlob}
  0x0000022e10339ddc: c5f8 77e8 

  0x0000022e10339de0: ; ImmutableOopMap {}
                      ;*invokevirtual size {reexecute=0 rethrow=0 return_oop=0}
                      ; - com.badlogic.gdx.graphics.glutils.VertexArray::unbind@4 (line 154)
                      ; - com.badlogic.gdx.graphics.Mesh::unbind@6 (line 409)
                      ; - com.badlogic.gdx.graphics.Mesh::unbind@3 (line 400)
                      ; - com.badlogic.gdx.graphics.Mesh::render@253 (line 518)
                      ; - com.badlogic.gdx.graphics.Mesh::render@10 (line 460)
  0x0000022e10339de0: 1cdf 78ff 

  0x0000022e10339de4: ;   {other}
  0x0000022e10339de4: 0f1f 8400 | d415 0046 | baf6 ffff | ff66 6690 

  0x0000022e10339df4: ;   {runtime_call UncommonTrapBlob}
  0x0000022e10339df4: c5f8 77e8 

  0x0000022e10339df8: ; ImmutableOopMap {}
                      ;*arraylength {reexecute=0 rethrow=0 return_oop=0}
                      ; - com.badlogic.gdx.graphics.VertexAttributes::size@4 (line 103)
                      ; - com.badlogic.gdx.graphics.glutils.VertexArray::unbind@4 (line 154)
                      ; - com.badlogic.gdx.graphics.Mesh::unbind@6 (line 409)
                      ; - com.badlogic.gdx.graphics.Mesh::unbind@3 (line 400)
                      ; - com.badlogic.gdx.graphics.Mesh::render@253 (line 518)
                      ; - com.badlogic.gdx.graphics.Mesh::render@10 (line 460)
  0x0000022e10339df8: 04df 78ff 

  0x0000022e10339dfc: ;   {other}
  0x0000022e10339dfc: 0f1f 8400 | ec15 0047 | baf6 ffff | ff66 6690 

  0x0000022e10339e0c: ;   {runtime_call UncommonTrapBlob}
  0x0000022e10339e0c: c5f8 77e8 

  0x0000022e10339e10: ; ImmutableOopMap {}
                      ;*invokeinterface getNumIndices {reexecute=0 rethrow=0 return_oop=0}
                      ; - com.badlogic.gdx.graphics.Mesh::unbind@15 (line 410)
                      ; - com.badlogic.gdx.graphics.Mesh::unbind@3 (line 400)
                      ; - com.badlogic.gdx.graphics.Mesh::render@253 (line 518)
                      ; - com.badlogic.gdx.graphics.Mesh::render@10 (line 460)
  0x0000022e10339e10: ecde 78ff 

  0x0000022e10339e14: ;   {other}
  0x0000022e10339e14: 0f1f 8400 | 0416 0048 | baf6 ffff | ff66 6690 

  0x0000022e10339e24: ;   {runtime_call UncommonTrapBlob}
  0x0000022e10339e24: c5f8 77e8 

  0x0000022e10339e28: ; ImmutableOopMap {}
                      ;*invokevirtual limit {reexecute=0 rethrow=0 return_oop=0}
                      ; - com.badlogic.gdx.graphics.glutils.IndexArray::getNumIndices@15 (line 49)
                      ; - com.badlogic.gdx.graphics.Mesh::unbind@15 (line 410)
                      ; - com.badlogic.gdx.graphics.Mesh::unbind@3 (line 400)
                      ; - com.badlogic.gdx.graphics.Mesh::render@253 (line 518)
                      ; - com.badlogic.gdx.graphics.Mesh::render@10 (line 460)
  0x0000022e10339e28: d4de 78ff 

  0x0000022e10339e2c: ;   {other}
  0x0000022e10339e2c: 0f1f 8400 | 1c16 0049 | eb00 488b | d0eb 0d48 | 8bd0 eb08 | 488b d0eb | 0348 8bd0 | c5f8 7748 
  0x0000022e10339e4c: 83c4 605d 

  0x0000022e10339e50: ;   {runtime_call _rethrow_Java}
  0x0000022e10339e50: e9ab 9186 

  0x0000022e10339e54: ;   {internal_word}
  0x0000022e10339e54: ff49 ba2a | 9133 102e | 0200 004d | 8997 6004 

  0x0000022e10339e64: ;   {runtime_call SafepointBlob}
  0x0000022e10339e64: 0000 e915 

  0x0000022e10339e68: ;   {runtime_call StubRoutines (final stubs)}
  0x0000022e10339e68: cd78 ffe8 | 50be 76ff | e9e5 ecff | fff4 f4f4 
[Stub Code]
  0x0000022e10339e78: ;   {no_reloc}
  0x0000022e10339e78: 48bb 0000 | 0000 0000 

  0x0000022e10339e80: ;   {runtime_call nmethod}
  0x0000022e10339e80: 0000 e9fb 

  0x0000022e10339e84: ;   {static_stub}
  0x0000022e10339e84: ffff ff48 | bb00 0000 | 0000 0000 

  0x0000022e10339e90: ;   {runtime_call nmethod}
  0x0000022e10339e90: 00e9 fbff 

  0x0000022e10339e94: ;   {static_stub}
  0x0000022e10339e94: ffff 48bb | 0000 0000 | 0000 0000 

  0x0000022e10339ea0: ;   {runtime_call nmethod}
  0x0000022e10339ea0: e9fb ffff 

  0x0000022e10339ea4: ;   {static_stub}
  0x0000022e10339ea4: ff48 bb00 | 0000 0000 

  0x0000022e10339eac: ;   {runtime_call nmethod}
  0x0000022e10339eac: 0000 00e9 | fbff ffff 

  0x0000022e10339eb4: ;   {static_stub}
  0x0000022e10339eb4: 48bb 0000 | 0000 0000 

  0x0000022e10339ebc: ;   {runtime_call nmethod}
  0x0000022e10339ebc: 0000 e9fb 

  0x0000022e10339ec0: ;   {runtime_call ExceptionBlob}
  0x0000022e10339ec0: ffff ffe9 | 386d 86ff 
[Deopt Handler Code]
  0x0000022e10339ec8: e800 0000 | 0048 832c 

  0x0000022e10339ed0: ;   {runtime_call DeoptimizationBlob}
  0x0000022e10339ed0: 2405 e949 | e178 fff4 
[/MachCode]


Compiled method (c2) 563614 5477       4       com.badlogic.gdx.graphics.g2d.SpriteBatch::draw (619 bytes)
 total in heap  [0x0000022e10622d90,0x0000022e10625da0] = 12304
 relocation     [0x0000022e10622ef0,0x0000022e10623098] = 424
 constants      [0x0000022e106230a0,0x0000022e106230c0] = 32
 main code      [0x0000022e106230c0,0x0000022e106248f0] = 6192
 stub code      [0x0000022e106248f0,0x0000022e10624950] = 96
 oops           [0x0000022e10624950,0x0000022e10624958] = 8
 metadata       [0x0000022e10624958,0x0000022e10624ae0] = 392
 scopes data    [0x0000022e10624ae0,0x0000022e10625830] = 3408
 scopes pcs     [0x0000022e10625830,0x0000022e10625c20] = 1008
 dependencies   [0x0000022e10625c20,0x0000022e10625c68] = 72
 handler table  [0x0000022e10625c68,0x0000022e10625d10] = 168
 nul chk table  [0x0000022e10625d10,0x0000022e10625da0] = 144


[Constant Pool]
             Address          hex4                    hex8      
  0x0000022e106230a0:   0x3f800000      0x000000003f800000      
  0x0000022e106230a4:   0x00000000                              
  0x0000022e106230a8:   0x42360b61      0x42b4000042360b61      
  0x0000022e106230ac:   0x42b40000                              
  0x0000022e106230b0:   0xf4f4f4f4      0xf4f4f4f4f4f4f4f4      
  0x0000022e106230b4:   0xf4f4f4f4                              
  0x0000022e106230b8:   0xf4f4f4f4      0xf4f4f4f4f4f4f4f4      
  0x0000022e106230bc:   0xf4f4f4f4                              

[MachCode]
[Entry Point]
  # {method} {0x0000022e61610a88} 'draw' '(Lcom/badlogic/gdx/graphics/g2d/TextureRegion;FFFFFFFFF)V' in 'com/badlogic/gdx/graphics/g2d/SpriteBatch'
  # this:     rdx:rdx   = 'com/badlogic/gdx/graphics/g2d/SpriteBatch'
  # parm0:    r8:r8     = 'com/badlogic/gdx/graphics/g2d/TextureRegion'
  # parm1:    xmm0      = float
  # parm2:    xmm1      = float
  # parm3:    xmm2      = float
  # parm4:    xmm3      = float
  # parm5:    xmm4      = float
  # parm6:    xmm5      = float
  # parm7:    xmm6      = float
  # parm8:    xmm7      = float
  # parm9:    [sp+0xd0]   = float  (sp of caller)
  0x0000022e106230c0: ;   {no_reloc}
  0x0000022e106230c0: 448b 5208 | 49bb 0000 | 0020 2e02 | 0000 4d03 | d349 3bc2 

  0x0000022e106230d4: ;   {runtime_call ic_miss_stub}
  0x0000022e106230d4: 0f85 a6b8 | 49ff 6690 | 0f1f 4000 
[Verified Entry Point]
  0x0000022e106230e0: 8984 2400 | 80ff ff55 | 4881 ecc0 | 0000 0090 | 4181 7f20 | 0300 0000 | 0f85 e217 | 0000 c5fa 
  0x0000022e10623100: 117c 244c | c5fa 1174 | 2448 c5fa | 116c 2444 | c5fa 1164 | 2440 c5fa | 115c 243c | c5fa 1154 
  0x0000022e10623120: 2438 c5fa | 114c 2434 | c5fa 1144 | 2430 4889 | 5424 5044 | 0fb6 5a38 | 4585 db0f | 8467 0900 
  0x0000022e10623140: 0049 8bf0 

  0x0000022e10623144: ; implicit exception: dispatches to 0x0000022e1062466e
  0x0000022e10623144: 418b 5824 | 448b 6a40 | 448b 5a44 | 448b 520c | 413b db75 | 3b43 8b6c | ec0c 443b | d50f 853a 
  0x0000022e10623164: 0500 00ba | 45ff ffff | 48ff 7424 | 5048 8f44 | 2420 4c89 | 4424 2844 | 896c 2450 | 4489 5424 
  0x0000022e10623184: ;   {runtime_call UncommonTrapBlob}
  0x0000022e10623184: 5466 90e8 

  0x0000022e10623188: ; ImmutableOopMap {[32]=Oop [40]=Oop [80]=NarrowOop }
                      ;*if_icmpne {reexecute=1 rethrow=0 return_oop=0}
                      ; - (reexecute) com.badlogic.gdx.graphics.g2d.SpriteBatch::draw@54 (line 652)
  0x0000022e10623188: 744b 4aff 

  0x0000022e1062318c: ;   {other}
  0x0000022e1062318c: 0f1f 8400 | fc03 0000 | 488b fb48 | c1e7 0345 | 85d2 0f84 | 1704 0000 | 448b 4a34 | 4d63 c241 
  0x0000022e106231ac: c1fa 1f4d | 69c0 6766 | 6666 49c1 | f823 418b | c841 2bca | 413b c90f | 8fec 0700 | 00ff 4230 
  0x0000022e106231cc: ff42 2c47 | 8b54 dc0c | 478b 5cdc 

  0x0000022e106231d8: ;   {oop(a 'java/lang/Class'{0x00000006044cca60} = 'com/badlogic/gdx/Gdx')}
  0x0000022e106231d8: 1049 b860 | ca4c 0406 | 0000 0041 | 8ba8 8800 | 0000 458b | 44ec 088d | 148d 0000 | 0000 448d 
  0x0000022e106231f8: ;   {metadata('com/badlogic/gdx/backends/lwjgl/LwjglGL20')}
  0x0000022e106231f8: 0c4a 4181 | f860 1202 | 010f 85b9 

  0x0000022e10623204: ;   {oop(a 'java/lang/Class'{0x000000060470ebb8} = 'org/lwjgl/opengl/GLContext')}
  0x0000022e10623204: 0800 0049 | b8b8 eb70 | 0406 0000 | 0041 8b50 | 7441 8b4c | d40c 4d8b | 8780 0300 | 0049 8b00 
  0x0000022e10623224: 4c8b c149 | c1e0 034c | 3bc0 0f85 | 390a 0000 | 418b 6cd4 | 1085 ed0f | 84f7 0a00 | 0049 8b8c 
  0x0000022e10623244: ec30 1900 | 0048 85c9 | 0f84 220b | 0000 4889 | 4424 5844 | 894c 2468 | 418b d248 | 897c 2420 
  0x0000022e10623264: 4489 6c24 | 6489 5c24 | 6048 8974 | 2428 458b | c34c 8bc9 | 488b 6c24 

  0x0000022e1062327c: ;   {static_call}
  0x0000022e1062327c: 5066 90e8 

  0x0000022e10623280: ; ImmutableOopMap {rbp=Oop [32]=Oop [40]=Oop [80]=Oop [88]=Oop [96]=NarrowOop [100]=NarrowOop }
                      ;*invokestatic nglBindTexture {reexecute=0 rethrow=0 return_oop=0}
                      ; - org.lwjgl.opengl.GL11::glBindTexture@16 (line 654)
                      ; - com.badlogic.gdx.backends.lwjgl.LwjglGL20::glBindTexture@2 (line 93)
                      ; - com.badlogic.gdx.graphics.GLTexture::bind@11 (line 66)
                      ; - com.badlogic.gdx.graphics.g2d.SpriteBatch::flush@58 (line 964)
                      ; - com.badlogic.gdx.graphics.g2d.SpriteBatch::switchTexture@1 (line 1073)
                      ; - com.badlogic.gdx.graphics.g2d.SpriteBatch::draw@41 (line 651)
  0x0000022e10623280: dc9c c4ff 

  0x0000022e10623284: ;   {other}
  0x0000022e10623284: 0f1f 8400 | f404 0001 | 488b cd44 | 8b49 3c44 | 8b41 4044 | 8b59 0c43 | 8b6c cc10 

  0x0000022e106232a0: ; implicit exception: dispatches to 0x0000022e10624730
  0x0000022e106232a0: 418b 5cec 

  0x0000022e106232a4: ;   {metadata('com/badlogic/gdx/graphics/glutils/VertexArray')}
  0x0000022e106232a4: 0881 fb38 | f002 010f | 854b 0800 | 0049 8d1c | ec8b 7318 

  0x0000022e106232b8: ; implicit exception: dispatches to 0x0000022e10624750
  0x0000022e106232b8: 418b 7cf4 | 0846 8d14 | 9d00 0000 

  0x0000022e106232c4: ;   {metadata('java/nio/DirectByteBuffer')}
  0x0000022e106232c4: 0081 ffe8 | ea1b 000f | 854f 0800 | 0048 c1e6 | 038b 6e20 | 443b d50f | 8fe7 0a00 | 0045 85d2 
  0x0000022e106232e4: 0f8c 220b | 0000 4489 | 561c 8b6e | 1841 3bea | 0f8f da0b | 0000 8b6e | 0c41 3bea | 0f8f 120c 
  0x0000022e10623304: 0000 4889 | 7424 5048 | 899c 2480 | 0000 0044 | 895c 2478 | 4889 4c24 | 7049 8bd0 | 48c1 e203 
  0x0000022e10623324: 4f8d 14cc | 4c89 9424 | 8800 0000 | 4489 4c24 | 6c4c 8bc6 | 458b cb33 | ff48 8bac | 2488 0000 
  0x0000022e10623344: ;   {static_call}
  0x0000022e10623344: 0066 90e8 

  0x0000022e10623348: ; ImmutableOopMap {rbp=Oop [32]=Oop [40]=Oop [80]=Oop [88]=Oop [96]=NarrowOop [100]=NarrowOop [108]=NarrowOop [112]=Oop [128]=Oop [136]=Oop }
                      ;*invokestatic copyJni {reexecute=0 rethrow=0 return_oop=0}
                      ; - com.badlogic.gdx.utils.BufferUtils::copy@35 (line 54)
                      ; - com.badlogic.gdx.graphics.glutils.VertexArray::setVertices@7 (line 84)
                      ; - com.badlogic.gdx.graphics.Mesh::setVertices@7 (line 208)
                      ; - com.badlogic.gdx.graphics.g2d.SpriteBatch::flush@76 (line 966)
                      ; - com.badlogic.gdx.graphics.g2d.SpriteBatch::switchTexture@1 (line 1073)
                      ; - com.badlogic.gdx.graphics.g2d.SpriteBatch::draw@41 (line 651)
  0x0000022e10623348: 140e c7ff 

  0x0000022e1062334c: ;   {other}
  0x0000022e1062334c: 0f1f 8400 | bc05 0002 | 4c8b 5c24 | 5041 8b6b | 1c85 ed0f | 8cf7 0b00 | 0041 8b6b | 0c85 ed0f 
  0x0000022e1062336c: 8f2f 0c00 | 0045 8963 | 184c 8b84 | 2480 0000 | 0041 8b48 | 1441 8b6c | cc1c 85ed | 0f8c 560c 
  0x0000022e1062338c: 0000 458b | 4ccc 0c45 | 85c9 0f8f | 800c 0000 | 4589 64cc | 1841 8b6c | cc20 448b | 5c24 7844 
  0x0000022e106233ac: 3bdd 0f8f | 2c0d 0000 | 4585 db0f | 8c53 0d00 | 0045 895c | cc1c 453b | cb0f 8ff5 | 0d00 0044 
  0x0000022e106233cc: 8b54 246c | 438b 6cd4 | 1445 8b44 

  0x0000022e106233d8: ;   {metadata('com/badlogic/gdx/graphics/glutils/IndexArray')}
  0x0000022e106233d8: ec08 4181 | f818 f502 | 010f 85f9 | 0700 004d | 8d1c ec41 | 8b4b 1041 | 8b6c cc1c | 85ed 0f8c 
  0x0000022e106233f8: 780e 0000 | 418b 5ccc | 0c85 db0f | 8f93 0e00 | 0045 8964 | cc18 418b | 6ccc 2044 | 8b5c 2468 
  0x0000022e10623418: 443b dd0f | 8f27 0f00 | 0045 85db | 0f8c 460f | 0000 4589 | 5ccc 1c41 | 3bdb 0f8f | e00f 0000 
  0x0000022e10623438: 488b 4c24 | 700f b669 | 3985 ed0f | 8577 1000 

  0x0000022e10623448: ;   {oop(a 'java/lang/Class'{0x00000006044cca60} = 'com/badlogic/gdx/Gdx')}
  0x0000022e10623448: 0049 b860 | ca4c 0406 | 0000 0041 | 8ba8 8800 | 0000 458b 

  0x0000022e1062345c: ;   {metadata('com/badlogic/gdx/backends/lwjgl/LwjglGL20')}
  0x0000022e1062345c: 44ec 0841 | 81f8 6012 | 0201 0f85 | 9807 0000 

  0x0000022e1062346c: ;   {oop(a 'java/lang/Class'{0x000000060470ebb8} = 'org/lwjgl/opengl/GLContext')}
  0x0000022e1062346c: 49b8 b8eb | 7004 0600 | 0000 458b | 4074 438b | 6cc4 0c4c | 8bcd 49c1 | e103 488b | 5c24 584c 
  0x0000022e1062348c: 3bcb 0f85 | 4808 0000 | 438b 6cc4 | 1085 ed0f | 843b 1000 | 004d 8b84 | ec60 1a00 | 004d 85c0 
  0x0000022e106234ac: 0f84 4610 | 0000 4889 | 5c24 5048 | 8be9 bae2 

  0x0000022e106234bc: ;   {static_call}
  0x0000022e106234bc: 0b00 00e8 

  0x0000022e106234c0: ; ImmutableOopMap {rbp=Oop [32]=Oop [40]=Oop [80]=Oop [96]=NarrowOop [100]=NarrowOop [108]=NarrowOop [136]=Oop }
                      ;*invokestatic nglEnable {reexecute=0 rethrow=0 return_oop=0}
                      ; - org.lwjgl.opengl.GL11::glEnable@15 (line 1015)
                      ; - com.badlogic.gdx.backends.lwjgl.LwjglGL20::glEnable@1 (line 292)
                      ; - com.badlogic.gdx.graphics.g2d.SpriteBatch::flush@125 (line 973)
                      ; - com.badlogic.gdx.graphics.g2d.SpriteBatch::switchTexture@1 (line 1073)
                      ; - com.badlogic.gdx.graphics.g2d.SpriteBatch::draw@41 (line 651)
  0x0000022e106234c0: 9c27 c7ff 

  0x0000022e106234c4: ;   {other}
  0x0000022e106234c4: 0f1f 8400 | 3407 0003 | 488b dd44 | 8b5b 1841 | 83fb ff0f | 8453 1000 | 0044 8b53 

  0x0000022e106234e0: ;   {oop(a 'java/lang/Class'{0x00000006044cca60} = 'com/badlogic/gdx/Gdx')}
  0x0000022e106234e0: 2449 b860 | ca4c 0406 | 0000 0041 | 8ba8 8800 | 0000 448b | 431c 448b | 4b20 418b 

  0x0000022e106234fc: ;   {metadata('com/badlogic/gdx/backends/lwjgl/LwjglGL20')}
  0x0000022e106234fc: 4cec 0881 | f960 1202 | 010f 8515 

  0x0000022e10623508: ;   {oop(a 'java/lang/Class'{0x000000060470ebb8} = 'org/lwjgl/opengl/GLContext')}
  0x0000022e10623508: 0700 0048 | b9b8 eb70 | 0406 0000 | 008b 7974 

  0x0000022e10623518: ; implicit exception: dispatches to 0x0000022e1062488c
  0x0000022e10623518: 418b 6cfc | 0c48 8bd5 | 48c1 e203 | 488b 4c24 | 5048 3bd1 | 0f85 ce07 | 0000 418b | 6cfc 1085 
  0x0000022e10623538: ed0f 8491 | 1000 0049 | 8bb4 ec58 | 2100 0048 | 85f6 0f84 | b010 0000 | 488b eb41 | 8bd3 418b 
  0x0000022e10623558: ;   {static_call}
  0x0000022e10623558: fa66 90e8 

  0x0000022e1062355c: ; ImmutableOopMap {rbp=Oop [32]=Oop [40]=Oop [96]=NarrowOop [100]=NarrowOop [136]=Oop }
                      ;*invokestatic nglBlendFuncSeparate {reexecute=0 rethrow=0 return_oop=0}
                      ; - org.lwjgl.opengl.GL14::glBlendFuncSeparate@23 (line 241)
                      ; - com.badlogic.gdx.backends.lwjgl.LwjglGL20::glBlendFuncSeparate@5 (line 113)
                      ; - com.badlogic.gdx.graphics.g2d.SpriteBatch::flush@157 (line 974)
                      ; - com.badlogic.gdx.graphics.g2d.SpriteBatch::switchTexture@1 (line 1073)
                      ; - com.badlogic.gdx.graphics.g2d.SpriteBatch::draw@41 (line 651)
  0x0000022e1062355c: 002b c7ff 

  0x0000022e10623560: ;   {other}
  0x0000022e10623560: 0f1f 8400 | d007 0004 | 448b 5d58 | 4585 db75 | 0444 8b5d | 5448 896c | 2450 4d8b | c349 c1e0 
  0x0000022e10623580: 0341 b904 | 0000 0048 | 8b94 2488 | 0000 0033 | ff8b 7424 

  0x0000022e10623594: ;   {optimized virtual_call}
  0x0000022e10623594: 6866 90e8 

  0x0000022e10623598: ; ImmutableOopMap {rbp=Oop [32]=Oop [40]=Oop [80]=Oop [96]=NarrowOop [100]=NarrowOop }
                      ;*invokevirtual render {reexecute=0 rethrow=0 return_oop=0}
                      ; - com.badlogic.gdx.graphics.g2d.SpriteBatch::flush@184 (line 977)
                      ; - com.badlogic.gdx.graphics.g2d.SpriteBatch::switchTexture@1 (line 1073)
                      ; - com.badlogic.gdx.graphics.g2d.SpriteBatch::draw@41 (line 651)
  0x0000022e10623598: a455 d1ff 

  0x0000022e1062359c: ;   {other}
  0x0000022e1062359c: 0f1f 8400 | 0c08 0005 | 4489 650c | 488b 7424 | 288b 5c24 | 6044 8b6c | 2464 488b | 7c24 2041 
  0x0000022e106235bc: 807f 4000 | 0f85 6503 | 0000 4c8b | 5424 5041 | 895a 444c | 8bd7 4c8b | 5c24 504d | 33d3 49c1 
  0x0000022e106235dc: ea16 4d85 | d274 1e85 | db74 1a49 | c1eb 0948 | b900 e0c3 | 772e 0200 | 0049 03cb | 8039 020f 
  0x0000022e106235fc: 8566 0300 | 0045 8b5c | dc24 4489 | 6c24 2c48 | 8974 2420 | 498d 2cdc | 895c 2428 | 498b d348 
  0x0000022e1062361c: c1e2 0366 | 9048 b898 | 9903 212e 

  0x0000022e10623628: ;   {virtual_call}
  0x0000022e10623628: 0200 00e8 

  0x0000022e1062362c: ; ImmutableOopMap {rbp=Oop [32]=Oop [40]=NarrowOop [44]=NarrowOop [80]=Oop }
                      ;*invokeinterface getWidth {reexecute=0 rethrow=0 return_oop=0}
                      ; - com.badlogic.gdx.graphics.Texture::getWidth@4 (line 169)
                      ; - com.badlogic.gdx.graphics.g2d.SpriteBatch::switchTexture@12 (line 1075)
                      ; - com.badlogic.gdx.graphics.g2d.SpriteBatch::draw@41 (line 651)
  0x0000022e1062362c: f0a5 bfff 

  0x0000022e10623630: ;   {other}
  0x0000022e10623630: 0f1f 8400 | a008 0006 | 448b 5c24 | 2847 8b5c | dc24 c5fa | 2ac0 498b | d348 c1e2 

  0x0000022e1062364c: ;   {section_word}
  0x0000022e1062364c: 03c5 fa10 | 0d4b faff | ffc5 f25e | c04c 8b54 | 2450 c4c1 | 7a11 4210 | 9048 b898 | 9903 212e 
  0x0000022e1062366c: ;   {virtual_call}
  0x0000022e1062366c: 0200 00e8 

  0x0000022e10623670: ; ImmutableOopMap {[32]=Oop [44]=NarrowOop [80]=Oop }
                      ;*invokeinterface getHeight {reexecute=0 rethrow=0 return_oop=0}
                      ; - com.badlogic.gdx.graphics.Texture::getHeight@4 (line 174)
                      ; - com.badlogic.gdx.graphics.g2d.SpriteBatch::switchTexture@23 (line 1076)
                      ; - com.badlogic.gdx.graphics.g2d.SpriteBatch::draw@41 (line 651)
  0x0000022e10623670: aca8 bfff 

  0x0000022e10623674: ;   {other}
  0x0000022e10623674: 0f1f 8400 | e408 0007 | c5fa 2ac0 

  0x0000022e10623680: ;   {section_word}
  0x0000022e10623680: c5fa 1015 | 18fa ffff | c5ea 5ec8 | 4c8b 5424 | 50c4 c17a | 114a 1448 | 8b74 2420 | 448b 6c24 
  0x0000022e106236a0: 2cc5 fa10 | 4424 44c5 | 7a5c 5424 | 3cc5 fa10 | 4c24 40c5 | 725c 4c24 | 38c5 fa10 

  0x0000022e106236bc: ;   {external_word}
  0x0000022e106236bc: 4c24 38c5 | f057 0579 | dd44 ffc5 | 7a10 6c24 

  0x0000022e106236cc: ;   {external_word}
  0x0000022e106236cc: 3cc5 1057 | 356b dd44 | ffc5 fa10 

  0x0000022e106236d8: ;   {section_word}
  0x0000022e106236d8: 5c24 48c5 | f82e 1dbd | f9ff ff7a | 060f 8421 | 0200 00c4 | 4162 59c9 | c5e2 59c0 | c5fa 1054 
  0x0000022e106236f8: 244c c441 | 6a59 d2c4 | 416a 59f6 | 4c8b 5424 | 5045 8b42 | 0cc5 fa10 | 5c24 30c5 | 6258 d9c5 
  0x0000022e10623718: fa10 9424 | d000 0000 

  0x0000022e10623720: ;   {section_word}
  0x0000022e10623720: c5f8 2e15 | 7cf9 ffff | 7a06 0f84 | aa00 0000 

  0x0000022e10623730: ;   {section_word}
  0x0000022e10623730: c5ea 590d | 70f9 ffff 

  0x0000022e10623738: ;   {section_word}
  0x0000022e10623738: c5ea 581d | 6cf9 ffff 

  0x0000022e10623740: ;   {section_word}
  0x0000022e10623740: c5e2 5915 | 60f9 ffff | c57a 2cd9 | 4181 fb00 | 0000 800f | 8472 1100 | 00c5 7a2c | ca41 81f9 
  0x0000022e10623760: 0000 0080 | 0f84 4c11 | 0000 4181 | e3ff 3f00 | 0041 81e1 | ff3f 0000 

  0x0000022e10623778: ;   {oop([F{0x000000061b8e2640})}
  0x0000022e10623778: 49ba 4026 | 8e1b 0600 | 0000 c481 | 7a10 548a | 10c4 817a | 104c 9a10 | c58a 59e2 | c5b2 59d9 
  0x0000022e10623798: c5fa 59f1 | c5aa 59e9 | c5da 58fe | c58a 59c9 | c532 59c2 | c5aa 59e2 | c53a 5ccd | c562 58c4 
  0x0000022e106237b8: c54a 58d4 | c5fa 59c2 | c5aa 5cdf | c5fa 5cd5 | c53a 5cf3 | c5b2 5ce2 | c5fa 5cc1 | c5da 58c8 
  0x0000022e106237d8: eb13 c4c1 | 7828 fec4 | c178 28c9 | c441 7828 | c2c5 f828 | d0c4 c17a | 58db 478b | 5cec 0c4c 
  0x0000022e106237f8: 8b54 2450 | c4c1 7a10 | 7228 c5fa | 1064 2434 | c4c1 5a58 | c5c4 416a | 58e3 c542 | 58f8 c50a 
  0x0000022e10623818: 58e8 c5ba | 58e8 c5aa | 58f8 c441 | 3258 cbc4 | 4172 58c3 | c57a 105e | 0cc5 7a10 | 5618 c5fa 
  0x0000022e10623838: 1046 14c5 | fa10 5610 | 453b c30f | 8374 0100 | 0045 8d50 | 134f 8d0c | ecc4 817a | 115c 8110 
  0x0000022e10623858: 453b d30f | 83d3 0100 | 004d 63d0 | c401 7a11 | 7c91 14c4 | 817a 1174 | 9118 c401 

  0x0000022e10623874: ;   {no_reloc}
  0x0000022e10623874: 7a11 5c91 | 1cc4 017a | 1154 9120 | c401 7a11 | 6491 24c4 | 817a 117c | 9128 c481 | 7a11 7491 
  0x0000022e10623894: 2cc4 017a | 115c 9130 | c481 7a11 | 5491 34c4 | 017a 114c | 9138 c481 | 7a11 6c91 | 3cc4 817a 
  0x0000022e106238b4: 1174 9140 | c481 7a11 | 4491 44c4 | 817a 1154 | 9148 c401 | 7a11 4491 | 4cc4 017a | 116c 9150 
  0x0000022e106238d4: c481 7a11 | 7491 54c4 | 817a 1144 | 9158 c401 | 7a11 5491 | 5c41 83c0 | 144c 8b54 | 2450 4589 
  0x0000022e106238f4: 420c 4881 | c4c0 0000 

  0x0000022e106238fc: ;   {poll_return}
  0x0000022e106238fc: 005d 493b | a748 0400 | 000f 8795 | 0f00 00c3 | c5fa 1054 

  0x0000022e10623910: ;   {section_word}
  0x0000022e10623910: 244c c5f8 | 2e15 86f7 | ffff 0f8a | dafd ffff | 0f85 d4fd | ffff e9d9 | fdff ff4c | 8b54 2450 
  0x0000022e10623930: 458b 5a44 | 4585 db0f | 8489 fcff | ff4d 8b57 | 2849 8bcb | 48c1 e103 | 4d85 d20f | 84ff 0200 
  0x0000022e10623950: 004d 8b5f | 384b 894c | 13f8 4983 | c2f8 4d89 | 5728 e95f | fcff ff4d | 8b57 484d | 8b5f 58f0 
  0x0000022e10623970: 8344 24c0 | 0080 3900 | 0f84 83fc | ffff 4488 | 214d 85d2 | 751d 498b | d749 ba10 | a1b8 48fc 
  0x0000022e10623990: 7f00 0041 

  0x0000022e10623994: ;   {other}
  0x0000022e10623994: ffd2 0f1f | 8400 0000 | 0000 e95e | fcff ff4b | 894c 13f8 | 4983 c2f8 | 4d89 5748 | e94c fcff 
  0x0000022e106239b4: ff89 4a34 | e90c f8ff | ffc5 f828 | e2c5 f828 | c8ba e4ff | ffff 488b | 6c24 50c5 | 7a11 7c24 
  0x0000022e106239d4: 20c5 7a11 | 6424 24c5 | fa11 7c24 | 28c5 7a11 | 4c24 2cc5 | fa11 6c24 | 30c5 7a11 | 4424 34c5 
  0x0000022e106239f4: 7a11 6c24 | 38c5 7a11 | 5c24 3cc5 | 7a11 5424 | 40c5 fa11 | 4c24 44c5 | fa11 6424 | 48c5 fa11 
  0x0000022e10623a14: 7424 4c44 | 896c 2454 | 4489 4424 | 58c5 fa11 

  0x0000022e10623a24: ;   {runtime_call UncommonTrapBlob}
  0x0000022e10623a24: 5c24 5ce8 

  0x0000022e10623a28: ; ImmutableOopMap {rbp=Oop [84]=NarrowOop }
                      ;*fastore {reexecute=0 rethrow=0 return_oop=0}
                      ; - com.badlogic.gdx.graphics.g2d.SpriteBatch::draw@423 (line 736)
  0x0000022e10623a28: d442 4aff 

  0x0000022e10623a2c: ;   {other}
  0x0000022e10623a2c: 0f1f 8400 | 9c0c 0008 | 418d 6801 | bae4 ffff | ff48 ff74 | 2450 488f | 4424 20c5 | 7a11 6424 
  0x0000022e10623a4c: 28c5 fa11 | 7c24 2cc5 | 7a11 4c24 | 30c5 fa11 | 6c24 34c5 | 7a11 4424 | 38c5 7a11 | 6c24 3cc5 
  0x0000022e10623a6c: 7a11 5c24 | 40c5 7a11 | 5424 44c5 | fa11 4424 | 48c5 fa11 | 5424 4cc5 | fa11 7424 | 5044 8944 
  0x0000022e10623a8c: 2454 4489 | 6c24 58c5 | 7a11 7c24 

  0x0000022e10623a98: ;   {runtime_call UncommonTrapBlob}
  0x0000022e10623a98: 5c66 90e8 

  0x0000022e10623a9c: ; ImmutableOopMap {[32]=Oop [88]=NarrowOop }
                      ;*fastore {reexecute=0 rethrow=0 return_oop=0}
                      ; - com.badlogic.gdx.graphics.g2d.SpriteBatch::draw@432 (line 737)
  0x0000022e10623a9c: 6042 4aff 

  0x0000022e10623aa0: ;   {other}
  0x0000022e10623aa0: 0f1f 8400 | 100d 0009 | ba45 ffff | ff41 8beb 

  0x0000022e10623ab0: ;   {runtime_call UncommonTrapBlob}
  0x0000022e10623ab0: 6666 90e8 

  0x0000022e10623ab4: ; ImmutableOopMap {}
                      ;*ifne {reexecute=1 rethrow=0 return_oop=0}
                      ; - (reexecute) com.badlogic.gdx.graphics.g2d.SpriteBatch::draw@4 (line 645)
  0x0000022e10623ab4: 4842 4aff 

  0x0000022e10623ab8: ;   {other}
  0x0000022e10623ab8: 0f1f 8400 | 280d 000a | bade ffff | ff48 ff74 | 2450 488f | 4424 2048 | 8974 2428 | 4489 6c24 
  0x0000022e10623ad8: 6089 5c24 | 6444 894c | 2468 4489 | 5424 6c44 | 895c 2470 

  0x0000022e10623aec: ;   {runtime_call UncommonTrapBlob}
  0x0000022e10623aec: 6666 90e8 

  0x0000022e10623af0: ; ImmutableOopMap {rbp=NarrowOop [32]=Oop [40]=Oop [96]=NarrowOop [100]=NarrowOop }
                      ;*invokeinterface glBindTexture {reexecute=0 rethrow=0 return_oop=0}
                      ; - com.badlogic.gdx.graphics.GLTexture::bind@11 (line 66)
                      ; - com.badlogic.gdx.graphics.g2d.SpriteBatch::flush@58 (line 964)
                      ; - com.badlogic.gdx.graphics.g2d.SpriteBatch::switchTexture@1 (line 1073)
                      ; - com.badlogic.gdx.graphics.g2d.SpriteBatch::draw@41 (line 651)
  0x0000022e10623af0: 0c42 4aff 

  0x0000022e10623af4: ;   {other}
  0x0000022e10623af4: 0f1f 8400 | 640d 000b | bade ffff | ff44 894c | 2470 4489 | 4424 7444 | 895c 2478 

  0x0000022e10623b10: ;   {runtime_call UncommonTrapBlob}
  0x0000022e10623b10: 6666 90e8 

  0x0000022e10623b14: ; ImmutableOopMap {rbp=NarrowOop [40]=Oop [80]=Oop [96]=NarrowOop [100]=NarrowOop [112]=NarrowOop [116]=NarrowOop }
                      ;*invokeinterface setVertices {reexecute=0 rethrow=0 return_oop=0}
                      ; - com.badlogic.gdx.graphics.Mesh::setVertices@7 (line 208)
                      ; - com.badlogic.gdx.graphics.g2d.SpriteBatch::flush@76 (line 966)
                      ; - com.badlogic.gdx.graphics.g2d.SpriteBatch::switchTexture@1 (line 1073)
                      ; - com.badlogic.gdx.graphics.g2d.SpriteBatch::draw@41 (line 651)
  0x0000022e10623b14: e841 4aff 

  0x0000022e10623b18: ;   {other}
  0x0000022e10623b18: 0f1f 8400 | 880d 000c | bade ffff | ff48 8b7c | 2428 4889 | 7c24 20c5 | fa10 4424 | 30c5 fa11 
  0x0000022e10623b38: 4424 28c5 | fa10 4c24 | 34c5 fa11 | 4c24 2cc5 | fa10 4424 | 38c5 fa11 | 4424 30c5 | fa10 4c24 
  0x0000022e10623b58: 3cc5 fa11 | 4c24 34c5 | fa10 4424 | 40c5 fa11 | 4424 38c5 | fa10 4c24 | 44c5 fa11 | 4c24 3cc5 
  0x0000022e10623b78: fa10 4424 | 48c5 fa11 | 4424 40c5 | fa10 4c24 | 4cc5 fa11 | 4c24 4448 | 894c 2448 | 8b7c 2464 
  0x0000022e10623b98: 897c 2458 | 8b4c 2460 | 894c 245c | 8b7c 2468 | 897c 2460 | 4489 4c24 | 6848 895c | 2470 4489 
  0x0000022e10623bb8: 4424 7844 | 899c 2480 | 0000 0089 | b424 8400 | 0000 4489 | 9424 8800 

  0x0000022e10623bd0: ;   {runtime_call UncommonTrapBlob}
  0x0000022e10623bd0: 0000 90e8 

  0x0000022e10623bd4: ; ImmutableOopMap {[32]=Oop [72]=Oop [80]=Oop [88]=NarrowOop [92]=NarrowOop [104]=NarrowOop [112]=Oop [120]=NarrowOop [132]=NarrowOop }
                      ;*invokevirtual limit {reexecute=0 rethrow=0 return_oop=0}
                      ; - com.badlogic.gdx.utils.BufferUtils::copy@11 (line 51)
                      ; - com.badlogic.gdx.graphics.glutils.VertexArray::setVertices@7 (line 84)
                      ; - com.badlogic.gdx.graphics.Mesh::setVertices@7 (line 208)
                      ; - com.badlogic.gdx.graphics.g2d.SpriteBatch::flush@76 (line 966)
                      ; - com.badlogic.gdx.graphics.g2d.SpriteBatch::switchTexture@1 (line 1073)
                      ; - com.badlogic.gdx.graphics.g2d.SpriteBatch::draw@41 (line 651)
  0x0000022e10623bd4: 2841 4aff 

  0x0000022e10623bd8: ;   {other}
  0x0000022e10623bd8: 0f1f 8400 | 480e 000d | bade ffff | ff4c 8b5c | 2470 4c89 | 5c24 504c | 895c 2458 

  0x0000022e10623bf4: ;   {runtime_call UncommonTrapBlob}
  0x0000022e10623bf4: 6666 90e8 

  0x0000022e10623bf8: ; ImmutableOopMap {rbp=NarrowOop [40]=Oop [80]=Oop [88]=Oop [96]=NarrowOop [100]=NarrowOop [108]=NarrowOop }
                      ;*invokeinterface getBuffer {reexecute=0 rethrow=0 return_oop=0}
                      ; - com.badlogic.gdx.graphics.Mesh::getIndicesBuffer@4 (line 814)
                      ; - com.badlogic.gdx.graphics.g2d.SpriteBatch::flush@81 (line 967)
                      ; - com.badlogic.gdx.graphics.g2d.SpriteBatch::switchTexture@1 (line 1073)
                      ; - com.badlogic.gdx.graphics.g2d.SpriteBatch::draw@41 (line 651)
  0x0000022e10623bf8: 0441 4aff 

  0x0000022e10623bfc: ;   {other}
  0x0000022e10623bfc: 0f1f 8400 | 6c0e 000e | bade ffff | ff48 894c | 2450 4889 

  0x0000022e10623c10: ;   {runtime_call UncommonTrapBlob}
  0x0000022e10623c10: 4c24 58e8 

  0x0000022e10623c14: ; ImmutableOopMap {rbp=NarrowOop [40]=Oop [80]=Oop [88]=Oop [96]=NarrowOop [100]=NarrowOop [108]=NarrowOop }
                      ;*invokeinterface glEnable {reexecute=0 rethrow=0 return_oop=0}
                      ; - com.badlogic.gdx.graphics.g2d.SpriteBatch::flush@125 (line 973)
                      ; - com.badlogic.gdx.graphics.g2d.SpriteBatch::switchTexture@1 (line 1073)
                      ; - com.badlogic.gdx.graphics.g2d.SpriteBatch::draw@41 (line 651)
  0x0000022e10623c14: e840 4aff 

  0x0000022e10623c18: ;   {other}
  0x0000022e10623c18: 0f1f 8400 | 880e 000f | bade ffff | ff48 895c | 2450 4889 | 5c24 5844 | 895c 2470 | 4489 4424 
  0x0000022e10623c38: 7444 894c | 2478 4489 

  0x0000022e10623c40: ;   {runtime_call UncommonTrapBlob}
  0x0000022e10623c40: 5424 7ce8 

  0x0000022e10623c44: ; ImmutableOopMap {rbp=NarrowOop [40]=Oop [80]=Oop [88]=Oop [96]=NarrowOop [100]=NarrowOop [108]=NarrowOop }
                      ;*invokeinterface glBlendFuncSeparate {reexecute=0 rethrow=0 return_oop=0}
                      ; - com.badlogic.gdx.graphics.g2d.SpriteBatch::flush@157 (line 974)
                      ; - com.badlogic.gdx.graphics.g2d.SpriteBatch::switchTexture@1 (line 1073)
                      ; - com.badlogic.gdx.graphics.g2d.SpriteBatch::draw@41 (line 651)
  0x0000022e10623c44: b840 4aff 

  0x0000022e10623c48: ;   {other}
  0x0000022e10623c48: 0f1f 8400 | b80e 0010 | 498b d749 | ba30 a1b8 | 48fc 7f00 | 0041 ffd2 

  0x0000022e10623c60: ;   {other}
  0x0000022e10623c60: 0f1f 8400 | 0000 0000 | e959 f9ff | ffba 45ff | ffff 488b | 6c24 5048 | 8974 2420 | c5fa 1144 
  0x0000022e10623c80: 2428 c5fa | 114c 242c | c5fa 1154 | 2430 c5fa | 115c 2434 | c5fa 1164 | 2438 c5fa | 116c 243c 
  0x0000022e10623ca0: c5fa 1174 | 2440 c5fa | 117c 2444 | 4489 6c24 | 5889 5c24 | 5c44 894c | 2460 4489 | 5424 6444 
  0x0000022e10623cc0: 895c 2468 | 894c 246c | 4889 4424 

  0x0000022e10623ccc: ;   {runtime_call UncommonTrapBlob}
  0x0000022e10623ccc: 7066 90e8 

  0x0000022e10623cd0: ; ImmutableOopMap {rbp=Oop [32]=Oop [88]=NarrowOop [92]=NarrowOop [108]=NarrowOop [112]=Oop }
                      ;*if_acmpne {reexecute=1 rethrow=0 return_oop=0}
                      ; - (reexecute) org.lwjgl.opengl.GLContext::getCapabilitiesImpl@11 (line 132)
                      ; - org.lwjgl.opengl.GLContext::getCapabilities@0 (line 122)
                      ; - org.lwjgl.opengl.GL11::glBindTexture@0 (line 651)
                      ; - com.badlogic.gdx.backends.lwjgl.LwjglGL20::glBindTexture@2 (line 93)
                      ; - com.badlogic.gdx.graphics.GLTexture::bind@11 (line 66)
                      ; - com.badlogic.gdx.graphics.g2d.SpriteBatch::flush@58 (line 964)
                      ; - com.badlogic.gdx.graphics.g2d.SpriteBatch::switchTexture@1 (line 1073)
                      ; - com.badlogic.gdx.graphics.g2d.SpriteBatch::draw@41 (line 651)
  0x0000022e10623cd0: 2c40 4aff 

  0x0000022e10623cd4: ;   {other}
  0x0000022e10623cd4: 0f1f 8400 | 440f 0011 | ba45 ffff | ff48 894c | 2450 4889 | 4c24 5848 | 895c 2470 

  0x0000022e10623cf0: ;   {runtime_call UncommonTrapBlob}
  0x0000022e10623cf0: 6666 90e8 

  0x0000022e10623cf4: ; ImmutableOopMap {rbp=NarrowOop [40]=Oop [80]=Oop [88]=Oop [96]=NarrowOop [100]=NarrowOop [108]=NarrowOop [112]=Oop }
                      ;*if_acmpne {reexecute=1 rethrow=0 return_oop=0}
                      ; - (reexecute) org.lwjgl.opengl.GLContext::getCapabilitiesImpl@11 (line 132)
                      ; - org.lwjgl.opengl.GLContext::getCapabilities@0 (line 122)
                      ; - org.lwjgl.opengl.GL11::glEnable@0 (line 1012)
                      ; - com.badlogic.gdx.backends.lwjgl.LwjglGL20::glEnable@1 (line 292)
                      ; - com.badlogic.gdx.graphics.g2d.SpriteBatch::flush@125 (line 973)
                      ; - com.badlogic.gdx.graphics.g2d.SpriteBatch::switchTexture@1 (line 1073)
                      ; - com.badlogic.gdx.graphics.g2d.SpriteBatch::draw@41 (line 651)
  0x0000022e10623cf4: 0840 4aff 

  0x0000022e10623cf8: ;   {other}
  0x0000022e10623cf8: 0f1f 8400 | 680f 0012 | ba45 ffff | ff48 895c | 2450 4889 | 5c24 5844 | 895c 2470 | 4489 4424 
  0x0000022e10623d18: 7444 894c | 2478 4489 | 5424 7c48 | 898c 2480 

  0x0000022e10623d28: ;   {runtime_call UncommonTrapBlob}
  0x0000022e10623d28: 0000 00e8 

  0x0000022e10623d2c: ; ImmutableOopMap {rbp=NarrowOop [40]=Oop [80]=Oop [88]=Oop [96]=NarrowOop [100]=NarrowOop [108]=NarrowOop [128]=Oop }
                      ;*if_acmpne {reexecute=1 rethrow=0 return_oop=0}
                      ; - (reexecute) org.lwjgl.opengl.GLContext::getCapabilitiesImpl@11 (line 132)
                      ; - org.lwjgl.opengl.GLContext::getCapabilities@0 (line 122)
                      ; - org.lwjgl.opengl.GL14::glBlendFuncSeparate@0 (line 238)
                      ; - com.badlogic.gdx.backends.lwjgl.LwjglGL20::glBlendFuncSeparate@5 (line 113)
                      ; - com.badlogic.gdx.graphics.g2d.SpriteBatch::flush@157 (line 974)
                      ; - com.badlogic.gdx.graphics.g2d.SpriteBatch::switchTexture@1 (line 1073)
                      ; - com.badlogic.gdx.graphics.g2d.SpriteBatch::draw@41 (line 651)
  0x0000022e10623d2c: d03f 4aff 

  0x0000022e10623d30: ;   {other}
  0x0000022e10623d30: 0f1f 8400 | a00f 0013 | ba45 ffff | ff48 ff74 | 2450 488f | 4424 2048 | 8974 2428 | 4489 6c24 
  0x0000022e10623d50: 6089 5c24 | 6444 894c | 2468 4489 | 5424 6c44 | 895c 2470 

  0x0000022e10623d64: ;   {runtime_call UncommonTrapBlob}
  0x0000022e10623d64: 6666 90e8 

  0x0000022e10623d68: ; ImmutableOopMap {rbp=NarrowOop [32]=Oop [40]=Oop [96]=NarrowOop [100]=NarrowOop }
                      ;*ifnonnull {reexecute=1 rethrow=0 return_oop=0}
                      ; - (reexecute) org.lwjgl.opengl.GLContext::getCapabilities@5 (line 123)
                      ; - org.lwjgl.opengl.GL11::glBindTexture@0 (line 651)
                      ; - com.badlogic.gdx.backends.lwjgl.LwjglGL20::glBindTexture@2 (line 93)
                      ; - com.badlogic.gdx.graphics.GLTexture::bind@11 (line 66)
                      ; - com.badlogic.gdx.graphics.g2d.SpriteBatch::flush@58 (line 964)
                      ; - com.badlogic.gdx.graphics.g2d.SpriteBatch::switchTexture@1 (line 1073)
                      ; - com.badlogic.gdx.graphics.g2d.SpriteBatch::draw@41 (line 651)
  0x0000022e10623d68: 943f 4aff 

  0x0000022e10623d6c: ;   {other}
  0x0000022e10623d6c: 0f1f 8400 | dc0f 0014 | 4533 c049 | 3bc8 bdff | ffff ff7c | 0840 0f95 | c540 0fb6 | edba 45ff 
  0x0000022e10623d8c: ffff 48ff | 7424 5048 | 8f44 2420 | 4889 7424 | 2844 896c | 2460 895c | 2464 4489 | 4c24 6844 
  0x0000022e10623dac: 8954 246c | 4489 5c24 | 7048 894c 

  0x0000022e10623db8: ;   {runtime_call UncommonTrapBlob}
  0x0000022e10623db8: 2478 90e8 

  0x0000022e10623dbc: ; ImmutableOopMap {[32]=Oop [40]=Oop [96]=NarrowOop [100]=NarrowOop }
                      ;*ifne {reexecute=1 rethrow=0 return_oop=0}
                      ; - (reexecute) org.lwjgl.BufferChecks::checkFunctionAddress@9 (line 57)
                      ; - org.lwjgl.opengl.GL11::glBindTexture@10 (line 653)
                      ; - com.badlogic.gdx.backends.lwjgl.LwjglGL20::glBindTexture@2 (line 93)
                      ; - com.badlogic.gdx.graphics.GLTexture::bind@11 (line 66)
                      ; - com.badlogic.gdx.graphics.g2d.SpriteBatch::flush@58 (line 964)
                      ; - com.badlogic.gdx.graphics.g2d.SpriteBatch::switchTexture@1 (line 1073)
                      ; - com.badlogic.gdx.graphics.g2d.SpriteBatch::draw@41 (line 651)
  0x0000022e10623dbc: 403f 4aff 

  0x0000022e10623dc0: ;   {other}
  0x0000022e10623dc0: 0f1f 8400 | 3010 0015 | ba45 ffff | ff44 894c | 2470 4889 | 5c24 7844 | 8984 2480 | 0000 0044 
  0x0000022e10623de0: 899c 2484 | 0000 0048 | 89b4 2490 | 0000 0048 | 89b4 2498 | 0000 0044 | 8994 24ac 

  0x0000022e10623dfc: ;   {runtime_call UncommonTrapBlob}
  0x0000022e10623dfc: 0000 00e8 

  0x0000022e10623e00: ; ImmutableOopMap {[40]=Oop [80]=Oop [96]=NarrowOop [100]=NarrowOop [112]=NarrowOop [120]=Oop [128]=NarrowOop [144]=Oop [152]=Oop }
                      ;*if_icmple {reexecute=1 rethrow=0 return_oop=0}
                      ; - (reexecute) java.nio.Buffer::limit@5 (line 379)
                      ; - java.nio.ByteBuffer::limit@2 (line 1565)
                      ; - java.nio.MappedByteBuffer::limit@2 (line 338)
                      ; - java.nio.MappedByteBuffer::limit@2 (line 73)
                      ; - com.badlogic.gdx.utils.BufferUtils::copy@11 (line 51)
                      ; - com.badlogic.gdx.graphics.glutils.VertexArray::setVertices@7 (line 84)
                      ; - com.badlogic.gdx.graphics.Mesh::setVertices@7 (line 208)
                      ; - com.badlogic.gdx.graphics.g2d.SpriteBatch::flush@76 (line 966)
                      ; - com.badlogic.gdx.graphics.g2d.SpriteBatch::switchTexture@1 (line 1073)
                      ; - com.badlogic.gdx.graphics.g2d.SpriteBatch::draw@41 (line 651)
  0x0000022e10623e00: fc3e 4aff 

  0x0000022e10623e04: ;   {other}
  0x0000022e10623e04: 0f1f 8400 | 7410 0016 | ba45 ffff | ff48 8b7c | 2428 4889 | 7c24 20c5 | fa10 4424 | 30c5 fa11 
  0x0000022e10623e24: 4424 28c5 | fa10 4c24 | 34c5 fa11 | 4c24 2cc5 | fa10 4424 | 38c5 fa11 | 4424 30c5 | fa10 4c24 
  0x0000022e10623e44: 3cc5 fa11 | 4c24 34c5 | fa10 4424 | 40c5 fa11 | 4424 38c5 | fa10 4c24 | 44c5 fa11 | 4c24 3cc5 
  0x0000022e10623e64: fa10 4424 | 48c5 fa11 | 4424 40c5 | fa10 4c24 | 4cc5 fa11 | 4c24 4448 | 894c 2448 | 8b7c 2464 
  0x0000022e10623e84: 897c 2458 | 8b4c 2460 | 894c 245c | 8b7c 2468 | 897c 2460 | 4489 4c24 | 6848 895c | 2470 4489 
  0x0000022e10623ea4: 4424 7844 | 895c 247c | 4889 b424 | 8800 0000 | 4889 b424 | 9000 0000 | 4489 9424 | a400 0000 
  0x0000022e10623ec4: ;   {runtime_call UncommonTrapBlob}
  0x0000022e10623ec4: 6666 90e8 

  0x0000022e10623ec8: ; ImmutableOopMap {[32]=Oop [72]=Oop [80]=Oop [88]=NarrowOop [92]=NarrowOop [104]=NarrowOop [112]=Oop [120]=NarrowOop [136]=Oop [144]=Oop }
                      ;*ifge {reexecute=1 rethrow=0 return_oop=0}
                      ; - (reexecute) java.nio.Buffer::limit@14 (line 379)
                      ; - java.nio.ByteBuffer::limit@2 (line 1565)
                      ; - java.nio.MappedByteBuffer::limit@2 (line 338)
                      ; - java.nio.MappedByteBuffer::limit@2 (line 73)
                      ; - com.badlogic.gdx.utils.BufferUtils::copy@11 (line 51)
                      ; - com.badlogic.gdx.graphics.glutils.VertexArray::setVertices@7 (line 84)
                      ; - com.badlogic.gdx.graphics.Mesh::setVertices@7 (line 208)
                      ; - com.badlogic.gdx.graphics.g2d.SpriteBatch::flush@76 (line 966)
                      ; - com.badlogic.gdx.graphics.g2d.SpriteBatch::switchTexture@1 (line 1073)
                      ; - com.badlogic.gdx.graphics.g2d.SpriteBatch::draw@41 (line 651)
  0x0000022e10623ec8: 343e 4aff 

  0x0000022e10623ecc: ;   {other}
  0x0000022e10623ecc: 0f1f 8400 | 3c11 0017 | ba45 ffff | ff44 894c | 2470 4889 | 5c24 7844 | 8984 2480 | 0000 0044 
  0x0000022e10623eec: 899c 2484 | 0000 0048 | 89b4 2490 | 0000 0048 | 89b4 2498 | 0000 0044 | 8994 24ac 

  0x0000022e10623f08: ;   {runtime_call UncommonTrapBlob}
  0x0000022e10623f08: 0000 00e8 

  0x0000022e10623f0c: ; ImmutableOopMap {[40]=Oop [80]=Oop [96]=NarrowOop [100]=NarrowOop [112]=NarrowOop [120]=Oop [128]=NarrowOop [144]=Oop [152]=Oop }
                      ;*if_icmple {reexecute=1 rethrow=0 return_oop=0}
                      ; - (reexecute) java.nio.Buffer::limit@42 (line 382)
                      ; - java.nio.ByteBuffer::limit@2 (line 1565)
                      ; - java.nio.MappedByteBuffer::limit@2 (line 338)
                      ; - java.nio.MappedByteBuffer::limit@2 (line 73)
                      ; - com.badlogic.gdx.utils.BufferUtils::copy@11 (line 51)
                      ; - com.badlogic.gdx.graphics.glutils.VertexArray::setVertices@7 (line 84)
                      ; - com.badlogic.gdx.graphics.Mesh::setVertices@7 (line 208)
                      ; - com.badlogic.gdx.graphics.g2d.SpriteBatch::flush@76 (line 966)
                      ; - com.badlogic.gdx.graphics.g2d.SpriteBatch::switchTexture@1 (line 1073)
                      ; - com.badlogic.gdx.graphics.g2d.SpriteBatch::draw@41 (line 651)
  0x0000022e10623f0c: f03d 4aff 

  0x0000022e10623f10: ;   {other}
  0x0000022e10623f10: 0f1f 8400 | 8011 0018 | ba45 ffff | ff44 894c | 2470 4889 | 5c24 7844 | 8984 2480 | 0000 0044 
  0x0000022e10623f30: 899c 2484 | 0000 0048 | 89b4 2490 | 0000 0048 | 89b4 2498 | 0000 0044 | 8994 24a8 

  0x0000022e10623f4c: ;   {runtime_call UncommonTrapBlob}
  0x0000022e10623f4c: 0000 00e8 

  0x0000022e10623f50: ; ImmutableOopMap {[40]=Oop [80]=Oop [96]=NarrowOop [100]=NarrowOop [112]=NarrowOop [120]=Oop [128]=NarrowOop [144]=Oop [152]=Oop }
                      ;*if_icmple {reexecute=1 rethrow=0 return_oop=0}
                      ; - (reexecute) java.nio.Buffer::limit@55 (line 383)
                      ; - java.nio.ByteBuffer::limit@2 (line 1565)
                      ; - java.nio.MappedByteBuffer::limit@2 (line 338)
                      ; - java.nio.MappedByteBuffer::limit@2 (line 73)
                      ; - com.badlogic.gdx.utils.BufferUtils::copy@11 (line 51)
                      ; - com.badlogic.gdx.graphics.glutils.VertexArray::setVertices@7 (line 84)
                      ; - com.badlogic.gdx.graphics.Mesh::setVertices@7 (line 208)
                      ; - com.badlogic.gdx.graphics.g2d.SpriteBatch::flush@76 (line 966)
                      ; - com.badlogic.gdx.graphics.g2d.SpriteBatch::switchTexture@1 (line 1073)
                      ; - com.badlogic.gdx.graphics.g2d.SpriteBatch::draw@41 (line 651)
  0x0000022e10623f50: ac3d 4aff 

  0x0000022e10623f54: ;   {other}
  0x0000022e10623f54: 0f1f 8400 | c411 0019 | ba45 ffff | ff4c 8b54 | 2470 4c89 | 5424 504c | 8954 2458 | 4889 4424 
  0x0000022e10623f74: f88b 4424 | 7889 4424 | 7448 8b44 | 24f8 4c89 | 9c24 8800 | 0000 4c89 | 9c24 9000 

  0x0000022e10623f90: ;   {runtime_call UncommonTrapBlob}
  0x0000022e10623f90: 0000 90e8 

  0x0000022e10623f94: ; ImmutableOopMap {[40]=Oop [80]=Oop [88]=Oop [96]=NarrowOop [100]=NarrowOop [108]=NarrowOop [128]=Oop [136]=Oop [144]=Oop }
                      ;*if_icmple {reexecute=1 rethrow=0 return_oop=0}
                      ; - (reexecute) java.nio.Buffer::position@5 (line 326)
                      ; - java.nio.ByteBuffer::position@2 (line 1551)
                      ; - java.nio.MappedByteBuffer::position@2 (line 328)
                      ; - java.nio.MappedByteBuffer::position@2 (line 73)
                      ; - com.badlogic.gdx.utils.BufferUtils::copy@40 (line 55)
                      ; - com.badlogic.gdx.graphics.glutils.VertexArray::setVertices@7 (line 84)
                      ; - com.badlogic.gdx.graphics.Mesh::setVertices@7 (line 208)
                      ; - com.badlogic.gdx.graphics.g2d.SpriteBatch::flush@76 (line 966)
                      ; - com.badlogic.gdx.graphics.g2d.SpriteBatch::switchTexture@1 (line 1073)
                      ; - com.badlogic.gdx.graphics.g2d.SpriteBatch::draw@41 (line 651)
  0x0000022e10623f94: 683d 4aff 

  0x0000022e10623f98: ;   {other}
  0x0000022e10623f98: 0f1f 8400 | 0812 001a | ba45 ffff | ff4c 8b54 | 2470 4c89 | 5424 504c | 8954 2458 | 4889 4424 
  0x0000022e10623fb8: f88b 4424 | 7889 4424 | 7448 8b44 | 24f8 4c89 | 9c24 8800 | 0000 4c89 | 9c24 9000 

  0x0000022e10623fd4: ;   {runtime_call UncommonTrapBlob}
  0x0000022e10623fd4: 0000 90e8 

  0x0000022e10623fd8: ; ImmutableOopMap {[40]=Oop [80]=Oop [88]=Oop [96]=NarrowOop [100]=NarrowOop [108]=NarrowOop [128]=Oop [136]=Oop [144]=Oop }
                      ;*if_icmple {reexecute=1 rethrow=0 return_oop=0}
                      ; - (reexecute) java.nio.Buffer::position@37 (line 328)
                      ; - java.nio.ByteBuffer::position@2 (line 1551)
                      ; - java.nio.MappedByteBuffer::position@2 (line 328)
                      ; - java.nio.MappedByteBuffer::position@2 (line 73)
                      ; - com.badlogic.gdx.utils.BufferUtils::copy@40 (line 55)
                      ; - com.badlogic.gdx.graphics.glutils.VertexArray::setVertices@7 (line 84)
                      ; - com.badlogic.gdx.graphics.Mesh::setVertices@7 (line 208)
                      ; - com.badlogic.gdx.graphics.g2d.SpriteBatch::flush@76 (line 966)
                      ; - com.badlogic.gdx.graphics.g2d.SpriteBatch::switchTexture@1 (line 1073)
                      ; - com.badlogic.gdx.graphics.g2d.SpriteBatch::draw@41 (line 651)
  0x0000022e10623fd8: 243d 4aff 

  0x0000022e10623fdc: ;   {other}
  0x0000022e10623fdc: 0f1f 8400 | 4c12 001b | ba45 ffff | ff4c 8b54 | 2470 4c89 | 5424 504c | 8954 2458 | 4889 4424 
  0x0000022e10623ffc: f88b 4424 | 7889 4424 | 7448 8b44 | 24f8 894c 

  0x0000022e1062400c: ;   {runtime_call UncommonTrapBlob}
  0x0000022e1062400c: 247c 90e8 

  0x0000022e10624010: ; ImmutableOopMap {[40]=Oop [80]=Oop [88]=Oop [96]=NarrowOop [100]=NarrowOop [108]=NarrowOop [124]=NarrowOop [128]=Oop }
                      ;*if_icmple {reexecute=1 rethrow=0 return_oop=0}
                      ; - (reexecute) java.nio.Buffer::position@5 (line 326)
                      ; - java.nio.FloatBuffer::position@2 (line 1551)
                      ; - java.nio.FloatBuffer::position@2 (line 285)
                      ; - com.badlogic.gdx.graphics.glutils.VertexArray::setVertices@15 (line 85)
                      ; - com.badlogic.gdx.graphics.Mesh::setVertices@7 (line 208)
                      ; - com.badlogic.gdx.graphics.g2d.SpriteBatch::flush@76 (line 966)
                      ; - com.badlogic.gdx.graphics.g2d.SpriteBatch::switchTexture@1 (line 1073)
                      ; - com.badlogic.gdx.graphics.g2d.SpriteBatch::draw@41 (line 651)
  0x0000022e10624010: ec3c 4aff 

  0x0000022e10624014: ;   {other}
  0x0000022e10624014: 0f1f 8400 | 8412 001c | ba45 ffff | ff48 8b6c | 2470 4c8b | 5424 284c | 8954 2420 | c5fa 1044 
  0x0000022e10624034: 2430 c5fa | 1144 2428 | c5fa 104c | 2434 c5fa | 114c 242c | c5fa 1044 | 2438 c5fa | 1144 2430 
  0x0000022e10624054: c5fa 104c | 243c c5fa | 114c 2434 | c5fa 1044 | 2440 c5fa | 1144 2438 | c5fa 104c | 2444 c5fa 
  0x0000022e10624074: 114c 243c | c5fa 1044 | 2448 c5fa | 1144 2440 | c5fa 104c | 244c c5fa | 114c 2444 | 448b 5c24 
  0x0000022e10624094: 6444 895c | 2458 448b | 5424 6044 | 8954 245c | 448b 5c24 | 6844 895c | 2460 448b | 5424 6c44 
  0x0000022e106240b4: 8954 2468 | 4c89 4424 | 7044 8b54 | 2478 4489 | 5424 6c89 | 4c24 7c44 | 898c 2480 

  0x0000022e106240d0: ;   {runtime_call UncommonTrapBlob}
  0x0000022e106240d0: 0000 00e8 

  0x0000022e106240d4: ; ImmutableOopMap {rbp=Oop [32]=Oop [88]=NarrowOop [92]=NarrowOop [104]=NarrowOop [112]=Oop [124]=NarrowOop }
                      ;*if_icmple {reexecute=1 rethrow=0 return_oop=0}
                      ; - (reexecute) java.nio.Buffer::position@37 (line 328)
                      ; - java.nio.FloatBuffer::position@2 (line 1551)
                      ; - java.nio.FloatBuffer::position@2 (line 285)
                      ; - com.badlogic.gdx.graphics.glutils.VertexArray::setVertices@15 (line 85)
                      ; - com.badlogic.gdx.graphics.Mesh::setVertices@7 (line 208)
                      ; - com.badlogic.gdx.graphics.g2d.SpriteBatch::flush@76 (line 966)
                      ; - com.badlogic.gdx.graphics.g2d.SpriteBatch::switchTexture@1 (line 1073)
                      ; - com.badlogic.gdx.graphics.g2d.SpriteBatch::draw@41 (line 651)
  0x0000022e106240d4: 283c 4aff 

  0x0000022e106240d8: ;   {other}
  0x0000022e106240d8: 0f1f 8400 | 4813 001d | ba45 ffff | ff4c 8b54 | 2470 4c89 | 5424 504c | 8954 2458 | 894c 2478 
  0x0000022e106240f8: 4489 9c24 | 8000 0000 

  0x0000022e10624100: ;   {runtime_call UncommonTrapBlob}
  0x0000022e10624100: 6666 90e8 

  0x0000022e10624104: ; ImmutableOopMap {[40]=Oop [80]=Oop [88]=Oop [96]=NarrowOop [100]=NarrowOop [108]=NarrowOop [120]=NarrowOop }
                      ;*if_icmple {reexecute=1 rethrow=0 return_oop=0}
                      ; - (reexecute) java.nio.Buffer::limit@5 (line 379)
                      ; - java.nio.FloatBuffer::limit@2 (line 1565)
                      ; - java.nio.FloatBuffer::limit@2 (line 285)
                      ; - com.badlogic.gdx.graphics.glutils.VertexArray::setVertices@24 (line 86)
                      ; - com.badlogic.gdx.graphics.Mesh::setVertices@7 (line 208)
                      ; - com.badlogic.gdx.graphics.g2d.SpriteBatch::flush@76 (line 966)
                      ; - com.badlogic.gdx.graphics.g2d.SpriteBatch::switchTexture@1 (line 1073)
                      ; - com.badlogic.gdx.graphics.g2d.SpriteBatch::draw@41 (line 651)
  0x0000022e10624104: f83b 4aff 

  0x0000022e10624108: ;   {other}
  0x0000022e10624108: 0f1f 8400 | 7813 001e | ba45 ffff | ff48 8b6c | 2470 4c8b | 5424 284c | 8954 2420 | c5fa 1044 
  0x0000022e10624128: 2430 c5fa | 1144 2428 | c5fa 104c | 2434 c5fa | 114c 242c | c5fa 1044 | 2438 c5fa | 1144 2430 
  0x0000022e10624148: c5fa 104c | 243c c5fa | 114c 2434 | c5fa 1044 | 2440 c5fa | 1144 2438 | c5fa 104c | 2444 c5fa 
  0x0000022e10624168: 114c 243c | c5fa 1044 | 2448 c5fa | 1144 2440 | c5fa 104c | 244c c5fa | 114c 2444 | 448b 4424 
  0x0000022e10624188: 6444 8944 | 2458 448b | 5424 6044 | 8954 245c | 448b 4424 | 6844 8944 | 2460 448b | 5424 6c44 
  0x0000022e106241a8: 8954 2468 | 894c 2470 

  0x0000022e106241b0: ;   {runtime_call UncommonTrapBlob}
  0x0000022e106241b0: 6666 90e8 

  0x0000022e106241b4: ; ImmutableOopMap {rbp=Oop [32]=Oop [88]=NarrowOop [92]=NarrowOop [104]=NarrowOop [112]=NarrowOop }
                      ;*ifge {reexecute=1 rethrow=0 return_oop=0}
                      ; - (reexecute) java.nio.Buffer::limit@14 (line 379)
                      ; - java.nio.FloatBuffer::limit@2 (line 1565)
                      ; - java.nio.FloatBuffer::limit@2 (line 285)
                      ; - com.badlogic.gdx.graphics.glutils.VertexArray::setVertices@24 (line 86)
                      ; - com.badlogic.gdx.graphics.Mesh::setVertices@7 (line 208)
                      ; - com.badlogic.gdx.graphics.g2d.SpriteBatch::flush@76 (line 966)
                      ; - com.badlogic.gdx.graphics.g2d.SpriteBatch::switchTexture@1 (line 1073)
                      ; - com.badlogic.gdx.graphics.g2d.SpriteBatch::draw@41 (line 651)
  0x0000022e106241b4: 483b 4aff 

  0x0000022e106241b8: ;   {other}
  0x0000022e106241b8: 0f1f 8400 | 2814 001f | ba45 ffff | ff48 8b6c | 2470 4c8b | 5424 284c | 8954 2420 | c5fa 1044 
  0x0000022e106241d8: 2430 c5fa | 1144 2428 | c5fa 104c | 2434 c5fa | 114c 242c | c5fa 1044 | 2438 c5fa | 1144 2430 
  0x0000022e106241f8: c5fa 104c | 243c c5fa | 114c 2434 | c5fa 1044 | 2440 c5fa | 1144 2438 | c5fa 104c | 2444 c5fa 
  0x0000022e10624218: 114c 243c | c5fa 1044 | 2448 c5fa | 1144 2440 | c5fa 104c | 244c c5fa | 114c 2444 | 448b 5424 
  0x0000022e10624238: 6444 8954 | 2458 448b | 4424 6044 | 8944 245c | 448b 5424 | 6844 8954 | 2460 448b | 4424 6c44 
  0x0000022e10624258: 8944 2468 | 894c 2470 | 4489 4c24 

  0x0000022e10624264: ;   {runtime_call UncommonTrapBlob}
  0x0000022e10624264: 7466 90e8 

  0x0000022e10624268: ; ImmutableOopMap {rbp=Oop [32]=Oop [88]=NarrowOop [92]=NarrowOop [104]=NarrowOop [112]=NarrowOop }
                      ;*if_icmple {reexecute=1 rethrow=0 return_oop=0}
                      ; - (reexecute) java.nio.Buffer::limit@55 (line 383)
                      ; - java.nio.FloatBuffer::limit@2 (line 1565)
                      ; - java.nio.FloatBuffer::limit@2 (line 285)
                      ; - com.badlogic.gdx.graphics.glutils.VertexArray::setVertices@24 (line 86)
                      ; - com.badlogic.gdx.graphics.Mesh::setVertices@7 (line 208)
                      ; - com.badlogic.gdx.graphics.g2d.SpriteBatch::flush@76 (line 966)
                      ; - com.badlogic.gdx.graphics.g2d.SpriteBatch::switchTexture@1 (line 1073)
                      ; - com.badlogic.gdx.graphics.g2d.SpriteBatch::draw@41 (line 651)
  0x0000022e10624268: 943a 4aff 

  0x0000022e1062426c: ;   {other}
  0x0000022e1062426c: 0f1f 8400 | dc14 0020 | ba45 ffff | ff4c 8b5c | 2470 4c89 | 5c24 504c | 895c 2458 | 894c 2474 
  0x0000022e1062428c: ;   {runtime_call UncommonTrapBlob}
  0x0000022e1062428c: 6666 90e8 

  0x0000022e10624290: ; ImmutableOopMap {[40]=Oop [80]=Oop [88]=Oop [96]=NarrowOop [100]=NarrowOop [108]=NarrowOop [116]=NarrowOop }
                      ;*if_icmple {reexecute=1 rethrow=0 return_oop=0}
                      ; - (reexecute) java.nio.Buffer::position@5 (line 326)
                      ; - java.nio.ShortBuffer::position@2 (line 1551)
                      ; - java.nio.ShortBuffer::position@2 (line 285)
                      ; - com.badlogic.gdx.graphics.g2d.SpriteBatch::flush@85 (line 967)
                      ; - com.badlogic.gdx.graphics.g2d.SpriteBatch::switchTexture@1 (line 1073)
                      ; - com.badlogic.gdx.graphics.g2d.SpriteBatch::draw@41 (line 651)
  0x0000022e10624290: 6c3a 4aff 

  0x0000022e10624294: ;   {other}
  0x0000022e10624294: 0f1f 8400 | 0415 0021 | ba45 ffff | ff48 8b6c | 2470 4c8b | 5c24 284c | 895c 2420 | c5fa 1044 
  0x0000022e106242b4: 2430 c5fa | 1144 2428 | c5fa 104c | 2434 c5fa | 114c 242c | c5fa 1044 | 2438 c5fa | 1144 2430 
  0x0000022e106242d4: c5fa 104c | 243c c5fa | 114c 2434 | c5fa 1044 | 2440 c5fa | 1144 2438 | c5fa 104c | 2444 c5fa 
  0x0000022e106242f4: 114c 243c | c5fa 1044 | 2448 c5fa | 1144 2440 | c5fa 104c | 244c c5fa | 114c 2444 | 448b 4424 
  0x0000022e10624314: 6444 8944 | 2458 448b | 5c24 6044 | 895c 245c | 448b 4424 | 6844 8944 | 2460 4489 | 5424 6489 
  0x0000022e10624334: 4c24 6c89 

  0x0000022e10624338: ;   {runtime_call UncommonTrapBlob}
  0x0000022e10624338: 5c24 70e8 

  0x0000022e1062433c: ; ImmutableOopMap {rbp=Oop [32]=Oop [88]=NarrowOop [92]=NarrowOop [100]=NarrowOop [108]=NarrowOop }
                      ;*if_icmple {reexecute=1 rethrow=0 return_oop=0}
                      ; - (reexecute) java.nio.Buffer::position@37 (line 328)
                      ; - java.nio.ShortBuffer::position@2 (line 1551)
                      ; - java.nio.ShortBuffer::position@2 (line 285)
                      ; - com.badlogic.gdx.graphics.g2d.SpriteBatch::flush@85 (line 967)
                      ; - com.badlogic.gdx.graphics.g2d.SpriteBatch::switchTexture@1 (line 1073)
                      ; - com.badlogic.gdx.graphics.g2d.SpriteBatch::draw@41 (line 651)
  0x0000022e1062433c: c039 4aff 

  0x0000022e10624340: ;   {other}
  0x0000022e10624340: 0f1f 8400 | b015 0022 | ba45 ffff | ff4c 8b44 | 2470 4c89 | 4424 504c | 8944 2458 | 894c 2474 
  0x0000022e10624360: ;   {runtime_call UncommonTrapBlob}
  0x0000022e10624360: 6666 90e8 

  0x0000022e10624364: ; ImmutableOopMap {[40]=Oop [80]=Oop [88]=Oop [96]=NarrowOop [100]=NarrowOop [108]=NarrowOop [116]=NarrowOop }
                      ;*if_icmple {reexecute=1 rethrow=0 return_oop=0}
                      ; - (reexecute) java.nio.Buffer::limit@5 (line 379)
                      ; - java.nio.ShortBuffer::limit@2 (line 1565)
                      ; - java.nio.ShortBuffer::limit@2 (line 285)
                      ; - com.badlogic.gdx.graphics.g2d.SpriteBatch::flush@94 (line 968)
                      ; - com.badlogic.gdx.graphics.g2d.SpriteBatch::switchTexture@1 (line 1073)
                      ; - com.badlogic.gdx.graphics.g2d.SpriteBatch::draw@41 (line 651)
  0x0000022e10624364: 9839 4aff 

  0x0000022e10624368: ;   {other}
  0x0000022e10624368: 0f1f 8400 | d815 0023 | ba45 ffff | ff48 8b6c | 2470 4c8b | 4424 284c | 8944 2420 | c5fa 1044 
  0x0000022e10624388: 2430 c5fa | 1144 2428 | c5fa 104c | 2434 c5fa | 114c 242c | c5fa 1044 | 2438 c5fa | 1144 2430 
  0x0000022e106243a8: c5fa 104c | 243c c5fa | 114c 2434 | c5fa 1044 | 2440 c5fa | 1144 2438 | c5fa 104c | 2444 c5fa 
  0x0000022e106243c8: 114c 243c | c5fa 1044 | 2448 c5fa | 1144 2440 | c5fa 104c | 244c c5fa | 114c 2444 | 448b 4424 
  0x0000022e106243e8: 6444 8944 | 2458 448b | 4c24 6044 | 894c 245c | 4489 5424 | 6489 4c24 | 6c44 895c | 2470 4489 
  0x0000022e10624408: ;   {runtime_call UncommonTrapBlob}
  0x0000022e10624408: 5c24 74e8 

  0x0000022e1062440c: ; ImmutableOopMap {rbp=Oop [32]=Oop [88]=NarrowOop [92]=NarrowOop [100]=NarrowOop [108]=NarrowOop }
                      ;*ifge {reexecute=1 rethrow=0 return_oop=0}
                      ; - (reexecute) java.nio.Buffer::limit@14 (line 379)
                      ; - java.nio.ShortBuffer::limit@2 (line 1565)
                      ; - java.nio.ShortBuffer::limit@2 (line 285)
                      ; - com.badlogic.gdx.graphics.g2d.SpriteBatch::flush@94 (line 968)
                      ; - com.badlogic.gdx.graphics.g2d.SpriteBatch::switchTexture@1 (line 1073)
                      ; - com.badlogic.gdx.graphics.g2d.SpriteBatch::draw@41 (line 651)
  0x0000022e1062440c: f038 4aff 

  0x0000022e10624410: ;   {other}
  0x0000022e10624410: 0f1f 8400 | 8016 0024 | ba45 ffff | ff48 8b6c | 2470 4c8b | 4424 284c | 8944 2420 | c5fa 1044 
  0x0000022e10624430: 2430 c5fa | 1144 2428 | c5fa 104c | 2434 c5fa | 114c 242c | c5fa 1044 | 2438 c5fa | 1144 2430 
  0x0000022e10624450: c5fa 104c | 243c c5fa | 114c 2434 | c5fa 1044 | 2440 c5fa | 1144 2438 | c5fa 104c | 2444 c5fa 
  0x0000022e10624470: 114c 243c | c5fa 1044 | 2448 c5fa | 1144 2440 | c5fa 104c | 244c c5fa | 114c 2444 | 448b 4c24 
  0x0000022e10624490: 6444 894c | 2458 448b | 4424 6044 | 8944 245c | 4489 5424 | 6489 4c24 | 6c89 5c24 | 7044 895c 
  0x0000022e106244b0: ;   {runtime_call UncommonTrapBlob}
  0x0000022e106244b0: 2474 90e8 

  0x0000022e106244b4: ; ImmutableOopMap {rbp=Oop [32]=Oop [88]=NarrowOop [92]=NarrowOop [100]=NarrowOop [108]=NarrowOop }
                      ;*if_icmple {reexecute=1 rethrow=0 return_oop=0}
                      ; - (reexecute) java.nio.Buffer::limit@55 (line 383)
                      ; - java.nio.ShortBuffer::limit@2 (line 1565)
                      ; - java.nio.ShortBuffer::limit@2 (line 285)
                      ; - com.badlogic.gdx.graphics.g2d.SpriteBatch::flush@94 (line 968)
                      ; - com.badlogic.gdx.graphics.g2d.SpriteBatch::switchTexture@1 (line 1073)
                      ; - com.badlogic.gdx.graphics.g2d.SpriteBatch::draw@41 (line 651)
  0x0000022e106244b4: 4838 4aff 

  0x0000022e106244b8: ;   {other}
  0x0000022e106244b8: 0f1f 8400 | 2817 0025 | ba45 ffff | ff48 894c | 2450 4889 

  0x0000022e106244cc: ;   {runtime_call UncommonTrapBlob}
  0x0000022e106244cc: 4c24 58e8 

  0x0000022e106244d0: ; ImmutableOopMap {[40]=Oop [80]=Oop [88]=Oop [96]=NarrowOop [100]=NarrowOop [108]=NarrowOop }
                      ;*ifeq {reexecute=1 rethrow=0 return_oop=0}
                      ; - (reexecute) com.badlogic.gdx.graphics.g2d.SpriteBatch::flush@102 (line 970)
                      ; - com.badlogic.gdx.graphics.g2d.SpriteBatch::switchTexture@1 (line 1073)
                      ; - com.badlogic.gdx.graphics.g2d.SpriteBatch::draw@41 (line 651)
  0x0000022e106244d0: 2c38 4aff 

  0x0000022e106244d4: ;   {other}
  0x0000022e106244d4: 0f1f 8400 | 4417 0026 | ba45 ffff | ff48 894c | 2450 4889 

  0x0000022e106244e8: ;   {runtime_call UncommonTrapBlob}
  0x0000022e106244e8: 4c24 58e8 

  0x0000022e106244ec: ; ImmutableOopMap {rbp=NarrowOop [40]=Oop [80]=Oop [88]=Oop [96]=NarrowOop [100]=NarrowOop [108]=NarrowOop }
                      ;*ifnonnull {reexecute=1 rethrow=0 return_oop=0}
                      ; - (reexecute) org.lwjgl.opengl.GLContext::getCapabilities@5 (line 123)
                      ; - org.lwjgl.opengl.GL11::glEnable@0 (line 1012)
                      ; - com.badlogic.gdx.backends.lwjgl.LwjglGL20::glEnable@1 (line 292)
                      ; - com.badlogic.gdx.graphics.g2d.SpriteBatch::flush@125 (line 973)
                      ; - com.badlogic.gdx.graphics.g2d.SpriteBatch::switchTexture@1 (line 1073)
                      ; - com.badlogic.gdx.graphics.g2d.SpriteBatch::draw@41 (line 651)
  0x0000022e106244ec: 1038 4aff 

  0x0000022e106244f0: ;   {other}
  0x0000022e106244f0: 0f1f 8400 | 6017 0027 | 4533 c94d | 3bc1 bdff | ffff ff7c | 0840 0f95 | c540 0fb6 | edba 45ff 
  0x0000022e10624510: ffff 4889 | 4c24 5048 | 894c 2458 | 4c89 4424 

  0x0000022e10624520: ;   {runtime_call UncommonTrapBlob}
  0x0000022e10624520: 7066 90e8 

  0x0000022e10624524: ; ImmutableOopMap {[40]=Oop [80]=Oop [88]=Oop [96]=NarrowOop [100]=NarrowOop [108]=NarrowOop }
                      ;*ifne {reexecute=1 rethrow=0 return_oop=0}
                      ; - (reexecute) org.lwjgl.BufferChecks::checkFunctionAddress@9 (line 57)
                      ; - org.lwjgl.opengl.GL11::glEnable@10 (line 1014)
                      ; - com.badlogic.gdx.backends.lwjgl.LwjglGL20::glEnable@1 (line 292)
                      ; - com.badlogic.gdx.graphics.g2d.SpriteBatch::flush@125 (line 973)
                      ; - com.badlogic.gdx.graphics.g2d.SpriteBatch::switchTexture@1 (line 1073)
                      ; - com.badlogic.gdx.graphics.g2d.SpriteBatch::draw@41 (line 651)
  0x0000022e10624524: d837 4aff 

  0x0000022e10624528: ;   {other}
  0x0000022e10624528: 0f1f 8400 | 9817 0028 | ba45 ffff | ff4c 8b54 | 2428 4c89 | 5424 20c5 | fa10 4424 | 30c5 fa11 
  0x0000022e10624548: 4424 28c5 | fa10 4c24 | 34c5 fa11 | 4c24 2cc5 | fa10 4424 | 38c5 fa11 | 4424 30c5 | fa10 4c24 
  0x0000022e10624568: 3cc5 fa11 | 4c24 34c5 | fa10 4424 | 40c5 fa11 | 4424 38c5 | fa10 4c24 | 44c5 fa11 | 4c24 3cc5 
  0x0000022e10624588: fa10 4424 | 48c5 fa11 | 4424 40c5 | fa10 4c24 | 4cc5 fa11 | 4c24 4444 | 8b54 2464 | 4489 5424 
  0x0000022e106245a8: 5844 8b44 | 2460 4489 | 4424 5c44 | 8b54 2468 | 4489 5424 | 6044 895c 

  0x0000022e106245c0: ;   {runtime_call UncommonTrapBlob}
  0x0000022e106245c0: 2468 90e8 

  0x0000022e106245c4: ; ImmutableOopMap {rbp=Oop [32]=Oop [88]=NarrowOop [92]=NarrowOop [108]=NarrowOop }
                      ;*if_icmpeq {reexecute=1 rethrow=0 return_oop=0}
                      ; - (reexecute) com.badlogic.gdx.graphics.g2d.SpriteBatch::flush@135 (line 974)
                      ; - com.badlogic.gdx.graphics.g2d.SpriteBatch::switchTexture@1 (line 1073)
                      ; - com.badlogic.gdx.graphics.g2d.SpriteBatch::draw@41 (line 651)
  0x0000022e106245c4: 3837 4aff 

  0x0000022e106245c8: ;   {other}
  0x0000022e106245c8: 0f1f 8400 | 3818 0029 | ba45 ffff | ff48 895c | 2450 4889 | 5c24 5844 | 895c 2470 | 4489 4424 
  0x0000022e106245e8: 7444 894c | 2478 4489 

  0x0000022e106245f0: ;   {runtime_call UncommonTrapBlob}
  0x0000022e106245f0: 5424 7ce8 

  0x0000022e106245f4: ; ImmutableOopMap {rbp=NarrowOop [40]=Oop [80]=Oop [88]=Oop [96]=NarrowOop [100]=NarrowOop [108]=NarrowOop }
                      ;*ifnonnull {reexecute=1 rethrow=0 return_oop=0}
                      ; - (reexecute) org.lwjgl.opengl.GLContext::getCapabilities@5 (line 123)
                      ; - org.lwjgl.opengl.GL14::glBlendFuncSeparate@0 (line 238)
                      ; - com.badlogic.gdx.backends.lwjgl.LwjglGL20::glBlendFuncSeparate@5 (line 113)
                      ; - com.badlogic.gdx.graphics.g2d.SpriteBatch::flush@157 (line 974)
                      ; - com.badlogic.gdx.graphics.g2d.SpriteBatch::switchTexture@1 (line 1073)
                      ; - com.badlogic.gdx.graphics.g2d.SpriteBatch::draw@41 (line 651)
  0x0000022e106245f4: 0837 4aff 

  0x0000022e106245f8: ;   {other}
  0x0000022e106245f8: 0f1f 8400 | 6818 002a | 33c9 483b | f1bd ffff | ffff 7c08 | 400f 95c5 | 400f b6ed | ba45 ffff 
  0x0000022e10624618: ff48 895c | 2450 4889 | 5c24 5844 | 895c 2470 | 4489 4424 | 7444 894c | 2478 4489 | 5424 7c48 
  0x0000022e10624638: 89b4 2480 

  0x0000022e1062463c: ;   {runtime_call UncommonTrapBlob}
  0x0000022e1062463c: 0000 00e8 

  0x0000022e10624640: ; ImmutableOopMap {[40]=Oop [80]=Oop [88]=Oop [96]=NarrowOop [100]=NarrowOop [108]=NarrowOop }
                      ;*ifne {reexecute=1 rethrow=0 return_oop=0}
                      ; - (reexecute) org.lwjgl.BufferChecks::checkFunctionAddress@9 (line 57)
                      ; - org.lwjgl.opengl.GL14::glBlendFuncSeparate@14 (line 240)
                      ; - com.badlogic.gdx.backends.lwjgl.LwjglGL20::glBlendFuncSeparate@5 (line 113)
                      ; - com.badlogic.gdx.graphics.g2d.SpriteBatch::flush@157 (line 974)
                      ; - com.badlogic.gdx.graphics.g2d.SpriteBatch::switchTexture@1 (line 1073)
                      ; - com.badlogic.gdx.graphics.g2d.SpriteBatch::draw@41 (line 651)
  0x0000022e10624640: bc36 4aff 

  0x0000022e10624644: ;   {other}
  0x0000022e10624644: 0f1f 8400 | b418 002b | eb06 eb04 | eb02 eb00 | 488b d0eb | 0848 8bd0 | eb03 488b | d048 81c4 
  0x0000022e10624664: c000 0000 

  0x0000022e10624668: ;   {runtime_call _rethrow_Java}
  0x0000022e10624668: 5de9 92e9 | 57ff baf6 

  0x0000022e10624670: ;   {runtime_call UncommonTrapBlob}
  0x0000022e10624670: ffff ffe8 

  0x0000022e10624674: ; ImmutableOopMap {}
                      ;*getfield texture {reexecute=1 rethrow=0 return_oop=0}
                      ; - (reexecute) com.badlogic.gdx.graphics.g2d.SpriteBatch::draw@24 (line 649)
  0x0000022e10624674: 8836 4aff 

  0x0000022e10624678: ;   {other}
  0x0000022e10624678: 0f1f 8400 | e818 002c | baf6 ffff | ff41 8be8 | c5fa 119c | 24d0 0000 

  0x0000022e10624690: ;   {runtime_call UncommonTrapBlob}
  0x0000022e10624690: 0066 90e8 

  0x0000022e10624694: ; ImmutableOopMap {}
                      ;*fastore {reexecute=0 rethrow=0 return_oop=0}
                      ; - com.badlogic.gdx.graphics.g2d.SpriteBatch::draw@423 (line 736)
  0x0000022e10624694: 6836 4aff 

  0x0000022e10624698: ;   {other}
  0x0000022e10624698: 0f1f 8400 | 0819 002d | baf6 ffff 

  0x0000022e106246a4: ;   {runtime_call UncommonTrapBlob}
  0x0000022e106246a4: ff66 90e8 

  0x0000022e106246a8: ; ImmutableOopMap {}
                      ;*invokevirtual getWidth {reexecute=0 rethrow=0 return_oop=0}
                      ; - com.badlogic.gdx.graphics.g2d.SpriteBatch::switchTexture@12 (line 1075)
                      ; - com.badlogic.gdx.graphics.g2d.SpriteBatch::draw@41 (line 651)
  0x0000022e106246a8: 5436 4aff 

  0x0000022e106246ac: ;   {other}
  0x0000022e106246ac: 0f1f 8400 | 1c19 002e | baf6 ffff 

  0x0000022e106246b8: ;   {runtime_call UncommonTrapBlob}
  0x0000022e106246b8: ff66 90e8 

  0x0000022e106246bc: ; ImmutableOopMap {}
                      ;*arraylength {reexecute=0 rethrow=0 return_oop=0}
                      ; - com.badlogic.gdx.graphics.g2d.SpriteBatch::draw@53 (line 652)
  0x0000022e106246bc: 4036 4aff 

  0x0000022e106246c0: ;   {other}
  0x0000022e106246c0: 0f1f 8400 | 3019 002f | baf6 ffff 

  0x0000022e106246cc: ;   {runtime_call UncommonTrapBlob}
  0x0000022e106246cc: ff66 90e8 

  0x0000022e106246d0: ; ImmutableOopMap {}
                      ;*invokevirtual bind {reexecute=0 rethrow=0 return_oop=0}
                      ; - com.badlogic.gdx.graphics.g2d.SpriteBatch::flush@58 (line 964)
                      ; - com.badlogic.gdx.graphics.g2d.SpriteBatch::switchTexture@1 (line 1073)
                      ; - com.badlogic.gdx.graphics.g2d.SpriteBatch::draw@41 (line 651)
  0x0000022e106246d0: 2c36 4aff 

  0x0000022e106246d4: ;   {other}
  0x0000022e106246d4: 0f1f 8400 | 4419 0030 | baf6 ffff | ff41 8bea | 4489 9c24 | d000 0000 

  0x0000022e106246ec: ;   {runtime_call UncommonTrapBlob}
  0x0000022e106246ec: 6666 90e8 

  0x0000022e106246f0: ; ImmutableOopMap {}
                      ;*invokeinterface glBindTexture {reexecute=0 rethrow=0 return_oop=0}
                      ; - com.badlogic.gdx.graphics.GLTexture::bind@11 (line 66)
                      ; - com.badlogic.gdx.graphics.g2d.SpriteBatch::flush@58 (line 964)
                      ; - com.badlogic.gdx.graphics.g2d.SpriteBatch::switchTexture@1 (line 1073)
                      ; - com.badlogic.gdx.graphics.g2d.SpriteBatch::draw@41 (line 651)
  0x0000022e106246f0: 0c36 4aff 

  0x0000022e106246f4: ;   {other}
  0x0000022e106246f4: 0f1f 8400 | 6419 0031 | baf6 ffff 

  0x0000022e10624700: ;   {runtime_call UncommonTrapBlob}
  0x0000022e10624700: ff66 90e8 

  0x0000022e10624704: ; ImmutableOopMap {}
                      ;*getfield owner {reexecute=1 rethrow=0 return_oop=0}
                      ; - (reexecute) org.lwjgl.opengl.GLContext::getCapabilitiesImpl@5 (line 132)
                      ; - org.lwjgl.opengl.GLContext::getCapabilities@0 (line 122)
                      ; - org.lwjgl.opengl.GL11::glBindTexture@0 (line 651)
                      ; - com.badlogic.gdx.backends.lwjgl.LwjglGL20::glBindTexture@2 (line 93)
                      ; - com.badlogic.gdx.graphics.GLTexture::bind@11 (line 66)
                      ; - com.badlogic.gdx.graphics.g2d.SpriteBatch::flush@58 (line 964)
                      ; - com.badlogic.gdx.graphics.g2d.SpriteBatch::switchTexture@1 (line 1073)
                      ; - com.badlogic.gdx.graphics.g2d.SpriteBatch::draw@41 (line 651)
  0x0000022e10624704: f835 4aff 

  0x0000022e10624708: ;   {other}
  0x0000022e10624708: 0f1f 8400 | 7819 0032 | baf6 ffff | ff41 8be8 | 4489 9c24 | d000 0000 

  0x0000022e10624720: ;   {runtime_call UncommonTrapBlob}
  0x0000022e10624720: 6666 90e8 

  0x0000022e10624724: ; ImmutableOopMap {rbp=NarrowOop }
                      ;*invokevirtual setVertices {reexecute=0 rethrow=0 return_oop=0}
                      ; - com.badlogic.gdx.graphics.g2d.SpriteBatch::flush@76 (line 966)
                      ; - com.badlogic.gdx.graphics.g2d.SpriteBatch::switchTexture@1 (line 1073)
                      ; - com.badlogic.gdx.graphics.g2d.SpriteBatch::draw@41 (line 651)
  0x0000022e10624724: d835 4aff 

  0x0000022e10624728: ;   {other}
  0x0000022e10624728: 0f1f 8400 | 9819 0033 | baf6 ffff | ff41 8be8 | 4489 9c24 | d000 0000 

  0x0000022e10624740: ;   {runtime_call UncommonTrapBlob}
  0x0000022e10624740: 6666 90e8 

  0x0000022e10624744: ; ImmutableOopMap {rbp=NarrowOop }
                      ;*invokeinterface setVertices {reexecute=0 rethrow=0 return_oop=0}
                      ; - com.badlogic.gdx.graphics.Mesh::setVertices@7 (line 208)
                      ; - com.badlogic.gdx.graphics.g2d.SpriteBatch::flush@76 (line 966)
                      ; - com.badlogic.gdx.graphics.g2d.SpriteBatch::switchTexture@1 (line 1073)
                      ; - com.badlogic.gdx.graphics.g2d.SpriteBatch::draw@41 (line 651)
  0x0000022e10624744: b835 4aff 

  0x0000022e10624748: ;   {other}
  0x0000022e10624748: 0f1f 8400 | b819 0034 | baf4 ffff | ff4c 8b54 | 2428 4c89 | 5424 20c5 | fa10 4424 | 30c5 fa11 
  0x0000022e10624768: 4424 28c5 | fa10 4c24 | 34c5 fa11 | 4c24 2cc5 | fa10 4424 | 38c5 fa11 | 4424 30c5 | fa10 4c24 
  0x0000022e10624788: 3cc5 fa11 | 4c24 34c5 | fa10 4424 | 40c5 fa11 | 4424 38c5 | fa10 4c24 | 44c5 fa11 | 4c24 3cc5 
  0x0000022e106247a8: fa10 4424 | 48c5 fa11 | 4424 40c5 | fa10 4c24 | 4cc5 fa11 | 4c24 4448 | 894c 2448 | 8b4c 2464 
  0x0000022e106247c8: 894c 2458 | 448b 5424 | 6044 8954 | 245c 8b4c | 2468 894c | 2460 4489 | 4c24 6848 | 895c 2470 
  0x0000022e106247e8: 4489 4424 | 7844 895c 

  0x0000022e106247f0: ;   {runtime_call UncommonTrapBlob}
  0x0000022e106247f0: 247c 90e8 

  0x0000022e106247f4: ; ImmutableOopMap {[32]=Oop [72]=Oop [80]=Oop [88]=NarrowOop [92]=NarrowOop [104]=NarrowOop [112]=Oop [120]=NarrowOop }
                      ;*instanceof {reexecute=0 rethrow=0 return_oop=0}
                      ; - com.badlogic.gdx.utils.BufferUtils::copy@1 (line 50)
                      ; - com.badlogic.gdx.graphics.glutils.VertexArray::setVertices@7 (line 84)
                      ; - com.badlogic.gdx.graphics.Mesh::setVertices@7 (line 208)
                      ; - com.badlogic.gdx.graphics.g2d.SpriteBatch::flush@76 (line 966)
                      ; - com.badlogic.gdx.graphics.g2d.SpriteBatch::switchTexture@1 (line 1073)
                      ; - com.badlogic.gdx.graphics.g2d.SpriteBatch::draw@41 (line 651)
  0x0000022e106247f4: 0835 4aff 

  0x0000022e106247f8: ;   {other}
  0x0000022e106247f8: 0f1f 8400 | 681a 0035 | baf6 ffff 

  0x0000022e10624804: ;   {runtime_call UncommonTrapBlob}
  0x0000022e10624804: ff66 90e8 

  0x0000022e10624808: ; ImmutableOopMap {}
                      ;*invokevirtual position {reexecute=0 rethrow=0 return_oop=0}
                      ; - com.badlogic.gdx.graphics.glutils.VertexArray::setVertices@15 (line 85)
                      ; - com.badlogic.gdx.graphics.Mesh::setVertices@7 (line 208)
                      ; - com.badlogic.gdx.graphics.g2d.SpriteBatch::flush@76 (line 966)
                      ; - com.badlogic.gdx.graphics.g2d.SpriteBatch::switchTexture@1 (line 1073)
                      ; - com.badlogic.gdx.graphics.g2d.SpriteBatch::draw@41 (line 651)
  0x0000022e10624808: f434 4aff 

  0x0000022e1062480c: ;   {other}
  0x0000022e1062480c: 0f1f 8400 | 7c1a 0036 | baf6 ffff 

  0x0000022e10624818: ;   {runtime_call UncommonTrapBlob}
  0x0000022e10624818: ff66 90e8 

  0x0000022e1062481c: ; ImmutableOopMap {}
                      ;*invokeinterface getBuffer {reexecute=0 rethrow=0 return_oop=0}
                      ; - com.badlogic.gdx.graphics.Mesh::getIndicesBuffer@4 (line 814)
                      ; - com.badlogic.gdx.graphics.g2d.SpriteBatch::flush@81 (line 967)
                      ; - com.badlogic.gdx.graphics.g2d.SpriteBatch::switchTexture@1 (line 1073)
                      ; - com.badlogic.gdx.graphics.g2d.SpriteBatch::draw@41 (line 651)
  0x0000022e1062481c: e034 4aff 

  0x0000022e10624820: ;   {other}
  0x0000022e10624820: 0f1f 8400 | 901a 0037 | baf6 ffff 

  0x0000022e1062482c: ;   {runtime_call UncommonTrapBlob}
  0x0000022e1062482c: ff66 90e8 

  0x0000022e10624830: ; ImmutableOopMap {}
                      ;*invokevirtual position {reexecute=0 rethrow=0 return_oop=0}
                      ; - com.badlogic.gdx.graphics.g2d.SpriteBatch::flush@85 (line 967)
                      ; - com.badlogic.gdx.graphics.g2d.SpriteBatch::switchTexture@1 (line 1073)
                      ; - com.badlogic.gdx.graphics.g2d.SpriteBatch::draw@41 (line 651)
  0x0000022e10624830: cc34 4aff 

  0x0000022e10624834: ;   {other}
  0x0000022e10624834: 0f1f 8400 | a41a 0038 | baf6 ffff 

  0x0000022e10624840: ;   {runtime_call UncommonTrapBlob}
  0x0000022e10624840: ff66 90e8 

  0x0000022e10624844: ; ImmutableOopMap {}
                      ;*invokeinterface glEnable {reexecute=0 rethrow=0 return_oop=0}
                      ; - com.badlogic.gdx.graphics.g2d.SpriteBatch::flush@125 (line 973)
                      ; - com.badlogic.gdx.graphics.g2d.SpriteBatch::switchTexture@1 (line 1073)
                      ; - com.badlogic.gdx.graphics.g2d.SpriteBatch::draw@41 (line 651)
  0x0000022e10624844: b834 4aff 

  0x0000022e10624848: ;   {other}
  0x0000022e10624848: 0f1f 8400 | b81a 0039 | baf6 ffff 

  0x0000022e10624854: ;   {runtime_call UncommonTrapBlob}
  0x0000022e10624854: ff66 90e8 

  0x0000022e10624858: ; ImmutableOopMap {}
                      ;*getfield owner {reexecute=1 rethrow=0 return_oop=0}
                      ; - (reexecute) org.lwjgl.opengl.GLContext::getCapabilitiesImpl@5 (line 132)
                      ; - org.lwjgl.opengl.GLContext::getCapabilities@0 (line 122)
                      ; - org.lwjgl.opengl.GL11::glEnable@0 (line 1012)
                      ; - com.badlogic.gdx.backends.lwjgl.LwjglGL20::glEnable@1 (line 292)
                      ; - com.badlogic.gdx.graphics.g2d.SpriteBatch::flush@125 (line 973)
                      ; - com.badlogic.gdx.graphics.g2d.SpriteBatch::switchTexture@1 (line 1073)
                      ; - com.badlogic.gdx.graphics.g2d.SpriteBatch::draw@41 (line 651)
  0x0000022e10624858: a434 4aff 

  0x0000022e1062485c: ;   {other}
  0x0000022e1062485c: 0f1f 8400 | cc1a 003a | baf6 ffff | ff41 8beb | 4489 8424 | d000 0000 | 4489 4c24 | 2044 8954 
  0x0000022e1062487c: ;   {runtime_call UncommonTrapBlob}
  0x0000022e1062487c: 2424 90e8 

  0x0000022e10624880: ; ImmutableOopMap {}
                      ;*invokeinterface glBlendFuncSeparate {reexecute=0 rethrow=0 return_oop=0}
                      ; - com.badlogic.gdx.graphics.g2d.SpriteBatch::flush@157 (line 974)
                      ; - com.badlogic.gdx.graphics.g2d.SpriteBatch::switchTexture@1 (line 1073)
                      ; - com.badlogic.gdx.graphics.g2d.SpriteBatch::draw@41 (line 651)
  0x0000022e10624880: 7c34 4aff 

  0x0000022e10624884: ;   {other}
  0x0000022e10624884: 0f1f 8400 | f41a 003b | baf6 ffff 

  0x0000022e10624890: ;   {runtime_call UncommonTrapBlob}
  0x0000022e10624890: ff66 90e8 

  0x0000022e10624894: ; ImmutableOopMap {}
                      ;*getfield owner {reexecute=1 rethrow=0 return_oop=0}
                      ; - (reexecute) org.lwjgl.opengl.GLContext::getCapabilitiesImpl@5 (line 132)
                      ; - org.lwjgl.opengl.GLContext::getCapabilities@0 (line 122)
                      ; - org.lwjgl.opengl.GL14::glBlendFuncSeparate@0 (line 238)
                      ; - com.badlogic.gdx.backends.lwjgl.LwjglGL20::glBlendFuncSeparate@5 (line 113)
                      ; - com.badlogic.gdx.graphics.g2d.SpriteBatch::flush@157 (line 974)
                      ; - com.badlogic.gdx.graphics.g2d.SpriteBatch::switchTexture@1 (line 1073)
                      ; - com.badlogic.gdx.graphics.g2d.SpriteBatch::draw@41 (line 651)
  0x0000022e10624894: 6834 4aff 

  0x0000022e10624898: ;   {other}
  0x0000022e10624898: 0f1f 8400 | 081b 003c 

  0x0000022e106248a0: ;   {internal_word}
  0x0000022e106248a0: 49ba fe38 | 6210 2e02 | 0000 4d89 | 9760 0400 

  0x0000022e106248b0: ;   {runtime_call SafepointBlob}
  0x0000022e106248b0: 00e9 ca22 | 4aff 4883 | ec08 c5fb 

  0x0000022e106248bc: ;   {runtime_call StubRoutines (initial stubs)}
  0x0000022e106248bc: 1114 24e8 | fac9 44ff | 4159 e99f | eeff ff48 | 83ec 08c5 | fb11 0c24 

  0x0000022e106248d4: ;   {runtime_call StubRoutines (initial stubs)}
  0x0000022e106248d4: e8e5 c944 | ff41 5be9 | 79ee ffff 

  0x0000022e106248e0: ;   {runtime_call StubRoutines (final stubs)}
  0x0000022e106248e0: e8db 1348 | ffe9 14e8 | ffff f4f4 | f4f4 f4f4 
[Stub Code]
  0x0000022e106248f0: ;   {no_reloc}
  0x0000022e106248f0: 48bb 0000 | 0000 0000 

  0x0000022e106248f8: ;   {runtime_call nmethod}
  0x0000022e106248f8: 0000 e9fb 

  0x0000022e106248fc: ;   {static_stub}
  0x0000022e106248fc: ffff ff48 | bb00 0000 | 0000 0000 

  0x0000022e10624908: ;   {runtime_call nmethod}
  0x0000022e10624908: 00e9 fbff 

  0x0000022e1062490c: ;   {static_stub}
  0x0000022e1062490c: ffff 48bb | 0000 0000 | 0000 0000 

  0x0000022e10624918: ;   {runtime_call nmethod}
  0x0000022e10624918: e9fb ffff 

  0x0000022e1062491c: ;   {static_stub}
  0x0000022e1062491c: ff48 bb00 | 0000 0000 

  0x0000022e10624924: ;   {runtime_call nmethod}
  0x0000022e10624924: 0000 00e9 | fbff ffff 

  0x0000022e1062492c: ;   {static_stub}
  0x0000022e1062492c: 48bb 0000 | 0000 0000 

  0x0000022e10624934: ;   {runtime_call nmethod}
  0x0000022e10624934: 0000 e9fb 

  0x0000022e10624938: ;   {runtime_call ExceptionBlob}
  0x0000022e10624938: ffff ffe9 | c0c2 57ff 
[Deopt Handler Code]
  0x0000022e10624940: e800 0000 | 0048 832c 

  0x0000022e10624948: ;   {runtime_call DeoptimizationBlob}
  0x0000022e10624948: 2405 e9d1 | 364a fff4 
[/MachCode]


---------------  P R O C E S S  ---------------

Threads class SMR info:
_java_thread_list=0x0000022e1f695570, length=24, elements={
0x0000022e7be2e3d0, 0x0000022e7be2f020, 0x0000022e7be3e300, 0x0000022e1f5924b0,
0x0000022e1f593680, 0x0000022e1f59c5e0, 0x0000022e1f5a5ca0, 0x0000022e1f5a8740,
0x0000022e1f704d50, 0x0000022e1f70bd40, 0x0000022e6555dbd0, 0x0000022e7938f780,
0x0000022e6643e6c0, 0x0000022e66bf86c0, 0x0000022e669d21a0, 0x0000022e66b07970,
0x0000022e65e6f140, 0x0000022e6e9b07d0, 0x0000022e6f29c810, 0x0000022e6f29cea0,
0x0000022e6f29baf0, 0x0000022e6f29a0b0, 0x0000022e66a22290, 0x0000022e66a22920
}

Java Threads: ( => current thread )
  0x0000022e7be2e3d0 JavaThread "Reference Handler"          daemon [_thread_blocked, id=11732, stack(0x000000bb59a00000,0x000000bb59b00000) (1024K)]
  0x0000022e7be2f020 JavaThread "Finalizer"                  daemon [_thread_blocked, id=41788, stack(0x000000bb59b00000,0x000000bb59c00000) (1024K)]
  0x0000022e7be3e300 JavaThread "Signal Dispatcher"          daemon [_thread_blocked, id=33712, stack(0x000000bb59c00000,0x000000bb59d00000) (1024K)]
  0x0000022e1f5924b0 JavaThread "Attach Listener"            daemon [_thread_blocked, id=41720, stack(0x000000bb59d00000,0x000000bb59e00000) (1024K)]
  0x0000022e1f593680 JavaThread "Service Thread"             daemon [_thread_blocked, id=42892, stack(0x000000bb59e00000,0x000000bb59f00000) (1024K)]
  0x0000022e1f59c5e0 JavaThread "Monitor Deflation Thread"   daemon [_thread_blocked, id=6012, stack(0x000000bb59f00000,0x000000bb5a000000) (1024K)]
  0x0000022e1f5a5ca0 JavaThread "C2 CompilerThread0"         daemon [_thread_blocked, id=16920, stack(0x000000bb5a000000,0x000000bb5a100000) (1024K)]
  0x0000022e1f5a8740 JavaThread "C1 CompilerThread0"         daemon [_thread_blocked, id=11740, stack(0x000000bb5a100000,0x000000bb5a200000) (1024K)]
  0x0000022e1f704d50 JavaThread "Notification Thread"        daemon [_thread_blocked, id=38020, stack(0x000000bb5a400000,0x000000bb5a500000) (1024K)]
  0x0000022e1f70bd40 JavaThread "Common-Cleaner"             daemon [_thread_blocked, id=16948, stack(0x000000bb5a500000,0x000000bb5a600000) (1024K)]
=>0x0000022e6555dbd0 JavaThread "LWJGL Application"                 [_thread_in_native, id=19912, stack(0x000000bb5a200000,0x000000bb5a300000) (1024K)]
  0x0000022e7938f780 JavaThread "DestroyJavaVM"                     [_thread_blocked, id=10564, stack(0x000000bb59200000,0x000000bb59300000) (1024K)]
  0x0000022e6643e6c0 JavaThread "AsynchExecutor-Thread"      daemon [_thread_blocked, id=14064, stack(0x000000bb5b200000,0x000000bb5b300000) (1024K)]
  0x0000022e66bf86c0 JavaThread "TextureDecoder-1"           daemon [_thread_blocked, id=42896, stack(0x000000bb5b600000,0x000000bb5b700000) (1024K)]
  0x0000022e669d21a0 JavaThread "TextureDecoder-2"           daemon [_thread_blocked, id=41556, stack(0x000000bb5b700000,0x000000bb5b800000) (1024K)]
  0x0000022e66b07970 JavaThread "TextureDecoder-3"           daemon [_thread_blocked, id=22712, stack(0x000000bb5b800000,0x000000bb5b900000) (1024K)]
  0x0000022e65e6f140 JavaThread "TextureDecoder-4"           daemon [_thread_blocked, id=25220, stack(0x000000bb5c400000,0x000000bb5c500000) (1024K)]
  0x0000022e6e9b07d0 JavaThread "LWJGL Timer"                daemon [_thread_blocked, id=42772, stack(0x000000bb5c500000,0x000000bb5c600000) (1024K)]
  0x0000022e6f29c810 JavaThread "RxIoScheduler-1 (Evictor)"  daemon [_thread_blocked, id=37136, stack(0x000000bb5b300000,0x000000bb5b400000) (1024K)]
  0x0000022e6f29cea0 JavaThread "RxComputationScheduler-1"   daemon [_thread_blocked, id=31072, stack(0x000000bb5b400000,0x000000bb5b500000) (1024K)]
  0x0000022e6f29baf0 JavaThread "RxIoScheduler-2"            daemon [_thread_blocked, id=17720, stack(0x000000bb5b500000,0x000000bb5b600000) (1024K)]
  0x0000022e6f29a0b0 JavaThread "RxComputationScheduler-2"   daemon [_thread_blocked, id=38160, stack(0x000000bb5b000000,0x000000bb5b100000) (1024K)]
  0x0000022e66a22290 JavaThread "Timer"                      daemon [_thread_blocked, id=41956, stack(0x000000bb58f00000,0x000000bb59000000) (1024K)]
  0x0000022e66a22920 JavaThread "RxComputationScheduler-3"   daemon [_thread_blocked, id=14580, stack(0x000000bb59000000,0x000000bb59100000) (1024K)]
Total: 24

Other Threads:
  0x0000022e7be14500 VMThread "VM Thread"                           [id=30752, stack(0x000000bb59900000,0x000000bb59a00000) (1024K)]
  0x0000022e1f590090 WatcherThread "VM Periodic Task Thread"        [id=42188, stack(0x000000bb59800000,0x000000bb59900000) (1024K)]
  0x0000022e793eeb20 WorkerThread "GC Thread#0"                     [id=4800, stack(0x000000bb59300000,0x000000bb59400000) (1024K)]
  0x0000022e66bf8d20 WorkerThread "GC Thread#1"                     [id=40516, stack(0x000000bb5b900000,0x000000bb5ba00000) (1024K)]
  0x0000022e66bdb8d0 WorkerThread "GC Thread#2"                     [id=32988, stack(0x000000bb5ba00000,0x000000bb5bb00000) (1024K)]
  0x0000022e669ec990 WorkerThread "GC Thread#3"                     [id=32260, stack(0x000000bb5bb00000,0x000000bb5bc00000) (1024K)]
  0x0000022e66aa1140 WorkerThread "GC Thread#4"                     [id=26080, stack(0x000000bb5bc00000,0x000000bb5bd00000) (1024K)]
  0x0000022e66a7c290 WorkerThread "GC Thread#5"                     [id=41996, stack(0x000000bb5bd00000,0x000000bb5be00000) (1024K)]
  0x0000022e66becd30 WorkerThread "GC Thread#6"                     [id=14908, stack(0x000000bb5be00000,0x000000bb5bf00000) (1024K)]
  0x0000022e663e49e0 WorkerThread "GC Thread#7"                     [id=29324, stack(0x000000bb5bf00000,0x000000bb5c000000) (1024K)]
  0x0000022e663e3b60 WorkerThread "GC Thread#8"                     [id=20812, stack(0x000000bb5c000000,0x000000bb5c100000) (1024K)]
  0x0000022e663e4640 WorkerThread "GC Thread#9"                     [id=42472, stack(0x000000bb5c100000,0x000000bb5c200000) (1024K)]
  0x0000022e663e3f00 WorkerThread "GC Thread#10"                    [id=38892, stack(0x000000bb5c200000,0x000000bb5c300000) (1024K)]
  0x0000022e663e5120 WorkerThread "GC Thread#11"                    [id=39876, stack(0x000000bb5c300000,0x000000bb5c400000) (1024K)]
  0x0000022e663e4d80 WorkerThread "GC Thread#12"                    [id=29372, stack(0x000000bb5af00000,0x000000bb5b000000) (1024K)]
  0x0000022e7bc987c0 ConcurrentGCThread "G1 Main Marker"            [id=41152, stack(0x000000bb59400000,0x000000bb59500000) (1024K)]
  0x0000022e7bc9a0f0 WorkerThread "G1 Conc#0"                       [id=42040, stack(0x000000bb59500000,0x000000bb59600000) (1024K)]
  0x0000022e653d5ed0 WorkerThread "G1 Conc#1"                       [id=22524, stack(0x000000bb59100000,0x000000bb59200000) (1024K)]
  0x0000022e653d53f0 WorkerThread "G1 Conc#2"                       [id=34700, stack(0x000000bb5a700000,0x000000bb5a800000) (1024K)]
  0x0000022e7bd54180 ConcurrentGCThread "G1 Refine#0"               [id=28520, stack(0x000000bb59600000,0x000000bb59700000) (1024K)]
  0x0000022e7bd54c00 ConcurrentGCThread "G1 Service"                [id=12640, stack(0x000000bb59700000,0x000000bb59800000) (1024K)]
Total: 21

Threads with active compile tasks:
Total: 0

VM state: not at safepoint (normal execution)

VM Mutex/Monitor currently owned by a thread: None

Heap address: 0x0000000604400000, size: 8124 MB, Compressed Oops mode: Zero based, Oop shift amount: 3

CDS archive(s) mapped at: [0x0000022e20000000-0x0000022e20c80000-0x0000022e20c80000), size 13107200, SharedBaseAddress: 0x0000022e20000000, ArchiveRelocationMode: 1.
Compressed class space mapped at: 0x0000022e21000000-0x0000022e61000000, reserved size: 1073741824
Narrow klass base: 0x0000022e20000000, Narrow klass shift: 0, Narrow klass range: 0x100000000

GC Precious Log:
 CardTable entry size: 512
 Card Set container configuration: InlinePtr #cards 4 size 8 Array Of Cards #cards 32 size 80 Howl #buckets 8 coarsen threshold 7372 Howl Bitmap #cards 1024 size 144 coarsen threshold 921 Card regions per heap region 1 cards per card region 8192
 CPUs: 16 total, 16 available
 Memory: 32490M
 Large Page Support: Disabled
 NUMA Support: Disabled
 Compressed Oops: Enabled (Zero based)
 Heap Region Size: 4M
 Heap Min Capacity: 8M
 Heap Initial Capacity: 508M
 Heap Max Capacity: 8124M
 Pre-touch: Disabled
 Parallel Workers: 13
 Concurrent Workers: 3
 Concurrent Refinement Workers: 13
 Periodic GC: Disabled

Heap:
 garbage-first heap   total 69632K, used 37327K [0x0000000604400000, 0x0000000800000000)
  region size 4096K, 9 young (36864K), 3 survivors (12288K)
 Metaspace       used 21457K, committed 21824K, reserved 1114112K
  class space    used 2901K, committed 3072K, reserved 1048576K

Heap Regions: E=young(eden), S=young(survivor), O=old, HS=humongous(starts), HC=humongous(continues), CS=collection set, F=free, TAMS=top-at-mark-start, PB=parsable bottom
|   0|0x0000000604400000, 0x0000000604800000, 0x0000000604800000|100%| O|  |TAMS 0x0000000604400000| PB 0x0000000604400000| Untracked 
|   1|0x0000000604800000, 0x00000006048cc570, 0x0000000604c00000| 19%| O|Cm|TAMS 0x0000000604800000| PB 0x0000000604800000| Complete 
|   2|0x0000000604c00000, 0x0000000604c00000, 0x0000000605000000|  0%| F|  |TAMS 0x0000000604c00000| PB 0x0000000604c00000| Untracked 
|   3|0x0000000605000000, 0x0000000605000000, 0x0000000605400000|  0%| F|  |TAMS 0x0000000605000000| PB 0x0000000605000000| Untracked 
|   4|0x0000000605400000, 0x0000000605400000, 0x0000000605800000|  0%| F|  |TAMS 0x0000000605400000| PB 0x0000000605400000| Untracked 
|   5|0x0000000605800000, 0x0000000605800000, 0x0000000605c00000|  0%| F|  |TAMS 0x0000000605800000| PB 0x0000000605800000| Untracked 
|   6|0x0000000605c00000, 0x0000000605c00000, 0x0000000606000000|  0%| F|  |TAMS 0x0000000605c00000| PB 0x0000000605c00000| Untracked 
|   7|0x0000000606000000, 0x0000000606000000, 0x0000000606400000|  0%| F|  |TAMS 0x0000000606000000| PB 0x0000000606000000| Untracked 
|   8|0x0000000606400000, 0x0000000606600000, 0x0000000606800000| 50%| E|  |TAMS 0x0000000606400000| PB 0x0000000606400000| Complete 
|   9|0x0000000606800000, 0x0000000606c00000, 0x0000000606c00000|100%| E|CS|TAMS 0x0000000606800000| PB 0x0000000606800000| Complete 
|  10|0x0000000606c00000, 0x0000000607000000, 0x0000000607000000|100%| E|CS|TAMS 0x0000000606c00000| PB 0x0000000606c00000| Complete 
|  11|0x0000000607000000, 0x0000000607400000, 0x0000000607400000|100%| E|CS|TAMS 0x0000000607000000| PB 0x0000000607000000| Complete 
|  12|0x0000000607400000, 0x0000000607800000, 0x0000000607800000|100%| E|CS|TAMS 0x0000000607400000| PB 0x0000000607400000| Complete 
|  91|0x000000061b000000, 0x000000061b3a77c0, 0x000000061b400000| 91%| S|CS|TAMS 0x000000061b000000| PB 0x000000061b000000| Complete 
|  92|0x000000061b400000, 0x000000061b800000, 0x000000061b800000|100%| S|CS|TAMS 0x000000061b400000| PB 0x000000061b400000| Complete 
|  93|0x000000061b800000, 0x000000061bc00000, 0x000000061bc00000|100%| S|CS|TAMS 0x000000061b800000| PB 0x000000061b800000| Complete 
| 126|0x0000000623c00000, 0x0000000624000000, 0x0000000624000000|100%| E|CS|TAMS 0x0000000623c00000| PB 0x0000000623c00000| Complete 

Card table byte_map: [0x0000022e7ac60000,0x0000022e7bc40000] _byte_map_base: 0x0000022e77c3e000

Marking Bits: (CMBitMap*) 0x0000022e7bc87900
 Bits: [0x0000022e17620000, 0x0000022e1f510000)

Polling page: 0x0000022e78af0000

Metaspace:

Usage:
  Non-class:     18.12 MB used.
      Class:      2.83 MB used.
       Both:     20.95 MB used.

Virtual space:
  Non-class space:       64.00 MB reserved,      18.31 MB ( 29%) committed,  1 nodes.
      Class space:        1.00 GB reserved,       3.00 MB ( <1%) committed,  1 nodes.
             Both:        1.06 GB reserved,      21.31 MB (  2%) committed. 

Chunk freelists:
   Non-Class:  13.72 MB
       Class:  12.89 MB
        Both:  26.61 MB

MaxMetaspaceSize: unlimited
CompressedClassSpaceSize: 1.00 GB
Initial GC threshold: 21.00 MB
Current GC threshold: 35.12 MB
CDS: on
 - commit_granule_bytes: 65536.
 - commit_granule_words: 8192.
 - virtual_space_node_default_size: 8388608.
 - enlarge_chunks_in_place: 1.
 - use_allocation_guard: 0.


Internal statistics:

num_allocs_failed_limit: 3.
num_arena_births: 386.
num_arena_deaths: 0.
num_vsnodes_births: 2.
num_vsnodes_deaths: 0.
num_space_committed: 339.
num_space_uncommitted: 0.
num_chunks_returned_to_freelist: 3.
num_chunks_taken_from_freelist: 1144.
num_chunk_merges: 3.
num_chunk_splits: 781.
num_chunks_enlarged: 608.
num_inconsistent_stats: 0.

CodeHeap 'non-profiled nmethods': size=119168Kb used=4544Kb max_used=4544Kb free=114624Kb
 bounds [0x0000022e101c0000, 0x0000022e10630000, 0x0000022e17620000]
CodeHeap 'profiled nmethods': size=119104Kb used=10929Kb max_used=10929Kb free=108174Kb
 bounds [0x0000022e08620000, 0x0000022e090d0000, 0x0000022e0fa70000]
CodeHeap 'non-nmethods': size=7488Kb used=1878Kb max_used=3564Kb free=5609Kb
 bounds [0x0000022e0fa70000, 0x0000022e0fe80000, 0x0000022e101c0000]
 total_blobs=6217 nmethods=5499 adapters=621
 compilation: enabled
              stopped_count=0, restarted_count=0
 full_count=0

Compilation events (20 events):
Event: 536.643 Thread 0x0000022e1f5a5ca0 5491       4       java.lang.String::contains (19 bytes)
Event: 536.644 Thread 0x0000022e1f5a5ca0 nmethod 5491 0x0000022e1062f690 code [0x0000022e1062f820, 0x0000022e1062fbf0]
Event: 536.656 Thread 0x0000022e1f5a5ca0 5492       4       sk.sivak.eldritchhorror.core.view.components.encounter.EncounterIconStyle::ensureTextures (86 bytes)
Event: 536.657 Thread 0x0000022e1f5a5ca0 nmethod 5492 0x0000022e1062fd10 code [0x0000022e1062fea0, 0x0000022e1062ff30]
Event: 538.238 Thread 0x0000022e1f5a8740 5493   !   3       sk.sivak.eldritchhorror.core.view.components.encounter.GateEncounterButton::draw (67 bytes)
Event: 538.239 Thread 0x0000022e1f5a8740 nmethod 5493 0x0000022e090c7b90 code [0x0000022e090c7dc0, 0x0000022e090c8338]
Event: 538.239 Thread 0x0000022e1f5a8740 5494       3       sk.sivak.eldritchhorror.core.view.components.encounter.EncounterIconStyle::glow (7 bytes)
Event: 538.239 Thread 0x0000022e1f5a8740 nmethod 5494 0x0000022e090c8610 code [0x0000022e090c87c0, 0x0000022e090c88e8]
Event: 538.873 Thread 0x0000022e1f5a8740 5495       3       sk.sivak.eldritchhorror.core.view.components.combat.ThunderEffect$SingleBoltEffect::update (13 bytes)
Event: 538.873 Thread 0x0000022e1f5a8740 nmethod 5495 0x0000022e090c8990 code [0x0000022e090c8b40, 0x0000022e090c8cb8]
Event: 540.089 Thread 0x0000022e1f5a8740 5496       3       com.badlogic.gdx.scenes.scene2d.ui.Label::setText (80 bytes)
Event: 540.089 Thread 0x0000022e1f5a8740 nmethod 5496 0x0000022e090c8d90 code [0x0000022e090c9040, 0x0000022e090c9e20]
Event: 540.090 Thread 0x0000022e1f5a8740 5497       3       com.badlogic.gdx.scenes.scene2d.ui.Label::setAlignment (7 bytes)
Event: 540.090 Thread 0x0000022e1f5a8740 nmethod 5497 0x0000022e090ca190 code [0x0000022e090ca340, 0x0000022e090ca508]
Event: 542.072 Thread 0x0000022e1f5a8740 5498       3       sk.sivak.eldritchhorror.core.view.components.combat.CombatOverviewTable::drawBackground (51 bytes)
Event: 542.073 Thread 0x0000022e1f5a8740 nmethod 5498 0x0000022e090ca610 code [0x0000022e090ca860, 0x0000022e090cafc0]
Event: 542.692 Thread 0x0000022e1f5a8740 5499       3       java.util.LinkedList::toArray (81 bytes)
Event: 542.693 Thread 0x0000022e1f5a8740 nmethod 5499 0x0000022e090cb310 code [0x0000022e090cb520, 0x0000022e090cbd68]
Event: 544.756 Thread 0x0000022e1f5a8740 5500       3       java.util.LinkedList::clear (60 bytes)
Event: 544.757 Thread 0x0000022e1f5a8740 nmethod 5500 0x0000022e090cc010 code [0x0000022e090cc1c0, 0x0000022e090cc488]

GC Heap History (8 events):
Event: 7.279 GC heap before
{Heap before GC invocations=0 (full 0):
 garbage-first heap   total 520192K, used 20480K [0x0000000604400000, 0x0000000800000000)
  region size 4096K, 6 young (24576K), 0 survivors (0K)
 Metaspace       used 5282K, committed 5440K, reserved 1114112K
  class space    used 394K, committed 448K, reserved 1048576K
}
Event: 7.283 GC heap after
{Heap after GC invocations=1 (full 0):
 garbage-first heap   total 520192K, used 4894K [0x0000000604400000, 0x0000000800000000)
  region size 4096K, 1 young (4096K), 1 survivors (4096K)
 Metaspace       used 5282K, committed 5440K, reserved 1114112K
  class space    used 394K, committed 448K, reserved 1048576K
}
Event: 7.615 GC heap before
{Heap before GC invocations=1 (full 0):
 garbage-first heap   total 520192K, used 25374K [0x0000000604400000, 0x0000000800000000)
  region size 4096K, 7 young (28672K), 1 survivors (4096K)
 Metaspace       used 9233K, committed 9472K, reserved 1114112K
  class space    used 903K, committed 1024K, reserved 1048576K
}
Event: 7.617 GC heap after
{Heap after GC invocations=2 (full 0):
 garbage-first heap   total 520192K, used 6566K [0x0000000604400000, 0x0000000800000000)
  region size 4096K, 1 young (4096K), 1 survivors (4096K)
 Metaspace       used 9233K, committed 9472K, reserved 1114112K
  class space    used 903K, committed 1024K, reserved 1048576K
}
Event: 12.709 GC heap before
{Heap before GC invocations=2 (full 0):
 garbage-first heap   total 520192K, used 72102K [0x0000000604400000, 0x0000000800000000)
  region size 4096K, 17 young (69632K), 1 survivors (4096K)
 Metaspace       used 13004K, committed 13248K, reserved 1114112K
  class space    used 1406K, committed 1536K, reserved 1048576K
}
Event: 12.711 GC heap after
{Heap after GC invocations=3 (full 0):
 garbage-first heap   total 520192K, used 8714K [0x0000000604400000, 0x0000000800000000)
  region size 4096K, 1 young (4096K), 1 survivors (4096K)
 Metaspace       used 13004K, committed 13248K, reserved 1114112K
  class space    used 1406K, committed 1536K, reserved 1048576K
}
Event: 437.189 GC heap before
{Heap before GC invocations=3 (full 0):
 garbage-first heap   total 520192K, used 139786K [0x0000000604400000, 0x0000000800000000)
  region size 4096K, 33 young (135168K), 1 survivors (4096K)
 Metaspace       used 21154K, committed 21504K, reserved 1114112K
  class space    used 2850K, committed 3008K, reserved 1048576K
}
Event: 437.197 GC heap after
{Heap after GC invocations=4 (full 0):
 garbage-first heap   total 520192K, used 16847K [0x0000000604400000, 0x0000000800000000)
  region size 4096K, 3 young (12288K), 3 survivors (12288K)
 Metaspace       used 21154K, committed 21504K, reserved 1114112K
  class space    used 2850K, committed 3008K, reserved 1048576K
}

Dll operation events (9 events):
Event: 0.019 Loaded shared library C:\Users\matus.sivak\.jdks\corretto-21.0.6\bin\java.dll
Event: 0.054 Loaded shared library C:\Users\matus.sivak\.jdks\corretto-21.0.6\bin\jsvml.dll
Event: 0.182 Loaded shared library C:\Users\matus.sivak\.jdks\corretto-21.0.6\bin\net.dll
Event: 0.185 Loaded shared library C:\Users\matus.sivak\.jdks\corretto-21.0.6\bin\nio.dll
Event: 0.436 Loaded shared library C:\Users\matus.sivak\.jdks\corretto-21.0.6\bin\zip.dll
Event: 5.925 Loaded shared library C:\Users\matus.sivak\.jdks\corretto-21.0.6\bin\jimage.dll
Event: 5.937 Loaded shared library C:\Users\matus.sivak\AppData\Local\Temp\libgdxmatus.sivak\12dfaa03\gdx64.dll
Event: 6.011 Loaded shared library C:\Users\matus.sivak\.jdks\corretto-21.0.6\bin\verify.dll
Event: 6.020 Loaded shared library C:\Users\matus.sivak\AppData\Local\Temp\libgdxmatus.sivak\dc0f0009\lwjgl64.dll

Deoptimization events (20 events):
Event: 548.540 Thread 0x0000022e66a20850 DEOPT PACKING pc=0x0000022e10283fac sp=0x000000bb5adfed80
Event: 548.540 Thread 0x0000022e66a201c0 DEOPT PACKING pc=0x0000022e10283fac sp=0x000000bb5aefeb60
Event: 548.540 Thread 0x0000022e66a20850 DEOPT UNPACKING pc=0x0000022e0fac7da2 sp=0x000000bb5adfecc0 mode 2
Event: 548.540 Thread 0x0000022e66a201c0 DEOPT UNPACKING pc=0x0000022e0fac7da2 sp=0x000000bb5aefeaa0 mode 2
Event: 560.680 Thread 0x0000022e6555dbd0 Uncommon trap: trap_request=0xffffff45 fr.pc=0x0000022e104e2e4c relative=0x000000000000194c
Event: 560.680 Thread 0x0000022e6555dbd0 Uncommon trap: reason=unstable_if action=reinterpret pc=0x0000022e104e2e4c method=org.lwjgl.opengl.WindowsDisplay.doHandleMessage(JIJJJ)J @ 71 c2
Event: 560.680 Thread 0x0000022e6555dbd0 DEOPT PACKING pc=0x0000022e104e2e4c sp=0x000000bb5a2fe600
Event: 560.680 Thread 0x0000022e6555dbd0 DEOPT UNPACKING pc=0x0000022e0fac7da2 sp=0x000000bb5a2fe5b8 mode 2
Event: 563.245 Thread 0x0000022e6555dbd0 Uncommon trap: trap_request=0xffffff45 fr.pc=0x0000022e1044b3e0 relative=0x00000000000002c0
Event: 563.245 Thread 0x0000022e6555dbd0 Uncommon trap: reason=unstable_if action=reinterpret pc=0x0000022e1044b3e0 method=com.badlogic.gdx.backends.lwjgl.audio.OpenALMusic.update()V @ 157 c2
Event: 563.245 Thread 0x0000022e6555dbd0 DEOPT PACKING pc=0x0000022e1044b3e0 sp=0x000000bb5a2ff470
Event: 563.246 Thread 0x0000022e6555dbd0 DEOPT UNPACKING pc=0x0000022e0fac7da2 sp=0x000000bb5a2ff398 mode 2
Event: 563.249 Thread 0x0000022e6555dbd0 Uncommon trap: trap_request=0xffffff45 fr.pc=0x0000022e103ef1fc relative=0x00000000000001fc
Event: 563.249 Thread 0x0000022e6555dbd0 Uncommon trap: reason=unstable_if action=reinterpret pc=0x0000022e103ef1fc method=com.badlogic.gdx.backends.lwjgl.audio.OpenALMusic.update()V @ 157 c2
Event: 563.249 Thread 0x0000022e6555dbd0 DEOPT PACKING pc=0x0000022e103ef1fc sp=0x000000bb5a2ff400
Event: 563.249 Thread 0x0000022e6555dbd0 DEOPT UNPACKING pc=0x0000022e0fac7da2 sp=0x000000bb5a2ff390 mode 2
Event: 563.265 Thread 0x0000022e6555dbd0 Uncommon trap: trap_request=0xffffff45 fr.pc=0x0000022e1045fbf0 relative=0x0000000000000ad0
Event: 563.265 Thread 0x0000022e6555dbd0 Uncommon trap: reason=unstable_if action=reinterpret pc=0x0000022e1045fbf0 method=org.lwjgl.opengl.WindowsDisplay.wasResized()Z @ 4 c2
Event: 563.265 Thread 0x0000022e6555dbd0 DEOPT PACKING pc=0x0000022e1045fbf0 sp=0x000000bb5a2ff410
Event: 563.265 Thread 0x0000022e6555dbd0 DEOPT UNPACKING pc=0x0000022e0fac7da2 sp=0x000000bb5a2ff398 mode 2

Classes loaded (20 events):
Event: 21.780 Loading class java/util/regex/Pattern$NotBehind
Event: 21.780 Loading class java/util/regex/Pattern$NotBehind done
Event: 21.780 Loading class java/util/regex/Pattern$Neg
Event: 21.780 Loading class java/util/regex/Pattern$Neg done
Event: 68.534 Loading class java/util/concurrent/ConcurrentLinkedQueue$Itr
Event: 68.534 Loading class java/util/concurrent/ConcurrentLinkedQueue$Itr done
Event: 126.556 Loading class java/lang/Math$RandomNumberGeneratorHolder
Event: 126.556 Loading class java/lang/Math$RandomNumberGeneratorHolder done
Event: 131.902 Loading class java/util/ArrayList$SubList$1
Event: 131.902 Loading class java/util/ArrayList$SubList$1 done
Event: 136.602 Loading class java/util/regex/Pattern$SliceI
Event: 136.602 Loading class java/util/regex/Pattern$SliceI done
Event: 143.887 Loading class java/lang/FdLibm$Hypot
Event: 143.888 Loading class java/lang/FdLibm$Hypot done
Event: 143.888 Loading class java/lang/FdLibm
Event: 143.888 Loading class java/lang/FdLibm done
Event: 145.306 Loading class java/lang/Class$EnclosingMethodInfo
Event: 145.307 Loading class java/lang/Class$EnclosingMethodInfo done
Event: 194.013 Loading class jdk/internal/math/FDBigInteger
Event: 194.014 Loading class jdk/internal/math/FDBigInteger done

Classes unloaded (0 events):
No events

Classes redefined (0 events):
No events

Internal exceptions (20 events):
Event: 165.093 Thread 0x0000022e6555dbd0 Exception <a 'java/lang/NoSuchMethodError'{0x000000061f3b9d98}: 'java.lang.Object java.lang.invoke.DirectMethodHandle$Holder.newInvokeSpecial(java.lang.Object, java.lang.Object, java.lang.Object, java.lang.Object, java.lang.Object, float)'> (0x000000061f3b9d98) 
thrown [s\src\hotspot\share\interpreter\linkResolver.cpp, line 773]
Event: 165.093 Thread 0x0000022e6555dbd0 Exception <a 'java/lang/NoSuchMethodError'{0x000000061f3be1b0}: 'java.lang.Object java.lang.invoke.DirectMethodHandle$Holder.invokeSpecial(java.lang.Object, java.lang.Object, java.lang.Object, java.lang.Object, java.lang.Object, java.lang.Object, float)'> (0x000000061f3be1b0) 
thrown [s\src\hotspot\share\interpreter\linkResolver.cpp, line 773]
Event: 184.774 Thread 0x0000022e6555dbd0 Exception <a 'java/lang/NoSuchMethodError'{0x000000061eba0ae8}: 'void java.lang.invoke.DirectMethodHandle$Holder.invokeStatic(java.lang.Object, java.lang.Object, java.lang.Object, java.lang.Object, int, java.lang.Object)'> (0x000000061eba0ae8) 
thrown [s\src\hotspot\share\interpreter\linkResolver.cpp, line 773]
Event: 193.998 Thread 0x0000022e6555dbd0 Exception <a 'java/lang/NoSuchMethodError'{0x000000061e530268}: 'void java.lang.invoke.DirectMethodHandle$Holder.invokeStatic(java.lang.Object, java.lang.Object, java.lang.Object, int, java.lang.Object)'> (0x000000061e530268) 
thrown [s\src\hotspot\share\interpreter\linkResolver.cpp, line 773]
Event: 193.998 Thread 0x0000022e6555dbd0 Exception <a 'java/lang/NoSuchMethodError'{0x000000061e5364f0}: 'java.lang.Object java.lang.invoke.DirectMethodHandle$Holder.newInvokeSpecial(java.lang.Object, java.lang.Object, java.lang.Object, int, java.lang.Object)'> (0x000000061e5364f0) 
thrown [s\src\hotspot\share\interpreter\linkResolver.cpp, line 773]
Event: 193.998 Thread 0x0000022e6555dbd0 Exception <a 'java/lang/NoSuchMethodError'{0x000000061e53d618}: 'java.lang.Object java.lang.invoke.Invokers$Holder.linkToTargetMethod(java.lang.Object, java.lang.Object, int, java.lang.Object, java.lang.Object)'> (0x000000061e53d618) 
thrown [s\src\hotspot\share\interpreter\linkResolver.cpp, line 773]
Event: 194.063 Thread 0x0000022e6555dbd0 Exception <a 'java/lang/NoSuchMethodError'{0x000000061e6c6e00}: 'java.lang.Object java.lang.invoke.DirectMethodHandle$Holder.newInvokeSpecial(java.lang.Object, java.lang.Object, java.lang.Object, java.lang.Object, java.lang.Object, java.lang.Object, java.lang.Object, java.lang.Object)'> (0x000000061e6c6e00) 
thrown [s\src\hotspot\share\interpreter\linkResolver.cpp, line 773]
Event: 226.194 Thread 0x0000022e6555dbd0 Exception <a 'java/lang/NoSuchMethodError'{0x000000061dcdc888}: 'java.lang.Object java.lang.invoke.DirectMethodHandle$Holder.newInvokeSpecial(java.lang.Object, java.lang.Object, java.lang.Object, java.lang.Object, int, java.lang.Object, java.lang.Object)'> (0x000000061dcdc888) 
thrown [s\src\hotspot\share\interpreter\linkResolver.cpp, line 773]
Event: 247.249 Thread 0x0000022e6555dbd0 Exception <a 'java/lang/NoSuchMethodError'{0x000000061d86e710}: 'void java.lang.invoke.DirectMethodHandle$Holder.invokeSpecial(java.lang.Object, java.lang.Object, int)'> (0x000000061d86e710) 
thrown [s\src\hotspot\share\interpreter\linkResolver.cpp, line 773]
Event: 254.931 Thread 0x0000022e6555dbd0 Implicit null exception at 0x0000022e103ee442 to 0x0000022e103ee6c4
Event: 254.931 Thread 0x0000022e6555dbd0 Implicit null exception at 0x0000022e102f7f4d to 0x0000022e102f8c24
Event: 254.931 Thread 0x0000022e6555dbd0 Implicit null exception at 0x0000022e102e31c2 to 0x0000022e102e343c
Event: 261.348 Thread 0x0000022e6555dbd0 Exception <a 'java/lang/NoSuchMethodError'{0x000000061d9bec88}: 'java.lang.Object java.lang.invoke.DirectMethodHandle$Holder.newInvokeSpecial(java.lang.Object, java.lang.Object, java.lang.Object, java.lang.Object, java.lang.Object, int)'> (0x000000061d9bec88) 
thrown [s\src\hotspot\share\interpreter\linkResolver.cpp, line 773]
Event: 261.349 Thread 0x0000022e6555dbd0 Exception <a 'java/lang/NoSuchMethodError'{0x000000061d9c2ea0}: 'java.lang.Object java.lang.invoke.DirectMethodHandle$Holder.invokeSpecial(java.lang.Object, java.lang.Object, java.lang.Object, java.lang.Object, java.lang.Object, java.lang.Object, int)'> (0x000000061d9c2ea0) 
thrown [s\src\hotspot\share\interpreter\linkResolver.cpp, line 773]
Event: 261.349 Thread 0x0000022e6555dbd0 Exception <a 'java/lang/NoSuchMethodError'{0x000000061d9c6a28}: 'java.lang.Object java.lang.invoke.Invokers$Holder.linkToTargetMethod(java.lang.Object, java.lang.Object, java.lang.Object, java.lang.Object, int, java.lang.Object)'> (0x000000061d9c6a28) 
thrown [s\src\hotspot\share\interpreter\linkResolver.cpp, line 773]
Event: 267.948 Thread 0x0000022e6555dbd0 Exception <a 'java/lang/NoSuchMethodError'{0x000000061da1cfe0}: 'java.lang.Object java.lang.invoke.DirectMethodHandle$Holder.newInvokeSpecial(java.lang.Object, java.lang.Object, java.lang.Object, int, int)'> (0x000000061da1cfe0) 
thrown [s\src\hotspot\share\interpreter\linkResolver.cpp, line 773]
Event: 272.269 Thread 0x0000022e6555dbd0 Exception <a 'java/lang/NoSuchMethodError'{0x000000061da95d28}: 'void java.lang.invoke.DirectMethodHandle$Holder.invokeStatic(java.lang.Object, java.lang.Object, java.lang.Object, java.lang.Object, java.lang.Object, java.lang.Object, java.lang.Object, java.lang.Object)'> (0x000000061da95d28) 
thrown [s\src\hotspot\share\interpreter\linkResolver.cpp, line 773]
Event: 324.727 Thread 0x0000022e6555dbd0 Exception <a 'java/lang/NoSuchMethodError'{0x000000061c96f688}: 'void java.lang.invoke.DirectMethodHandle$Holder.invokeSpecial(java.lang.Object, java.lang.Object, float)'> (0x000000061c96f688) 
thrown [s\src\hotspot\share\interpreter\linkResolver.cpp, line 773]
Event: 396.188 Thread 0x0000022e6555dbd0 Implicit null exception at 0x0000022e103510a3 to 0x0000022e10351de4
Event: 401.658 Thread 0x0000022e6555dbd0 Exception <a 'java/lang/NoSuchMethodError'{0x000000061c05b330}: 'void java.lang.invoke.DirectMethodHandle$Holder.invokeStatic(java.lang.Object, java.lang.Object, float)'> (0x000000061c05b330) 
thrown [s\src\hotspot\share\interpreter\linkResolver.cpp, line 773]

ZGC Phase Switch (0 events):
No events

VM Operations (20 events):
Event: 516.889 Executing VM operation: Cleanup
Event: 516.889 Executing VM operation: Cleanup done
Event: 524.894 Executing VM operation: Cleanup
Event: 524.894 Executing VM operation: Cleanup done
Event: 525.894 Executing VM operation: Cleanup
Event: 525.894 Executing VM operation: Cleanup done
Event: 526.894 Executing VM operation: Cleanup
Event: 526.894 Executing VM operation: Cleanup done
Event: 528.895 Executing VM operation: Cleanup
Event: 528.895 Executing VM operation: Cleanup done
Event: 533.897 Executing VM operation: Cleanup
Event: 533.897 Executing VM operation: Cleanup done
Event: 538.900 Executing VM operation: Cleanup
Event: 538.900 Executing VM operation: Cleanup done
Event: 540.902 Executing VM operation: Cleanup
Event: 540.902 Executing VM operation: Cleanup done
Event: 541.903 Executing VM operation: Cleanup
Event: 541.903 Executing VM operation: Cleanup done
Event: 547.905 Executing VM operation: Cleanup
Event: 547.905 Executing VM operation: Cleanup done

Memory protections (0 events):
No events

Nmethod flushes (0 events):
No events

Events (20 events):
Event: 359.165 Thread 0x0000022e6555dbd0 Thread added: 0x0000022e66a23640
Event: 428.539 Thread 0x0000022e6f29b460 Thread exited: 0x0000022e6f29b460
Event: 428.539 Thread 0x0000022e6f29c180 Thread exited: 0x0000022e6f29c180
Event: 428.539 Thread 0x0000022e6f29a740 Thread exited: 0x0000022e6f29a740
Event: 428.539 Thread 0x0000022e66a20850 Thread exited: 0x0000022e66a20850
Event: 428.539 Thread 0x0000022e66a23640 Thread exited: 0x0000022e66a23640
Event: 437.201 Thread 0x0000022e1f5a8740 Thread added: 0x0000022e66a96630
Event: 437.201 Thread 0x0000022e1f5a8740 Thread added: 0x0000022e66a95f60
Event: 441.805 Thread 0x0000022e66a95f60 Thread exited: 0x0000022e66a95f60
Event: 441.806 Thread 0x0000022e66a96630 Thread exited: 0x0000022e66a96630
Event: 455.457 Thread 0x0000022e6555dbd0 Thread added: 0x0000022e66a21570
Event: 462.177 Thread 0x0000022e6555dbd0 Thread added: 0x0000022e66a23640
Event: 462.177 Thread 0x0000022e6555dbd0 Thread added: 0x0000022e66a20850
Event: 462.178 Thread 0x0000022e6555dbd0 Thread added: 0x0000022e66a201c0
Event: 462.178 Thread 0x0000022e6555dbd0 Thread added: 0x0000022e66a26ac0
Event: 548.540 Thread 0x0000022e66a21570 Thread exited: 0x0000022e66a21570
Event: 548.540 Thread 0x0000022e66a23640 Thread exited: 0x0000022e66a23640
Event: 548.540 Thread 0x0000022e66a26ac0 Thread exited: 0x0000022e66a26ac0
Event: 548.541 Thread 0x0000022e66a20850 Thread exited: 0x0000022e66a20850
Event: 548.541 Thread 0x0000022e66a201c0 Thread exited: 0x0000022e66a201c0


Dynamic libraries:
0x00007ff68c250000 - 0x00007ff68c25e000 	C:\Users\matus.sivak\.jdks\corretto-21.0.6\bin\java.exe
0x00007ffd1b260000 - 0x00007ffd1b4c7000 	C:\WINDOWS\SYSTEM32\ntdll.dll
0x00007ffd1a3e0000 - 0x00007ffd1a4ab000 	C:\WINDOWS\System32\KERNEL32.DLL
0x00007ffd18590000 - 0x00007ffd18992000 	C:\WINDOWS\System32\KERNELBASE.dll
0x00007ffd18bf0000 - 0x00007ffd18d3c000 	C:\WINDOWS\System32\ucrtbase.dll
0x00007ffd00170000 - 0x00007ffd00188000 	C:\Users\matus.sivak\.jdks\corretto-21.0.6\bin\jli.dll
0x00007ffd04f10000 - 0x00007ffd04f2b000 	C:\Users\matus.sivak\.jdks\corretto-21.0.6\bin\VCRUNTIME140.dll
0x00007ffd18f80000 - 0x00007ffd1914f000 	C:\WINDOWS\System32\USER32.dll
0x00007ffcee980000 - 0x00007ffceec10000 	C:\WINDOWS\WinSxS\amd64_microsoft.windows.common-controls_6595b64144ccf1df_6.0.26100.9278_none_3e0d1ba8e3303201\COMCTL32.dll
0x00007ffd18e10000 - 0x00007ffd18e37000 	C:\WINDOWS\System32\win32u.dll
0x00007ffd19340000 - 0x00007ffd193e9000 	C:\WINDOWS\System32\msvcrt.dll
0x00007ffd19880000 - 0x00007ffd198ab000 	C:\WINDOWS\System32\GDI32.dll
0x00007ffd18460000 - 0x00007ffd18589000 	C:\WINDOWS\System32\gdi32full.dll
0x00007ffd18e40000 - 0x00007ffd18ee3000 	C:\WINDOWS\System32\msvcp_win.dll
0x00007ffd19300000 - 0x00007ffd19331000 	C:\WINDOWS\System32\IMM32.DLL
0x00007ffd18090000 - 0x00007ffd181e9000 	C:\Program Files\Avecto\Privilege Guard Client\PGHook.dll
0x00007ffd1aef0000 - 0x00007ffd1afac000 	C:\WINDOWS\System32\ADVAPI32.dll
0x00007ffd1a690000 - 0x00007ffd1a739000 	C:\WINDOWS\System32\sechost.dll
0x00007ffd19a40000 - 0x00007ffd19b58000 	C:\WINDOWS\System32\RPCRT4.dll
0x000000005d220000 - 0x000000005d293000 	C:\WINDOWS\System32\QIPCAP64.dll
0x00007ffd1a750000 - 0x00007ffd1aee8000 	C:\WINDOWS\System32\SHELL32.dll
0x00007ffd19160000 - 0x00007ffd192fa000 	C:\WINDOWS\System32\ole32.dll
0x00007ffd193f0000 - 0x00007ffd19775000 	C:\WINDOWS\System32\combase.dll
0x00007ffd19960000 - 0x00007ffd19a39000 	C:\WINDOWS\System32\OLEAUT32.dll
0x00007ffd166e0000 - 0x00007ffd16838000 	C:\WINDOWS\SYSTEM32\DNSAPI.dll
0x00007ffd17350000 - 0x00007ffd1735d000 	C:\WINDOWS\SYSTEM32\DSPARSE.dll
0x00007ffd166a0000 - 0x00007ffd166d3000 	C:\WINDOWS\SYSTEM32\IPHLPAPI.DLL
0x00007ffd1afc0000 - 0x00007ffd1afca000 	C:\WINDOWS\System32\NSI.dll
0x00007ffd0f5b0000 - 0x00007ffd0f5bc000 	C:\Users\matus.sivak\.jdks\corretto-21.0.6\bin\vcruntime140_1.dll
0x00007ffcea4e0000 - 0x00007ffcea56d000 	C:\Users\matus.sivak\.jdks\corretto-21.0.6\bin\msvcp140.dll
0x00007ffc48860000 - 0x00007ffc495ff000 	C:\Users\matus.sivak\.jdks\corretto-21.0.6\bin\server\jvm.dll
0x00007ffd1b060000 - 0x00007ffd1b0e0000 	C:\WINDOWS\System32\WS2_32.dll
0x00007ffd182c0000 - 0x00007ffd1831e000 	C:\WINDOWS\SYSTEM32\POWRPROF.dll
0x00007ffd0c4a0000 - 0x00007ffd0c4d6000 	C:\WINDOWS\SYSTEM32\WINMM.dll
0x00007ffd15fb0000 - 0x00007ffd15fbb000 	C:\WINDOWS\SYSTEM32\VERSION.dll
0x00007ffd181f0000 - 0x00007ffd18205000 	C:\WINDOWS\SYSTEM32\UMPDC.dll
0x00007ffd16e60000 - 0x00007ffd16e7b000 	C:\WINDOWS\SYSTEM32\kernel.appcore.dll
0x00007ffd0f4c0000 - 0x00007ffd0f4ca000 	C:\Users\matus.sivak\.jdks\corretto-21.0.6\bin\jimage.dll
0x00007ffd14c10000 - 0x00007ffd14e5c000 	C:\WINDOWS\SYSTEM32\DBGHELP.DLL
0x00007ffce9af0000 - 0x00007ffce9b2b000 	C:\WINDOWS\SYSTEM32\dbgcore.DLL
0x00007ffd18b30000 - 0x00007ffd18bdc000 	C:\WINDOWS\System32\bcryptPrimitives.dll
0x00007ffcffa50000 - 0x00007ffcffa6f000 	C:\Users\matus.sivak\.jdks\corretto-21.0.6\bin\java.dll
0x00007ffd154b0000 - 0x00007ffd15d5e000 	C:\WINDOWS\SYSTEM32\windows.storage.dll
0x00007ffd19b60000 - 0x00007ffd19c5b000 	C:\WINDOWS\System32\SHCORE.dll
0x00007ffd1a200000 - 0x00007ffd1a266000 	C:\WINDOWS\System32\shlwapi.dll
0x00007ffd18380000 - 0x00007ffd183a9000 	C:\WINDOWS\SYSTEM32\profapi.dll
0x00007ffcbab10000 - 0x00007ffcbabe7000 	C:\Users\matus.sivak\.jdks\corretto-21.0.6\bin\jsvml.dll
0x00007ffd0f000000 - 0x00007ffd0f010000 	C:\Users\matus.sivak\.jdks\corretto-21.0.6\bin\net.dll
0x00007ffd16e80000 - 0x00007ffd16faa000 	C:\WINDOWS\SYSTEM32\WINHTTP.dll
0x00007ffd17530000 - 0x00007ffd1759c000 	C:\WINDOWS\system32\mswsock.dll
0x00007ffcf8540000 - 0x00007ffcf8556000 	C:\Users\matus.sivak\.jdks\corretto-21.0.6\bin\nio.dll
0x00007ffcf8520000 - 0x00007ffcf8538000 	C:\Users\matus.sivak\.jdks\corretto-21.0.6\bin\zip.dll
0x0000000065580000 - 0x0000000065616000 	C:\Users\matus.sivak\AppData\Local\Temp\libgdxmatus.sivak\12dfaa03\gdx64.dll
0x00007ffd17950000 - 0x00007ffd1796b000 	C:\WINDOWS\SYSTEM32\CRYPTSP.dll
0x00007ffd16dc0000 - 0x00007ffd16df9000 	C:\WINDOWS\system32\rsaenh.dll
0x00007ffd175e0000 - 0x00007ffd17614000 	C:\WINDOWS\SYSTEM32\USERENV.dll
0x00007ffd18350000 - 0x00007ffd1837a000 	C:\WINDOWS\SYSTEM32\bcrypt.dll
0x00007ffd17920000 - 0x00007ffd1792c000 	C:\WINDOWS\SYSTEM32\CRYPTBASE.dll
0x00007ffd04ee0000 - 0x00007ffd04ef0000 	C:\Users\matus.sivak\.jdks\corretto-21.0.6\bin\verify.dll
0x0000000180000000 - 0x0000000180053000 	C:\Users\matus.sivak\AppData\Local\Temp\libgdxmatus.sivak\dc0f0009\lwjgl64.dll
0x00007ffcc6e30000 - 0x00007ffcc6f3c000 	C:\WINDOWS\SYSTEM32\OPENGL32.dll
0x00007ffcc6cd0000 - 0x00007ffcc6cfd000 	C:\WINDOWS\SYSTEM32\GLU32.dll
0x00007ffd14130000 - 0x00007ffd14174000 	C:\WINDOWS\SYSTEM32\dxcore.dll
0x0000022e1f9b0000 - 0x0000022e1fa14000 	C:\Users\MATUS~1.SIV\AppData\Local\Temp\libgdxmatus.sivak\dc0f0009\OpenAL64.dll
0x00007ffd14050000 - 0x00007ffd140f8000 	C:\WINDOWS\system32\uxtheme.dll
0x00007ffd19c60000 - 0x00007ffd19d0e000 	C:\WINDOWS\System32\clbcatq.dll
0x00007ffcf9c30000 - 0x00007ffcf9cc4000 	C:\WINDOWS\SYSTEM32\dsound.dll
0x00007ffcc7b70000 - 0x00007ffcc7c27000 	C:\WINDOWS\SYSTEM32\ResampleDmo.DLL
0x00007ffceb260000 - 0x00007ffceb297000 	C:\WINDOWS\SYSTEM32\winmmbase.dll
0x00007ffcf8350000 - 0x00007ffcf835e000 	C:\WINDOWS\SYSTEM32\msdmo.dll
0x00007ffd17ef0000 - 0x00007ffd17f42000 	C:\WINDOWS\SYSTEM32\cfgmgr32.dll
0x00007ffcee2f0000 - 0x00007ffcee395000 	C:\WINDOWS\System32\MMDevApi.dll
0x00007ffd17e90000 - 0x00007ffd17ebf000 	C:\WINDOWS\System32\DEVOBJ.dll
0x00007ffcec900000 - 0x00007ffcecab7000 	C:\WINDOWS\SYSTEM32\AUDIOSES.DLL
0x00007ffd14660000 - 0x00007ffd14674000 	C:\WINDOWS\SYSTEM32\resourcepolicyclient.dll
0x00007ffd06400000 - 0x00007ffd064bf000 	C:\WINDOWS\SYSTEM32\mscms.dll
0x00007ffd03450000 - 0x00007ffd034e2000 	C:\Windows\System32\Windows.Internal.Graphics.Display.DisplayColorManagement.dll
0x0000022e1fe90000 - 0x0000022e1ffeb000 	C:\WINDOWS\System32\MSCTF.dll
0x00007ffd03250000 - 0x00007ffd03392000 	C:\WINDOWS\SYSTEM32\textinputframework.dll
0x00007ffd0ebe0000 - 0x00007ffd0ec3e000 	C:\WINDOWS\SYSTEM32\directxdatabasehelper.dll
0x00007ffcf5f70000 - 0x00007ffcf5f8e000 	C:\WINDOWS\SYSTEM32\windows.staterepositorycore.dll
0x00007ffbf77b0000 - 0x00007ffbf8d02000 	C:\WINDOWS\System32\DriverStore\FileRepository\iigd_dch.inf_amd64_b20bdb7dfb36a7ef\igxelpicd64.dll
0x00007ffd14180000 - 0x00007ffd142bb000 	C:\WINDOWS\SYSTEM32\dxgi.dll
0x00007ffc775a0000 - 0x00007ffc775c3000 	C:\WINDOWS\SYSTEM32\d3d12.dll
0x00007ffd142e0000 - 0x00007ffd1430f000 	C:\WINDOWS\system32\dwmapi.dll
0x00007ffc768f0000 - 0x00007ffc76a91000 	C:\WINDOWS\System32\DriverStore\FileRepository\iigd_dch.inf_amd64_b20bdb7dfb36a7ef\igdml64.dll
0x00007ffd0bbb0000 - 0x00007ffd0c15b000 	C:\WINDOWS\System32\DriverStore\FileRepository\iigd_dch.inf_amd64_b20bdb7dfb36a7ef\igdgmm64.dll
0x00007ffcd3930000 - 0x00007ffcd397b000 	C:\WINDOWS\SYSTEM32\icm32.dll
0x00007ffd06790000 - 0x00007ffd0ba44000 	C:\WINDOWS\System32\DriverStore\FileRepository\iigd_dch.inf_amd64_b20bdb7dfb36a7ef\igc64.dll
0x00007ffd137a0000 - 0x00007ffd138cb000 	C:\WINDOWS\SYSTEM32\CoreMessaging.dll
0x00007ffd0e2d0000 - 0x00007ffd0e5b4000 	C:\WINDOWS\SYSTEM32\CoreUIComponents.dll
0x00007ffd0e020000 - 0x00007ffd0e18a000 	C:\WINDOWS\SYSTEM32\wintypes.dll
0x00007ffcbb0d0000 - 0x00007ffcbb150000 	C:\WINDOWS\system32\Ninput.dll
0x00007ffcef730000 - 0x00007ffcef82b000 	C:\WINDOWS\SYSTEM32\TextShaping.dll

dbghelp: loaded successfully - version: 4.0.5 - missing functions: none
symbol engine: initialized successfully - sym options: 0x614 - pdb path: .;C:\Users\matus.sivak\.jdks\corretto-21.0.6\bin;C:\WINDOWS\SYSTEM32;C:\WINDOWS\WinSxS\amd64_microsoft.windows.common-controls_6595b64144ccf1df_6.0.26100.9278_none_3e0d1ba8e3303201;C:\Program Files\Avecto\Privilege Guard Client;C:\Users\matus.sivak\.jdks\corretto-21.0.6\bin\server;C:\Users\matus.sivak\AppData\Local\Temp\libgdxmatus.sivak\12dfaa03;C:\Users\matus.sivak\AppData\Local\Temp\libgdxmatus.sivak\dc0f0009;C:\Users\MATUS~1.SIV\AppData\Local\Temp\libgdxmatus.sivak\dc0f0009;C:\WINDOWS\System32\DriverStore\FileRepository\iigd_dch.inf_amd64_b20bdb7dfb36a7ef

VM Arguments:
jvm_args: -Dfile.encoding=UTF-8 -Duser.country=US -Duser.language=en -Duser.variant 
java_command: sk.sivak.eldritchhorror.GameDesktop
java_class_path (initial): C:\WORK\Projects\Ancient Terror\desktop\build\classes\java\main;C:\WORK\Projects\Ancient Terror\desktop\build\resources\main;C:\WORK\Projects\Ancient Terror\core\entry\build\libs\Entry-1.0.jar;C:\Users\matus.sivak\.gradle\caches\modules-2\files-2.1\org.springframework.boot\spring-boot-starter-web\2.7.18\dd62ea85098187b4604e78dc15a7ff87dba173d\spring-boot-starter-web-2.7.18.jar;C:\Users\matus.sivak\.gradle\caches\modules-2\files-2.1\com.badlogicgames.gdx\gdx-backend-lwjgl\1.9.8\b7c138f14ed67ad830ae7597da3d86ae02b20eee\gdx-backend-lwjgl-1.9.8.jar;C:\Users\matus.sivak\.gradle\caches\modules-2\files-2.1\com.badlogicgames.gdx\gdx-platform\1.9.8\604a2ef2c7c92a5900114757cbd3fb4dcbb8270c\gdx-platform-1.9.8-natives-desktop.jar;C:\Users\matus.sivak\.gradle\caches\modules-2\files-2.1\com.badlogicgames.gdx\gdx-freetype-platform\1.9.8\b21a8def0c70ec49ea5e2658e788b7a9177399f8\gdx-freetype-platform-1.9.8-natives-desktop.jar;C:\WORK\Projects\Ancient Terror\core\initializer\build\libs\initializer-1.0.jar;C:\WORK\Projects\Ancient Terror\core\binder\binder-view-controller\build\libs\binder-view-controller-1.0.jar;C:\WORK\Projects\Ancient Terror\core\view\view-provider\view-provider-impl\build\libs\view-provider-impl-1.0.jar;C:\WORK\Projects\Ancient Terror\core\view\view-provider\view-provider-interface\build\libs\view-provider-interface-1.0.jar;C:\WORK\Projects\Ancient Terror\core\view\view-impl\build\libs\view-impl-1.0.jar;C:\WORK\Projects\Ancient Terror\core\skin-composer\build\libs\skin-composer-1.0.jar;C:\Users\matus.sivak\.gradle\caches\modules-2\files-2.1\com.badlogicgames.gdx\gdx-ai\1.8.1\a52367e373fe52f0d20f162cbf8711c38f002a25\gdx-ai-1.8.1.jar;C:\Users\matus.sivak\.gradle\caches\modules-2\files-2.1\com.badlogicgames.gdx\gdx-freetype\1.9.8\d92b5b8beab10e3b3c0dd836d4fc186f95e7ea4b\gdx-freetype-1.9.8.jar;C:\Users\matus.sivak\.gradle\caches\modules-2\files-2.1\com.kotcrab.vis\vis-ui\1.3.0\639741faa66a560197ee06a9412949402c831796\vis-ui-1.3.0.jar;C:\WORK\Projects\Ancient Terror\core\binder\binder-action\build\libs\binder-action-1.0.jar;C:\WORK\Projects\Ancient Terror\core\action\action-provider\action-provider-impl\build\libs\action-provider-impl-1.0.jar;C:\WORK\Projects\Ancient Terror\core\action\action-impl\build\libs\action-impl-1.0.jar;C:\WORK\Projects\Ancient Terror\core\binder\binder-controller-model\build\libs\binder-controller-model-1.0.jar;C:\WORK\Projects\Ancient Terror\core\controller\controller-provider\controller-provider-impl\build\libs\controller-provider-impl-1.0.jar;C:\WORK\Projects\Ancient Terror\core\controller\controller-provider\controller-provider-interface\build\libs\controller-provider-interface-1.0.jar;C:\WORK\Projects\Ancient Terror\core\controller\controller-impl\build\libs\controller-impl-1.0.jar;C:\WORK\Projects\Ancient Terror\core\controller\controller-interface\build\libs\controller-interface-1.0.jar;C:\WORK\Projects\Ancient Terror\core\view\view-interface\build\libs\view-interface-1.0.jar;C:\WORK\Projects\Ancient Terror\core\model\model-provider\model-provider-impl\build\libs\model-provider-impl-1.0.jar;C:\WORK\Projects\Ancient Terror\core\model\model-provider\model-provider-interface\build\libs\model-provider-interface-1.0.jar;C:\WORK\Projects\Ancient Terror\core\model\model-impl\build\libs\model-impl-1.0.jar;C:\WORK\Projects\Ancient Terror\core\model\model-write\build\libs\model-write-1.0.jar;C:\WORK\Projects\Ancient Terror\core\binder\binder-event-listener\build\libs\binder-event-listener-1.0.jar;C:\WORK\Projects\Ancient Terror\core\event-listener\event-listener-provider\event-listener-provider-impl\build\libs\event-listener-provider-impl-1.0.jar;C:\WORK\Projects\Ancient Terror\core\event-listener\event-listener-provider\event-listener-provider-interface\build\libs\event-listener-provider-interface-1.0.jar;C:\WORK\Projects\Ancient Terror\core\event-listener\event-listener-impl\build\libs\event-listener-impl-1.0.jar;C:\WORK\Projects\Ancient Terror\core\model\model-read\build\libs\model-read-1.0.jar;C:\WORK\Projects\Ancient Terror\core\binder\binder-service\build\libs\binder-service-1.0.jar;C:\WORK\Projects\Ancient Terror\core\service\service-provider\service-provider-impl\build\libs\service-provider-impl-1.0.jar;C:\WORK\Projects\Ancient Terror\core\service\service-provider\service-provider-interface\build\libs\service-provider-interface-1.0.jar;C:\WORK\Projects\Ancient Terror\core\service\service-impl\build\libs\service-impl-1.0.jar;C:\WORK\Projects\Ancient Terror\core\action\action-provider\action-provider-interface\build\libs\action-provider-interface-1.0.jar;C:\WORK\Projects\Ancient Terror\core\action\action-interface\build\libs\action-interface-1.0.jar;C:\WORK\Projects\Ancient Terror\core\event-queue\event-queue-provider\event-queue-provider-impl\build\libs\event-queue-provider-impl-1.0.jar;C:\WORK\Projects\Ancient Terror\core\event-queue\event-queue-provider\event-queue-provider-interface\build\libs\event-queue-provider-interface-1.0.jar;C:\WORK\Projects\Ancient Terror\core\event-queue\event-queue-impl\build\libs\event-queue-impl-1.0.jar;C:\WORK\Projects\Ancient Terror\core\event-queue\event-queue-write\build\libs\event-queue-write-1.0.jar;C:\WORK\Projects\Ancient Terror\core\event-queue\event-queue-read\build\libs\event-queue-read-1.0.jar;C:\WORK\Projects\Ancient Terror\core\service\service-interface\build\libs\service-interface-1.0.jar;C:\WORK\Projects\Ancient Terror\core\event-type\build\libs\event-type-1.0.jar;C:\WORK\Projects\Ancient Terror\core\constants\build\libs\constants-1.0.jar;C:\Users\matus.sivak\.gradle\caches\modules-2\files-2.1\com.badlogicgames.gdxpay\gdx-pay-client\1.3.13\7ee97c4ea70bb172bd7d7ae80d79d50abe94e4da\gdx-pay-client-1.3.13.jar;C:\Users\matus.sivak\.gradle\caches\modules-2\files-2.1\com.badlogicgames.gdx\gdx\1.9.8\a35a0076fbce873f9c2d5a1a1c8066244231bb3c\gdx-1.9.8.jar;C:\Users\matus.sivak\.gradle\caches\modules-2\files-2.1\javax.mail\mail\1.5.0-b01\c128515e42609622ce3f7dc0b431026d80bdb688\mail-1.5.0-b01.jar;C:\Users\matus.sivak\.gradle\caches\modules-2\files-2.1\org.springframework.boot\spring-boot-starter-json\2.7.18\b6d9ed5cae0c1929a9e561bf4799a3dc93a10db1\spring-boot-starter-json-2.7.18.jar;C:\Users\matus.sivak\.gradle\caches\modules-2\files-2.1\org.springframework.boot\spring-boot-starter\2.7.18\e56b75105f9ace6df154fd47eeeeadc2f5791e56\spring-boot-starter-2.7.18.jar;C:\Users\matus.sivak\.gradle\caches\modules-2\files-2.1\org.springframework.boot\spring-boot-starter-tomcat\2.7.18\c56e50e006448e75a8bde595dbc754ba294389af\spring-boot-starter-tomcat-2.7.18.jar;C:\Users\matus.sivak\.gradle\caches\modules-2\files-2.1\org.springframework\spring-webmvc\5.3.31\45754d056effe8257a012f6b98ed5454cf1e8960\spring-webmvc-5.3.31.jar;C:\Users\matus.sivak\.gradle\caches\modules-2\files-2.1\org.springframework\spring-web\5.3.31\3bf73c385a1f2f4a0d482149d6a205e854cec497\spring-web-5.3.31.jar;C:\Users\matus.sivak\.gradle\caches\modules-2\files-2.1\org.lwjgl.lwjgl\lwjgl_util\2.9.2\4b9e37300a87799856e0bd15ed81663cdb6b0947\lwjgl_util-2.9.2.jar;C:\Users\matus.sivak\.gradle\caches\modules-2\files-2.1\org.lwjgl.lwjgl\lwjgl\2.9.2\a9d80fe5935c7a9149f6584d9777cfd471f65489\lwjgl-2.9.2.jar;C:\Users\matus.sivak\.gradle\caches\modules-2\files-2.1\com.badlogicgames.jlayer\jlayer\1.0.1-gdx\7cca83cec5c1b2f011362f4d85aabd71a73b049d\jlayer-1.0.1-gdx.jar;C:\Users\matus.sivak\.gradle\caches\modules-2\files-2.1\org.jcraft\jorbis\0.0.17\8872d22b293e8f5d7d56ff92be966e6dc28ebdc6\jorbis-0.0.17.jar;C:\WORK\Projects\Ancient Terror\core\command-queue\command-queue-impl\build\libs\command-queue-impl-1.0.jar;C:\Users\matus.sivak\.gradle\caches\modules-2\files-2.1\javax.activation\activation\1.1\e6cb541461c2834bdea3eb920f1884d1eb508b50\activation-1.1.jar;C:\Users\matus.sivak\.gradle\caches\modules-2\files-2.1\org.springframework.boot\spring-boot-autoconfigure\2.7.18\9cf147c6ca274c75b32556acdcba5a1de081ebcd\spring-boot-autoconfigure-2.7.18.jar;C:\Users\matus.sivak\.gradle\caches\modules-2\files-2.1\org.springframework.boot\spring-boot\2.7.18\f6dbdd8da7c2bded63dff9b1f48d01a4923f20a0\spring-boot-2.7.18.jar;C:\Users\matus.sivak\.gradle\caches\modules-2\files-2.1\org.springframework.boot\spring-boot-starter-logging\2.7.18\19f7c255ba5255116f58c3bbaf52c7b88ea6af3e\spring-boot-starter-logging-2.7.18.jar;C:\Users\matus.sivak\.gradle\caches\modules-2\files-2.1\jakarta.annotation\jakarta.annotation-api\1.3.5\59eb84ee0d616332ff44aba065f3888cf002cd2d\jakarta.annotation-api-1.3.5.jar;C:\Users\matus.sivak\.gradle\caches\modules-2\files-2.1\org.springframework\spring-context\5.3.31\a2d6e76507f037ad835e8c2288dfedf28981999f\spring-context-5.3.31.jar;C:\Users\matus.sivak\.gradle\caches\modules-2\files-2.1\org.springframework\spring-aop\5.3.31\3be929dbdb5f4516919ad09a3d3720d779bb65d9\spring-aop-5.3.31.jar;C:\Users\matus.sivak\.gradle\caches\modules-2\files-2.1\org.springframework\spring-beans\5.3.31\d27258849071b3b268ecc388eca35bbfcc586448\spring-beans-5.3.31.jar;C:\Users\matus.sivak\.gradle\caches\modules-2\files-2.1\org.springframework\spring-expression\5.3.31\55637af1b186d1008890980c2876c5fc83599756\spring-expression-5.3.31.jar;C:\Users\matus.sivak\.gradle\caches\modules-2\files-2.1\org.springframework\spring-core\5.3.31\368e76f732a3c331b970f69cafec1525d27b34d3\spring-core-5.3.31.jar;C:\Users\matus.sivak\.gradle\caches\modules-2\files-2.1\org.yaml\snakeyaml\1.30\8fde7fe2586328ac3c68db92045e1c8759125000\snakeyaml-1.30.jar;C:\Users\matus.sivak\.gradle\caches\modules-2\files-2.1\com.fasterxml.jackson.datatype\jackson-datatype-jsr310\2.13.5\8ba3b868e81d7fc6ead686bd2353859b111d9eaf\jackson-datatype-jsr310-2.13.5.jar;C:\Users\matus.sivak\.gradle\caches\modules-2\files-2.1\com.fasterxml.jackson.module\jackson-module-parameter-names\2.13.5\a401a99e7a45450fd3ef76e82ba39005fd1a8c22\jackson-module-parameter-names-2.13.5.jar;C:\Users\matus.sivak\.gradle\caches\modules-2\files-2.1\com.fasterxml.jackson.core\jackson-annotations\2.13.5\136f77ab424f302c9e27230b4482e8000e142edf\jackson-annotations-2.13.5.jar;C:\Users\matus.sivak\.gradle\caches\modules-2\files-2.1\com.fasterxml.jackson.core\jackson-core\2.13.5\d07c97d3de9ea658caf1ff1809fd9de930a286a\jackson-core-2.13.5.jar;C:\Users\matus.sivak\.gradle\caches\modules-2\files-2.1\com.fasterxml.jackson.datatype\jackson-datatype-jdk8\2.13.5\1278f38160812811c56eb77f67213662ed1c7a2e\jackson-datatype-jdk8-2.13.5.jar;C:\Users\matus.sivak\.gradle\caches\modules-2\files-2.1\com.fasterxml.jackson.core\jackson-databind\2.13.5\aa95e46dbc32454f3983221d420e78ef19ddf844\jackson-databind-2.13.5.jar;C:\Users\matus.sivak\.gradle\caches\modules-2\files-2.1\org.apache.tomcat.embed\tomcat-embed-websocket\9.0.83\9af4b7450296bb4eff93b2ee3e52ab69d07512e4\tomcat-embed-websocket-9.0.83.jar;C:\Users\matus.sivak\.gradle\caches\modules-2\files-2.1\org.apache.tomcat.embed\tomcat-embed-core\9.0.83\d771e4343b0515c67dab2a09fe02f5d47550153f\tomcat-embed-core-9.0.83.jar;C:\Users\matus.sivak\.gradle\caches\modules-2\files-2.1\org.apache.tomcat.embed\tomcat-embed-el\9.0.83\b0cdada70099c25f45fceb48e1ebce60d138a5ce\tomcat-embed-el-9.0.83.jar;C:\Users\matus.sivak\.gradle\caches\modules-2\files-2.1\org.lwjgl.lwjgl\lwjgl-platform\2.9.2\510c7d317f5e9e700b9cfaac5fd38bdebf0702e0\lwjgl-platform-2.9.2-natives-windows.jar;C:\Users\matus.sivak\.gradle\caches\modules-2\files-2.1\org.lwjgl.lwjgl\lwjgl-platform\2.9.2\d276cdf61fe2b516c7b7f4aa1b8dea91dbdc8d56\lwjgl-platform-2.9.2-natives-linux.jar;C:\Users\matus.sivak\.gradle\caches\modules-2\files-2.1\org.lwjgl.lwjgl\lwjgl-platform\2.9.2\d55b46b40b40249d627a83a7f7f22649709d70c3\lwjgl-platform-2.9.2-natives-osx.jar;C:\Users\matus.sivak\.gradle\caches\modules-2\files-2.1\net.java.jinput\jinput\2.0.5\39c7796b469a600f72380316f6b1f11db6c2c7c4\jinput-2.0.5.jar;C:\WORK\Projects\Ancient Terror\core\command-queue\command-queue-interface\build\libs\command-queue-interface-1.0.jar;C:\Users\matus.sivak\.gradle\caches\modules-2\files-2.1\ch.qos.reload4j\reload4j\1.2.26\f9a29cea570c15844d2ec98bf8e2e523017a6a53\reload4j-1.2.26.jar;C:\Users\matus.sivak\.gradle\caches\modules-2\files-2.1\ch.qos.logback\logback-classic\1.2.12\d4dee19148dccb177a0736eb2027bd195341da78\logback-classic-1.2.12.jar;C:\Users\matus.sivak\.gradle\caches\modules-2\files-2.1\org.apache.logging.log4j\log4j-to-slf4j\2.17.2\17dd0fae2747d9a28c67bc9534108823d2376b46\log4j-to-slf4j-2.17.2.jar;C:\Users\matus.sivak\.gradle\caches\modules-2\files-2.1\org.slf4j\jul-to-slf4j\1.7.36\ed46d81cef9c412a88caef405b58f93a678ff2ca\jul-to-slf4j-1.7.36.jar;C:\Users\matus.sivak\.gradle\caches\modules-2\files-2.1\org.springframework\spring-jcl\5.3.31\e7ab9ee590a195415dd6b898440d776b4c8db78c\spring-jcl-5.3.31.jar;C:\Users\matus.sivak\.gradle\caches\modules-2\files-2.1\net.java.jutils\jutils\1.0.0\e12fe1fda814bd348c1579329c86943d2cd3c6a6\jutils-1.0.0.jar;C:\Users\matus.sivak\.gradle\caches\modules-2\files-2.1\net.java.jinput\jinput-platform\2.0.5\7ff832a6eb9ab6a767f1ade2b548092d0fa64795\jinput-platform-2.0.5-natives-linux.jar;C:\Users\matus.sivak\.gradle\caches\modules-2\files-2.1\net.java.jinput\jinput-platform\2.0.5\385ee093e01f587f30ee1c8a2ee7d408fd732e16\jinput-platform-2.0.5-natives-windows.jar;C:\Users\matus.sivak\.gradle\caches\modules-2\files-2.1\net.java.jinput\jinput-platform\2.0.5\53f9c919f34d2ca9de8c51fc4e1e8282029a9232\jinput-platform-2.0.5-natives-osx.jar;C:\WORK\Projects\Ancient Terror\java8-features\build\libs\java8-features-1.0.jar;C:\Users\matus.sivak\.gradle\caches\modules-2\files-2.1\io.reactivex\rxjava\1.3.0\af000bec2036a2a9d07197c4b03b8966bfc60b03\rxjava-1.3.0.jar;C:\Users\matus.sivak\.gradle\caches\modules-2\files-2.1\junit\junit\4.12\2973d150c0dc1fefe998f834810d68f278ea58ec\junit-4.12.jar;C:\Users\matus.sivak\.gradle\caches\modules-2\files-2.1\ch.qos.logback\logback-core\1.2.12\1d8e51a698b138065d73baefb4f94531faa323cb\logback-core-1.2.12.jar;C:\Users\matus.sivak\.m2\repository\org\slf4j\slf4j-api\1.7.36\slf4j-api-1.7.36.jar;C:\Users\matus.sivak\.gradle\caches\modules-2\files-2.1\org.apache.logging.log4j\log4j-api\2.17.2\f42d6afa111b4dec5d2aea0fe2197240749a4ea6\log4j-api-2.17.2.jar;C:\Users\matus.sivak\.gradle\caches\modules-2\files-2.1\com.rafaskoberg.gdx\typing-label\1.0.4\45dddf6ddba01c056f1742133c4030ce34dde488\typing-label-1.0.4.jar;C:\Users\matus.sivak\.m2\repository\org\hamcrest\hamcrest-core\1.3\hamcrest-core-1.3.jar;C:\Users\matus.sivak\.gradle\caches\modules-2\files-2.1\com.badlogicgames.gdxpay\gdx-pay\1.3.13\a0bd1fbf1489e66ab2681529ccad389762ad6f95\gdx-pay-1.3.13.jar;C:\Users\matus.sivak\.m2\repository\com\google\code\findbugs\jsr305\3.0.2\jsr305-3.0.2.jar
Launcher Type: SUN_STANDARD

[Global flags]
     intx CICompilerCount                          = 12                                        {product} {ergonomic}
     uint ConcGCThreads                            = 3                                         {product} {ergonomic}
     uint G1ConcRefinementThreads                  = 13                                        {product} {ergonomic}
   size_t G1HeapRegionSize                         = 4194304                                   {product} {ergonomic}
    uintx GCDrainStackTargetSize                   = 64                                        {product} {ergonomic}
   size_t InitialHeapSize                          = 532676608                                 {product} {ergonomic}
   size_t MarkStackSize                            = 4194304                                   {product} {ergonomic}
   size_t MaxHeapSize                              = 8518631424                                {product} {ergonomic}
   size_t MaxNewSize                               = 5108662272                                {product} {ergonomic}
   size_t MinHeapDeltaBytes                        = 4194304                                   {product} {ergonomic}
   size_t MinHeapSize                              = 8388608                                   {product} {ergonomic}
    uintx NonNMethodCodeHeapSize                   = 7602480                                {pd product} {ergonomic}
    uintx NonProfiledCodeHeapSize                  = 122027880                              {pd product} {ergonomic}
    uintx ProfiledCodeHeapSize                     = 122027880                              {pd product} {ergonomic}
    uintx ReservedCodeCacheSize                    = 251658240                              {pd product} {ergonomic}
     bool SegmentedCodeCache                       = true                                      {product} {ergonomic}
   size_t SoftMaxHeapSize                          = 8518631424                             {manageable} {ergonomic}
     bool UseCompressedOops                        = true                           {product lp64_product} {ergonomic}
     bool UseG1GC                                  = true                                      {product} {ergonomic}
     bool UseLargePagesIndividualAllocation        = false                                  {pd product} {ergonomic}

Logging:
Log output configuration:
 #0: stdout all=warning uptime,level,tags foldmultilines=false
 #1: stderr all=off uptime,level,tags foldmultilines=false

Environment Variables:
JAVA_HOME=C:\Users\matus.sivak\.jdks\corretto-21.0.6
PATH=C:\Program Files\Microsoft SDKs\Azure\CLI2\wbin;C:\windows\system32;C:\windows;C:\windows\System32\Wbem;C:\windows\System32\WindowsPowerShell\v1.0\;C:\windows\System32\OpenSSH\;C:\Program Files (x86)\Pulse Secure\VC142.CRT\X64\;C:\Program Files (x86)\Pulse Secure\VC142.CRT\X86\;C:\Users\matus.sivak\.jdks\openjdk-25.0.2\bin;C:\WORK\Tools\apache-maven-3.9.1\bin;C:\Program Files\PuTTY\;C:\Program Files (x86)\Microsoft SQL Server\160\DTS\Binn\;C:\Program Files\Azure Data Studio\bin;C:\Program Files (x86)\NVIDIA Corporation\PhysX\Common;C:\WINDOWS\system32;C:\WINDOWS;C:\WINDOWS\System32\Wbem;C:\WINDOWS\System32\WindowsPowerShell\v1.0\;C:\WINDOWS\System32\OpenSSH\;C:\Program Files\dotnet\;C:\Users\matus.sivak\AppData\Local\Programs\Python\Python314\Scripts\;C:\Users\matus.sivak\AppData\Local\Programs\Python\Python314\;C:\Users\matus.sivak\AppData\Local\Programs\Python\Launcher\;C:\Users\matus.sivak\AppData\Local\Microsoft\WindowsApps;C:\Users\matus.sivak\AppData\Local\Programs\IntelliJ IDEA 2025.3.1.1\bin;C:\Program Files\Azure Data Studio\bin;C:\Users\matus.sivak\.dotnet\tools;C:\WORK\Projects\EntriX\docker;C:\Program Files (x86)\Nmap;C:\Users\matus.sivak\AppData\Local\Programs\Git\cmd;
USERNAME=matus.sivak
OS=Windows_NT
PROCESSOR_IDENTIFIER=Intel64 Family 6 Model 141 Stepping 1, GenuineIntel
TMP=C:\Users\MATUS~1.SIV\AppData\Local\Temp
TEMP=C:\Users\MATUS~1.SIV\AppData\Local\Temp




Periodic native trim disabled

---------------  S Y S T E M  ---------------

OS:
 Windows 11 , 64 bit Build 26100 (10.0.26100.9444)
OS uptime: 4 days 5:47 hours
Hyper-V role detected

CPU: total 16 (initial active 16) (8 cores per cpu, 2 threads per core) family 6 model 141 stepping 1 microcode 0x56, cx8, cmov, fxsr, ht, mmx, 3dnowpref, sse, sse2, sse3, ssse3, sse4.1, sse4.2, popcnt, lzcnt, tsc, tscinvbit, avx, avx2, aes, erms, clmul, bmi1, bmi2, adx, avx512f, avx512dq, avx512cd, avx512bw, avx512vl, sha, fma, vzeroupper, avx512_vpopcntdq, avx512_vpclmulqdq, avx512_vaes, avx512_vnni, clflush, clflushopt, clwb, avx512_vbmi2, avx512_vbmi, hv, rdtscp, rdpid, fsrm, gfni, avx512_bitalg, f16c, cet_ibt, cet_ss, avx512_ifma
Processor Information for the first 16 processors :
  Max Mhz: 2496, Current Mhz: 2496, Mhz Limit: 2496

Memory: 4k page, system-wide physical 32490M (9292M free)
TotalPageFile size 46331M (AvailPageFile size 7443M)
current process WorkingSet (physical memory assigned to process): 978M, peak: 1078M
current process commit charge ("private bytes"): 1001M, peak: 1444M

vm_info: OpenJDK 64-Bit Server VM (21.0.6+7-LTS) for windows-amd64 JRE (21.0.6+7-LTS), built on 2025-01-07T23:42:01Z by "Administrator" with MS VC++ 16.10 / 16.11 (VS2019)

END.
