#
# A fatal error has been detected by the Java Runtime Environment:
#
#  EXCEPTION_ACCESS_VIOLATION (0xc0000005) at pc=0x00007ffb805b4982, pid=31276, tid=38524
#
# JRE version: OpenJDK Runtime Environment Corretto-21.0.6.7.1 (21.0.6+7) (build 21.0.6+7-LTS)
# Java VM: OpenJDK 64-Bit Server VM Corretto-21.0.6.7.1 (21.0.6+7-LTS, mixed mode, sharing, tiered, compressed oops, compressed class ptrs, g1 gc, windows-amd64)
# Problematic frame:
# C  [igxelpicd64.dll+0x324982]
#
# No core dump will be written. Minidumps are not enabled by default on client versions of Windows
#
# If you would like to submit a bug report, please visit:
#   https://github.com/corretto/corretto-21/issues/
# The crash happened outside the Java Virtual Machine in native code.
# See problematic frame for where to report the bug.
#

---------------  S U M M A R Y ------------

Command Line: -Dfile.encoding=UTF-8 -Duser.country=US -Duser.language=en -Duser.variant sk.sivak.eldritchhorror.GameDesktop

Host: 11th Gen Intel(R) Core(TM) i7-11850H @ 2.50GHz, 16 cores, 31G,  Windows 11 , 64 bit Build 26100 (10.0.26100.9444)
Time: Sun Sep 13 16:23:18 2026 Central Europe Daylight Time elapsed time: 2383.543763 seconds (0d 0h 39m 43s)

---------------  T H R E A D  ---------------

Current thread (0x0000021d7f574230):  JavaThread "LWJGL Application"        [_thread_in_native, id=38524, stack(0x000000700cc00000,0x000000700cd00000) (1024K)]

Stack: [0x000000700cc00000,0x000000700cd00000],  sp=0x000000700ccf8610,  free space=993k
Native frames: (J=compiled Java code, j=interpreted, Vv=VM code, C=native code)
C  [igxelpicd64.dll+0x324982]

Java frames: (J=compiled Java code, j=interpreted, Vv=VM code)
J 1960  org.lwjgl.opengl.GL11.nglDrawElements(IIIJJ)V (0 bytes) @ 0x0000021d289c2daf [0x0000021d289c2d40+0x000000000000006f]
J 2560 c2 com.badlogic.gdx.graphics.g2d.SpriteBatch.flush()V (193 bytes) @ 0x0000021d28a318a0 [0x0000021d28a312a0+0x0000000000000600]
J 5221 c2 com.badlogic.gdx.scenes.scene2d.ui.Image.draw(Lcom/badlogic/gdx/graphics/g2d/Batch;F)V (200 bytes) @ 0x0000021d28d2c1f8 [0x0000021d28d2be40+0x00000000000003b8]
J 6401 c2 com.badlogic.gdx.scenes.scene2d.Group.drawChildren(Lcom/badlogic/gdx/graphics/g2d/Batch;F)V (551 bytes) @ 0x0000021d28e60ac0 [0x0000021d28e607e0+0x00000000000002e0]
J 3325 c2 com.badlogic.gdx.scenes.scene2d.Stage.draw()V (70 bytes) @ 0x0000021d28ad77fc [0x0000021d28ad71c0+0x000000000000063c]
J 3814 c2 sk.sivak.eldritchhorror.core.Game.render()V (47 bytes) @ 0x0000021d28b6daec [0x0000021d28b6d8c0+0x000000000000022c]
j  com.badlogic.gdx.backends.lwjgl.LwjglApplication.mainLoop()V+698
j  com.badlogic.gdx.backends.lwjgl.LwjglApplication$1.run()V+27
v  ~StubRoutines::call_stub 0x0000021d281910e7

siginfo: EXCEPTION_ACCESS_VIOLATION (0xc0000005), writing address 0x0000000000000018


Registers:
RAX=0x0000000078080003, RBX=0x0000021d7f6d8640, RCX=0x0000000000000000, RDX=0x0000000000000034
RSP=0x000000700ccf8610, RBP=0x000000700ccf8710, RSI=0x0000000000000000, RDI=0x0000000000000018
R8 =0x0000021d04e118f0, R9 =0x0000000000000000, R10=0x0000000000000003, R11=0x0000000000000003
R12=0x0000000000000003, R13=0x0000000000000000, R14=0x0000000000000000, R15=0x0000021d04dfe890
RIP=0x00007ffb805b4982, EFLAGS=0x0000000000010202

XMM[0]=0x0000000000000000 0x0000000000000000
XMM[1]=0x0000000000000000 0x0000000000000018
XMM[2]=0x0000000000000000 0x0000000000000000
XMM[3]=0x0000000000000000 0x0000000000000000
XMM[4]=0x3f8000003f800000 0x4278000041e00000
XMM[5]=0x0000000000000000 0x0000000000000000
XMM[6]=0x0000000000000000 0x000000003f800000
XMM[7]=0x0000000000000000 0x0000000000000000
XMM[8]=0x0000000000000000 0x0000000044700000
XMM[9]=0x0000000000000000 0x0000000000000000
XMM[10]=0x0000000000000000 0x0000000044070000
XMM[11]=0x0000000000000000 0x0000000000000000
XMM[12]=0x0000000000000000 0x0000000041b1c71b
XMM[13]=0x0000000000000000 0x00000000431312d6
XMM[14]=0x0000000000000000 0x000000003f800000
XMM[15]=0x0000000000000000 0x0000000000000000
  MXCSR=0x00001fa7


Register to memory mapping:

RAX=0x0000000078080003 is an unknown value
RBX=0x0000021d7f6d8640 points into unknown readable memory: 0x0000021d7f62cdc0 | c0 cd 62 7f 1d 02 00 00
RCX=0x0 is null
RDX=0x0000000000000034 is an unknown value
RSP=0x000000700ccf8610 is pointing into the stack for thread: 0x0000021d7f574230
RBP=0x000000700ccf8710 is pointing into the stack for thread: 0x0000021d7f574230
RSI=0x0 is null
RDI=0x0000000000000018 is an unknown value
R8 =0x0000021d04e118f0 points into unknown readable memory: 0x02c7000078090005 | 05 00 09 78 00 00 c7 02
R9 =0x0 is null
R10=0x0000000000000003 is an unknown value
R11=0x0000000000000003 is an unknown value
R12=0x0000000000000003 is an unknown value
R13=0x0 is null
R14=0x0 is null
R15=0x0000021d04dfe890 points into unknown readable memory: 0x0000b13411000001 | 01 00 00 11 34 b1 00 00

Top of Stack: (sp=0x000000700ccf8610)
0x000000700ccf8610:   0000021d7f6d8640 0000021d7f708328
0x000000700ccf8620:   0000021d7f6d8640 0000020040000000
0x000000700ccf8630:   00000003ffffff00 0000000300000000
0x000000700ccf8640:   000000700ccfe030 000000700ccfe034
0x000000700ccf8650:   ffffffff00000003 00007ffb8e889301
0x000000700ccf8660:   00000004ffff0100 0000000300000000
0x000000700ccf8670:   ffffffff00000003 0000000040000000
0x000000700ccf8680:   00000003ffffffff 0000000300000000
0x000000700ccf8690:   000000000ccfab00 0000007000000008
0x000000700ccf86a0:   0000021d04dfe890 0000021d28ba4563
0x000000700ccf86b0:   0000000000000001 0000000000000018
0x000000700ccf86c0:   0000007000000000 000000700ccfbd20
0x000000700ccf86d0:   0000021d7f708328 0000000000022a22
0x000000700ccf86e0:   0000000000000000 0000021daee0c090
0x000000700ccf86f0:   0000021d04e40de8 000000000000003c
0x000000700ccf8700:   0000021d28ba45e0 0000021d7f6d8640
0x000000700ccf8710:   000000700ccfb9f0 0000021d04e11904
0x000000700ccf8720:   0000021d04e118f0 0000021d28ba4520
0x000000700ccf8730:   0000021d28ba45e0 0000021d28ba4520
0x000000700ccf8740:   0000021d04e1190c 0000021d00000018
0x000000700ccf8750:   00007ffb8eb67ff8 000000700ccfabd0
0x000000700ccf8760:   0000021d00000005 0000021d28ba4563
0x000000700ccf8770:   000000700ccfe090 00000190c5e51fa0
0x000000700ccf8780:   0000021d3f01b2a8 0000000000007800
0x000000700ccf8790:   0000021d28ba4390 0000000000000001
0x000000700ccf87a0:   000000700ccfad19 00007ffb8e3c2319
0x000000700ccf87b0:   0000000000000000 0000000000000000
0x000000700ccf87c0:   000000000000f800 0000021d28ba4563
0x000000700ccf87d0:   0000000000000000 0000021d28ba44f2
0x000000700ccf87e0:   0000021d28ba4518 0000021d28ba4390
0x000000700ccf87f0:   0000021d28ba4563 0000021d28ba4390
0x000000700ccf8800:   0000021d28ba4390 0000000000000000 

Instructions: (pc=0x00007ffb805b4982)
0x00007ffb805b4882:   01 00 89 44 24 64 41 0f be bf 99 31 01 00 89 7c
0x00007ffb805b4892:   24 70 45 85 d2 0f 85 ab 00 00 00 49 8b 8f 80 31
0x00007ffb805b48a2:   01 00 49 39 48 04 74 0e 49 89 48 04 81 8b b0 54
0x00007ffb805b48b2:   04 00 00 00 00 02 45 33 f6 44 89 74 24 64 45 39
0x00007ffb805b48c2:   b7 28 2f 01 00 75 09 45 39 b7 2c 2f 01 00 74 6d
0x00007ffb805b48d2:   41 8b c5 48 8d 0c 40 f2 0f 10 05 2f 76 d9 00 f2
0x00007ffb805b48e2:   0f 11 84 8d a0 02 00 00 8b 05 28 76 d9 00 89 84
0x00007ffb805b48f2:   8d a8 02 00 00 8b 84 8d a4 02 00 00 44 33 d0 41
0x00007ffb805b4902:   83 e2 3f 44 33 d0 41 0f ba f2 08 44 89 94 8d a4
0x00007ffb805b4912:   02 00 00 44 89 b4 8d a8 02 00 00 4d 89 b7 28 2f
0x00007ffb805b4922:   01 00 49 8b 87 40 30 01 00 48 0f ba e8 00 49 89
0x00007ffb805b4932:   87 40 30 01 00 41 ff c5 44 89 6c 24 78 44 88 b3
0x00007ffb805b4942:   21 fc 02 00 eb 03 45 33 f6 80 bb 21 fc 02 00 00
0x00007ffb805b4952:   0f 85 6b 0d 00 00 48 c7 83 14 fc 02 00 00 00 00
0x00007ffb805b4962:   00 45 85 e4 0f 84 d3 05 00 00 0f ae e8 41 8b d4
0x00007ffb805b4972:   c1 e2 04 83 c2 04 8b 05 d2 91 04 01 48 8b 7d a8
0x00007ffb805b4982:   89 07 8b c2 c1 e8 02 2c 02 88 07 48 8d 8d c0 05
0x00007ffb805b4992:   00 00 e8 83 3e d4 ff 48 8d 8d c0 05 00 00 e8 97
0x00007ffb805b49a2:   60 d0 ff 4c 8b c8 48 8b 95 f0 09 00 00 48 8b 8d
0x00007ffb805b49b2:   c0 05 00 00 80 b9 c0 df 04 00 00 48 0f 45 95 e0
0x00007ffb805b49c2:   09 00 00 44 0f b6 83 b4 62 04 00 48 8b 0d cc 85
0x00007ffb805b49d2:   01 01 83 b9 60 0a 00 00 00 74 63 45 84 c0 0f 84
0x00007ffb805b49e2:   aa 00 00 00 83 bb fc 63 04 00 00 0f 85 9d 00 00
0x00007ffb805b49f2:   00 80 bb ac 61 04 00 00 74 32 8b 83 a8 61 04 00
0x00007ffb805b4a02:   ff c0 3b 83 48 61 04 00 75 22 80 bb 68 66 04 00
0x00007ffb805b4a12:   00 74 19 81 8b 98 61 04 00 00 80 00 00 8b 8b 98
0x00007ffb805b4a22:   61 04 00 48 8b 83 a0 61 04 00 89 08 48 89 93 a0
0x00007ffb805b4a32:   61 04 00 41 8b 01 89 83 98 61 04 00 eb 44 45 84
0x00007ffb805b4a42:   c0 74 4b 83 bb fc 63 04 00 00 75 42 80 bb ac 61
0x00007ffb805b4a52:   04 00 00 74 26 8b 83 a8 61 04 00 ff c0 3b 83 48
0x00007ffb805b4a62:   61 04 00 75 16 80 bb 68 66 04 00 00 74 0d 48 8b
0x00007ffb805b4a72:   83 a0 61 04 00 81 08 00 80 00 00 48 89 93 a0 61 


Stack slot to memory mapping:

stack at sp + 0 slots: 0x0000021d7f6d8640 points into unknown readable memory: 0x0000021d7f62cdc0 | c0 cd 62 7f 1d 02 00 00
stack at sp + 1 slots: 0x0000021d7f708328 points into unknown readable memory: 0x0000000000000000 | 00 00 00 00 00 00 00 00
stack at sp + 2 slots: 0x0000021d7f6d8640 points into unknown readable memory: 0x0000021d7f62cdc0 | c0 cd 62 7f 1d 02 00 00
stack at sp + 3 slots: 0x0000020040000000 is an unknown value
stack at sp + 4 slots: 0x00000003ffffff00 is an unknown value
stack at sp + 5 slots: 0x0000000300000000 is an unknown value
stack at sp + 6 slots: 0x000000700ccfe030 is pointing into the stack for thread: 0x0000021d7f574230
stack at sp + 7 slots: 0x000000700ccfe034 is pointing into the stack for thread: 0x0000021d7f574230


Compiled method (n/a) 2383619 1960     n 0       org.lwjgl.opengl.GL11::nglDrawElements (native)
 total in heap  [0x0000021d289c2b90,0x0000021d289c2f78] = 1000
 relocation     [0x0000021d289c2cf0,0x0000021d289c2d28] = 56
 main code      [0x0000021d289c2d40,0x0000021d289c2f6e] = 558
 stub code      [0x0000021d289c2f6e,0x0000021d289c2f70] = 2
 oops           [0x0000021d289c2f70,0x0000021d289c2f78] = 8

[Constant Pool (empty)]

[MachCode]
[Entry Point]
  # {method} {0x0000021d0053c3a0} 'nglDrawElements' '(IIIJJ)V' in 'org/lwjgl/opengl/GL11'
  # parm0:    rdx       = int
  # parm1:    r8        = int
  # parm2:    r9        = int
  # parm3:    rdi:rdi   = long
  # parm4:    rsi:rsi   = long
  #           [sp+0x90]  (sp of caller)
  0x0000021d289c2d40: 448b 5208 | 49bb 0000 | 003e 1d02 | 0000 4d03 | d349 3bc2 | 0f84 0600 

  0x0000021d289c2d58: ;   {runtime_call ic_miss_stub}
  0x0000021d289c2d58: 0000 e921 | bc81 ff90 
[Verified Entry Point]
  0x0000021d289c2d60: 8984 2400 | 80ff ff55 | 488b ec48 | 81ec 8000 | 0000 6690 | 4181 7f20 | 0300 0000 

  0x0000021d289c2d7c: ;   {runtime_call StubRoutines (final stubs)}
  0x0000021d289c2d7c: 7405 e83d | 2f80 ff48 | 8974 2430 | 4889 7c24 | 284c 894c | 2420 4d8b | c84c 8bc2 

  0x0000021d289c2d98: ;   {oop(a 'java/lang/Class'{0x0000000604721bc8} = 'org/lwjgl/opengl/GL11')}
  0x0000021d289c2d98: 49be c81b | 7204 0600 | 0000 4c89 | 7424 684c | 8d74 2468 | 498b d6c5 

  0x0000021d289c2db0: ;   {internal_word}
  0x0000021d289c2db0: f877 49ba | af2d 9c28 | 1d02 0000 | 4d89 97a0 | 0300 0049 | 89a7 9803 

  0x0000021d289c2dc8: ;   {external_word}
  0x0000021d289c2dc8: 0000 49ba | c75a e08e | fb7f 0000 | 4180 3a00 | 0f84 4e00 | 0000 5241 

  0x0000021d289c2de0: ;   {metadata({method} {0x0000021d0053c3a0} 'nglDrawElements' '(IIIJJ)V' in 'org/lwjgl/opengl/GL11')}
  0x0000021d289c2de0: 5041 5148 | ba98 c353 | 001d 0200 | 0049 8bcf | 4883 ec20 | 40f6 c40f | 0f84 1900 | 0000 4883 
  0x0000021d289c2e00: ;   {runtime_call}
  0x0000021d289c2e00: ec08 48b8 | d010 8a8e | fb7f 0000 | ffd0 4883 | c408 e90c 

  0x0000021d289c2e14: ;   {runtime_call}
  0x0000021d289c2e14: 0000 0048 | b8d0 108a | 8efb 7f00 | 00ff d048 | 83c4 2041 | 5941 585a | 498d 8fb8 | 0300 0041 
  0x0000021d289c2e34: c787 4404 | 0000 0400 

  0x0000021d289c2e3c: ;   {runtime_call}
  0x0000021d289c2e3c: 0000 48b8 | d0d8 0080 | 0100 0000 | ffd0 c5f8 | 7741 c787 | 4404 0000 | 0500 0000 | f083 4424 
  0x0000021d289c2e5c: c000 493b | af48 0400 | 000f 870e | 0000 0041 | 83bf 4004 | 0000 000f | 8423 0000 | 00c5 f877 
  0x0000021d289c2e7c: 498b cf4c | 8be4 4883 | ec20 4883 

  0x0000021d289c2e88: ;   {runtime_call}
  0x0000021d289c2e88: e4f0 48b8 | 407a 558e | fb7f 0000 | ffd0 498b | e44d 33e4 | 41c7 8744 | 0400 0008 | 0000 0041 
  0x0000021d289c2ea8: 83bf c004 | 0000 020f | 8494 0000 

  0x0000021d289c2eb4: ;   {external_word}
  0x0000021d289c2eb4: 0049 bac7 | 5ae0 8efb | 7f00 0041 | 803a 000f | 8444 0000 

  0x0000021d289c2ec8: ;   {metadata({method} {0x0000021d0053c3a0} 'nglDrawElements' '(IIIJJ)V' in 'org/lwjgl/opengl/GL11')}
  0x0000021d289c2ec8: 0048 ba98 | c353 001d | 0200 0049 | 8bcf 4883 | ec20 40f6 | c40f 0f84 | 1900 0000 | 4883 ec08 
  0x0000021d289c2ee8: ;   {runtime_call}
  0x0000021d289c2ee8: 48b8 d010 | 8a8e fb7f | 0000 ffd0 | 4883 c408 | e90c 0000 

  0x0000021d289c2efc: ;   {runtime_call}
  0x0000021d289c2efc: 0048 b8d0 | 108a 8efb | 7f00 00ff | d048 83c4 | 2049 c787 | 9803 0000 | 0000 0000 | 49c7 87a0 
  0x0000021d289c2f1c: 0300 0000 | 0000 00c5 | f877 498b | 8f28 0400 | 00c7 8100 | 0100 0000 | 0000 00c9 | 4983 7f08 
  0x0000021d289c2f3c: 000f 8501 | 0000 00c3 

  0x0000021d289c2f44: ;   {runtime_call StubRoutines (initial stubs)}
  0x0000021d289c2f44: e9b7 df7c | ffc5 f877 | 4c8b e448 | 83ec 2048 

  0x0000021d289c2f54: ;   {runtime_call}
  0x0000021d289c2f54: 83e4 f048 | b870 488a | 8efb 7f00 | 00ff d049 | 8be4 4d33 | e4e9 47ff | ffff f4f4 
[/MachCode]


Compiled method (c2) 2383635 2560       4       com.badlogic.gdx.graphics.g2d.SpriteBatch::flush (193 bytes)
 total in heap  [0x0000021d28a30e90,0x0000021d28a35020] = 16784
 relocation     [0x0000021d28a30ff0,0x0000021d28a31290] = 672
 main code      [0x0000021d28a312a0,0x0000021d28a33190] = 7920
 stub code      [0x0000021d28a33190,0x0000021d28a33230] = 160
 oops           [0x0000021d28a33230,0x0000021d28a33238] = 8
 metadata       [0x0000021d28a33238,0x0000021d28a334b0] = 632
 scopes data    [0x0000021d28a334b0,0x0000021d28a34620] = 4464
 scopes pcs     [0x0000021d28a34620,0x0000021d28a34dc0] = 1952
 dependencies   [0x0000021d28a34dc0,0x0000021d28a34e20] = 96
 handler table  [0x0000021d28a34e20,0x0000021d28a34ef8] = 216
 nul chk table  [0x0000021d28a34ef8,0x0000021d28a35020] = 296

[Constant Pool (empty)]

[MachCode]
[Entry Point]
  # {method} {0x0000021d00951ae8} 'flush' '()V' in 'com/badlogic/gdx/graphics/g2d/SpriteBatch'
  #           [sp+0x80]  (sp of caller)
  0x0000021d28a312a0: 448b 5208 | 49bb 0000 | 003e 1d02 | 0000 4d03 | d349 3bc2 

  0x0000021d28a312b4: ;   {runtime_call ic_miss_stub}
  0x0000021d28a312b4: 0f85 c6d6 | 7aff 6690 | 0f1f 4000 
[Verified Entry Point]
  0x0000021d28a312c0: 8984 2400 | 80ff ff55 | 4883 ec70 | 4181 7f20 | 0300 0000 | 0f85 a51e | 0000 4c8b | c244 8b52 
  0x0000021d28a312e0: 0c45 85d2 | 0f84 6c09 | 0000 448b | 5a34 458b | ca41 c1f9 | 1f4d 63d2 | 4d69 d267 | 6666 6649 
  0x0000021d28a31300: c1fa 2341 | 8bca 412b | c941 3bcb | 0f8f c809 | 0000 ff42 | 3044 8b5a | 44ff 422c 

  0x0000021d28a3131c: ; implicit exception: dispatches to 0x0000021d28a32e78
  0x0000021d28a3131c: 478b 54dc | 0c47 8b4c 

  0x0000021d28a31324: ;   {oop(a 'java/lang/Class'{0x00000006047216b0} = 'com/badlogic/gdx/Gdx')}
  0x0000021d28a31324: dc10 49bb | b016 7204 | 0600 0000 | 418b b388 | 0000 0045 | 8b5c f408 | 8d1c 8d00 | 0000 008d 
  0x0000021d28a31344: ;   {metadata('com/badlogic/gdx/backends/lwjgl/LwjglGL20')}
  0x0000021d28a31344: 1c4b 4181 | fb60 1202 | 010f 85b9 

  0x0000021d28a31350: ;   {oop(a 'java/lang/Class'{0x000000060475ea28} = 'org/lwjgl/opengl/GLContext')}
  0x0000021d28a31350: 0d00 0049 | bb28 ea75 | 0406 0000 | 0041 8b4b | 7441 8b7c | cc0c 4c8b | df49 c1e3 | 0349 8b97 
  0x0000021d28a31370: 8003 0000 | 488b 324c | 3bde 0f85 | 640f 0000 | 418b 6ccc | 1085 ed0f | 8487 1000 | 0049 8b8c 
  0x0000021d28a31390: ec30 1900 | 0048 85c9 | 0f84 9e10 | 0000 4889 | 7424 0889 | 1c24 498b | e841 8bd2 | 458b c14c 
  0x0000021d28a313b0: 8bc9 6690 

  0x0000021d28a313b4: ;   {static_call}
  0x0000021d28a313b4: c5f8 77e8 

  0x0000021d28a313b8: ; ImmutableOopMap {rbp=Oop [8]=Oop }
                      ;*invokestatic nglBindTexture {reexecute=0 rethrow=0 return_oop=0}
                      ; - org.lwjgl.opengl.GL11::glBindTexture@16 (line 654)
                      ; - com.badlogic.gdx.backends.lwjgl.LwjglGL20::glBindTexture@2 (line 93)
                      ; - com.badlogic.gdx.graphics.GLTexture::bind@11 (line 66)
                      ; - com.badlogic.gdx.graphics.g2d.SpriteBatch::flush@58 (line 964)
  0x0000021d28a313b8: a4e4 f5ff 

  0x0000021d28a313bc: ;   {other}
  0x0000021d28a313bc: 0f1f 8400 | 2c05 0000 | 4c8b cd41 | 8b71 3c45 | 8b41 4045 | 8b59 0c41 | 8b6c f410 

  0x0000021d28a313d8: ; implicit exception: dispatches to 0x0000021d28a32ee0
  0x0000021d28a313d8: 458b 54ec 

  0x0000021d28a313dc: ;   {metadata('com/badlogic/gdx/graphics/glutils/VertexArray')}
  0x0000021d28a313dc: 0841 81fa | 0088 1001 | 0f85 4e0d | 0000 498d | 0cec 8b79 | 1841 8b54 | fc08 468d | 149d 0000 
  0x0000021d28a313fc: ;   {metadata('java/nio/DirectByteBuffer')}
  0x0000021d28a313fc: 0000 81fa | e8ea 1b00 | 0f85 560d | 0000 498d | 1cfc 8b6b | 2044 3bd5 | 0f8f 6610 | 0000 4585 
  0x0000021d28a3141c: d20f 8c99 | 1000 0044 | 8953 1c8b | 6b18 413b | ea0f 8fc5 | 1000 008b | 6b0c 413b | ea0f 8ff5 
  0x0000021d28a3143c: 1000 0048 | 8beb 4889 | 4c24 2044 | 895c 2418 | 4c89 4c24 | 1049 8bd0 | 48c1 e203 | 4d8d 14f4 
  0x0000021d28a3145c: 4c89 5424 | 2889 7424 | 0433 ff4c | 8bc3 458b | cb66 6690 

  0x0000021d28a31470: ;   {static_call}
  0x0000021d28a31470: c5f8 77e8 

  0x0000021d28a31474: ; ImmutableOopMap {rbp=Oop [4]=NarrowOop [8]=Oop [16]=Oop [32]=Oop [40]=Oop }
                      ;*invokestatic copyJni {reexecute=0 rethrow=0 return_oop=0}
                      ; - com.badlogic.gdx.utils.BufferUtils::copy@35 (line 54)
                      ; - com.badlogic.gdx.graphics.glutils.VertexArray::setVertices@7 (line 84)
                      ; - com.badlogic.gdx.graphics.Mesh::setVertices@7 (line 208)
                      ; - com.badlogic.gdx.graphics.g2d.SpriteBatch::flush@76 (line 966)
  0x0000021d28a31474: 68ab f8ff 

  0x0000021d28a31478: ;   {other}
  0x0000021d28a31478: 0f1f 8400 | e805 0001 | 4c8b d541 | 8b6a 1c85 | ed0f 8ce1 | 1000 0041 | 8b6a 0c85 | ed0f 8f11 
  0x0000021d28a31498: 1100 0045 | 8962 184c | 8b54 2420 | 458b 4214 

  0x0000021d28a314a8: ; implicit exception: dispatches to 0x0000021d28a32f28
  0x0000021d28a314a8: 438b 6cc4 | 1c85 ed0f | 8c33 1100 | 0043 8b4c | c40c 85c9 | 0f8f 5e11 | 0000 4789 | 64c4 1843 
  0x0000021d28a314c8: 8b6c c420 | 448b 5c24 | 1844 3bdd | 0f8f 8211 | 0000 4585 | db0f 8ca5 | 1100 0047 | 895c c41c 
  0x0000021d28a314e8: 413b cb0f | 8fb7 1100 | 0044 8b5c | 2404 438b | 6cdc 1445 | 8b54 ec08 

  0x0000021d28a31500: ;   {metadata('com/badlogic/gdx/graphics/glutils/IndexArray')}
  0x0000021d28a31500: 4181 fae8 | 8a10 010f | 8587 0c00 | 004d 8d14 | ec45 8b42 | 1043 8b6c | c41c 85ed | 0f8c aa11 
  0x0000021d28a31520: 0000 438b | 4cc4 0c85 | c90f 8fc1 | 1100 0047 | 8964 c418 | 438b 6cc4 | 2044 8b14 | 2444 3bd5 
  0x0000021d28a31540: 0f8f ce11 | 0000 4585 | d20f 8cf9 | 1100 0047 | 8954 c41c | 413b ca0f | 8f0b 1200 | 0048 8b4c 
  0x0000021d28a31560: 2410 0fb6 | 6939 85ed | 0f85 1e12 

  0x0000021d28a3156c: ;   {oop(a 'java/lang/Class'{0x00000006047216b0} = 'com/badlogic/gdx/Gdx')}
  0x0000021d28a3156c: 0000 49b8 | b016 7204 | 0600 0000 | 418b a888 | 0000 0045 | 8b44 ec08 

  0x0000021d28a31584: ;   {metadata('com/badlogic/gdx/backends/lwjgl/LwjglGL20')}
  0x0000021d28a31584: 4181 f860 | 1202 010f | 851b 0c00 

  0x0000021d28a31590: ;   {oop(a 'java/lang/Class'{0x000000060475ea28} = 'org/lwjgl/opengl/GLContext')}
  0x0000021d28a31590: 0049 b828 | ea75 0406 | 0000 0045 | 8b48 7443 | 8b6c cc0c | 4c8b c549 | c1e0 0348 | 8b5c 2408 
  0x0000021d28a315b0: 4c3b c30f | 855b 0d00 | 0043 8b6c | cc10 85ed | 0f84 e611 | 0000 4d8b | 84ec 601a | 0000 4d85 
  0x0000021d28a315d0: c00f 84f5 | 1100 0048 | 8be9 bae2 | 0b00 0090 

  0x0000021d28a315e0: ;   {static_call}
  0x0000021d28a315e0: c5f8 77e8 

  0x0000021d28a315e4: ; ImmutableOopMap {rbp=Oop [4]=NarrowOop [8]=Oop [40]=Oop }
                      ;*invokestatic nglEnable {reexecute=0 rethrow=0 return_oop=0}
                      ; - org.lwjgl.opengl.GL11::glEnable@15 (line 1015)
                      ; - com.badlogic.gdx.backends.lwjgl.LwjglGL20::glEnable@1 (line 292)
                      ; - com.badlogic.gdx.graphics.g2d.SpriteBatch::flush@125 (line 973)
  0x0000021d28a315e4: 780f f9ff 

  0x0000021d28a315e8: ;   {other}
  0x0000021d28a315e8: 0f1f 8400 | 5807 0002 | 488b cd44 | 8b59 1841 | 83fb ff0f | 840b 1200 | 0044 8b51 

  0x0000021d28a31604: ;   {oop(a 'java/lang/Class'{0x00000006047216b0} = 'com/badlogic/gdx/Gdx')}
  0x0000021d28a31604: 2449 b8b0 | 1672 0406 | 0000 0041 | 8ba8 8800 | 0000 448b | 411c 448b | 4920 418b 

  0x0000021d28a31620: ;   {metadata('com/badlogic/gdx/backends/lwjgl/LwjglGL20')}
  0x0000021d28a31620: 7cec 0881 | ff60 1202 | 010f 859d 

  0x0000021d28a3162c: ;   {oop(a 'java/lang/Class'{0x000000060475ea28} = 'org/lwjgl/opengl/GLContext')}
  0x0000021d28a3162c: 0b00 0048 | bb28 ea75 | 0406 0000 | 008b 5374 

  0x0000021d28a3163c: ; implicit exception: dispatches to 0x0000021d28a32fc8
  0x0000021d28a3163c: 418b 6cd4 | 0c48 8bfd | 48c1 e703 | 488b 5c24 | 0848 3bfb | 0f85 e60c | 0000 418b | 6cd4 1085 
  0x0000021d28a3165c: ed0f 84c5 | 1100 0049 | 8bb4 ec58 | 2100 0048 | 85f6 0f84 | e411 0000 | 4889 5c24 | 1048 8be9 
  0x0000021d28a3167c: 418b d341 | 8bfa 6690 

  0x0000021d28a31684: ;   {static_call}
  0x0000021d28a31684: c5f8 77e8 

  0x0000021d28a31688: ; ImmutableOopMap {rbp=Oop [4]=NarrowOop [16]=Oop [40]=Oop }
                      ;*invokestatic nglBlendFuncSeparate {reexecute=0 rethrow=0 return_oop=0}
                      ; - org.lwjgl.opengl.GL14::glBlendFuncSeparate@23 (line 241)
                      ; - com.badlogic.gdx.backends.lwjgl.LwjglGL20::glBlendFuncSeparate@5 (line 113)
                      ; - com.badlogic.gdx.graphics.g2d.SpriteBatch::flush@157 (line 974)
  0x0000021d28a31688: d412 f9ff 

  0x0000021d28a3168c: ;   {other}
  0x0000021d28a3168c: 0f1f 8400 | fc07 0003 | 4c8b d541 | 8b5a 5885 | db75 0441 | 8b5a 5444 | 8b04 2445 | 85c0 0f84 
  0x0000021d28a316ac: f011 0000 | 8b4c 2404 | 450f b64c | cc0c 4585 | c90f 84f5 | 1100 0041 | 8b6c cc10 

  0x0000021d28a316c8: ; implicit exception: dispatches to 0x0000021d28a32fe0
  0x0000021d28a316c8: 458b 5cec 

  0x0000021d28a316cc: ;   {metadata('com/badlogic/gdx/graphics/glutils/VertexArray')}
  0x0000021d28a316cc: 0841 81fb | 0088 1001 | 0f85 220b | 0000 4489 | 4c24 0c4c | 8954 2418 | 4c8b c349 | c1e0 0389 
  0x0000021d28a316ec: 5c24 0849 | 8d14 ec45 | 33c9 488b | 6c24 2890 

  0x0000021d28a316fc: ;   {optimized virtual_call}
  0x0000021d28a316fc: c5f8 77e8 

  0x0000021d28a31700: ; ImmutableOopMap {rbp=Oop [4]=NarrowOop [8]=NarrowOop [16]=Oop [24]=Oop [40]=Oop }
                      ;*invokeinterface bind {reexecute=0 rethrow=0 return_oop=0}
                      ; - com.badlogic.gdx.graphics.Mesh::bind@6 (line 391)
                      ; - com.badlogic.gdx.graphics.Mesh::bind@3 (line 382)
                      ; - com.badlogic.gdx.graphics.Mesh::render@13 (line 490)
                      ; - com.badlogic.gdx.graphics.Mesh::render@10 (line 460)
                      ; - com.badlogic.gdx.graphics.g2d.SpriteBatch::flush@184 (line 977)
  0x0000021d28a31700: bccf 0000 

  0x0000021d28a31704: ;   {other}
  0x0000021d28a31704: 0f1f 8400 | 7408 0004 | 8b4c 2404 | 418b 6ccc | 1445 8b54 

  0x0000021d28a31718: ;   {metadata('com/badlogic/gdx/graphics/glutils/IndexArray')}
  0x0000021d28a31718: ec08 4181 | fae8 8a10 | 010f 8501 | 0b00 004d | 8d14 ec41 | 0fb6 6a0c | 85ed 0f85 | a811 0000 
  0x0000021d28a31738: 458b 4210 

  0x0000021d28a3173c: ; implicit exception: dispatches to 0x0000021d28a33010
  0x0000021d28a3173c: 438b 5cc4 | 1c85 db0f | 8e27 0c00 | 0041 0fb6 | 6ccc 0d85 | ed0f 84a9 | 1100 0047 | 8b5c c418 
  0x0000021d28a3175c: 85db 0f8c | b411 0000 | 478b 4cc4 | 0c45 85c9 | 0f8f d611 | 0000 4489 | 5c24 2489 | 5c24 2047 
  0x0000021d28a3177c: 8964 c418 | 438b 6cc4 | 2044 8b1c | 2444 3bdd | 0f8f ea11 | 0000 458b | d347 8954 | c41c 453b 
  0x0000021d28a3179c: ca0f 8f15 | 1200 0044 

  0x0000021d28a317a4: ;   {oop(a 'java/lang/Class'{0x00000006047216b0} = 'com/badlogic/gdx/Gdx')}
  0x0000021d28a317a4: 8904 2449 | bbb0 1672 | 0406 0000 | 0041 8bab | 8c00 0000 

  0x0000021d28a317b8: ; implicit exception: dispatches to 0x0000021d28a33028
  0x0000021d28a317b8: 458b 5cec 

  0x0000021d28a317bc: ;   {metadata('com/badlogic/gdx/backends/lwjgl/LwjglGL20')}
  0x0000021d28a317bc: 0841 81fb | 6012 0201 | 0f85 7e0a 

  0x0000021d28a317c8: ;   {oop(a 'java/lang/Class'{0x000000060475ea28} = 'org/lwjgl/opengl/GLContext')}
  0x0000021d28a317c8: 0000 49bb | 28ea 7504 | 0600 0000 | 458b 5b74 

  0x0000021d28a317d8: ; implicit exception: dispatches to 0x0000021d28a33040
  0x0000021d28a317d8: 438b 6cdc | 0c4c 8bc5 | 49c1 e003 | 4c8b 4c24 | 104d 3bc1 | 0f85 9e0b | 0000 478b | 5cdc 1045 
  0x0000021d28a317f8: 85db 0f84 | 1412 0000 | 4b8b 8cdc | 881a 0000 | 4885 c90f | 8427 1200 | 0047 8b8c | dcac 3f00 
  0x0000021d28a31818: 0047 8b44 | cc10 438b | 5cc4 1043 | 8b6c c40c 

  0x0000021d28a31828: ; implicit exception: dispatches to 0x0000021d28a33088
  0x0000021d28a31828: 458b 4cdc | 0c41 3be9 | 0f83 6608 | 0000 4d8d | 04dc 458b | 4ca8 1043 | 8b6c cc18 | 85ed 0f85 
  0x0000021d28a31848: 5c0b 0000 | 438b 6ccc | 0c85 ed0f | 8533 1200 | 0045 85d2 | 0f8e 6804 | 0000 458b 

  0x0000021d28a31864: ;   {oop(a 'org/lwjgl/MemoryUtilSun$AccessorUnsafe'{0x0000000604552958})}
  0x0000021d28a31864: c249 ba58 | 2955 0406 | 0000 004d | 8b5a 1045 | 3b62 0c0f | 8473 0800 | 0044 8b0c | 244b 8d2c 
  0x0000021d28a31884: cc4a 8b7c | 1d00 ba04 | 0000 0041 | b903 1400 | 0048 8bf1 

  0x0000021d28a31898: ;   {static_call}
  0x0000021d28a31898: c5f8 77e8 

  0x0000021d28a3189c: ; ImmutableOopMap {rbp=Oop [0]=NarrowOop [4]=NarrowOop [8]=NarrowOop [16]=Oop [24]=Oop [40]=Oop }
                      ;*invokestatic nglDrawElements {reexecute=0 rethrow=0 return_oop=0}
                      ; - org.lwjgl.opengl.GL11::glDrawElements@34 (line 1110)
                      ; - com.badlogic.gdx.backends.lwjgl.LwjglGL20::glDrawElements@21 (line 281)
                      ; - com.badlogic.gdx.graphics.Mesh::render@88 (line 499)
                      ; - com.badlogic.gdx.graphics.Mesh::render@10 (line 460)
                      ; - com.badlogic.gdx.graphics.g2d.SpriteBatch::flush@184 (line 977)
  0x0000021d28a3189c: c014 f9ff 

  0x0000021d28a318a0: ;   {other}
  0x0000021d28a318a0: 0f1f 8400 | 100a 0005 | 448b 0424 | 438b 6cc4 | 1c44 8b5c | 2424 443b | dd0f 8f05 | 1200 0045 
  0x0000021d28a318c0: 85db 0f8c | 6c12 0000 | 478b 4cc4 | 0c45 3bcb | 0f8f ce12 | 0000 4789 | 5cc4 1843 | 8b6c c420 
  0x0000021d28a318e0: 448b 5424 | 2044 3bd5 | 0f8f 2613 | 0000 4789 | 54c4 1c45 | 3bda 0f8f | 7413 0000 | 453b ca0f 
  0x0000021d28a31900: 8fc7 1300 | 008b 4c24 | 0441 8b6c | cc10 458b 

  0x0000021d28a31910: ;   {metadata('com/badlogic/gdx/graphics/glutils/VertexArray')}
  0x0000021d28a31910: 5cec 0841 | 81fb 0088 | 1001 0f85 | 6409 0000 | 498d 3cec | 448b 5710 

  0x0000021d28a31928: ; implicit exception: dispatches to 0x0000021d28a330d4
  0x0000021d28a31928: 478b 5cd4 | 1847 8b44 | dc0c 4585 | c00f 86d5 | 0200 0044 | 8b4c 2408 | 4585 c90f | 8473 0900 
  0x0000021d28a31948: 004b 8d14 | cc33 dbeb | 178b 4c24 | 0c44 8b4c | 2420 488b | 3c24 448b | 4424 2448 | 8b54 2430 
  0x0000021d28a31968: 448b 5f10 

  0x0000021d28a3196c: ; implicit exception: dispatches to 0x0000021d28a32db8
  0x0000021d28a3196c: 478b 54dc | 1847 8b5c | d40c 413b | db0f 838e | 0300 0049 | c1e2 0345 | 8b54 9a10 

  0x0000021d28a31988: ; implicit exception: dispatches to 0x0000021d28a32de8
  0x0000021d28a31988: 478b 5cd4 | 2844 895c | 2438 895c | 2408 4889 | 5424 3044 | 8944 2424 | 4889 3c24 | 894c 240c 
  0x0000021d28a319a8: 470f b654 | cc1d 4489 

  0x0000021d28a319b0: ;   {oop(a 'java/lang/Class'{0x00000006047216b0} = 'com/badlogic/gdx/Gdx')}
  0x0000021d28a319b0: 4c24 2049 | bbb0 1672 | 0406 0000 | 0045 8b9b | 8c00 0000 | 4489 5c24 | 3c45 85d2 | 0f85 3a05 
  0x0000021d28a319d0: 0000 478b | 5ccc 3444 | 895c 2440 | 4585 db0f | 8463 0300 | 0044 8b5c | 2438 478b | 54dc 0c45 
  0x0000021d28a319f0: 85d2 0f84 | 7402 0000 | 458b da44 | 8b44 2440 | 4723 5cc4 | 2043 8b6c | c430 458b | 4cec 0c45 
  0x0000021d28a31a10: 3bd9 0f83 | 4c03 0000 | 4d8d 04ec | 438b 6c98 | 1044 8b4c | 2438 443b | cd0f 841e | 0100 0045 
  0x0000021d28a31a30: 8b4c ec08 

  0x0000021d28a31a34: ;   {metadata('java/lang/String')}
  0x0000021d28a31a34: 4181 f940 | e700 000f | 8503 1300 | 0044 8b44 | 2438 470f | be4c c410 | 4d8d 04ec | 410f be58 
  0x0000021d28a31a54: 1044 3bcb | 0f85 fe03 | 0000 458b | 4814 8b4c | 2438 458b | 44cc 1443 | 8b7c cc0c | 438b 4cc4 
  0x0000021d28a31a74: 0c3b cf0f | 85df 0300 | 004b 8d1c | cc4b 8d74 | cc10 4f8d | 0cc4 4b8d | 7cc4 1085 | c90f 849d 
  0x0000021d28a31a94: 0000 008b | c183 e01f | 83e1 e00f | 844b 0000 | 0048 8d3c | 0f48 8d34 | 0e48 f7d9 | c5fe 6f0c 
  0x0000021d28a31ab4: 0fc5 fe6f | 040e c5f5 | efc8 c4e2 | 7d17 c90f | 8572 0000 | 0048 83c1 | 2075 e185 | c00f 845d 
  0x0000021d28a31ad4: 0000 00c5 | fe6f 4c07 | e0c5 fe6f | 4406 e0c5 | f5ef c8c4 | e27d 17c9 | 754d eb44 | 8bc8 83e1 
  0x0000021d28a31af4: fc74 1948 | 8d3c 0f48 | 8d34 0e48 | f7d9 8b1c | 0f3b 1c0e | 7531 4883 | c104 75f2 | a802 7412 
  0x0000021d28a31b14: 0fb7 1f0f | b70e 3bd9 | 751d 488d | 7f02 488d | 7602 a801 | 740a 0fb6 | 1f0f b60e 

  0x0000021d28a31b30: ;   {no_reloc}
  0x0000021d28a31b30: 3bd9 7507 | b801 0000 | 00eb 0233 | c0c5 f5ef | c9c5 fdef | c085 c00f | 840f 0300 | 0044 8b54 
  0x0000021d28a31b50: 2440 438b | 6cd4 3445 | 8b44 ec0c | 453b d80f | 8363 0200 | 004d 8d14 | ec47 8b4c | 9a10 4183 
  0x0000021d28a31b70: f9fe 0f84 | cc03 0000 | 4183 f9ff | 0f84 4604 | 0000 448b | 5c24 3c47 | 8b54 dc08 

  0x0000021d28a31b8c: ;   {metadata('com/badlogic/gdx/backends/lwjgl/LwjglGL20')}
  0x0000021d28a31b8c: 4181 fa60 | 1202 010f | 8577 0200 

  0x0000021d28a31b98: ;   {oop(a 'java/lang/Class'{0x000000060475ea28} = 'org/lwjgl/opengl/GLContext')}
  0x0000021d28a31b98: 0049 ba28 | ea75 0406 | 0000 0045 | 8b5a 7443 | 8b6c dc0c | 458b d14c | 8bc5 49c1 | e003 4c8b 
  0x0000021d28a31bb8: 4c24 104d | 3bc1 0f85 | 2c03 0000 | 438b 6cdc | 1085 ed0f | 8443 0400 | 004d 8b84 | ecf0 2300 
  0x0000021d28a31bd8: 004d 85c0 | 0f84 6a04 | 0000 418b | d266 6690 

  0x0000021d28a31be8: ;   {static_call}
  0x0000021d28a31be8: c5f8 77e8 

  0x0000021d28a31bec: ; ImmutableOopMap {[0]=Oop [12]=NarrowOop [16]=Oop [24]=Oop [32]=NarrowOop [40]=Oop [48]=Oop }
                      ;*invokestatic nglDisableVertexAttribArray {reexecute=0 rethrow=0 return_oop=0}
                      ; - org.lwjgl.opengl.GL20::glDisableVertexAttribArray@15 (line 920)
                      ; - com.badlogic.gdx.backends.lwjgl.LwjglGL20::glDisableVertexAttribArray@1 (line 272)
                      ; - com.badlogic.gdx.graphics.glutils.ShaderProgram::disableVertexAttribute@22 (line 719)
                      ; - com.badlogic.gdx.graphics.glutils.VertexArray::unbind@34 (line 157)
                      ; - com.badlogic.gdx.graphics.Mesh::unbind@6 (line 409)
                      ; - com.badlogic.gdx.graphics.Mesh::unbind@3 (line 400)
                      ; - com.badlogic.gdx.graphics.Mesh::render@253 (line 518)
                      ; - com.badlogic.gdx.graphics.Mesh::render@10 (line 460)
                      ; - com.badlogic.gdx.graphics.g2d.SpriteBatch::flush@184 (line 977)
  0x0000021d28a31bec: 7078 f8ff 

  0x0000021d28a31bf0: ;   {other}
  0x0000021d28a31bf0: 0f1f 8400 | 600d 0006 | 8b5c 2408 | ffc3 3b5c | 2424 0f8c | 49fd ffff | 8b4c 240c | 488b 3c24 
  0x0000021d28a31c10: 4488 670c | 418b 6ccc | 1445 8b54 

  0x0000021d28a31c1c: ;   {metadata('com/badlogic/gdx/graphics/glutils/IndexArray')}
  0x0000021d28a31c1c: ec08 4181 | fae8 8a10 | 010f 8575 | 0600 004d | 8d14 ec41 | 0fb6 6a0c | 85ed 0f85 | ec10 0000 
  0x0000021d28a31c3c: 458b 5210 

  0x0000021d28a31c40: ; implicit exception: dispatches to 0x0000021d28a3311c
  0x0000021d28a31c40: 438b 6cd4 | 1c85 ed0f | 8eaf 0700 | 004c 8b54 | 2418 4589 | 620c c5f8 | 7748 83c4 

  0x0000021d28a31c5c: ;   {poll_return}
  0x0000021d28a31c5c: 705d 493b | a748 0400 | 000f 87fe | 1400 00c3 | 470f b654 | dc11 4585 | d275 5b47 | 8b54 dc14 
  0x0000021d28a31c7c: 448b 5c24 | 4049 c1e3 | 0349 8bd2 | 48c1 e203 | 448b 4424 | 384b 8d2c | c443 807c | c410 0075 
  0x0000021d28a31c9c: 454c 895c | 2450 6690 

  0x0000021d28a31ca4: ;   {static_call}
  0x0000021d28a31ca4: c5f8 77e8 

  0x0000021d28a31ca8: ; ImmutableOopMap {rbp=Oop [0]=Oop [12]=NarrowOop [16]=Oop [24]=Oop [32]=NarrowOop [40]=Oop [48]=Oop [56]=NarrowOop [60]=NarrowOop [64]=NarrowOop [80]=Oop }
                      ;*invokestatic hashCode {reexecute=0 rethrow=0 return_oop=0}
                      ; - java.lang.String::hashCode@27 (line 2369)
                      ; - com.badlogic.gdx.utils.ObjectIntMap::get@1 (line 279)
                      ; - com.badlogic.gdx.graphics.glutils.ShaderProgram::fetchAttributeLocation@11 (line 290)
                      ; - com.badlogic.gdx.graphics.glutils.ShaderProgram::disableVertexAttribute@10 (line 717)
                      ; - com.badlogic.gdx.graphics.glutils.VertexArray::unbind@34 (line 157)
                      ; - com.badlogic.gdx.graphics.Mesh::unbind@6 (line 409)
                      ; - com.badlogic.gdx.graphics.Mesh::unbind@3 (line 400)
                      ; - com.badlogic.gdx.graphics.Mesh::render@253 (line 518)
                      ; - com.badlogic.gdx.graphics.Mesh::render@10 (line 460)
                      ; - com.badlogic.gdx.graphics.g2d.SpriteBatch::flush@184 (line 977)
  0x0000021d28a31ca8: d4db 7aff 

  0x0000021d28a31cac: ;   {other}
  0x0000021d28a31cac: 0f1f 8400 | 1c0e 0007 | 85c0 7442 | 448b 5c24 | 3843 8944 | dc0c 448b | d0e9 2efd | ffff 4533 
  0x0000021d28a31ccc: c0e9 93fb | ffff 4533 | d2e9 1efd | ffff 894a | 34e9 30f6 | ffff 4c89 | 5c24 5090 

  0x0000021d28a31ce8: ;   {static_call}
  0x0000021d28a31ce8: c5f8 77e8 

  0x0000021d28a31cec: ; ImmutableOopMap {rbp=Oop [0]=Oop [12]=NarrowOop [16]=Oop [24]=Oop [32]=NarrowOop [40]=Oop [48]=Oop [56]=NarrowOop [60]=NarrowOop [64]=NarrowOop [80]=Oop }
                      ;*invokestatic hashCode {reexecute=0 rethrow=0 return_oop=0}
                      ; - java.lang.String::hashCode@37 (line 2370)
                      ; - com.badlogic.gdx.utils.ObjectIntMap::get@1 (line 279)
                      ; - com.badlogic.gdx.graphics.glutils.ShaderProgram::fetchAttributeLocation@11 (line 290)
                      ; - com.badlogic.gdx.graphics.glutils.ShaderProgram::disableVertexAttribute@10 (line 717)
                      ; - com.badlogic.gdx.graphics.glutils.VertexArray::unbind@34 (line 157)
                      ; - com.badlogic.gdx.graphics.Mesh::unbind@6 (line 409)
                      ; - com.badlogic.gdx.graphics.Mesh::unbind@3 (line 400)
                      ; - com.badlogic.gdx.graphics.Mesh::render@253 (line 518)
                      ; - com.badlogic.gdx.graphics.Mesh::render@10 (line 460)
                      ; - com.badlogic.gdx.graphics.g2d.SpriteBatch::flush@184 (line 977)
  0x0000021d28a31cec: 90db 7aff 

  0x0000021d28a31cf0: ;   {other}
  0x0000021d28a31cf0: 0f1f 8400 | 600e 0008 | ebba 448b | 5424 3843 | c644 d411 | 0145 33d2 | e9eb fcff | ffba e4ff 
  0x0000021d28a31d10: ffff 488b | ef44 8954 | 2404 895c | 2408 48ff | 7424 1848 | 8f44 2410 | 894c 240c | 4489 4424 
  0x0000021d28a31d30: 1c44 894c | 2420 6690 

  0x0000021d28a31d38: ;   {runtime_call UncommonTrapBlob}
  0x0000021d28a31d38: c5f8 77e8 

  0x0000021d28a31d3c: ; ImmutableOopMap {rbp=Oop [4]=NarrowOop [12]=NarrowOop [16]=Oop [32]=NarrowOop }
                      ;*aaload {reexecute=0 rethrow=0 return_oop=0}
                      ; - com.badlogic.gdx.graphics.VertexAttributes::get@5 (line 109)
                      ; - com.badlogic.gdx.graphics.glutils.VertexArray::unbind@28 (line 157)
                      ; - com.badlogic.gdx.graphics.Mesh::unbind@6 (line 409)
                      ; - com.badlogic.gdx.graphics.Mesh::unbind@3 (line 400)
                      ; - com.badlogic.gdx.graphics.Mesh::render@253 (line 518)
                      ; - com.badlogic.gdx.graphics.Mesh::render@10 (line 460)
                      ; - com.badlogic.gdx.graphics.g2d.SpriteBatch::flush@184 (line 977)
  0x0000021d28a31d3c: c05f 7bff 

  0x0000021d28a31d40: ;   {other}
  0x0000021d28a31d40: 0f1f 8400 | b00e 0009 | baf6 ffff | ff8b 6c24 | 3866 6690 

  0x0000021d28a31d54: ;   {runtime_call UncommonTrapBlob}
  0x0000021d28a31d54: c5f8 77e8 

  0x0000021d28a31d58: ; ImmutableOopMap {rbp=NarrowOop }
                      ;*invokevirtual get {reexecute=0 rethrow=0 return_oop=0}
                      ; - com.badlogic.gdx.graphics.glutils.ShaderProgram::fetchAttributeLocation@11 (line 290)
                      ; - com.badlogic.gdx.graphics.glutils.ShaderProgram::disableVertexAttribute@10 (line 717)
                      ; - com.badlogic.gdx.graphics.glutils.VertexArray::unbind@34 (line 157)
                      ; - com.badlogic.gdx.graphics.Mesh::unbind@6 (line 409)
                      ; - com.badlogic.gdx.graphics.Mesh::unbind@3 (line 400)
                      ; - com.badlogic.gdx.graphics.Mesh::render@253 (line 518)
                      ; - com.badlogic.gdx.graphics.Mesh::render@10 (line 460)
                      ; - com.badlogic.gdx.graphics.g2d.SpriteBatch::flush@184 (line 977)
  0x0000021d28a31d58: a45f 7bff 

  0x0000021d28a31d5c: ;   {other}
  0x0000021d28a31d5c: 0f1f 8400 | cc0e 000a | bae4 ffff | ff48 ff74 | 2418 488f | 4424 1048 | 8944 24f8 | 8b44 2424 
  0x0000021d28a31d7c: 8944 241c | 488b 4424 | f848 8944 | 24f8 8b44 | 243c 8944 | 2424 488b | 4424 f848 | 8944 24f8 
  0x0000021d28a31d9c: 8b44 2438 | 8944 2428 | 488b 4424 | f844 8944 | 2430 4489 | 5424 3c44 | 895c 2444 

  0x0000021d28a31db8: ;   {runtime_call UncommonTrapBlob}
  0x0000021d28a31db8: c5f8 77e8 

  0x0000021d28a31dbc: ; ImmutableOopMap {rbp=NarrowOop [0]=Oop [12]=NarrowOop [16]=Oop [32]=NarrowOop [36]=NarrowOop [40]=NarrowOop [48]=NarrowOop }
                      ;*aaload {reexecute=0 rethrow=0 return_oop=0}
                      ; - com.badlogic.gdx.utils.ObjectIntMap::get@20 (line 281)
                      ; - com.badlogic.gdx.graphics.glutils.ShaderProgram::fetchAttributeLocation@11 (line 290)
                      ; - com.badlogic.gdx.graphics.glutils.ShaderProgram::disableVertexAttribute@10 (line 717)
                      ; - com.badlogic.gdx.graphics.glutils.VertexArray::unbind@34 (line 157)
                      ; - com.badlogic.gdx.graphics.Mesh::unbind@6 (line 409)
                      ; - com.badlogic.gdx.graphics.Mesh::unbind@3 (line 400)
                      ; - com.badlogic.gdx.graphics.Mesh::render@253 (line 518)
                      ; - com.badlogic.gdx.graphics.Mesh::render@10 (line 460)
                      ; - com.badlogic.gdx.graphics.g2d.SpriteBatch::flush@184 (line 977)
  0x0000021d28a31dbc: 405f 7bff 

  0x0000021d28a31dc0: ;   {other}
  0x0000021d28a31dc0: 0f1f 8400 | 300f 000b | bae4 ffff | ff48 ff74 | 2418 488f | 4424 1048 | 8944 24f8 | 8b44 2424 
  0x0000021d28a31de0: 8944 241c | 488b 4424 | f848 8944 | 24f8 8b44 | 243c 8944 | 2424 488b | 4424 f844 | 895c 2430 
  0x0000021d28a31e00: ;   {runtime_call UncommonTrapBlob}
  0x0000021d28a31e00: c5f8 77e8 

  0x0000021d28a31e04: ; ImmutableOopMap {rbp=NarrowOop [0]=Oop [12]=NarrowOop [16]=Oop [32]=NarrowOop [36]=NarrowOop [56]=NarrowOop }
                      ;*iaload {reexecute=0 rethrow=0 return_oop=0}
                      ; - com.badlogic.gdx.utils.ObjectIntMap::get@82 (line 288)
                      ; - com.badlogic.gdx.graphics.glutils.ShaderProgram::fetchAttributeLocation@11 (line 290)
                      ; - com.badlogic.gdx.graphics.glutils.ShaderProgram::disableVertexAttribute@10 (line 717)
                      ; - com.badlogic.gdx.graphics.glutils.VertexArray::unbind@34 (line 157)
                      ; - com.badlogic.gdx.graphics.Mesh::unbind@6 (line 409)
                      ; - com.badlogic.gdx.graphics.Mesh::unbind@3 (line 400)
                      ; - com.badlogic.gdx.graphics.Mesh::render@253 (line 518)
                      ; - com.badlogic.gdx.graphics.Mesh::render@10 (line 460)
                      ; - com.badlogic.gdx.graphics.g2d.SpriteBatch::flush@184 (line 977)
  0x0000021d28a31e04: f85e 7bff 

  0x0000021d28a31e08: ;   {other}
  0x0000021d28a31e08: 0f1f 8400 | 780f 000c | bade ffff | ff48 8b2c | 2448 8944 | 24f8 8b44 | 2408 8904 | 2448 8b44 
  0x0000021d28a31e28: 24f8 48ff | 7424 1848 | 8f44 2410 | 4889 4424 | f88b 4424 | 0c89 4424 | 0448 8b44 | 24f8 4489 
  0x0000021d28a31e48: 4c24 1c90 

  0x0000021d28a31e4c: ;   {runtime_call UncommonTrapBlob}
  0x0000021d28a31e4c: c5f8 77e8 

  0x0000021d28a31e50: ; ImmutableOopMap {rbp=Oop [4]=NarrowOop [16]=Oop [32]=NarrowOop [60]=NarrowOop }
                      ;*invokeinterface glDisableVertexAttribArray {reexecute=0 rethrow=0 return_oop=0}
                      ; - com.badlogic.gdx.graphics.glutils.ShaderProgram::disableVertexAttribute@22 (line 719)
                      ; - com.badlogic.gdx.graphics.glutils.VertexArray::unbind@34 (line 157)
                      ; - com.badlogic.gdx.graphics.Mesh::unbind@6 (line 409)
                      ; - com.badlogic.gdx.graphics.Mesh::unbind@3 (line 400)
                      ; - com.badlogic.gdx.graphics.Mesh::render@253 (line 518)
                      ; - com.badlogic.gdx.graphics.Mesh::render@10 (line 460)
                      ; - com.badlogic.gdx.graphics.g2d.SpriteBatch::flush@184 (line 977)
  0x0000021d28a31e50: ac5e 7bff 

  0x0000021d28a31e54: ;   {other}
  0x0000021d28a31e54: 0f1f 8400 | c40f 000d | ba45 ffff | ff48 8b2c | 2448 8944 | 24f8 8b44 | 2408 8904 | 2448 8b44 
  0x0000021d28a31e74: 24f8 48ff | 7424 1848 | 8f44 2410 | 4889 4424 | f88b 4424 | 0c89 4424 | 0448 8b44 | 24f8 4889 
  0x0000021d28a31e94: 4424 f88b | 4424 2089 | 4424 0848 | 8b44 24f8 | 4889 4424 | f88b 4424 | 2489 4424 | 0c48 8b44 
  0x0000021d28a31eb4: 24f8 4889 | 4424 f88b | 4424 3c89 | 4424 1848 | 8b44 24f8 | 4889 4424 | f88b 4424 | 3889 4424 
  0x0000021d28a31ed4: 2048 8b44 | 24f8 4489 | 5424 3090 

  0x0000021d28a31ee0: ;   {runtime_call UncommonTrapBlob}
  0x0000021d28a31ee0: c5f8 77e8 

  0x0000021d28a31ee4: ; ImmutableOopMap {rbp=Oop [4]=NarrowOop [8]=NarrowOop [16]=Oop [24]=NarrowOop [32]=NarrowOop [64]=NarrowOop }
                      ;*ifne {reexecute=1 rethrow=0 return_oop=0}
                      ; - (reexecute) com.badlogic.gdx.utils.ObjectIntMap::get@24 (line 281)
                      ; - com.badlogic.gdx.graphics.glutils.ShaderProgram::fetchAttributeLocation@11 (line 290)
                      ; - com.badlogic.gdx.graphics.glutils.ShaderProgram::disableVertexAttribute@10 (line 717)
                      ; - com.badlogic.gdx.graphics.glutils.VertexArray::unbind@34 (line 157)
                      ; - com.badlogic.gdx.graphics.Mesh::unbind@6 (line 409)
                      ; - com.badlogic.gdx.graphics.Mesh::unbind@3 (line 400)
                      ; - com.badlogic.gdx.graphics.Mesh::render@253 (line 518)
                      ; - com.badlogic.gdx.graphics.Mesh::render@10 (line 460)
                      ; - com.badlogic.gdx.graphics.g2d.SpriteBatch::flush@184 (line 977)
  0x0000021d28a31ee4: 185e 7bff 

  0x0000021d28a31ee8: ;   {other}
  0x0000021d28a31ee8: 0f1f 8400 | 5810 000e | ba45 ffff | ff44 8954 | 2428 6690 

  0x0000021d28a31efc: ;   {runtime_call UncommonTrapBlob}
  0x0000021d28a31efc: c5f8 77e8 

  0x0000021d28a31f00: ; ImmutableOopMap {rbp=NarrowOop [0]=Oop [12]=NarrowOop [16]=Oop [24]=Oop [32]=NarrowOop }
                      ;*if_acmpne {reexecute=1 rethrow=0 return_oop=0}
                      ; - (reexecute) org.lwjgl.opengl.GLContext::getCapabilitiesImpl@11 (line 132)
                      ; - org.lwjgl.opengl.GLContext::getCapabilities@0 (line 122)
                      ; - org.lwjgl.opengl.GL20::glDisableVertexAttribArray@0 (line 917)
                      ; - com.badlogic.gdx.backends.lwjgl.LwjglGL20::glDisableVertexAttribArray@1 (line 272)
                      ; - com.badlogic.gdx.graphics.glutils.ShaderProgram::disableVertexAttribute@22 (line 719)
                      ; - com.badlogic.gdx.graphics.glutils.VertexArray::unbind@34 (line 157)
                      ; - com.badlogic.gdx.graphics.Mesh::unbind@6 (line 409)
                      ; - com.badlogic.gdx.graphics.Mesh::unbind@3 (line 400)
                      ; - com.badlogic.gdx.graphics.Mesh::render@253 (line 518)
                      ; - com.badlogic.gdx.graphics.Mesh::render@10 (line 460)
                      ; - com.badlogic.gdx.graphics.g2d.SpriteBatch::flush@184 (line 977)
  0x0000021d28a31f00: fc5d 7bff 

  0x0000021d28a31f04: ;   {other}
  0x0000021d28a31f04: 0f1f 8400 | 7410 000f | ba45 ffff | ff48 8bef | 891c 2448 | ff74 2418 | 488f 4424 | 1089 4c24 
  0x0000021d28a31f24: 0444 8944 | 240c 4489 | 4c24 1844 | 8954 2428 

  0x0000021d28a31f34: ;   {runtime_call UncommonTrapBlob}
  0x0000021d28a31f34: c5f8 77e8 

  0x0000021d28a31f38: ; ImmutableOopMap {rbp=Oop [4]=NarrowOop [16]=Oop [24]=NarrowOop [32]=NarrowOop [56]=NarrowOop [60]=NarrowOop }
                      ;*ifeq {reexecute=1 rethrow=0 return_oop=0}
                      ; - (reexecute) com.badlogic.gdx.graphics.glutils.ShaderProgram::checkManaged@4 (line 746)
                      ; - com.badlogic.gdx.graphics.glutils.ShaderProgram::disableVertexAttribute@5 (line 716)
                      ; - com.badlogic.gdx.graphics.glutils.VertexArray::unbind@34 (line 157)
                      ; - com.badlogic.gdx.graphics.Mesh::unbind@6 (line 409)
                      ; - com.badlogic.gdx.graphics.Mesh::unbind@3 (line 400)
                      ; - com.badlogic.gdx.graphics.Mesh::render@253 (line 518)
                      ; - com.badlogic.gdx.graphics.Mesh::render@10 (line 460)
                      ; - com.badlogic.gdx.graphics.g2d.SpriteBatch::flush@184 (line 977)
  0x0000021d28a31f38: c45d 7bff 

  0x0000021d28a31f3c: ;   {other}
  0x0000021d28a31f3c: 0f1f 8400 | ac10 0010 | ba45 ffff | ff48 8b2c | 2448 8944 | 24f8 8b44 | 2408 8904 | 2448 8b44 
  0x0000021d28a31f5c: 24f8 48ff | 7424 1848 | 8f44 2410 | 4889 4424 | f88b 4424 | 0c89 4424 | 0448 8b44 | 24f8 4889 
  0x0000021d28a31f7c: 4424 f88b | 4424 2089 | 4424 0848 | 8b44 24f8 | 4889 4424 | f88b 4424 | 2489 4424 | 0c48 8b44 
  0x0000021d28a31f9c: 24f8 4889 | 4424 f88b | 4424 3c89 | 4424 1848 | 8b44 24f8 | 4489 4c24 | 2866 6690 

  0x0000021d28a31fb8: ;   {runtime_call UncommonTrapBlob}
  0x0000021d28a31fb8: c5f8 77e8 

  0x0000021d28a31fbc: ; ImmutableOopMap {rbp=Oop [4]=NarrowOop [8]=NarrowOop [16]=Oop [24]=NarrowOop [56]=NarrowOop }
                      ;*if_icmpne {reexecute=1 rethrow=0 return_oop=0}
                      ; - (reexecute) com.badlogic.gdx.graphics.glutils.ShaderProgram::fetchAttributeLocation@18 (line 290)
                      ; - com.badlogic.gdx.graphics.glutils.ShaderProgram::disableVertexAttribute@10 (line 717)
                      ; - com.badlogic.gdx.graphics.glutils.VertexArray::unbind@34 (line 157)
                      ; - com.badlogic.gdx.graphics.Mesh::unbind@6 (line 409)
                      ; - com.badlogic.gdx.graphics.Mesh::unbind@3 (line 400)
                      ; - com.badlogic.gdx.graphics.Mesh::render@253 (line 518)
                      ; - com.badlogic.gdx.graphics.Mesh::render@10 (line 460)
                      ; - com.badlogic.gdx.graphics.g2d.SpriteBatch::flush@184 (line 977)
  0x0000021d28a31fbc: 405d 7bff 

  0x0000021d28a31fc0: ;   {other}
  0x0000021d28a31fc0: 0f1f 8400 | 3011 0011 | ba45 ffff | ff48 8b2c | 2448 8944 | 24f8 8b44 | 2408 8904 | 2448 8b44 
  0x0000021d28a31fe0: 24f8 48ff | 7424 1848 | 8f44 2410 | 4889 4424 | f88b 4424 | 0c89 4424 | 0448 8b44 | 24f8 4489 
  0x0000021d28a32000: 4c24 1890 

  0x0000021d28a32004: ;   {runtime_call UncommonTrapBlob}
  0x0000021d28a32004: c5f8 77e8 

  0x0000021d28a32008: ; ImmutableOopMap {rbp=Oop [4]=NarrowOop [16]=Oop [32]=NarrowOop }
                      ;*if_icmpne {reexecute=1 rethrow=0 return_oop=0}
                      ; - (reexecute) com.badlogic.gdx.graphics.glutils.ShaderProgram::disableVertexAttribute@16 (line 718)
                      ; - com.badlogic.gdx.graphics.glutils.VertexArray::unbind@34 (line 157)
                      ; - com.badlogic.gdx.graphics.Mesh::unbind@6 (line 409)
                      ; - com.badlogic.gdx.graphics.Mesh::unbind@3 (line 400)
                      ; - com.badlogic.gdx.graphics.Mesh::render@253 (line 518)
                      ; - com.badlogic.gdx.graphics.Mesh::render@10 (line 460)
                      ; - com.badlogic.gdx.graphics.g2d.SpriteBatch::flush@184 (line 977)
  0x0000021d28a32008: f45c 7bff 

  0x0000021d28a3200c: ;   {other}
  0x0000021d28a3200c: 0f1f 8400 | 7c11 0012 | ba45 ffff | ff48 ff74 | 2418 488f | 4424 1048 | 8944 24f8 | 8b44 2420 
  0x0000021d28a3202c: 8944 2418 | 488b 4424 | f844 8954 | 2420 6690 

  0x0000021d28a3203c: ;   {runtime_call UncommonTrapBlob}
  0x0000021d28a3203c: c5f8 77e8 

  0x0000021d28a32040: ; ImmutableOopMap {rbp=NarrowOop [0]=Oop [12]=NarrowOop [16]=Oop [24]=NarrowOop }
                      ;*ifnonnull {reexecute=1 rethrow=0 return_oop=0}
                      ; - (reexecute) org.lwjgl.opengl.GLContext::getCapabilities@5 (line 123)
                      ; - org.lwjgl.opengl.GL20::glDisableVertexAttribArray@0 (line 917)
                      ; - com.badlogic.gdx.backends.lwjgl.LwjglGL20::glDisableVertexAttribArray@1 (line 272)
                      ; - com.badlogic.gdx.graphics.glutils.ShaderProgram::disableVertexAttribute@22 (line 719)
                      ; - com.badlogic.gdx.graphics.glutils.VertexArray::unbind@34 (line 157)
                      ; - com.badlogic.gdx.graphics.Mesh::unbind@6 (line 409)
                      ; - com.badlogic.gdx.graphics.Mesh::unbind@3 (line 400)
                      ; - com.badlogic.gdx.graphics.Mesh::render@253 (line 518)
                      ; - com.badlogic.gdx.graphics.Mesh::render@10 (line 460)
                      ; - com.badlogic.gdx.graphics.g2d.SpriteBatch::flush@184 (line 977)
  0x0000021d28a32040: bc5c 7bff 

  0x0000021d28a32044: ;   {other}
  0x0000021d28a32044: 0f1f 8400 | b411 0013 | 4533 db4d | 3bc3 bdff | ffff ff7c | 0840 0f95 | c540 0fb6 | edba 45ff 
  0x0000021d28a32064: ffff 48ff | 7424 1848 | 8f44 2410 | 4889 4424 | f88b 4424 | 2089 4424 | 1848 8b44 | 24f8 4489 
  0x0000021d28a32084: 5424 204c | 8944 2428 

  0x0000021d28a3208c: ;   {runtime_call UncommonTrapBlob}
  0x0000021d28a3208c: c5f8 77e8 

  0x0000021d28a32090: ; ImmutableOopMap {[0]=Oop [12]=NarrowOop [16]=Oop [24]=NarrowOop }
                      ;*ifne {reexecute=1 rethrow=0 return_oop=0}
                      ; - (reexecute) org.lwjgl.BufferChecks::checkFunctionAddress@9 (line 57)
                      ; - org.lwjgl.opengl.GL20::glDisableVertexAttribArray@10 (line 919)
                      ; - com.badlogic.gdx.backends.lwjgl.LwjglGL20::glDisableVertexAttribArray@1 (line 272)
                      ; - com.badlogic.gdx.graphics.glutils.ShaderProgram::disableVertexAttribute@22 (line 719)
                      ; - com.badlogic.gdx.graphics.glutils.VertexArray::unbind@34 (line 157)
                      ; - com.badlogic.gdx.graphics.Mesh::unbind@6 (line 409)
                      ; - com.badlogic.gdx.graphics.Mesh::unbind@3 (line 400)
                      ; - com.badlogic.gdx.graphics.Mesh::render@253 (line 518)
                      ; - com.badlogic.gdx.graphics.Mesh::render@10 (line 460)
                      ; - com.badlogic.gdx.graphics.g2d.SpriteBatch::flush@184 (line 977)
  0x0000021d28a32090: 6c5c 7bff 

  0x0000021d28a32094: ;   {other}
  0x0000021d28a32094: 0f1f 8400 | 0412 0014 | bae4 ffff | ff48 ff74 | 2418 488f | 4424 1048 | 8944 24f8 | 8b44 2424 
  0x0000021d28a320b4: 8944 2418 | 488b 4424 | f848 8944 | 24f8 8b44 | 2420 8944 | 241c 488b | 4424 f848 | 894c 2428 
  0x0000021d28a320d4: 4489 5c24 | 2489 5c24 | 3066 6690 

  0x0000021d28a320e0: ;   {runtime_call UncommonTrapBlob}
  0x0000021d28a320e0: c5f8 77e8 

  0x0000021d28a320e4: ; ImmutableOopMap {[0]=NarrowOop [4]=NarrowOop [8]=NarrowOop [16]=Oop [36]=NarrowOop [48]=NarrowOop }
                      ;*aaload {reexecute=0 rethrow=0 return_oop=0}
                      ; - org.lwjgl.opengl.ReferencesStack::getReferences@8 (line 41)
                      ; - org.lwjgl.opengl.StateTracker::getReferences@7 (line 85)
                      ; - org.lwjgl.opengl.StateTracker::getElementArrayBufferBound@1 (line 143)
                      ; - org.lwjgl.opengl.GLChecks::ensureElementVBOdisabled@7 (line 82)
                      ; - org.lwjgl.opengl.GL11::glDrawElements@14 (line 1108)
                      ; - com.badlogic.gdx.backends.lwjgl.LwjglGL20::glDrawElements@21 (line 281)
                      ; - com.badlogic.gdx.graphics.Mesh::render@88 (line 499)
                      ; - com.badlogic.gdx.graphics.Mesh::render@10 (line 460)
                      ; - com.badlogic.gdx.graphics.g2d.SpriteBatch::flush@184 (line 977)
  0x0000021d28a320e4: 185c 7bff 

  0x0000021d28a320e8: ;   {other}
  0x0000021d28a320e8: 0f1f 8400 | 5812 0015 | baf6 ffff | ff8b 2c24 | 4c89 1c24 

  0x0000021d28a320fc: ;   {runtime_call UncommonTrapBlob}
  0x0000021d28a320fc: c5f8 77e8 

  0x0000021d28a32100: ; ImmutableOopMap {rbp=NarrowOop }
                      ;*invokevirtual getLong {reexecute=0 rethrow=0 return_oop=0}
                      ; - org.lwjgl.MemoryUtilSun$AccessorUnsafe::getAddress@9 (line 70)
                      ; - org.lwjgl.MemoryUtil::getAddress0@4 (line 113)
                      ; - org.lwjgl.MemoryUtil::getAddress@1 (line 129)
                      ; - org.lwjgl.MemoryUtil::getAddress@5 (line 127)
                      ; - org.lwjgl.opengl.GL11::glDrawElements@30 (line 1110)
                      ; - com.badlogic.gdx.backends.lwjgl.LwjglGL20::glDrawElements@21 (line 281)
                      ; - com.badlogic.gdx.graphics.Mesh::render@88 (line 499)
                      ; - com.badlogic.gdx.graphics.Mesh::render@10 (line 460)
                      ; - com.badlogic.gdx.graphics.g2d.SpriteBatch::flush@184 (line 977)
  0x0000021d28a32100: fc5b 7bff 

  0x0000021d28a32104: ;   {other}
  0x0000021d28a32104: 0f1f 8400 | 7412 0016 | bade ffff | ff49 8be8 | 891c 2489 | 7424 0444 | 8954 2408 | 4489 4c24 
  0x0000021d28a32124: 0c66 6690 

  0x0000021d28a32128: ;   {runtime_call UncommonTrapBlob}
  0x0000021d28a32128: c5f8 77e8 

  0x0000021d28a3212c: ; ImmutableOopMap {rbp=Oop [4]=NarrowOop }
                      ;*invokeinterface glBindTexture {reexecute=0 rethrow=0 return_oop=0}
                      ; - com.badlogic.gdx.graphics.GLTexture::bind@11 (line 66)
                      ; - com.badlogic.gdx.graphics.g2d.SpriteBatch::flush@58 (line 964)
  0x0000021d28a3212c: d05b 7bff 

  0x0000021d28a32130: ;   {other}
  0x0000021d28a32130: 0f1f 8400 | a012 0017 | bade ffff | ff4c 894c | 2408 8974 | 2410 4489 | 4424 1444 | 895c 2418 
  0x0000021d28a32150: ;   {runtime_call UncommonTrapBlob}
  0x0000021d28a32150: c5f8 77e8 

  0x0000021d28a32154: ; ImmutableOopMap {rbp=NarrowOop [8]=Oop [16]=NarrowOop [20]=NarrowOop }
                      ;*invokeinterface setVertices {reexecute=0 rethrow=0 return_oop=0}
                      ; - com.badlogic.gdx.graphics.Mesh::setVertices@7 (line 208)
                      ; - com.badlogic.gdx.graphics.g2d.SpriteBatch::flush@76 (line 966)
  0x0000021d28a32154: a85b 7bff 

  0x0000021d28a32158: ;   {other}
  0x0000021d28a32158: 0f1f 8400 | c812 0018 | bade ffff | ff49 8be9 | 8974 2408 | 4889 4c24 | 1044 8944 | 2418 4489 
  0x0000021d28a32178: 5c24 2089 | 7c24 2444 | 8954 2428 

  0x0000021d28a32184: ;   {runtime_call UncommonTrapBlob}
  0x0000021d28a32184: c5f8 77e8 

  0x0000021d28a32188: ; ImmutableOopMap {rbp=Oop [8]=NarrowOop [16]=Oop [24]=NarrowOop [36]=NarrowOop }
                      ;*invokevirtual limit {reexecute=0 rethrow=0 return_oop=0}
                      ; - com.badlogic.gdx.utils.BufferUtils::copy@11 (line 51)
                      ; - com.badlogic.gdx.graphics.glutils.VertexArray::setVertices@7 (line 84)
                      ; - com.badlogic.gdx.graphics.Mesh::setVertices@7 (line 208)
                      ; - com.badlogic.gdx.graphics.g2d.SpriteBatch::flush@76 (line 966)
  0x0000021d28a32188: 745b 7bff 

  0x0000021d28a3218c: ;   {other}
  0x0000021d28a3218c: 0f1f 8400 | fc12 0019 | bade ffff | ff66 6690 

  0x0000021d28a3219c: ;   {runtime_call UncommonTrapBlob}
  0x0000021d28a3219c: c5f8 77e8 

  0x0000021d28a321a0: ; ImmutableOopMap {rbp=NarrowOop [4]=NarrowOop [16]=Oop }
                      ;*invokeinterface getBuffer {reexecute=0 rethrow=0 return_oop=0}
                      ; - com.badlogic.gdx.graphics.Mesh::getIndicesBuffer@4 (line 814)
                      ; - com.badlogic.gdx.graphics.g2d.SpriteBatch::flush@81 (line 967)
  0x0000021d28a321a0: 5c5b 7bff 

  0x0000021d28a321a4: ;   {other}
  0x0000021d28a321a4: 0f1f 8400 | 1413 001a | bade ffff | ff44 8954 | 2408 4489 | 5c24 0c90 

  0x0000021d28a321bc: ;   {runtime_call UncommonTrapBlob}
  0x0000021d28a321bc: c5f8 77e8 

  0x0000021d28a321c0: ; ImmutableOopMap {rbp=NarrowOop [12]=NarrowOop [16]=Oop }
                      ;*invokeinterface glEnable {reexecute=0 rethrow=0 return_oop=0}
                      ; - com.badlogic.gdx.graphics.g2d.SpriteBatch::flush@125 (line 973)
  0x0000021d28a321c0: 3c5b 7bff 

  0x0000021d28a321c4: ;   {other}
  0x0000021d28a321c4: 0f1f 8400 | 3413 001b | bade ffff | ff48 894c | 2408 4489 | 5c24 1044 | 8944 2414 | 4489 4c24 
  0x0000021d28a321e4: 1844 8954 | 241c 6690 

  0x0000021d28a321ec: ;   {runtime_call UncommonTrapBlob}
  0x0000021d28a321ec: c5f8 77e8 

  0x0000021d28a321f0: ; ImmutableOopMap {rbp=NarrowOop [4]=NarrowOop [8]=Oop }
                      ;*invokeinterface glBlendFuncSeparate {reexecute=0 rethrow=0 return_oop=0}
                      ; - com.badlogic.gdx.graphics.g2d.SpriteBatch::flush@157 (line 974)
  0x0000021d28a321f0: 0c5b 7bff 

  0x0000021d28a321f4: ;   {other}
  0x0000021d28a321f4: 0f1f 8400 | 6413 001c | bade ffff | ff4c 8914 | 2444 8944 | 2410 4489 | 4c24 1489 | 4c24 1889 
  0x0000021d28a32214: 5c24 1c90 

  0x0000021d28a32218: ;   {runtime_call UncommonTrapBlob}
  0x0000021d28a32218: c5f8 77e8 

  0x0000021d28a3221c: ; ImmutableOopMap {rbp=NarrowOop [0]=Oop [24]=NarrowOop [28]=NarrowOop }
                      ;*invokeinterface bind {reexecute=0 rethrow=0 return_oop=0}
                      ; - com.badlogic.gdx.graphics.Mesh::bind@6 (line 391)
                      ; - com.badlogic.gdx.graphics.Mesh::bind@3 (line 382)
                      ; - com.badlogic.gdx.graphics.Mesh::render@13 (line 490)
                      ; - com.badlogic.gdx.graphics.Mesh::render@10 (line 460)
                      ; - com.badlogic.gdx.graphics.g2d.SpriteBatch::flush@184 (line 977)
  0x0000021d28a3221c: e05a 7bff 

  0x0000021d28a32220: ;   {other}
  0x0000021d28a32220: 0f1f 8400 | 9013 001d | bade ffff | ff48 ff74 | 2418 488f | 4424 1090 

  0x0000021d28a32238: ;   {runtime_call UncommonTrapBlob}
  0x0000021d28a32238: c5f8 77e8 

  0x0000021d28a3223c: ; ImmutableOopMap {rbp=NarrowOop [4]=NarrowOop [8]=NarrowOop [16]=Oop }
                      ;*invokeinterface getNumIndices {reexecute=0 rethrow=0 return_oop=0}
                      ; - com.badlogic.gdx.graphics.Mesh::bind@15 (line 392)
                      ; - com.badlogic.gdx.graphics.Mesh::bind@3 (line 382)
                      ; - com.badlogic.gdx.graphics.Mesh::render@13 (line 490)
                      ; - com.badlogic.gdx.graphics.Mesh::render@10 (line 460)
                      ; - com.badlogic.gdx.graphics.g2d.SpriteBatch::flush@184 (line 977)
  0x0000021d28a3223c: c05a 7bff 

  0x0000021d28a32240: ;   {other}
  0x0000021d28a32240: 0f1f 8400 | b013 001e | bade ffff | ff48 ff74 | 2418 488f | 4424 1048 | 8944 24f8 | 8b44 2424 
  0x0000021d28a32260: 8944 2418 | 488b 4424 | f889 5c24 | 1c44 8954 | 2420 6690 

  0x0000021d28a32274: ;   {runtime_call UncommonTrapBlob}
  0x0000021d28a32274: c5f8 77e8 

  0x0000021d28a32278: ; ImmutableOopMap {rbp=NarrowOop [0]=NarrowOop [4]=NarrowOop [8]=NarrowOop [16]=Oop }
                      ;*invokeinterface glDrawElements {reexecute=0 rethrow=0 return_oop=0}
                      ; - com.badlogic.gdx.graphics.Mesh::render@88 (line 499)
                      ; - com.badlogic.gdx.graphics.Mesh::render@10 (line 460)
                      ; - com.badlogic.gdx.graphics.g2d.SpriteBatch::flush@184 (line 977)
  0x0000021d28a32278: 845a 7bff 

  0x0000021d28a3227c: ;   {other}
  0x0000021d28a3227c: 0f1f 8400 | ec13 001f | bade ffff | ff89 4c24 | 0c66 6690 

  0x0000021d28a32290: ;   {runtime_call UncommonTrapBlob}
  0x0000021d28a32290: c5f8 77e8 

  0x0000021d28a32294: ; ImmutableOopMap {rbp=NarrowOop [8]=NarrowOop [12]=NarrowOop [24]=Oop }
                      ;*invokeinterface unbind {reexecute=0 rethrow=0 return_oop=0}
                      ; - com.badlogic.gdx.graphics.Mesh::unbind@6 (line 409)
                      ; - com.badlogic.gdx.graphics.Mesh::unbind@3 (line 400)
                      ; - com.badlogic.gdx.graphics.Mesh::render@253 (line 518)
                      ; - com.badlogic.gdx.graphics.Mesh::render@10 (line 460)
                      ; - com.badlogic.gdx.graphics.g2d.SpriteBatch::flush@184 (line 977)
  0x0000021d28a32294: 685a 7bff 

  0x0000021d28a32298: ;   {other}
  0x0000021d28a32298: 0f1f 8400 | 0814 0020 | bade ffff | ff89 4c24 | 0866 6690 

  0x0000021d28a322ac: ;   {runtime_call UncommonTrapBlob}
  0x0000021d28a322ac: c5f8 77e8 

  0x0000021d28a322b0: ; ImmutableOopMap {rbp=NarrowOop [8]=NarrowOop [24]=Oop }
                      ;*invokeinterface getNumIndices {reexecute=0 rethrow=0 return_oop=0}
                      ; - com.badlogic.gdx.graphics.Mesh::unbind@15 (line 410)
                      ; - com.badlogic.gdx.graphics.Mesh::unbind@3 (line 400)
                      ; - com.badlogic.gdx.graphics.Mesh::render@253 (line 518)
                      ; - com.badlogic.gdx.graphics.Mesh::render@10 (line 460)
                      ; - com.badlogic.gdx.graphics.g2d.SpriteBatch::flush@184 (line 977)
  0x0000021d28a322b0: 4c5a 7bff 

  0x0000021d28a322b4: ;   {other}
  0x0000021d28a322b4: 0f1f 8400 | 2414 0021 | ba76 ffff | ff48 8bef | 894c 2408 | 4489 4c24 | 0c44 8944 | 2414 6690 
  0x0000021d28a322d4: ;   {runtime_call UncommonTrapBlob}
  0x0000021d28a322d4: c5f8 77e8 

  0x0000021d28a322d8: ; ImmutableOopMap {rbp=Oop [8]=NarrowOop [12]=NarrowOop [24]=Oop }
                      ;*if_icmpge {reexecute=1 rethrow=0 return_oop=0}
                      ; - (reexecute) com.badlogic.gdx.graphics.glutils.VertexArray::unbind@18 (line 156)
                      ; - com.badlogic.gdx.graphics.Mesh::unbind@6 (line 409)
                      ; - com.badlogic.gdx.graphics.Mesh::unbind@3 (line 400)
                      ; - com.badlogic.gdx.graphics.Mesh::render@253 (line 518)
                      ; - com.badlogic.gdx.graphics.Mesh::render@10 (line 460)
                      ; - com.badlogic.gdx.graphics.g2d.SpriteBatch::flush@184 (line 977)
  0x0000021d28a322d8: 245a 7bff 

  0x0000021d28a322dc: ;   {other}
  0x0000021d28a322dc: 0f1f 8400 | 4c14 0022 | ba45 ffff | ff49 8be8 | 891c 2444 | 8954 2404 | 4489 4c24 | 0889 7c24 
  0x0000021d28a322fc: 0c48 8974 | 2410 6690 

  0x0000021d28a32304: ;   {runtime_call UncommonTrapBlob}
  0x0000021d28a32304: c5f8 77e8 

  0x0000021d28a32308: ; ImmutableOopMap {rbp=Oop [12]=NarrowOop [16]=Oop }
                      ;*if_acmpne {reexecute=1 rethrow=0 return_oop=0}
                      ; - (reexecute) org.lwjgl.opengl.GLContext::getCapabilitiesImpl@11 (line 132)
                      ; - org.lwjgl.opengl.GLContext::getCapabilities@0 (line 122)
                      ; - org.lwjgl.opengl.GL11::glBindTexture@0 (line 651)
                      ; - com.badlogic.gdx.backends.lwjgl.LwjglGL20::glBindTexture@2 (line 93)
                      ; - com.badlogic.gdx.graphics.GLTexture::bind@11 (line 66)
                      ; - com.badlogic.gdx.graphics.g2d.SpriteBatch::flush@58 (line 964)
  0x0000021d28a32308: f459 7bff 

  0x0000021d28a3230c: ;   {other}
  0x0000021d28a3230c: 0f1f 8400 | 7c14 0023 | ba45 ffff | ff48 890c | 2444 8954 | 2408 4489 | 5c24 0c48 | 895c 2410 
  0x0000021d28a3232c: ;   {runtime_call UncommonTrapBlob}
  0x0000021d28a3232c: c5f8 77e8 

  0x0000021d28a32330: ; ImmutableOopMap {rbp=NarrowOop [0]=Oop [12]=NarrowOop [16]=Oop }
                      ;*if_acmpne {reexecute=1 rethrow=0 return_oop=0}
                      ; - (reexecute) org.lwjgl.opengl.GLContext::getCapabilitiesImpl@11 (line 132)
                      ; - org.lwjgl.opengl.GLContext::getCapabilities@0 (line 122)
                      ; - org.lwjgl.opengl.GL11::glEnable@0 (line 1012)
                      ; - com.badlogic.gdx.backends.lwjgl.LwjglGL20::glEnable@1 (line 292)
                      ; - com.badlogic.gdx.graphics.g2d.SpriteBatch::flush@125 (line 973)
  0x0000021d28a32330: cc59 7bff 

  0x0000021d28a32334: ;   {other}
  0x0000021d28a32334: 0f1f 8400 | a414 0024 | ba45 ffff | ff48 894c | 2408 4489 | 5c24 1044 | 8944 2414 | 4489 4c24 
  0x0000021d28a32354: 1844 8954 | 241c 4889 | 5c24 2090 

  0x0000021d28a32360: ;   {runtime_call UncommonTrapBlob}
  0x0000021d28a32360: c5f8 77e8 

  0x0000021d28a32364: ; ImmutableOopMap {rbp=NarrowOop [4]=NarrowOop [8]=Oop [32]=Oop }
                      ;*if_acmpne {reexecute=1 rethrow=0 return_oop=0}
                      ; - (reexecute) org.lwjgl.opengl.GLContext::getCapabilitiesImpl@11 (line 132)
                      ; - org.lwjgl.opengl.GLContext::getCapabilities@0 (line 122)
                      ; - org.lwjgl.opengl.GL14::glBlendFuncSeparate@0 (line 238)
                      ; - com.badlogic.gdx.backends.lwjgl.LwjglGL20::glBlendFuncSeparate@5 (line 113)
                      ; - com.badlogic.gdx.graphics.g2d.SpriteBatch::flush@157 (line 974)
  0x0000021d28a32364: 9859 7bff 

  0x0000021d28a32368: ;   {other}
  0x0000021d28a32368: 0f1f 8400 | d814 0025 | ba45 ffff | ff48 8b6c | 2418 895c | 2410 6690 

  0x0000021d28a32380: ;   {runtime_call UncommonTrapBlob}
  0x0000021d28a32380: c5f8 77e8 

  0x0000021d28a32384: ; ImmutableOopMap {rbp=Oop [4]=NarrowOop [8]=NarrowOop }
                      ;*ifle {reexecute=1 rethrow=0 return_oop=0}
                      ; - (reexecute) com.badlogic.gdx.graphics.Mesh::bind@20 (line 392)
                      ; - com.badlogic.gdx.graphics.Mesh::bind@3 (line 382)
                      ; - com.badlogic.gdx.graphics.Mesh::render@13 (line 490)
                      ; - com.badlogic.gdx.graphics.Mesh::render@10 (line 460)
                      ; - com.badlogic.gdx.graphics.g2d.SpriteBatch::flush@184 (line 977)
  0x0000021d28a32384: 7859 7bff 

  0x0000021d28a32388: ;   {other}
  0x0000021d28a32388: 0f1f 8400 | f814 0026 | ba45 ffff | ff66 6690 

  0x0000021d28a32398: ;   {runtime_call UncommonTrapBlob}
  0x0000021d28a32398: c5f8 77e8 

  0x0000021d28a3239c: ; ImmutableOopMap {rbp=NarrowOop [0]=NarrowOop [4]=NarrowOop [8]=NarrowOop [16]=Oop [24]=Oop }
                      ;*if_acmpne {reexecute=1 rethrow=0 return_oop=0}
                      ; - (reexecute) org.lwjgl.opengl.GLContext::getCapabilitiesImpl@11 (line 132)
                      ; - org.lwjgl.opengl.GLContext::getCapabilities@0 (line 122)
                      ; - org.lwjgl.opengl.GL11::glDrawElements@0 (line 1105)
                      ; - com.badlogic.gdx.backends.lwjgl.LwjglGL20::glDrawElements@21 (line 281)
                      ; - com.badlogic.gdx.graphics.Mesh::render@88 (line 499)
                      ; - com.badlogic.gdx.graphics.Mesh::render@10 (line 460)
                      ; - com.badlogic.gdx.graphics.g2d.SpriteBatch::flush@184 (line 977)
  0x0000021d28a3239c: 6059 7bff 

  0x0000021d28a323a0: ;   {other}
  0x0000021d28a323a0: 0f1f 8400 | 1015 0027 | ba45 ffff | ff48 ff74 | 2418 488f | 4424 1048 | 8944 24f8 | 8b44 2424 
  0x0000021d28a323c0: 8944 2418 | 488b 4424 | f848 8944 | 24f8 8b44 | 2420 8944 | 241c 488b | 4424 f848 | 894c 2428 
  0x0000021d28a323e0: 4489 5c24 | 2444 894c | 2430 6690 

  0x0000021d28a323ec: ;   {runtime_call UncommonTrapBlob}
  0x0000021d28a323ec: c5f8 77e8 

  0x0000021d28a323f0: ; ImmutableOopMap {[0]=NarrowOop [4]=NarrowOop [8]=NarrowOop [16]=Oop [36]=NarrowOop [48]=NarrowOop }
                      ;*ifne {reexecute=1 rethrow=0 return_oop=0}
                      ; - (reexecute) org.lwjgl.opengl.StateTracker::getElementArrayBufferBound@9 (line 145)
                      ; - org.lwjgl.opengl.GLChecks::ensureElementVBOdisabled@7 (line 82)
                      ; - org.lwjgl.opengl.GL11::glDrawElements@14 (line 1108)
                      ; - com.badlogic.gdx.backends.lwjgl.LwjglGL20::glDrawElements@21 (line 281)
                      ; - com.badlogic.gdx.graphics.Mesh::render@88 (line 499)
                      ; - com.badlogic.gdx.graphics.Mesh::render@10 (line 460)
                      ; - com.badlogic.gdx.graphics.g2d.SpriteBatch::flush@184 (line 977)
  0x0000021d28a323f0: 0c59 7bff 

  0x0000021d28a323f4: ;   {other}
  0x0000021d28a323f4: 0f1f 8400 | 6415 0028 | ba45 ffff | ff66 6690 

  0x0000021d28a32404: ;   {runtime_call UncommonTrapBlob}
  0x0000021d28a32404: c5f8 77e8 

  0x0000021d28a32408: ; ImmutableOopMap {[24]=Oop }
                      ;*ifle {reexecute=1 rethrow=0 return_oop=0}
                      ; - (reexecute) com.badlogic.gdx.graphics.Mesh::unbind@20 (line 410)
                      ; - com.badlogic.gdx.graphics.Mesh::unbind@3 (line 400)
                      ; - com.badlogic.gdx.graphics.Mesh::render@253 (line 518)
                      ; - com.badlogic.gdx.graphics.Mesh::render@10 (line 460)
                      ; - com.badlogic.gdx.graphics.g2d.SpriteBatch::flush@184 (line 977)
  0x0000021d28a32408: f458 7bff 

  0x0000021d28a3240c: ;   {other}
  0x0000021d28a3240c: 0f1f 8400 | 7c15 0029 | ba45 ffff | ff4c 8904 | 2489 5c24 | 0844 8954 | 240c 4489 | 4c24 1090 
  0x0000021d28a3242c: ;   {runtime_call UncommonTrapBlob}
  0x0000021d28a3242c: c5f8 77e8 

  0x0000021d28a32430: ; ImmutableOopMap {rbp=NarrowOop [0]=Oop }
                      ;*ifnonnull {reexecute=1 rethrow=0 return_oop=0}
                      ; - (reexecute) org.lwjgl.opengl.GLContext::getCapabilities@5 (line 123)
                      ; - org.lwjgl.opengl.GL11::glBindTexture@0 (line 651)
                      ; - com.badlogic.gdx.backends.lwjgl.LwjglGL20::glBindTexture@2 (line 93)
                      ; - com.badlogic.gdx.graphics.GLTexture::bind@11 (line 66)
                      ; - com.badlogic.gdx.graphics.g2d.SpriteBatch::flush@58 (line 964)
  0x0000021d28a32430: cc58 7bff 

  0x0000021d28a32434: ;   {other}
  0x0000021d28a32434: 0f1f 8400 | a415 002a | 4533 db49 | 3bcb bdff | ffff ff7c | 0840 0f95 | c540 0fb6 | edba 45ff 
  0x0000021d28a32454: ffff 4c89 | 0424 895c | 2408 4489 | 5424 0c44 | 894c 2410 | 4889 4c24 | 1866 6690 

  0x0000021d28a32470: ;   {runtime_call UncommonTrapBlob}
  0x0000021d28a32470: c5f8 77e8 

  0x0000021d28a32474: ; ImmutableOopMap {[0]=Oop }
                      ;*ifne {reexecute=1 rethrow=0 return_oop=0}
                      ; - (reexecute) org.lwjgl.BufferChecks::checkFunctionAddress@9 (line 57)
                      ; - org.lwjgl.opengl.GL11::glBindTexture@10 (line 653)
                      ; - com.badlogic.gdx.backends.lwjgl.LwjglGL20::glBindTexture@2 (line 93)
                      ; - com.badlogic.gdx.graphics.GLTexture::bind@11 (line 66)
                      ; - com.badlogic.gdx.graphics.g2d.SpriteBatch::flush@58 (line 964)
  0x0000021d28a32474: 8858 7bff 

  0x0000021d28a32478: ;   {other}
  0x0000021d28a32478: 0f1f 8400 | e815 002b | ba45 ffff | ff4c 894c | 2408 8974 | 2410 4889 | 4c24 1844 | 8944 2420 
  0x0000021d28a32498: 4489 5c24 | 2448 895c | 2430 4889 | 5c24 3844 | 8954 244c 

  0x0000021d28a324ac: ;   {runtime_call UncommonTrapBlob}
  0x0000021d28a324ac: c5f8 77e8 

  0x0000021d28a324b0: ; ImmutableOopMap {[8]=Oop [16]=NarrowOop [24]=Oop [32]=NarrowOop [48]=Oop [56]=Oop }
                      ;*if_icmple {reexecute=1 rethrow=0 return_oop=0}
                      ; - (reexecute) java.nio.Buffer::limit@5 (line 379)
                      ; - java.nio.ByteBuffer::limit@2 (line 1565)
                      ; - java.nio.MappedByteBuffer::limit@2 (line 338)
                      ; - java.nio.MappedByteBuffer::limit@2 (line 73)
                      ; - com.badlogic.gdx.utils.BufferUtils::copy@11 (line 51)
                      ; - com.badlogic.gdx.graphics.glutils.VertexArray::setVertices@7 (line 84)
                      ; - com.badlogic.gdx.graphics.Mesh::setVertices@7 (line 208)
                      ; - com.badlogic.gdx.graphics.g2d.SpriteBatch::flush@76 (line 966)
  0x0000021d28a324b0: 4c58 7bff 

  0x0000021d28a324b4: ;   {other}
  0x0000021d28a324b4: 0f1f 8400 | 2416 002c | ba45 ffff | ff49 8be9 | 8974 2408 | 4889 4c24 | 1044 8944 | 2418 4489 
  0x0000021d28a324d4: 5c24 1c48 | 895c 2428 | 4889 5c24 | 3044 8954 | 2444 6690 

  0x0000021d28a324e8: ;   {runtime_call UncommonTrapBlob}
  0x0000021d28a324e8: c5f8 77e8 

  0x0000021d28a324ec: ; ImmutableOopMap {rbp=Oop [8]=NarrowOop [16]=Oop [24]=NarrowOop [40]=Oop [48]=Oop }
                      ;*ifge {reexecute=1 rethrow=0 return_oop=0}
                      ; - (reexecute) java.nio.Buffer::limit@14 (line 379)
                      ; - java.nio.ByteBuffer::limit@2 (line 1565)
                      ; - java.nio.MappedByteBuffer::limit@2 (line 338)
                      ; - java.nio.MappedByteBuffer::limit@2 (line 73)
                      ; - com.badlogic.gdx.utils.BufferUtils::copy@11 (line 51)
                      ; - com.badlogic.gdx.graphics.glutils.VertexArray::setVertices@7 (line 84)
                      ; - com.badlogic.gdx.graphics.Mesh::setVertices@7 (line 208)
                      ; - com.badlogic.gdx.graphics.g2d.SpriteBatch::flush@76 (line 966)
  0x0000021d28a324ec: 1058 7bff 

  0x0000021d28a324f0: ;   {other}
  0x0000021d28a324f0: 0f1f 8400 | 6016 002d | ba45 ffff | ff4c 894c | 2408 8974 | 2410 4889 | 4c24 1844 | 8944 2420 
  0x0000021d28a32510: 4489 5c24 | 2448 895c | 2430 4889 | 5c24 3844 | 8954 244c 

  0x0000021d28a32524: ;   {runtime_call UncommonTrapBlob}
  0x0000021d28a32524: c5f8 77e8 

  0x0000021d28a32528: ; ImmutableOopMap {[8]=Oop [16]=NarrowOop [24]=Oop [32]=NarrowOop [48]=Oop [56]=Oop }
                      ;*if_icmple {reexecute=1 rethrow=0 return_oop=0}
                      ; - (reexecute) java.nio.Buffer::limit@42 (line 382)
                      ; - java.nio.ByteBuffer::limit@2 (line 1565)
                      ; - java.nio.MappedByteBuffer::limit@2 (line 338)
                      ; - java.nio.MappedByteBuffer::limit@2 (line 73)
                      ; - com.badlogic.gdx.utils.BufferUtils::copy@11 (line 51)
                      ; - com.badlogic.gdx.graphics.glutils.VertexArray::setVertices@7 (line 84)
                      ; - com.badlogic.gdx.graphics.Mesh::setVertices@7 (line 208)
                      ; - com.badlogic.gdx.graphics.g2d.SpriteBatch::flush@76 (line 966)
  0x0000021d28a32528: d457 7bff 

  0x0000021d28a3252c: ;   {other}
  0x0000021d28a3252c: 0f1f 8400 | 9c16 002e | ba45 ffff | ff4c 894c | 2408 8974 | 2410 4889 | 4c24 1844 | 8944 2420 
  0x0000021d28a3254c: 4489 5c24 | 2448 895c | 2430 4889 | 5c24 3844 | 8954 2448 

  0x0000021d28a32560: ;   {runtime_call UncommonTrapBlob}
  0x0000021d28a32560: c5f8 77e8 

  0x0000021d28a32564: ; ImmutableOopMap {[8]=Oop [16]=NarrowOop [24]=Oop [32]=NarrowOop [48]=Oop [56]=Oop }
                      ;*if_icmple {reexecute=1 rethrow=0 return_oop=0}
                      ; - (reexecute) java.nio.Buffer::limit@55 (line 383)
                      ; - java.nio.ByteBuffer::limit@2 (line 1565)
                      ; - java.nio.MappedByteBuffer::limit@2 (line 338)
                      ; - java.nio.MappedByteBuffer::limit@2 (line 73)
                      ; - com.badlogic.gdx.utils.BufferUtils::copy@11 (line 51)
                      ; - com.badlogic.gdx.graphics.glutils.VertexArray::setVertices@7 (line 84)
                      ; - com.badlogic.gdx.graphics.Mesh::setVertices@7 (line 208)
                      ; - com.badlogic.gdx.graphics.g2d.SpriteBatch::flush@76 (line 966)
  0x0000021d28a32564: 9857 7bff 

  0x0000021d28a32568: ;   {other}
  0x0000021d28a32568: 0f1f 8400 | d816 002f | ba45 ffff | ff48 ff74 | 2410 488f | 4424 0848 | 8944 24f8 | 8b44 2418 
  0x0000021d28a32588: 8944 2414 | 488b 4424 | f84c 8954 | 2428 4c89 | 5424 3090 

  0x0000021d28a3259c: ;   {runtime_call UncommonTrapBlob}
  0x0000021d28a3259c: c5f8 77e8 

  0x0000021d28a325a0: ; ImmutableOopMap {[4]=NarrowOop [8]=Oop [32]=Oop [40]=Oop [48]=Oop }
                      ;*if_icmple {reexecute=1 rethrow=0 return_oop=0}
                      ; - (reexecute) java.nio.Buffer::position@5 (line 326)
                      ; - java.nio.ByteBuffer::position@2 (line 1551)
                      ; - java.nio.MappedByteBuffer::position@2 (line 328)
                      ; - java.nio.MappedByteBuffer::position@2 (line 73)
                      ; - com.badlogic.gdx.utils.BufferUtils::copy@40 (line 55)
                      ; - com.badlogic.gdx.graphics.glutils.VertexArray::setVertices@7 (line 84)
                      ; - com.badlogic.gdx.graphics.Mesh::setVertices@7 (line 208)
                      ; - com.badlogic.gdx.graphics.g2d.SpriteBatch::flush@76 (line 966)
  0x0000021d28a325a0: 5c57 7bff 

  0x0000021d28a325a4: ;   {other}
  0x0000021d28a325a4: 0f1f 8400 | 1417 0030 | ba45 ffff | ff48 ff74 | 2410 488f | 4424 0848 | 8944 24f8 | 8b44 2418 
  0x0000021d28a325c4: 8944 2414 | 488b 4424 | f84c 8954 | 2428 4c89 | 5424 3090 

  0x0000021d28a325d8: ;   {runtime_call UncommonTrapBlob}
  0x0000021d28a325d8: c5f8 77e8 

  0x0000021d28a325dc: ; ImmutableOopMap {[4]=NarrowOop [8]=Oop [32]=Oop [40]=Oop [48]=Oop }
                      ;*if_icmple {reexecute=1 rethrow=0 return_oop=0}
                      ; - (reexecute) java.nio.Buffer::position@37 (line 328)
                      ; - java.nio.ByteBuffer::position@2 (line 1551)
                      ; - java.nio.MappedByteBuffer::position@2 (line 328)
                      ; - java.nio.MappedByteBuffer::position@2 (line 73)
                      ; - com.badlogic.gdx.utils.BufferUtils::copy@40 (line 55)
                      ; - com.badlogic.gdx.graphics.glutils.VertexArray::setVertices@7 (line 84)
                      ; - com.badlogic.gdx.graphics.Mesh::setVertices@7 (line 208)
                      ; - com.badlogic.gdx.graphics.g2d.SpriteBatch::flush@76 (line 966)
  0x0000021d28a325dc: 2057 7bff 

  0x0000021d28a325e0: ;   {other}
  0x0000021d28a325e0: 0f1f 8400 | 5017 0031 | ba45 ffff | ff48 ff74 | 2410 488f | 4424 0848 | 8944 24f8 | 8b44 2418 
  0x0000021d28a32600: 8944 2414 | 488b 4424 | f844 8944 | 241c 6690 

  0x0000021d28a32610: ;   {runtime_call UncommonTrapBlob}
  0x0000021d28a32610: c5f8 77e8 

  0x0000021d28a32614: ; ImmutableOopMap {[4]=NarrowOop [8]=Oop [28]=NarrowOop [32]=Oop }
                      ;*if_icmple {reexecute=1 rethrow=0 return_oop=0}
                      ; - (reexecute) java.nio.Buffer::position@5 (line 326)
                      ; - java.nio.FloatBuffer::position@2 (line 1551)
                      ; - java.nio.FloatBuffer::position@2 (line 285)
                      ; - com.badlogic.gdx.graphics.glutils.VertexArray::setVertices@15 (line 85)
                      ; - com.badlogic.gdx.graphics.Mesh::setVertices@7 (line 208)
                      ; - com.badlogic.gdx.graphics.g2d.SpriteBatch::flush@76 (line 966)
  0x0000021d28a32614: e856 7bff 

  0x0000021d28a32618: ;   {other}
  0x0000021d28a32618: 0f1f 8400 | 8817 0032 | ba45 ffff | ff48 8b6c | 2410 4c89 | 5424 1048 | 8944 24f8 | 8b44 2418 
  0x0000021d28a32638: 8944 240c | 488b 4424 | f844 8944 | 241c 894c | 2420 6690 

  0x0000021d28a3264c: ;   {runtime_call UncommonTrapBlob}
  0x0000021d28a3264c: c5f8 77e8 

  0x0000021d28a32650: ; ImmutableOopMap {rbp=Oop [4]=NarrowOop [16]=Oop [28]=NarrowOop }
                      ;*if_icmple {reexecute=1 rethrow=0 return_oop=0}
                      ; - (reexecute) java.nio.Buffer::position@37 (line 328)
                      ; - java.nio.FloatBuffer::position@2 (line 1551)
                      ; - java.nio.FloatBuffer::position@2 (line 285)
                      ; - com.badlogic.gdx.graphics.glutils.VertexArray::setVertices@15 (line 85)
                      ; - com.badlogic.gdx.graphics.Mesh::setVertices@7 (line 208)
                      ; - com.badlogic.gdx.graphics.g2d.SpriteBatch::flush@76 (line 966)
  0x0000021d28a32650: ac56 7bff 

  0x0000021d28a32654: ;   {other}
  0x0000021d28a32654: 0f1f 8400 | c417 0033 | ba45 ffff | ff48 ff74 | 2410 488f | 4424 0844 | 8944 2418 | 4489 5c24 
  0x0000021d28a32674: 2066 6690 

  0x0000021d28a32678: ;   {runtime_call UncommonTrapBlob}
  0x0000021d28a32678: c5f8 77e8 

  0x0000021d28a3267c: ; ImmutableOopMap {[4]=NarrowOop [8]=Oop [24]=NarrowOop }
                      ;*if_icmple {reexecute=1 rethrow=0 return_oop=0}
                      ; - (reexecute) java.nio.Buffer::limit@5 (line 379)
                      ; - java.nio.FloatBuffer::limit@2 (line 1565)
                      ; - java.nio.FloatBuffer::limit@2 (line 285)
                      ; - com.badlogic.gdx.graphics.glutils.VertexArray::setVertices@24 (line 86)
                      ; - com.badlogic.gdx.graphics.Mesh::setVertices@7 (line 208)
                      ; - com.badlogic.gdx.graphics.g2d.SpriteBatch::flush@76 (line 966)
  0x0000021d28a3267c: 8056 7bff 

  0x0000021d28a32680: ;   {other}
  0x0000021d28a32680: 0f1f 8400 | f017 0034 | ba45 ffff | ff48 8b6c | 2410 4489 | 4424 1090 

  0x0000021d28a32698: ;   {runtime_call UncommonTrapBlob}
  0x0000021d28a32698: c5f8 77e8 

  0x0000021d28a3269c: ; ImmutableOopMap {rbp=Oop [4]=NarrowOop [16]=NarrowOop }
                      ;*ifge {reexecute=1 rethrow=0 return_oop=0}
                      ; - (reexecute) java.nio.Buffer::limit@14 (line 379)
                      ; - java.nio.FloatBuffer::limit@2 (line 1565)
                      ; - java.nio.FloatBuffer::limit@2 (line 285)
                      ; - com.badlogic.gdx.graphics.glutils.VertexArray::setVertices@24 (line 86)
                      ; - com.badlogic.gdx.graphics.Mesh::setVertices@7 (line 208)
                      ; - com.badlogic.gdx.graphics.g2d.SpriteBatch::flush@76 (line 966)
  0x0000021d28a3269c: 6056 7bff 

  0x0000021d28a326a0: ;   {other}
  0x0000021d28a326a0: 0f1f 8400 | 1018 0035 | ba45 ffff | ff48 8b6c | 2410 4489 | 4424 1089 | 4c24 1490 

  0x0000021d28a326bc: ;   {runtime_call UncommonTrapBlob}
  0x0000021d28a326bc: c5f8 77e8 

  0x0000021d28a326c0: ; ImmutableOopMap {rbp=Oop [4]=NarrowOop [16]=NarrowOop }
                      ;*if_icmple {reexecute=1 rethrow=0 return_oop=0}
                      ; - (reexecute) java.nio.Buffer::limit@55 (line 383)
                      ; - java.nio.FloatBuffer::limit@2 (line 1565)
                      ; - java.nio.FloatBuffer::limit@2 (line 285)
                      ; - com.badlogic.gdx.graphics.glutils.VertexArray::setVertices@24 (line 86)
                      ; - com.badlogic.gdx.graphics.Mesh::setVertices@7 (line 208)
                      ; - com.badlogic.gdx.graphics.g2d.SpriteBatch::flush@76 (line 966)
  0x0000021d28a326c0: 3c56 7bff 

  0x0000021d28a326c4: ;   {other}
  0x0000021d28a326c4: 0f1f 8400 | 3418 0036 | ba45 ffff | ff48 ff74 | 2410 488f | 4424 0844 | 8944 2414 

  0x0000021d28a326e0: ;   {runtime_call UncommonTrapBlob}
  0x0000021d28a326e0: c5f8 77e8 

  0x0000021d28a326e4: ; ImmutableOopMap {[4]=NarrowOop [8]=Oop [20]=NarrowOop }
                      ;*if_icmple {reexecute=1 rethrow=0 return_oop=0}
                      ; - (reexecute) java.nio.Buffer::position@5 (line 326)
                      ; - java.nio.ShortBuffer::position@2 (line 1551)
                      ; - java.nio.ShortBuffer::position@2 (line 285)
                      ; - com.badlogic.gdx.graphics.g2d.SpriteBatch::flush@85 (line 967)
  0x0000021d28a326e4: 1856 7bff 

  0x0000021d28a326e8: ;   {other}
  0x0000021d28a326e8: 0f1f 8400 | 5818 0037 | ba45 ffff | ff48 8b6c | 2410 4489 | 4424 0c89 | 4c24 1090 

  0x0000021d28a32704: ;   {runtime_call UncommonTrapBlob}
  0x0000021d28a32704: c5f8 77e8 

  0x0000021d28a32708: ; ImmutableOopMap {rbp=Oop [4]=NarrowOop [12]=NarrowOop }
                      ;*if_icmple {reexecute=1 rethrow=0 return_oop=0}
                      ; - (reexecute) java.nio.Buffer::position@37 (line 328)
                      ; - java.nio.ShortBuffer::position@2 (line 1551)
                      ; - java.nio.ShortBuffer::position@2 (line 285)
                      ; - com.badlogic.gdx.graphics.g2d.SpriteBatch::flush@85 (line 967)
  0x0000021d28a32708: f455 7bff 

  0x0000021d28a3270c: ;   {other}
  0x0000021d28a3270c: 0f1f 8400 | 7c18 0038 | ba45 ffff | ff48 ff74 | 2410 488f | 0424 4489 | 5c24 0c44 | 8944 2414 
  0x0000021d28a3272c: 4489 5424 | 1844 8954 | 241c 6690 

  0x0000021d28a32738: ;   {runtime_call UncommonTrapBlob}
  0x0000021d28a32738: c5f8 77e8 

  0x0000021d28a3273c: ; ImmutableOopMap {[0]=Oop [12]=NarrowOop [20]=NarrowOop }
                      ;*if_icmple {reexecute=1 rethrow=0 return_oop=0}
                      ; - (reexecute) java.nio.Buffer::limit@5 (line 379)
                      ; - java.nio.ShortBuffer::limit@2 (line 1565)
                      ; - java.nio.ShortBuffer::limit@2 (line 285)
                      ; - com.badlogic.gdx.graphics.g2d.SpriteBatch::flush@94 (line 968)
  0x0000021d28a3273c: c055 7bff 

  0x0000021d28a32740: ;   {other}
  0x0000021d28a32740: 0f1f 8400 | b018 0039 | ba45 ffff | ff48 8b6c | 2410 4489 | 4424 0c90 

  0x0000021d28a32758: ;   {runtime_call UncommonTrapBlob}
  0x0000021d28a32758: c5f8 77e8 

  0x0000021d28a3275c: ; ImmutableOopMap {rbp=Oop [4]=NarrowOop [12]=NarrowOop }
                      ;*ifge {reexecute=1 rethrow=0 return_oop=0}
                      ; - (reexecute) java.nio.Buffer::limit@14 (line 379)
                      ; - java.nio.ShortBuffer::limit@2 (line 1565)
                      ; - java.nio.ShortBuffer::limit@2 (line 285)
                      ; - com.badlogic.gdx.graphics.g2d.SpriteBatch::flush@94 (line 968)
  0x0000021d28a3275c: a055 7bff 

  0x0000021d28a32760: ;   {other}
  0x0000021d28a32760: 0f1f 8400 | d018 003a | ba45 ffff | ff48 8b6c | 2410 4489 | 4424 0c89 | 4c24 1090 

  0x0000021d28a3277c: ;   {runtime_call UncommonTrapBlob}
  0x0000021d28a3277c: c5f8 77e8 

  0x0000021d28a32780: ; ImmutableOopMap {rbp=Oop [4]=NarrowOop [12]=NarrowOop }
                      ;*if_icmple {reexecute=1 rethrow=0 return_oop=0}
                      ; - (reexecute) java.nio.Buffer::limit@55 (line 383)
                      ; - java.nio.ShortBuffer::limit@2 (line 1565)
                      ; - java.nio.ShortBuffer::limit@2 (line 285)
                      ; - com.badlogic.gdx.graphics.g2d.SpriteBatch::flush@94 (line 968)
  0x0000021d28a32780: 7c55 7bff 

  0x0000021d28a32784: ;   {other}
  0x0000021d28a32784: 0f1f 8400 | f418 003b | ba45 ffff | ff44 8954 | 2408 4489 | 5c24 0c90 

  0x0000021d28a3279c: ;   {runtime_call UncommonTrapBlob}
  0x0000021d28a3279c: c5f8 77e8 

  0x0000021d28a327a0: ; ImmutableOopMap {[12]=NarrowOop [16]=Oop }
                      ;*ifeq {reexecute=1 rethrow=0 return_oop=0}
                      ; - (reexecute) com.badlogic.gdx.graphics.g2d.SpriteBatch::flush@102 (line 970)
  0x0000021d28a327a0: 5c55 7bff 

  0x0000021d28a327a4: ;   {other}
  0x0000021d28a327a4: 0f1f 8400 | 1419 003c | ba45 ffff | ff44 8954 | 2408 4489 | 5c24 0c90 

  0x0000021d28a327bc: ;   {runtime_call UncommonTrapBlob}
  0x0000021d28a327bc: c5f8 77e8 

  0x0000021d28a327c0: ; ImmutableOopMap {rbp=NarrowOop [12]=NarrowOop [16]=Oop }
                      ;*ifnonnull {reexecute=1 rethrow=0 return_oop=0}
                      ; - (reexecute) org.lwjgl.opengl.GLContext::getCapabilities@5 (line 123)
                      ; - org.lwjgl.opengl.GL11::glEnable@0 (line 1012)
                      ; - com.badlogic.gdx.backends.lwjgl.LwjglGL20::glEnable@1 (line 292)
                      ; - com.badlogic.gdx.graphics.g2d.SpriteBatch::flush@125 (line 973)
  0x0000021d28a327c0: 3c55 7bff 

  0x0000021d28a327c4: ;   {other}
  0x0000021d28a327c4: 0f1f 8400 | 3419 003d | 4533 c94d | 3bc1 bdff | ffff ff7c | 0840 0f95 | c540 0fb6 | edba 45ff 
  0x0000021d28a327e4: ffff 4889 | 0c24 4489 | 5424 0844 | 895c 240c | 4c89 4424 | 1066 6690 

  0x0000021d28a327fc: ;   {runtime_call UncommonTrapBlob}
  0x0000021d28a327fc: c5f8 77e8 

  0x0000021d28a32800: ; ImmutableOopMap {[0]=Oop [12]=NarrowOop }
                      ;*ifne {reexecute=1 rethrow=0 return_oop=0}
                      ; - (reexecute) org.lwjgl.BufferChecks::checkFunctionAddress@9 (line 57)
                      ; - org.lwjgl.opengl.GL11::glEnable@10 (line 1014)
                      ; - com.badlogic.gdx.backends.lwjgl.LwjglGL20::glEnable@1 (line 292)
                      ; - com.badlogic.gdx.graphics.g2d.SpriteBatch::flush@125 (line 973)
  0x0000021d28a32800: fc54 7bff 

  0x0000021d28a32804: ;   {other}
  0x0000021d28a32804: 0f1f 8400 | 7419 003e | ba45 ffff | ff44 895c | 2408 6690 

  0x0000021d28a32818: ;   {runtime_call UncommonTrapBlob}
  0x0000021d28a32818: c5f8 77e8 

  0x0000021d28a3281c: ; ImmutableOopMap {rbp=Oop [4]=NarrowOop }
                      ;*if_icmpeq {reexecute=1 rethrow=0 return_oop=0}
                      ; - (reexecute) com.badlogic.gdx.graphics.g2d.SpriteBatch::flush@135 (line 974)
  0x0000021d28a3281c: e054 7bff 

  0x0000021d28a32820: ;   {other}
  0x0000021d28a32820: 0f1f 8400 | 9019 003f | ba45 ffff | ff48 894c | 2408 4489 | 5c24 1044 | 8944 2414 | 4489 4c24 
  0x0000021d28a32840: 1844 8954 | 241c 6690 

  0x0000021d28a32848: ;   {runtime_call UncommonTrapBlob}
  0x0000021d28a32848: c5f8 77e8 

  0x0000021d28a3284c: ; ImmutableOopMap {rbp=NarrowOop [4]=NarrowOop [8]=Oop }
                      ;*ifnonnull {reexecute=1 rethrow=0 return_oop=0}
                      ; - (reexecute) org.lwjgl.opengl.GLContext::getCapabilities@5 (line 123)
                      ; - org.lwjgl.opengl.GL14::glBlendFuncSeparate@0 (line 238)
                      ; - com.badlogic.gdx.backends.lwjgl.LwjglGL20::glBlendFuncSeparate@5 (line 113)
                      ; - com.badlogic.gdx.graphics.g2d.SpriteBatch::flush@157 (line 974)
  0x0000021d28a3284c: b054 7bff 

  0x0000021d28a32850: ;   {other}
  0x0000021d28a32850: 0f1f 8400 | c019 0040 | 33db 483b | f3bd ffff | ffff 7c08 | 400f 95c5 | 400f b6ed | ba45 ffff 
  0x0000021d28a32870: ff48 894c | 2408 4489 | 5c24 1044 | 8944 2414 | 4489 4c24 | 1844 8954 | 241c 4889 | 7424 2090 
  0x0000021d28a32890: ;   {runtime_call UncommonTrapBlob}
  0x0000021d28a32890: c5f8 77e8 

  0x0000021d28a32894: ; ImmutableOopMap {[4]=NarrowOop [8]=Oop }
                      ;*ifne {reexecute=1 rethrow=0 return_oop=0}
                      ; - (reexecute) org.lwjgl.BufferChecks::checkFunctionAddress@9 (line 57)
                      ; - org.lwjgl.opengl.GL14::glBlendFuncSeparate@14 (line 240)
                      ; - com.badlogic.gdx.backends.lwjgl.LwjglGL20::glBlendFuncSeparate@5 (line 113)
                      ; - com.badlogic.gdx.graphics.g2d.SpriteBatch::flush@157 (line 974)
  0x0000021d28a32894: 6854 7bff 

  0x0000021d28a32898: ;   {other}
  0x0000021d28a32898: 0f1f 8400 | 081a 0041 | ba45 ffff | ff66 6690 

  0x0000021d28a328a8: ;   {runtime_call UncommonTrapBlob}
  0x0000021d28a328a8: c5f8 77e8 

  0x0000021d28a328ac: ; ImmutableOopMap {rbp=Oop }
                      ;*ifne {reexecute=1 rethrow=0 return_oop=0}
                      ; - (reexecute) com.badlogic.gdx.graphics.Mesh::render@2 (line 488)
                      ; - com.badlogic.gdx.graphics.Mesh::render@10 (line 460)
                      ; - com.badlogic.gdx.graphics.g2d.SpriteBatch::flush@184 (line 977)
  0x0000021d28a328ac: 5054 7bff 

  0x0000021d28a328b0: ;   {other}
  0x0000021d28a328b0: 0f1f 8400 | 201a 0042 | ba45 ffff | ff89 0c24 | 895c 2404 | 4489 4424 | 0844 894c | 2410 6690 
  0x0000021d28a328d0: ;   {runtime_call UncommonTrapBlob}
  0x0000021d28a328d0: c5f8 77e8 

  0x0000021d28a328d4: ; ImmutableOopMap {rbp=Oop [0]=NarrowOop [4]=NarrowOop }
                      ;*ifeq {reexecute=1 rethrow=0 return_oop=0}
                      ; - (reexecute) com.badlogic.gdx.graphics.Mesh::render@8 (line 490)
                      ; - com.badlogic.gdx.graphics.Mesh::render@10 (line 460)
                      ; - com.badlogic.gdx.graphics.g2d.SpriteBatch::flush@184 (line 977)
  0x0000021d28a328d4: 2854 7bff 

  0x0000021d28a328d8: ;   {other}
  0x0000021d28a328d8: 0f1f 8400 | 481a 0043 | ba45 ffff | ff48 ff74 | 2418 488f | 4424 1090 

  0x0000021d28a328f0: ;   {runtime_call UncommonTrapBlob}
  0x0000021d28a328f0: c5f8 77e8 

  0x0000021d28a328f4: ; ImmutableOopMap {[4]=NarrowOop [8]=NarrowOop [16]=Oop }
                      ;*ifeq {reexecute=1 rethrow=0 return_oop=0}
                      ; - (reexecute) com.badlogic.gdx.graphics.glutils.IndexArray::getNumIndices@4 (line 49)
                      ; - com.badlogic.gdx.graphics.Mesh::bind@15 (line 392)
                      ; - com.badlogic.gdx.graphics.Mesh::bind@3 (line 382)
                      ; - com.badlogic.gdx.graphics.Mesh::render@13 (line 490)
                      ; - com.badlogic.gdx.graphics.Mesh::render@10 (line 460)
                      ; - com.badlogic.gdx.graphics.g2d.SpriteBatch::flush@184 (line 977)
  0x0000021d28a328f4: 0854 7bff 

  0x0000021d28a328f8: ;   {other}
  0x0000021d28a328f8: 0f1f 8400 | 681a 0044 | ba45 ffff | ff66 6690 

  0x0000021d28a32908: ;   {runtime_call UncommonTrapBlob}
  0x0000021d28a32908: c5f8 77e8 

  0x0000021d28a3290c: ; ImmutableOopMap {[4]=NarrowOop [8]=NarrowOop [24]=Oop }
                      ;*ifeq {reexecute=1 rethrow=0 return_oop=0}
                      ; - (reexecute) com.badlogic.gdx.graphics.Mesh::render@20 (line 492)
                      ; - com.badlogic.gdx.graphics.Mesh::render@10 (line 460)
                      ; - com.badlogic.gdx.graphics.g2d.SpriteBatch::flush@184 (line 977)
  0x0000021d28a3290c: f053 7bff 

  0x0000021d28a32910: ;   {other}
  0x0000021d28a32910: 0f1f 8400 | 801a 0045 | ba45 ffff | ff48 8b6c | 2418 4489 | 5c24 1444 | 8944 241c | 4489 4424 
  0x0000021d28a32930: 2089 5c24 | 2466 6690 

  0x0000021d28a32938: ;   {runtime_call UncommonTrapBlob}
  0x0000021d28a32938: c5f8 77e8 

  0x0000021d28a3293c: ; ImmutableOopMap {rbp=Oop [4]=NarrowOop [8]=NarrowOop [28]=NarrowOop [32]=NarrowOop }
                      ;*if_icmple {reexecute=1 rethrow=0 return_oop=0}
                      ; - (reexecute) java.nio.Buffer::position@5 (line 326)
                      ; - java.nio.ShortBuffer::position@2 (line 1551)
                      ; - java.nio.ShortBuffer::position@2 (line 285)
                      ; - com.badlogic.gdx.graphics.Mesh::render@63 (line 497)
                      ; - com.badlogic.gdx.graphics.Mesh::render@10 (line 460)
                      ; - com.badlogic.gdx.graphics.g2d.SpriteBatch::flush@184 (line 977)
  0x0000021d28a3293c: c053 7bff 

  0x0000021d28a32940: ;   {other}
  0x0000021d28a32940: 0f1f 8400 | b01a 0046 | ba45 ffff | ff48 8b6c | 2418 4489 | 5c24 1489 | 5c24 1844 | 8944 241c 
  0x0000021d28a32960: 4489 4424 | 2044 894c | 2424 6690 

  0x0000021d28a3296c: ;   {runtime_call UncommonTrapBlob}
  0x0000021d28a3296c: c5f8 77e8 

  0x0000021d28a32970: ; ImmutableOopMap {rbp=Oop [4]=NarrowOop [8]=NarrowOop [28]=NarrowOop [32]=NarrowOop }
                      ;*if_icmple {reexecute=1 rethrow=0 return_oop=0}
                      ; - (reexecute) java.nio.Buffer::position@37 (line 328)
                      ; - java.nio.ShortBuffer::position@2 (line 1551)
                      ; - java.nio.ShortBuffer::position@2 (line 285)
                      ; - com.badlogic.gdx.graphics.Mesh::render@63 (line 497)
                      ; - com.badlogic.gdx.graphics.Mesh::render@10 (line 460)
                      ; - com.badlogic.gdx.graphics.g2d.SpriteBatch::flush@184 (line 977)
  0x0000021d28a32970: 8c53 7bff 

  0x0000021d28a32974: ;   {other}
  0x0000021d28a32974: 0f1f 8400 | e41a 0047 | ba45 ffff | ff48 ff74 | 2418 488f | 4424 1048 | 8944 24f8 | 8b44 2424 
  0x0000021d28a32994: 8944 241c | 488b 4424 | f844 8944 | 2424 4489 | 4424 2890 

  0x0000021d28a329a8: ;   {runtime_call UncommonTrapBlob}
  0x0000021d28a329a8: c5f8 77e8 

  0x0000021d28a329ac: ; ImmutableOopMap {[4]=NarrowOop [8]=NarrowOop [16]=Oop [36]=NarrowOop [40]=NarrowOop }
                      ;*if_icmple {reexecute=1 rethrow=0 return_oop=0}
                      ; - (reexecute) java.nio.Buffer::limit@5 (line 379)
                      ; - java.nio.ShortBuffer::limit@2 (line 1565)
                      ; - java.nio.ShortBuffer::limit@2 (line 285)
                      ; - com.badlogic.gdx.graphics.Mesh::render@73 (line 498)
                      ; - com.badlogic.gdx.graphics.Mesh::render@10 (line 460)
                      ; - com.badlogic.gdx.graphics.g2d.SpriteBatch::flush@184 (line 977)
  0x0000021d28a329ac: 5053 7bff 

  0x0000021d28a329b0: ;   {other}
  0x0000021d28a329b0: 0f1f 8400 | 201b 0048 | ba45 ffff | ff48 8b6c | 2418 890c | 2448 8944 | 24f8 8b44 | 2408 8944 
  0x0000021d28a329d0: 2404 488b | 4424 f848 | 8944 24f8 | 8b44 2424 | 8944 2414 | 488b 4424 | f889 5c24 | 1844 8944 
  0x0000021d28a329f0: 241c 4489 | 4424 2044 | 894c 2424 | 4489 5424 | 2866 6690 

  0x0000021d28a32a04: ;   {runtime_call UncommonTrapBlob}
  0x0000021d28a32a04: c5f8 77e8 

  0x0000021d28a32a08: ; ImmutableOopMap {rbp=Oop [0]=NarrowOop [4]=NarrowOop [28]=NarrowOop [32]=NarrowOop }
                      ;*if_icmple {reexecute=1 rethrow=0 return_oop=0}
                      ; - (reexecute) java.nio.Buffer::limit@55 (line 383)
                      ; - java.nio.ShortBuffer::limit@2 (line 1565)
                      ; - java.nio.ShortBuffer::limit@2 (line 285)
                      ; - com.badlogic.gdx.graphics.Mesh::render@73 (line 498)
                      ; - com.badlogic.gdx.graphics.Mesh::render@10 (line 460)
                      ; - com.badlogic.gdx.graphics.g2d.SpriteBatch::flush@184 (line 977)
  0x0000021d28a32a08: f452 7bff 

  0x0000021d28a32a0c: ;   {other}
  0x0000021d28a32a0c: 0f1f 8400 | 7c1b 0049 | ba45 ffff | ff48 8b6c | 2418 895c | 2414 4489 | 5c24 2090 

  0x0000021d28a32a28: ;   {runtime_call UncommonTrapBlob}
  0x0000021d28a32a28: c5f8 77e8 

  0x0000021d28a32a2c: ; ImmutableOopMap {rbp=Oop [0]=NarrowOop [4]=NarrowOop [8]=NarrowOop [32]=NarrowOop }
                      ;*ifnonnull {reexecute=1 rethrow=0 return_oop=0}
                      ; - (reexecute) org.lwjgl.opengl.GLContext::getCapabilities@5 (line 123)
                      ; - org.lwjgl.opengl.GL11::glDrawElements@0 (line 1105)
                      ; - com.badlogic.gdx.backends.lwjgl.LwjglGL20::glDrawElements@21 (line 281)
                      ; - com.badlogic.gdx.graphics.Mesh::render@88 (line 499)
                      ; - com.badlogic.gdx.graphics.Mesh::render@10 (line 460)
                      ; - com.badlogic.gdx.graphics.g2d.SpriteBatch::flush@184 (line 977)
  0x0000021d28a32a2c: d052 7bff 

  0x0000021d28a32a30: ;   {other}
  0x0000021d28a32a30: 0f1f 8400 | a01b 004a | 4533 d249 | 3bca bdff | ffff ff7c | 0840 0f95 | c540 0fb6 | edba 45ff 
  0x0000021d28a32a50: ffff 48ff | 7424 1848 | 8f44 2410 | 4889 4424 | f88b 4424 | 2489 4424 | 1848 8b44 | 24f8 895c 
  0x0000021d28a32a70: 241c 4489 | 5c24 2448 | 894c 2428 

  0x0000021d28a32a7c: ;   {runtime_call UncommonTrapBlob}
  0x0000021d28a32a7c: c5f8 77e8 

  0x0000021d28a32a80: ; ImmutableOopMap {[0]=NarrowOop [4]=NarrowOop [8]=NarrowOop [16]=Oop [36]=NarrowOop }
                      ;*ifne {reexecute=1 rethrow=0 return_oop=0}
                      ; - (reexecute) org.lwjgl.BufferChecks::checkFunctionAddress@9 (line 57)
                      ; - org.lwjgl.opengl.GL11::glDrawElements@10 (line 1107)
                      ; - com.badlogic.gdx.backends.lwjgl.LwjglGL20::glDrawElements@21 (line 281)
                      ; - com.badlogic.gdx.graphics.Mesh::render@88 (line 499)
                      ; - com.badlogic.gdx.graphics.Mesh::render@10 (line 460)
                      ; - com.badlogic.gdx.graphics.g2d.SpriteBatch::flush@184 (line 977)
  0x0000021d28a32a80: 7c52 7bff 

  0x0000021d28a32a84: ;   {other}
  0x0000021d28a32a84: 0f1f 8400 | f41b 004b | ba45 ffff | ff48 ff74 | 2418 488f | 4424 1048 | 8944 24f8 | 8b44 2420 
  0x0000021d28a32aa4: 8944 241c | 488b 4424 | f848 894c | 2428 6690 

  0x0000021d28a32ab4: ;   {runtime_call UncommonTrapBlob}
  0x0000021d28a32ab4: c5f8 77e8 

  0x0000021d28a32ab8: ; ImmutableOopMap {[0]=NarrowOop [4]=NarrowOop [8]=NarrowOop [16]=Oop }
                      ;*ifeq {reexecute=1 rethrow=0 return_oop=0}
                      ; - (reexecute) org.lwjgl.opengl.GLChecks::ensureElementVBOdisabled@10 (line 82)
                      ; - org.lwjgl.opengl.GL11::glDrawElements@14 (line 1108)
                      ; - com.badlogic.gdx.backends.lwjgl.LwjglGL20::glDrawElements@21 (line 281)
                      ; - com.badlogic.gdx.graphics.Mesh::render@88 (line 499)
                      ; - com.badlogic.gdx.graphics.Mesh::render@10 (line 460)
                      ; - com.badlogic.gdx.graphics.g2d.SpriteBatch::flush@184 (line 977)
  0x0000021d28a32ab8: 4452 7bff 

  0x0000021d28a32abc: ;   {other}
  0x0000021d28a32abc: 0f1f 8400 | 2c1c 004c | ba45 ffff | ff48 ff74 | 2418 488f | 4424 1048 | 8944 24f8 | 8b44 2404 
  0x0000021d28a32adc: 8904 2448 | 8b44 24f8 | 4889 4424 | f88b 4424 | 0889 4424 | 0448 8b44 | 24f8 4889 | 4424 f88b 
  0x0000021d28a32afc: 4424 0c89 | 4424 0848 | 8b44 24f8 | 4889 4424 | f88b 4424 | 2089 4424 | 1848 8b44 | 24f8 4489 
  0x0000021d28a32b1c: 4424 1c44 | 8944 2420 

  0x0000021d28a32b24: ;   {runtime_call UncommonTrapBlob}
  0x0000021d28a32b24: c5f8 77e8 

  0x0000021d28a32b28: ; ImmutableOopMap {[0]=NarrowOop [4]=NarrowOop [16]=Oop [28]=NarrowOop [32]=NarrowOop }
                      ;*if_icmple {reexecute=1 rethrow=0 return_oop=0}
                      ; - (reexecute) java.nio.Buffer::position@5 (line 326)
                      ; - java.nio.ShortBuffer::position@2 (line 1551)
                      ; - java.nio.ShortBuffer::position@2 (line 285)
                      ; - com.badlogic.gdx.graphics.Mesh::render@97 (line 500)
                      ; - com.badlogic.gdx.graphics.Mesh::render@10 (line 460)
                      ; - com.badlogic.gdx.graphics.g2d.SpriteBatch::flush@184 (line 977)
  0x0000021d28a32b28: d451 7bff 

  0x0000021d28a32b2c: ;   {other}
  0x0000021d28a32b2c: 0f1f 8400 | 9c1c 004d | ba45 ffff | ff48 8b6c | 2418 4889 | 4424 f88b | 4424 0489 | 0424 488b 
  0x0000021d28a32b4c: 4424 f848 | 8944 24f8 | 8b44 2408 | 8944 2404 | 488b 4424 | f848 8944 | 24f8 8b44 | 240c 8944 
  0x0000021d28a32b6c: 2408 488b | 4424 f848 | 8944 24f8 | 8b44 2420 | 8944 2410 | 488b 4424 | f844 8944 | 2414 4489 
  0x0000021d28a32b8c: 4424 1844 | 895c 2420 

  0x0000021d28a32b94: ;   {runtime_call UncommonTrapBlob}
  0x0000021d28a32b94: c5f8 77e8 

  0x0000021d28a32b98: ; ImmutableOopMap {rbp=Oop [0]=NarrowOop [4]=NarrowOop [20]=NarrowOop [24]=NarrowOop }
                      ;*ifge {reexecute=1 rethrow=0 return_oop=0}
                      ; - (reexecute) java.nio.Buffer::position@14 (line 326)
                      ; - java.nio.ShortBuffer::position@2 (line 1551)
                      ; - java.nio.ShortBuffer::position@2 (line 285)
                      ; - com.badlogic.gdx.graphics.Mesh::render@97 (line 500)
                      ; - com.badlogic.gdx.graphics.Mesh::render@10 (line 460)
                      ; - com.badlogic.gdx.graphics.g2d.SpriteBatch::flush@184 (line 977)
  0x0000021d28a32b98: 6451 7bff 

  0x0000021d28a32b9c: ;   {other}
  0x0000021d28a32b9c: 0f1f 8400 | 0c1d 004e | ba45 ffff | ff48 8b6c | 2418 4889 | 4424 f88b | 4424 0489 | 0424 488b 
  0x0000021d28a32bbc: 4424 f848 | 8944 24f8 | 8b44 2408 | 8944 2404 | 488b 4424 | f848 8944 | 24f8 8b44 | 240c 8944 
  0x0000021d28a32bdc: 2408 488b | 4424 f848 | 8944 24f8 | 8b44 2420 | 8944 2410 | 488b 4424 | f844 8944 | 2414 4489 
  0x0000021d28a32bfc: 4424 1844 | 894c 2420 

  0x0000021d28a32c04: ;   {runtime_call UncommonTrapBlob}
  0x0000021d28a32c04: c5f8 77e8 

  0x0000021d28a32c08: ; ImmutableOopMap {rbp=Oop [0]=NarrowOop [4]=NarrowOop [20]=NarrowOop [24]=NarrowOop }
                      ;*if_icmple {reexecute=1 rethrow=0 return_oop=0}
                      ; - (reexecute) java.nio.Buffer::position@37 (line 328)
                      ; - java.nio.ShortBuffer::position@2 (line 1551)
                      ; - java.nio.ShortBuffer::position@2 (line 285)
                      ; - com.badlogic.gdx.graphics.Mesh::render@97 (line 500)
                      ; - com.badlogic.gdx.graphics.Mesh::render@10 (line 460)
                      ; - com.badlogic.gdx.graphics.g2d.SpriteBatch::flush@184 (line 977)
  0x0000021d28a32c08: f450 7bff 

  0x0000021d28a32c0c: ;   {other}
  0x0000021d28a32c0c: 0f1f 8400 | 7c1d 004f | ba45 ffff | ff48 ff74 | 2418 488f | 4424 1048 | 8944 24f8 | 8b44 2404 
  0x0000021d28a32c2c: 8904 2448 | 8b44 24f8 | 4889 4424 | f88b 4424 | 0889 4424 | 0448 8b44 | 24f8 4889 | 4424 f88b 
  0x0000021d28a32c4c: 4424 0c89 | 4424 0848 | 8b44 24f8 | 4489 4424 | 1866 6690 

  0x0000021d28a32c60: ;   {runtime_call UncommonTrapBlob}
  0x0000021d28a32c60: c5f8 77e8 

  0x0000021d28a32c64: ; ImmutableOopMap {[0]=NarrowOop [4]=NarrowOop [16]=Oop [24]=NarrowOop }
                      ;*if_icmple {reexecute=1 rethrow=0 return_oop=0}
                      ; - (reexecute) java.nio.Buffer::limit@5 (line 379)
                      ; - java.nio.ShortBuffer::limit@2 (line 1565)
                      ; - java.nio.ShortBuffer::limit@2 (line 285)
                      ; - com.badlogic.gdx.graphics.Mesh::render@105 (line 501)
                      ; - com.badlogic.gdx.graphics.Mesh::render@10 (line 460)
                      ; - com.badlogic.gdx.graphics.g2d.SpriteBatch::flush@184 (line 977)
  0x0000021d28a32c64: 9850 7bff 

  0x0000021d28a32c68: ;   {other}
  0x0000021d28a32c68: 0f1f 8400 | d81d 0050 | ba45 ffff | ff48 8b6c | 2418 4889 | 4424 f88b | 4424 0489 | 0424 488b 
  0x0000021d28a32c88: 4424 f848 | 8944 24f8 | 8b44 2408 | 8944 2404 | 488b 4424 | f848 8944 | 24f8 8b44 | 240c 8944 
  0x0000021d28a32ca8: 2408 488b | 4424 f844 | 8944 2410 | 4489 5424 | 1c66 6690 

  0x0000021d28a32cbc: ;   {runtime_call UncommonTrapBlob}
  0x0000021d28a32cbc: c5f8 77e8 

  0x0000021d28a32cc0: ; ImmutableOopMap {rbp=Oop [0]=NarrowOop [4]=NarrowOop [16]=NarrowOop }
                      ;*if_icmple {reexecute=1 rethrow=0 return_oop=0}
                      ; - (reexecute) java.nio.Buffer::limit@42 (line 382)
                      ; - java.nio.ShortBuffer::limit@2 (line 1565)
                      ; - java.nio.ShortBuffer::limit@2 (line 285)
                      ; - com.badlogic.gdx.graphics.Mesh::render@105 (line 501)
                      ; - com.badlogic.gdx.graphics.Mesh::render@10 (line 460)
                      ; - com.badlogic.gdx.graphics.g2d.SpriteBatch::flush@184 (line 977)
  0x0000021d28a32cc0: 3c50 7bff 

  0x0000021d28a32cc4: ;   {other}
  0x0000021d28a32cc4: 0f1f 8400 | 341e 0051 | ba45 ffff | ff48 8b6c | 2418 4889 | 4424 f88b | 4424 0489 | 0424 488b 
  0x0000021d28a32ce4: 4424 f848 | 8944 24f8 | 8b44 2408 | 8944 2404 | 488b 4424 | f848 8944 | 24f8 8b44 | 240c 8944 
  0x0000021d28a32d04: 2408 488b | 4424 f844 | 8944 2410 | 4489 4c24 | 1466 6690 

  0x0000021d28a32d18: ;   {runtime_call UncommonTrapBlob}
  0x0000021d28a32d18: c5f8 77e8 

  0x0000021d28a32d1c: ; ImmutableOopMap {rbp=Oop [0]=NarrowOop [4]=NarrowOop [16]=NarrowOop }
                      ;*if_icmple {reexecute=1 rethrow=0 return_oop=0}
                      ; - (reexecute) java.nio.Buffer::limit@55 (line 383)
                      ; - java.nio.ShortBuffer::limit@2 (line 1565)
                      ; - java.nio.ShortBuffer::limit@2 (line 285)
                      ; - com.badlogic.gdx.graphics.Mesh::render@105 (line 501)
                      ; - com.badlogic.gdx.graphics.Mesh::render@10 (line 460)
                      ; - com.badlogic.gdx.graphics.g2d.SpriteBatch::flush@184 (line 977)
  0x0000021d28a32d1c: e04f 7bff 

  0x0000021d28a32d20: ;   {other}
  0x0000021d28a32d20: 0f1f 8400 | 901e 0052 | ba45 ffff | ff89 4c24 | 0866 6690 

  0x0000021d28a32d34: ;   {runtime_call UncommonTrapBlob}
  0x0000021d28a32d34: c5f8 77e8 

  0x0000021d28a32d38: ; ImmutableOopMap {[8]=NarrowOop [24]=Oop }
                      ;*ifeq {reexecute=1 rethrow=0 return_oop=0}
                      ; - (reexecute) com.badlogic.gdx.graphics.glutils.IndexArray::getNumIndices@4 (line 49)
                      ; - com.badlogic.gdx.graphics.Mesh::unbind@15 (line 410)
                      ; - com.badlogic.gdx.graphics.Mesh::unbind@3 (line 400)
                      ; - com.badlogic.gdx.graphics.Mesh::render@253 (line 518)
                      ; - com.badlogic.gdx.graphics.Mesh::render@10 (line 460)
                      ; - com.badlogic.gdx.graphics.g2d.SpriteBatch::flush@184 (line 977)
  0x0000021d28a32d38: c44f 7bff 

  0x0000021d28a32d3c: ;   {other}
  0x0000021d28a32d3c: 0f1f 8400 | ac1e 0053 | bade ffff | ff48 ff74 | 2418 488f | 4424 1048 | 8944 24f8 | 8b44 2424 
  0x0000021d28a32d5c: 8944 241c | 488b 4424 | f848 8944 | 24f8 8b44 | 243c 8944 | 2424 488b | 4424 f848 | 8944 24f8 
  0x0000021d28a32d7c: 8b44 2438 | 8944 2428 | 488b 4424 | f848 8944 | 24f8 8b44 | 2440 8944 | 2430 488b | 4424 f844 
  0x0000021d28a32d9c: 8954 243c | 4489 5c24 | 4066 6690 

  0x0000021d28a32da8: ;   {runtime_call UncommonTrapBlob}
  0x0000021d28a32da8: c5f8 77e8 

  0x0000021d28a32dac: ; ImmutableOopMap {rbp=NarrowOop [0]=Oop [12]=NarrowOop [16]=Oop [32]=NarrowOop [36]=NarrowOop [40]=NarrowOop [48]=NarrowOop }
                      ;*instanceof {reexecute=0 rethrow=0 return_oop=0}
                      ; - java.lang.String::equals@8 (line 1863)
                      ; - com.badlogic.gdx.utils.ObjectIntMap::get@21 (line 281)
                      ; - com.badlogic.gdx.graphics.glutils.ShaderProgram::fetchAttributeLocation@11 (line 290)
                      ; - com.badlogic.gdx.graphics.glutils.ShaderProgram::disableVertexAttribute@10 (line 717)
                      ; - com.badlogic.gdx.graphics.glutils.VertexArray::unbind@34 (line 157)
                      ; - com.badlogic.gdx.graphics.Mesh::unbind@6 (line 409)
                      ; - com.badlogic.gdx.graphics.Mesh::unbind@3 (line 400)
                      ; - com.badlogic.gdx.graphics.Mesh::render@253 (line 518)
                      ; - com.badlogic.gdx.graphics.Mesh::render@10 (line 460)
                      ; - com.badlogic.gdx.graphics.g2d.SpriteBatch::flush@184 (line 977)
  0x0000021d28a32dac: 504f 7bff 

  0x0000021d28a32db0: ;   {other}
  0x0000021d28a32db0: 0f1f 8400 | 201f 0054 | baf6 ffff | ff8b eb90 

  0x0000021d28a32dc0: ;   {runtime_call UncommonTrapBlob}
  0x0000021d28a32dc0: c5f8 77e8 

  0x0000021d28a32dc4: ; ImmutableOopMap {}
                      ;*invokevirtual get {reexecute=0 rethrow=0 return_oop=0}
                      ; - com.badlogic.gdx.graphics.glutils.VertexArray::unbind@28 (line 157)
                      ; - com.badlogic.gdx.graphics.Mesh::unbind@6 (line 409)
                      ; - com.badlogic.gdx.graphics.Mesh::unbind@3 (line 400)
                      ; - com.badlogic.gdx.graphics.Mesh::render@253 (line 518)
                      ; - com.badlogic.gdx.graphics.Mesh::render@10 (line 460)
                      ; - com.badlogic.gdx.graphics.g2d.SpriteBatch::flush@184 (line 977)
  0x0000021d28a32dc4: 384f 7bff 

  0x0000021d28a32dc8: ;   {other}
  0x0000021d28a32dc8: 0f1f 8400 | 381f 0055 | baf6 ffff | ff8b eb90 

  0x0000021d28a32dd8: ;   {runtime_call UncommonTrapBlob}
  0x0000021d28a32dd8: c5f8 77e8 

  0x0000021d28a32ddc: ; ImmutableOopMap {}
                      ;*aaload {reexecute=0 rethrow=0 return_oop=0}
                      ; - com.badlogic.gdx.graphics.VertexAttributes::get@5 (line 109)
                      ; - com.badlogic.gdx.graphics.glutils.VertexArray::unbind@28 (line 157)
                      ; - com.badlogic.gdx.graphics.Mesh::unbind@6 (line 409)
                      ; - com.badlogic.gdx.graphics.Mesh::unbind@3 (line 400)
                      ; - com.badlogic.gdx.graphics.Mesh::render@253 (line 518)
                      ; - com.badlogic.gdx.graphics.Mesh::render@10 (line 460)
                      ; - com.badlogic.gdx.graphics.g2d.SpriteBatch::flush@184 (line 977)
  0x0000021d28a32ddc: 204f 7bff 

  0x0000021d28a32de0: ;   {other}
  0x0000021d28a32de0: 0f1f 8400 | 501f 0056 | baf6 ffff | ff66 6690 

  0x0000021d28a32df0: ;   {runtime_call UncommonTrapBlob}
  0x0000021d28a32df0: c5f8 77e8 

  0x0000021d28a32df4: ; ImmutableOopMap {}
                      ;*getfield alias {reexecute=1 rethrow=0 return_oop=0}
                      ; - (reexecute) com.badlogic.gdx.graphics.glutils.VertexArray::unbind@31 (line 157)
                      ; - com.badlogic.gdx.graphics.Mesh::unbind@6 (line 409)
                      ; - com.badlogic.gdx.graphics.Mesh::unbind@3 (line 400)
                      ; - com.badlogic.gdx.graphics.Mesh::render@253 (line 518)
                      ; - com.badlogic.gdx.graphics.Mesh::render@10 (line 460)
                      ; - com.badlogic.gdx.graphics.g2d.SpriteBatch::flush@184 (line 977)
  0x0000021d28a32df4: 084f 7bff 

  0x0000021d28a32df8: ;   {other}
  0x0000021d28a32df8: 0f1f 8400 | 681f 0057 | baf6 ffff | ff66 6690 

  0x0000021d28a32e08: ;   {runtime_call UncommonTrapBlob}
  0x0000021d28a32e08: c5f8 77e8 

  0x0000021d28a32e0c: ; ImmutableOopMap {}
                      ;*invokevirtual hashCode {reexecute=0 rethrow=0 return_oop=0}
                      ; - com.badlogic.gdx.utils.ObjectIntMap::get@1 (line 279)
                      ; - com.badlogic.gdx.graphics.glutils.ShaderProgram::fetchAttributeLocation@11 (line 290)
                      ; - com.badlogic.gdx.graphics.glutils.ShaderProgram::disableVertexAttribute@10 (line 717)
                      ; - com.badlogic.gdx.graphics.glutils.VertexArray::unbind@34 (line 157)
                      ; - com.badlogic.gdx.graphics.Mesh::unbind@6 (line 409)
                      ; - com.badlogic.gdx.graphics.Mesh::unbind@3 (line 400)
                      ; - com.badlogic.gdx.graphics.Mesh::render@253 (line 518)
                      ; - com.badlogic.gdx.graphics.Mesh::render@10 (line 460)
                      ; - com.badlogic.gdx.graphics.g2d.SpriteBatch::flush@184 (line 977)
  0x0000021d28a32e0c: f04e 7bff 

  0x0000021d28a32e10: ;   {other}
  0x0000021d28a32e10: 0f1f 8400 | 801f 0058 | baf6 ffff | ff41 8beb 

  0x0000021d28a32e20: ;   {runtime_call UncommonTrapBlob}
  0x0000021d28a32e20: c5f8 77e8 

  0x0000021d28a32e24: ; ImmutableOopMap {}
                      ;*aaload {reexecute=0 rethrow=0 return_oop=0}
                      ; - com.badlogic.gdx.utils.ObjectIntMap::get@20 (line 281)
                      ; - com.badlogic.gdx.graphics.glutils.ShaderProgram::fetchAttributeLocation@11 (line 290)
                      ; - com.badlogic.gdx.graphics.glutils.ShaderProgram::disableVertexAttribute@10 (line 717)
                      ; - com.badlogic.gdx.graphics.glutils.VertexArray::unbind@34 (line 157)
                      ; - com.badlogic.gdx.graphics.Mesh::unbind@6 (line 409)
                      ; - com.badlogic.gdx.graphics.Mesh::unbind@3 (line 400)
                      ; - com.badlogic.gdx.graphics.Mesh::render@253 (line 518)
                      ; - com.badlogic.gdx.graphics.Mesh::render@10 (line 460)
                      ; - com.badlogic.gdx.graphics.g2d.SpriteBatch::flush@184 (line 977)
  0x0000021d28a32e24: d84e 7bff 

  0x0000021d28a32e28: ;   {other}
  0x0000021d28a32e28: 0f1f 8400 | 981f 0059 | baf6 ffff | ff41 8beb 

  0x0000021d28a32e38: ;   {runtime_call UncommonTrapBlob}
  0x0000021d28a32e38: c5f8 77e8 

  0x0000021d28a32e3c: ; ImmutableOopMap {}
                      ;*iaload {reexecute=0 rethrow=0 return_oop=0}
                      ; - com.badlogic.gdx.utils.ObjectIntMap::get@82 (line 288)
                      ; - com.badlogic.gdx.graphics.glutils.ShaderProgram::fetchAttributeLocation@11 (line 290)
                      ; - com.badlogic.gdx.graphics.glutils.ShaderProgram::disableVertexAttribute@10 (line 717)
                      ; - com.badlogic.gdx.graphics.glutils.VertexArray::unbind@34 (line 157)
                      ; - com.badlogic.gdx.graphics.Mesh::unbind@6 (line 409)
                      ; - com.badlogic.gdx.graphics.Mesh::unbind@3 (line 400)
                      ; - com.badlogic.gdx.graphics.Mesh::render@253 (line 518)
                      ; - com.badlogic.gdx.graphics.Mesh::render@10 (line 460)
                      ; - com.badlogic.gdx.graphics.g2d.SpriteBatch::flush@184 (line 977)
  0x0000021d28a32e3c: c04e 7bff 

  0x0000021d28a32e40: ;   {other}
  0x0000021d28a32e40: 0f1f 8400 | b01f 005a | baf6 ffff | ff41 8be9 

  0x0000021d28a32e50: ;   {runtime_call UncommonTrapBlob}
  0x0000021d28a32e50: c5f8 77e8 

  0x0000021d28a32e54: ; ImmutableOopMap {}
                      ;*invokeinterface glDisableVertexAttribArray {reexecute=0 rethrow=0 return_oop=0}
                      ; - com.badlogic.gdx.graphics.glutils.ShaderProgram::disableVertexAttribute@22 (line 719)
                      ; - com.badlogic.gdx.graphics.glutils.VertexArray::unbind@34 (line 157)
                      ; - com.badlogic.gdx.graphics.Mesh::unbind@6 (line 409)
                      ; - com.badlogic.gdx.graphics.Mesh::unbind@3 (line 400)
                      ; - com.badlogic.gdx.graphics.Mesh::render@253 (line 518)
                      ; - com.badlogic.gdx.graphics.Mesh::render@10 (line 460)
                      ; - com.badlogic.gdx.graphics.g2d.SpriteBatch::flush@184 (line 977)
  0x0000021d28a32e54: a84e 7bff 

  0x0000021d28a32e58: ;   {other}
  0x0000021d28a32e58: 0f1f 8400 | c81f 005b | baf6 ffff | ff66 6690 

  0x0000021d28a32e68: ;   {runtime_call UncommonTrapBlob}
  0x0000021d28a32e68: c5f8 77e8 

  0x0000021d28a32e6c: ; ImmutableOopMap {}
                      ;*getfield owner {reexecute=1 rethrow=0 return_oop=0}
                      ; - (reexecute) org.lwjgl.opengl.GLContext::getCapabilitiesImpl@5 (line 132)
                      ; - org.lwjgl.opengl.GLContext::getCapabilities@0 (line 122)
                      ; - org.lwjgl.opengl.GL20::glDisableVertexAttribArray@0 (line 917)
                      ; - com.badlogic.gdx.backends.lwjgl.LwjglGL20::glDisableVertexAttribArray@1 (line 272)
                      ; - com.badlogic.gdx.graphics.glutils.ShaderProgram::disableVertexAttribute@22 (line 719)
                      ; - com.badlogic.gdx.graphics.glutils.VertexArray::unbind@34 (line 157)
                      ; - com.badlogic.gdx.graphics.Mesh::unbind@6 (line 409)
                      ; - com.badlogic.gdx.graphics.Mesh::unbind@3 (line 400)
                      ; - com.badlogic.gdx.graphics.Mesh::render@253 (line 518)
                      ; - com.badlogic.gdx.graphics.Mesh::render@10 (line 460)
                      ; - com.badlogic.gdx.graphics.g2d.SpriteBatch::flush@184 (line 977)
  0x0000021d28a32e6c: 904e 7bff 

  0x0000021d28a32e70: ;   {other}
  0x0000021d28a32e70: 0f1f 8400 | e01f 005c | baf6 ffff | ff66 6690 

  0x0000021d28a32e80: ;   {runtime_call UncommonTrapBlob}
  0x0000021d28a32e80: c5f8 77e8 

  0x0000021d28a32e84: ; ImmutableOopMap {}
                      ;*invokevirtual bind {reexecute=0 rethrow=0 return_oop=0}
                      ; - com.badlogic.gdx.graphics.g2d.SpriteBatch::flush@58 (line 964)
  0x0000021d28a32e84: 784e 7bff 

  0x0000021d28a32e88: ;   {other}
  0x0000021d28a32e88: 0f1f 8400 | f81f 005d | baf6 ffff | ff41 8bea | 4489 0c24 

  0x0000021d28a32e9c: ;   {runtime_call UncommonTrapBlob}
  0x0000021d28a32e9c: c5f8 77e8 

  0x0000021d28a32ea0: ; ImmutableOopMap {}
                      ;*invokeinterface glBindTexture {reexecute=0 rethrow=0 return_oop=0}
                      ; - com.badlogic.gdx.graphics.GLTexture::bind@11 (line 66)
                      ; - com.badlogic.gdx.graphics.g2d.SpriteBatch::flush@58 (line 964)
  0x0000021d28a32ea0: 5c4e 7bff 

  0x0000021d28a32ea4: ;   {other}
  0x0000021d28a32ea4: 0f1f 8400 | 1420 005e | baf6 ffff | ff66 6690 

  0x0000021d28a32eb4: ;   {runtime_call UncommonTrapBlob}
  0x0000021d28a32eb4: c5f8 77e8 

  0x0000021d28a32eb8: ; ImmutableOopMap {}
                      ;*getfield owner {reexecute=1 rethrow=0 return_oop=0}
                      ; - (reexecute) org.lwjgl.opengl.GLContext::getCapabilitiesImpl@5 (line 132)
                      ; - org.lwjgl.opengl.GLContext::getCapabilities@0 (line 122)
                      ; - org.lwjgl.opengl.GL11::glBindTexture@0 (line 651)
                      ; - com.badlogic.gdx.backends.lwjgl.LwjglGL20::glBindTexture@2 (line 93)
                      ; - com.badlogic.gdx.graphics.GLTexture::bind@11 (line 66)
                      ; - com.badlogic.gdx.graphics.g2d.SpriteBatch::flush@58 (line 964)
  0x0000021d28a32eb8: 444e 7bff 

  0x0000021d28a32ebc: ;   {other}
  0x0000021d28a32ebc: 0f1f 8400 | 2c20 005f | baf6 ffff | ff41 8be8 | 4489 1c24 

  0x0000021d28a32ed0: ;   {runtime_call UncommonTrapBlob}
  0x0000021d28a32ed0: c5f8 77e8 

  0x0000021d28a32ed4: ; ImmutableOopMap {rbp=NarrowOop }
                      ;*invokevirtual setVertices {reexecute=0 rethrow=0 return_oop=0}
                      ; - com.badlogic.gdx.graphics.g2d.SpriteBatch::flush@76 (line 966)
  0x0000021d28a32ed4: 284e 7bff 

  0x0000021d28a32ed8: ;   {other}
  0x0000021d28a32ed8: 0f1f 8400 | 4820 0060 | baf6 ffff | ff41 8be8 | 4489 1c24 

  0x0000021d28a32eec: ;   {runtime_call UncommonTrapBlob}
  0x0000021d28a32eec: c5f8 77e8 

  0x0000021d28a32ef0: ; ImmutableOopMap {rbp=NarrowOop }
                      ;*invokeinterface setVertices {reexecute=0 rethrow=0 return_oop=0}
                      ; - com.badlogic.gdx.graphics.Mesh::setVertices@7 (line 208)
                      ; - com.badlogic.gdx.graphics.g2d.SpriteBatch::flush@76 (line 966)
  0x0000021d28a32ef0: 0c4e 7bff 

  0x0000021d28a32ef4: ;   {other}
  0x0000021d28a32ef4: 0f1f 8400 | 6420 0061 | baf4 ffff | ff49 8be9 | 8974 2408 | 4889 4c24 | 1044 8944 | 2418 4489 
  0x0000021d28a32f14: 5c24 1c90 

  0x0000021d28a32f18: ;   {runtime_call UncommonTrapBlob}
  0x0000021d28a32f18: c5f8 77e8 

  0x0000021d28a32f1c: ; ImmutableOopMap {rbp=Oop [8]=NarrowOop [16]=Oop [24]=NarrowOop }
                      ;*instanceof {reexecute=0 rethrow=0 return_oop=0}
                      ; - com.badlogic.gdx.utils.BufferUtils::copy@1 (line 50)
                      ; - com.badlogic.gdx.graphics.glutils.VertexArray::setVertices@7 (line 84)
                      ; - com.badlogic.gdx.graphics.Mesh::setVertices@7 (line 208)
                      ; - com.badlogic.gdx.graphics.g2d.SpriteBatch::flush@76 (line 966)
  0x0000021d28a32f1c: e04d 7bff 

  0x0000021d28a32f20: ;   {other}
  0x0000021d28a32f20: 0f1f 8400 | 9020 0062 | baf6 ffff | ff66 6690 

  0x0000021d28a32f30: ;   {runtime_call UncommonTrapBlob}
  0x0000021d28a32f30: c5f8 77e8 

  0x0000021d28a32f34: ; ImmutableOopMap {}
                      ;*invokevirtual position {reexecute=0 rethrow=0 return_oop=0}
                      ; - com.badlogic.gdx.graphics.glutils.VertexArray::setVertices@15 (line 85)
                      ; - com.badlogic.gdx.graphics.Mesh::setVertices@7 (line 208)
                      ; - com.badlogic.gdx.graphics.g2d.SpriteBatch::flush@76 (line 966)
  0x0000021d28a32f34: c84d 7bff 

  0x0000021d28a32f38: ;   {other}
  0x0000021d28a32f38: 0f1f 8400 | a820 0063 | baf6 ffff | ff66 6690 

  0x0000021d28a32f48: ;   {runtime_call UncommonTrapBlob}
  0x0000021d28a32f48: c5f8 77e8 

  0x0000021d28a32f4c: ; ImmutableOopMap {}
                      ;*invokeinterface getBuffer {reexecute=0 rethrow=0 return_oop=0}
                      ; - com.badlogic.gdx.graphics.Mesh::getIndicesBuffer@4 (line 814)
                      ; - com.badlogic.gdx.graphics.g2d.SpriteBatch::flush@81 (line 967)
  0x0000021d28a32f4c: b04d 7bff 

  0x0000021d28a32f50: ;   {other}
  0x0000021d28a32f50: 0f1f 8400 | c020 0064 | baf6 ffff | ff66 6690 

  0x0000021d28a32f60: ;   {runtime_call UncommonTrapBlob}
  0x0000021d28a32f60: c5f8 77e8 

  0x0000021d28a32f64: ; ImmutableOopMap {}
                      ;*invokevirtual position {reexecute=0 rethrow=0 return_oop=0}
                      ; - com.badlogic.gdx.graphics.g2d.SpriteBatch::flush@85 (line 967)
  0x0000021d28a32f64: 984d 7bff 

  0x0000021d28a32f68: ;   {other}
  0x0000021d28a32f68: 0f1f 8400 | d820 0065 | baf6 ffff | ff66 6690 

  0x0000021d28a32f78: ;   {runtime_call UncommonTrapBlob}
  0x0000021d28a32f78: c5f8 77e8 

  0x0000021d28a32f7c: ; ImmutableOopMap {}
                      ;*invokeinterface glEnable {reexecute=0 rethrow=0 return_oop=0}
                      ; - com.badlogic.gdx.graphics.g2d.SpriteBatch::flush@125 (line 973)
  0x0000021d28a32f7c: 804d 7bff 

  0x0000021d28a32f80: ;   {other}
  0x0000021d28a32f80: 0f1f 8400 | f020 0066 | baf6 ffff | ff66 6690 

  0x0000021d28a32f90: ;   {runtime_call UncommonTrapBlob}
  0x0000021d28a32f90: c5f8 77e8 

  0x0000021d28a32f94: ; ImmutableOopMap {}
                      ;*getfield owner {reexecute=1 rethrow=0 return_oop=0}
                      ; - (reexecute) org.lwjgl.opengl.GLContext::getCapabilitiesImpl@5 (line 132)
                      ; - org.lwjgl.opengl.GLContext::getCapabilities@0 (line 122)
                      ; - org.lwjgl.opengl.GL11::glEnable@0 (line 1012)
                      ; - com.badlogic.gdx.backends.lwjgl.LwjglGL20::glEnable@1 (line 292)
                      ; - com.badlogic.gdx.graphics.g2d.SpriteBatch::flush@125 (line 973)
  0x0000021d28a32f94: 684d 7bff 

  0x0000021d28a32f98: ;   {other}
  0x0000021d28a32f98: 0f1f 8400 | 0821 0067 | baf6 ffff | ff41 8beb | 4489 0424 | 4489 4c24 | 0444 8954 | 2408 6690 
  0x0000021d28a32fb8: ;   {runtime_call UncommonTrapBlob}
  0x0000021d28a32fb8: c5f8 77e8 

  0x0000021d28a32fbc: ; ImmutableOopMap {}
                      ;*invokeinterface glBlendFuncSeparate {reexecute=0 rethrow=0 return_oop=0}
                      ; - com.badlogic.gdx.graphics.g2d.SpriteBatch::flush@157 (line 974)
  0x0000021d28a32fbc: 404d 7bff 

  0x0000021d28a32fc0: ;   {other}
  0x0000021d28a32fc0: 0f1f 8400 | 3021 0068 | baf6 ffff | ff66 6690 

  0x0000021d28a32fd0: ;   {runtime_call UncommonTrapBlob}
  0x0000021d28a32fd0: c5f8 77e8 

  0x0000021d28a32fd4: ; ImmutableOopMap {}
                      ;*getfield owner {reexecute=1 rethrow=0 return_oop=0}
                      ; - (reexecute) org.lwjgl.opengl.GLContext::getCapabilitiesImpl@5 (line 132)
                      ; - org.lwjgl.opengl.GLContext::getCapabilities@0 (line 122)
                      ; - org.lwjgl.opengl.GL14::glBlendFuncSeparate@0 (line 238)
                      ; - com.badlogic.gdx.backends.lwjgl.LwjglGL20::glBlendFuncSeparate@5 (line 113)
                      ; - com.badlogic.gdx.graphics.g2d.SpriteBatch::flush@157 (line 974)
  0x0000021d28a32fd4: 284d 7bff 

  0x0000021d28a32fd8: ;   {other}
  0x0000021d28a32fd8: 0f1f 8400 | 4821 0069 | baf6 ffff | ff8b eb90 

  0x0000021d28a32fe8: ;   {runtime_call UncommonTrapBlob}
  0x0000021d28a32fe8: c5f8 77e8 

  0x0000021d28a32fec: ; ImmutableOopMap {rbp=NarrowOop }
                      ;*invokeinterface bind {reexecute=0 rethrow=0 return_oop=0}
                      ; - com.badlogic.gdx.graphics.Mesh::bind@6 (line 391)
                      ; - com.badlogic.gdx.graphics.Mesh::bind@3 (line 382)
                      ; - com.badlogic.gdx.graphics.Mesh::render@13 (line 490)
                      ; - com.badlogic.gdx.graphics.Mesh::render@10 (line 460)
                      ; - com.badlogic.gdx.graphics.g2d.SpriteBatch::flush@184 (line 977)
  0x0000021d28a32fec: 104d 7bff 

  0x0000021d28a32ff0: ;   {other}
  0x0000021d28a32ff0: 0f1f 8400 | 6021 006a | baf6 ffff | ff66 6690 

  0x0000021d28a33000: ;   {runtime_call UncommonTrapBlob}
  0x0000021d28a33000: c5f8 77e8 

  0x0000021d28a33004: ; ImmutableOopMap {}
                      ;*invokeinterface getNumIndices {reexecute=0 rethrow=0 return_oop=0}
                      ; - com.badlogic.gdx.graphics.Mesh::bind@15 (line 392)
                      ; - com.badlogic.gdx.graphics.Mesh::bind@3 (line 382)
                      ; - com.badlogic.gdx.graphics.Mesh::render@13 (line 490)
                      ; - com.badlogic.gdx.graphics.Mesh::render@10 (line 460)
                      ; - com.badlogic.gdx.graphics.g2d.SpriteBatch::flush@184 (line 977)
  0x0000021d28a33004: f84c 7bff 

  0x0000021d28a33008: ;   {other}
  0x0000021d28a33008: 0f1f 8400 | 7821 006b | baf6 ffff | ff66 6690 

  0x0000021d28a33018: ;   {runtime_call UncommonTrapBlob}
  0x0000021d28a33018: c5f8 77e8 

  0x0000021d28a3301c: ; ImmutableOopMap {}
                      ;*invokevirtual limit {reexecute=0 rethrow=0 return_oop=0}
                      ; - com.badlogic.gdx.graphics.glutils.IndexArray::getNumIndices@15 (line 49)
                      ; - com.badlogic.gdx.graphics.Mesh::bind@15 (line 392)
                      ; - com.badlogic.gdx.graphics.Mesh::bind@3 (line 382)
                      ; - com.badlogic.gdx.graphics.Mesh::render@13 (line 490)
                      ; - com.badlogic.gdx.graphics.Mesh::render@10 (line 460)
                      ; - com.badlogic.gdx.graphics.g2d.SpriteBatch::flush@184 (line 977)
  0x0000021d28a3301c: e04c 7bff 

  0x0000021d28a33020: ;   {other}
  0x0000021d28a33020: 0f1f 8400 | 9021 006c | baf6 ffff | ff41 8bea 

  0x0000021d28a33030: ;   {runtime_call UncommonTrapBlob}
  0x0000021d28a33030: c5f8 77e8 

  0x0000021d28a33034: ; ImmutableOopMap {[0]=NarrowOop }
                      ;*invokeinterface glDrawElements {reexecute=0 rethrow=0 return_oop=0}
                      ; - com.badlogic.gdx.graphics.Mesh::render@88 (line 499)
                      ; - com.badlogic.gdx.graphics.Mesh::render@10 (line 460)
                      ; - com.badlogic.gdx.graphics.g2d.SpriteBatch::flush@184 (line 977)
  0x0000021d28a33034: c84c 7bff 

  0x0000021d28a33038: ;   {other}
  0x0000021d28a33038: 0f1f 8400 | a821 006d | baf6 ffff | ff66 6690 

  0x0000021d28a33048: ;   {runtime_call UncommonTrapBlob}
  0x0000021d28a33048: c5f8 77e8 

  0x0000021d28a3304c: ; ImmutableOopMap {}
                      ;*getfield owner {reexecute=1 rethrow=0 return_oop=0}
                      ; - (reexecute) org.lwjgl.opengl.GLContext::getCapabilitiesImpl@5 (line 132)
                      ; - org.lwjgl.opengl.GLContext::getCapabilities@0 (line 122)
                      ; - org.lwjgl.opengl.GL11::glDrawElements@0 (line 1105)
                      ; - com.badlogic.gdx.backends.lwjgl.LwjglGL20::glDrawElements@21 (line 281)
                      ; - com.badlogic.gdx.graphics.Mesh::render@88 (line 499)
                      ; - com.badlogic.gdx.graphics.Mesh::render@10 (line 460)
                      ; - com.badlogic.gdx.graphics.g2d.SpriteBatch::flush@184 (line 977)
  0x0000021d28a3304c: b04c 7bff 

  0x0000021d28a33050: ;   {other}
  0x0000021d28a33050: 0f1f 8400 | c021 006e | baf6 ffff | ff66 6690 

  0x0000021d28a33060: ;   {runtime_call UncommonTrapBlob}
  0x0000021d28a33060: c5f8 77e8 

  0x0000021d28a33064: ; ImmutableOopMap {}
                      ;*getfield references_stack {reexecute=1 rethrow=0 return_oop=0}
                      ; - (reexecute) org.lwjgl.opengl.StateTracker::getReferences@4 (line 85)
                      ; - org.lwjgl.opengl.StateTracker::getElementArrayBufferBound@1 (line 143)
                      ; - org.lwjgl.opengl.GLChecks::ensureElementVBOdisabled@7 (line 82)
                      ; - org.lwjgl.opengl.GL11::glDrawElements@14 (line 1108)
                      ; - com.badlogic.gdx.backends.lwjgl.LwjglGL20::glDrawElements@21 (line 281)
                      ; - com.badlogic.gdx.graphics.Mesh::render@88 (line 499)
                      ; - com.badlogic.gdx.graphics.Mesh::render@10 (line 460)
                      ; - com.badlogic.gdx.graphics.g2d.SpriteBatch::flush@184 (line 977)
  0x0000021d28a33064: 984c 7bff 

  0x0000021d28a33068: ;   {other}
  0x0000021d28a33068: 0f1f 8400 | d821 006f | baf6 ffff | ff66 6690 

  0x0000021d28a33078: ;   {runtime_call UncommonTrapBlob}
  0x0000021d28a33078: c5f8 77e8 

  0x0000021d28a3307c: ; ImmutableOopMap {}
                      ;*invokevirtual getReferences {reexecute=0 rethrow=0 return_oop=0}
                      ; - org.lwjgl.opengl.StateTracker::getReferences@7 (line 85)
                      ; - org.lwjgl.opengl.StateTracker::getElementArrayBufferBound@1 (line 143)
                      ; - org.lwjgl.opengl.GLChecks::ensureElementVBOdisabled@7 (line 82)
                      ; - org.lwjgl.opengl.GL11::glDrawElements@14 (line 1108)
                      ; - com.badlogic.gdx.backends.lwjgl.LwjglGL20::glDrawElements@21 (line 281)
                      ; - com.badlogic.gdx.graphics.Mesh::render@88 (line 499)
                      ; - com.badlogic.gdx.graphics.Mesh::render@10 (line 460)
                      ; - com.badlogic.gdx.graphics.g2d.SpriteBatch::flush@184 (line 977)
  0x0000021d28a3307c: 804c 7bff 

  0x0000021d28a33080: ;   {other}
  0x0000021d28a33080: 0f1f 8400 | f021 0070 | baf6 ffff | ff66 6690 

  0x0000021d28a33090: ;   {runtime_call UncommonTrapBlob}
  0x0000021d28a33090: c5f8 77e8 

  0x0000021d28a33094: ; ImmutableOopMap {}
                      ;*aaload {reexecute=0 rethrow=0 return_oop=0}
                      ; - org.lwjgl.opengl.ReferencesStack::getReferences@8 (line 41)
                      ; - org.lwjgl.opengl.StateTracker::getReferences@7 (line 85)
                      ; - org.lwjgl.opengl.StateTracker::getElementArrayBufferBound@1 (line 143)
                      ; - org.lwjgl.opengl.GLChecks::ensureElementVBOdisabled@7 (line 82)
                      ; - org.lwjgl.opengl.GL11::glDrawElements@14 (line 1108)
                      ; - com.badlogic.gdx.backends.lwjgl.LwjglGL20::glDrawElements@21 (line 281)
                      ; - com.badlogic.gdx.graphics.Mesh::render@88 (line 499)
                      ; - com.badlogic.gdx.graphics.Mesh::render@10 (line 460)
                      ; - com.badlogic.gdx.graphics.g2d.SpriteBatch::flush@184 (line 977)
  0x0000021d28a33094: 684c 7bff 

  0x0000021d28a33098: ;   {other}
  0x0000021d28a33098: 0f1f 8400 | 0822 0071 | baf6 ffff | ff66 6690 

  0x0000021d28a330a8: ;   {runtime_call UncommonTrapBlob}
  0x0000021d28a330a8: c5f8 77e8 

  0x0000021d28a330ac: ; ImmutableOopMap {}
                      ;*getfield vertexArrayObject {reexecute=1 rethrow=0 return_oop=0}
                      ; - (reexecute) org.lwjgl.opengl.StateTracker::getElementArrayBufferBound@6 (line 145)
                      ; - org.lwjgl.opengl.GLChecks::ensureElementVBOdisabled@7 (line 82)
                      ; - org.lwjgl.opengl.GL11::glDrawElements@14 (line 1108)
                      ; - com.badlogic.gdx.backends.lwjgl.LwjglGL20::glDrawElements@21 (line 281)
                      ; - com.badlogic.gdx.graphics.Mesh::render@88 (line 499)
                      ; - com.badlogic.gdx.graphics.Mesh::render@10 (line 460)
                      ; - com.badlogic.gdx.graphics.g2d.SpriteBatch::flush@184 (line 977)
  0x0000021d28a330ac: 504c 7bff 

  0x0000021d28a330b0: ;   {other}
  0x0000021d28a330b0: 0f1f 8400 | 2022 0072 | baf6 ffff | ff8b 6c24 | 0866 6690 

  0x0000021d28a330c4: ;   {runtime_call UncommonTrapBlob}
  0x0000021d28a330c4: c5f8 77e8 

  0x0000021d28a330c8: ; ImmutableOopMap {rbp=NarrowOop }
                      ;*invokeinterface unbind {reexecute=0 rethrow=0 return_oop=0}
                      ; - com.badlogic.gdx.graphics.Mesh::unbind@6 (line 409)
                      ; - com.badlogic.gdx.graphics.Mesh::unbind@3 (line 400)
                      ; - com.badlogic.gdx.graphics.Mesh::render@253 (line 518)
                      ; - com.badlogic.gdx.graphics.Mesh::render@10 (line 460)
                      ; - com.badlogic.gdx.graphics.g2d.SpriteBatch::flush@184 (line 977)
  0x0000021d28a330c8: 344c 7bff 

  0x0000021d28a330cc: ;   {other}
  0x0000021d28a330cc: 0f1f 8400 | 3c22 0073 | baf6 ffff | ff66 6690 

  0x0000021d28a330dc: ;   {runtime_call UncommonTrapBlob}
  0x0000021d28a330dc: c5f8 77e8 

  0x0000021d28a330e0: ; ImmutableOopMap {}
                      ;*invokevirtual size {reexecute=0 rethrow=0 return_oop=0}
                      ; - com.badlogic.gdx.graphics.glutils.VertexArray::unbind@4 (line 154)
                      ; - com.badlogic.gdx.graphics.Mesh::unbind@6 (line 409)
                      ; - com.badlogic.gdx.graphics.Mesh::unbind@3 (line 400)
                      ; - com.badlogic.gdx.graphics.Mesh::render@253 (line 518)
                      ; - com.badlogic.gdx.graphics.Mesh::render@10 (line 460)
                      ; - com.badlogic.gdx.graphics.g2d.SpriteBatch::flush@184 (line 977)
  0x0000021d28a330e0: 1c4c 7bff 

  0x0000021d28a330e4: ;   {other}
  0x0000021d28a330e4: 0f1f 8400 | 5422 0074 | baf6 ffff | ff66 6690 

  0x0000021d28a330f4: ;   {runtime_call UncommonTrapBlob}
  0x0000021d28a330f4: c5f8 77e8 

  0x0000021d28a330f8: ; ImmutableOopMap {}
                      ;*arraylength {reexecute=0 rethrow=0 return_oop=0}
                      ; - com.badlogic.gdx.graphics.VertexAttributes::size@4 (line 103)
                      ; - com.badlogic.gdx.graphics.glutils.VertexArray::unbind@4 (line 154)
                      ; - com.badlogic.gdx.graphics.Mesh::unbind@6 (line 409)
                      ; - com.badlogic.gdx.graphics.Mesh::unbind@3 (line 400)
                      ; - com.badlogic.gdx.graphics.Mesh::render@253 (line 518)
                      ; - com.badlogic.gdx.graphics.Mesh::render@10 (line 460)
                      ; - com.badlogic.gdx.graphics.g2d.SpriteBatch::flush@184 (line 977)
  0x0000021d28a330f8: 044c 7bff 

  0x0000021d28a330fc: ;   {other}
  0x0000021d28a330fc: 0f1f 8400 | 6c22 0075 | baf6 ffff | ff66 6690 

  0x0000021d28a3310c: ;   {runtime_call UncommonTrapBlob}
  0x0000021d28a3310c: c5f8 77e8 

  0x0000021d28a33110: ; ImmutableOopMap {}
                      ;*invokeinterface getNumIndices {reexecute=0 rethrow=0 return_oop=0}
                      ; - com.badlogic.gdx.graphics.Mesh::unbind@15 (line 410)
                      ; - com.badlogic.gdx.graphics.Mesh::unbind@3 (line 400)
                      ; - com.badlogic.gdx.graphics.Mesh::render@253 (line 518)
                      ; - com.badlogic.gdx.graphics.Mesh::render@10 (line 460)
                      ; - com.badlogic.gdx.graphics.g2d.SpriteBatch::flush@184 (line 977)
  0x0000021d28a33110: ec4b 7bff 

  0x0000021d28a33114: ;   {other}
  0x0000021d28a33114: 0f1f 8400 | 8422 0076 | baf6 ffff | ff66 6690 

  0x0000021d28a33124: ;   {runtime_call UncommonTrapBlob}
  0x0000021d28a33124: c5f8 77e8 

  0x0000021d28a33128: ; ImmutableOopMap {}
                      ;*invokevirtual limit {reexecute=0 rethrow=0 return_oop=0}
                      ; - com.badlogic.gdx.graphics.glutils.IndexArray::getNumIndices@15 (line 49)
                      ; - com.badlogic.gdx.graphics.Mesh::unbind@15 (line 410)
                      ; - com.badlogic.gdx.graphics.Mesh::unbind@3 (line 400)
                      ; - com.badlogic.gdx.graphics.Mesh::render@253 (line 518)
                      ; - com.badlogic.gdx.graphics.Mesh::render@10 (line 460)
                      ; - com.badlogic.gdx.graphics.g2d.SpriteBatch::flush@184 (line 977)
  0x0000021d28a33128: d44b 7bff 

  0x0000021d28a3312c: ;   {other}
  0x0000021d28a3312c: 0f1f 8400 | 9c22 0077 | eb00 488b | d0eb 2148 | 8bd0 eb1c | 488b d0eb | 1748 8bd0 | eb12 488b 
  0x0000021d28a3314c: d0eb 0d48 | 8bd0 eb08 | 488b d0eb | 0348 8bd0 | c5f8 7748 | 83c4 705d 

  0x0000021d28a33164: ;   {runtime_call _rethrow_Java}
  0x0000021d28a33164: e997 fb88 

  0x0000021d28a33168: ;   {internal_word}
  0x0000021d28a33168: ff49 ba5e | 1ca3 281d | 0200 004d | 8997 6004 

  0x0000021d28a33178: ;   {runtime_call SafepointBlob}
  0x0000021d28a33178: 0000 e901 

  0x0000021d28a3317c: ;   {runtime_call StubRoutines (final stubs)}
  0x0000021d28a3317c: 3a7b ffe8 | 3c2b 79ff | e951 e1ff | fff4 f4f4 | f4f4 f4f4 
[Stub Code]
  0x0000021d28a33190: ;   {no_reloc}
  0x0000021d28a33190: 48bb 0000 | 0000 0000 

  0x0000021d28a33198: ;   {runtime_call nmethod}
  0x0000021d28a33198: 0000 e9fb 

  0x0000021d28a3319c: ;   {static_stub}
  0x0000021d28a3319c: ffff ff48 | bb00 0000 | 0000 0000 

  0x0000021d28a331a8: ;   {runtime_call nmethod}
  0x0000021d28a331a8: 00e9 fbff 

  0x0000021d28a331ac: ;   {static_stub}
  0x0000021d28a331ac: ffff 48bb | 0000 0000 | 0000 0000 

  0x0000021d28a331b8: ;   {runtime_call nmethod}
  0x0000021d28a331b8: e9fb ffff 

  0x0000021d28a331bc: ;   {static_stub}
  0x0000021d28a331bc: ff48 bb00 | 0000 0000 

  0x0000021d28a331c4: ;   {runtime_call nmethod}
  0x0000021d28a331c4: 0000 00e9 | fbff ffff 

  0x0000021d28a331cc: ;   {static_stub}
  0x0000021d28a331cc: 48bb 0000 | 0000 0000 

  0x0000021d28a331d4: ;   {runtime_call nmethod}
  0x0000021d28a331d4: 0000 e9fb 

  0x0000021d28a331d8: ;   {static_stub}
  0x0000021d28a331d8: ffff ff48 | bb00 0000 | 0000 0000 

  0x0000021d28a331e4: ;   {runtime_call nmethod}
  0x0000021d28a331e4: 00e9 fbff 

  0x0000021d28a331e8: ;   {static_stub}
  0x0000021d28a331e8: ffff 48bb | 0000 0000 | 0000 0000 

  0x0000021d28a331f4: ;   {runtime_call nmethod}
  0x0000021d28a331f4: e9fb ffff 

  0x0000021d28a331f8: ;   {static_stub}
  0x0000021d28a331f8: ff48 bb00 | 0000 0000 

  0x0000021d28a33200: ;   {runtime_call nmethod}
  0x0000021d28a33200: 0000 00e9 | fbff ffff 

  0x0000021d28a33208: ;   {static_stub}
  0x0000021d28a33208: 48bb 0000 | 0000 0000 

  0x0000021d28a33210: ;   {runtime_call nmethod}
  0x0000021d28a33210: 0000 e9fb 

  0x0000021d28a33214: ;   {runtime_call ExceptionBlob}
  0x0000021d28a33214: ffff ffe9 | e4d9 88ff 
[Deopt Handler Code]
  0x0000021d28a3321c: e800 0000 | 0048 832c 

  0x0000021d28a33224: ;   {runtime_call DeoptimizationBlob}
  0x0000021d28a33224: 2405 e9f5 | 4d7b fff4 | f4f4 f4f4 
[/MachCode]


Compiled method (c2) 2383891 5221       4       com.badlogic.gdx.scenes.scene2d.ui.Image::draw (200 bytes)
 total in heap  [0x0000021d28d2bb90,0x0000021d28d2d120] = 5520
 relocation     [0x0000021d28d2bcf0,0x0000021d28d2be10] = 288
 constants      [0x0000021d28d2be20,0x0000021d28d2be40] = 32
 main code      [0x0000021d28d2be40,0x0000021d28d2c8a8] = 2664
 stub code      [0x0000021d28d2c8a8,0x0000021d28d2c8f0] = 72
 oops           [0x0000021d28d2c8f0,0x0000021d28d2c8f8] = 8
 metadata       [0x0000021d28d2c8f8,0x0000021d28d2c9d0] = 216
 scopes data    [0x0000021d28d2c9d0,0x0000021d28d2cdd8] = 1032
 scopes pcs     [0x0000021d28d2cdd8,0x0000021d28d2cfc8] = 496
 dependencies   [0x0000021d28d2cfc8,0x0000021d28d2d000] = 56
 handler table  [0x0000021d28d2d000,0x0000021d28d2d0d8] = 216
 nul chk table  [0x0000021d28d2d0d8,0x0000021d28d2d120] = 72


[Constant Pool]
             Address          hex4                    hex8      
  0x0000021d28d2be20:   0x437f0000      0x3f800000437f0000      
  0x0000021d28d2be24:   0x3f800000                              
  0x0000021d28d2be28:   0x00000000      0xf4f4f4f400000000      
  0x0000021d28d2be2c:   0xf4f4f4f4                              
  0x0000021d28d2be30:   0xf4f4f4f4      0xf4f4f4f4f4f4f4f4      
  0x0000021d28d2be34:   0xf4f4f4f4                              
  0x0000021d28d2be38:   0xf4f4f4f4      0xf4f4f4f4f4f4f4f4      
  0x0000021d28d2be3c:   0xf4f4f4f4                              

[MachCode]
[Entry Point]
  # {method} {0x0000021d0080cea0} 'draw' '(Lcom/badlogic/gdx/graphics/g2d/Batch;F)V' in 'com/badlogic/gdx/scenes/scene2d/ui/Image'
  # this:     rdx:rdx   = 'com/badlogic/gdx/scenes/scene2d/ui/Image'
  # parm0:    r8:r8     = 'com/badlogic/gdx/graphics/g2d/Batch'
  # parm1:    xmm0      = float
  #           [sp+0x80]  (sp of caller)
  0x0000021d28d2be40: ;   {no_reloc}
  0x0000021d28d2be40: 448b 5208 | 49bb 0000 | 003e 1d02 | 0000 4d03 | d349 3bc2 

  0x0000021d28d2be54: ;   {runtime_call ic_miss_stub}
  0x0000021d28d2be54: 0f85 262b | 4bff 6690 | 0f1f 4000 
[Verified Entry Point]
  0x0000021d28d2be60: 8984 2400 | 80ff ff55 | 4883 ec70 | 4181 7f20 | 0300 0000 | 0f85 240a | 0000 c5fa | 1144 2430 
  0x0000021d28d2be80: 4c89 4424 | 2848 8954 | 2420 440f | b65a 5845 | 85db 0f84 | 7807 0000 | 440f b652 | 3345 85d2 
  0x0000021d28d2bea0: 0f85 8e07 | 0000 440f | b652 3245 | 85d2 0f85 | 3205 0000 | 488b 5424 | 2048 b8ff | ffff ffff 
  0x0000021d28d2bec0: ;   {virtual_call}
  0x0000021d28d2bec0: ffff ffe8 

  0x0000021d28d2bec4: ; ImmutableOopMap {[32]=Oop [40]=Oop }
                      ;*invokevirtual getColor {reexecute=0 rethrow=0 return_oop=1}
                      ; - com.badlogic.gdx.scenes.scene2d.ui.Image::draw@5 (line 118)
  0x0000021d28d2bec4: 3840 59ff 

  0x0000021d28d2bec8: ;   {other}
  0x0000021d28d2bec8: 0f1f 8400 | 3803 0000 

  0x0000021d28d2bed0: ; implicit exception: dispatches to 0x0000021d28d2c718
  0x0000021d28d2bed0: c5fa 1048 | 0cc5 fa10 | 4424 30c5 | fa59 6018 | c5fa 1058 | 14c5 fa10 | 5010 4c8b | 4c24 2845 
  0x0000021d28d2bef0: ;   {metadata('com/badlogic/gdx/graphics/g2d/SpriteBatch')}
  0x0000021d28d2bef0: 8b51 0841 | 81fa 20b5 | 1001 0f85 | ef05 0000 | 4c89 4c24 

  0x0000021d28d2bf04: ;   {section_word}
  0x0000021d28d2bf04: 28c5 ea59 | 0513 ffff 

  0x0000021d28d2bf0c: ;   {section_word}
  0x0000021d28d2bf0c: ffc5 f259 | 150b ffff 

  0x0000021d28d2bf14: ;   {section_word}
  0x0000021d28d2bf14: ffc5 da59 | 0d03 ffff 

  0x0000021d28d2bf1c: ;   {section_word}
  0x0000021d28d2bf1c: ffc5 e259 | 25fb feff | ffc5 7a2c | d041 81fa | 0000 0080 | 0f84 5309 | 0000 c57a | 2cd9 4181 
  0x0000021d28d2bf3c: fb00 0000 | 800f 842d | 0900 00c5 | 7a2c c241 | 81f8 0000 | 0080 0f84 | 0709 0000 | c57a 2ccc 
  0x0000021d28d2bf5c: 4181 f900 | 0000 800f | 84e1 0800 | 0041 c1e2 | 0841 c1e1 | 1041 c1e3 | 1845 0bd9 | 450b da45 
  0x0000021d28d2bf7c: 0bd8 4181 | e3ff ffff | fe4c 8b54 | 2428 4589 | 5a28 488b | 5424 2066 | 9048 b8ff | ffff ffff 
  0x0000021d28d2bf9c: ;   {virtual_call}
  0x0000021d28d2bf9c: ffff ffe8 

  0x0000021d28d2bfa0: ; ImmutableOopMap {[32]=Oop [40]=Oop }
                      ;*invokevirtual getX {reexecute=0 rethrow=0 return_oop=0}
                      ; - com.badlogic.gdx.scenes.scene2d.ui.Image::draw@34 (line 121)
  0x0000021d28d2bfa0: 54c0 73ff 

  0x0000021d28d2bfa4: ;   {other}
  0x0000021d28d2bfa4: 0f1f 8400 | 1404 0001 | c5fa 1144 | 2430 488b | 5424 2066 | 9048 b8ff | ffff ffff 

  0x0000021d28d2bfc0: ;   {virtual_call}
  0x0000021d28d2bfc0: ffff ffe8 

  0x0000021d28d2bfc4: ; ImmutableOopMap {[32]=Oop [40]=Oop }
                      ;*invokevirtual getY {reexecute=0 rethrow=0 return_oop=0}
                      ; - com.badlogic.gdx.scenes.scene2d.ui.Image::draw@40 (line 122)
  0x0000021d28d2bfc4: 60c0 73ff 

  0x0000021d28d2bfc8: ;   {other}
  0x0000021d28d2bfc8: 0f1f 8400 | 3804 0002 | c5fa 1144 | 2434 488b | 5424 2066 | 9048 b8ff | ffff ffff 

  0x0000021d28d2bfe4: ;   {virtual_call}
  0x0000021d28d2bfe4: ffff ffe8 

  0x0000021d28d2bfe8: ; ImmutableOopMap {[32]=Oop [40]=Oop }
                      ;*invokevirtual getScaleX {reexecute=0 rethrow=0 return_oop=0}
                      ; - com.badlogic.gdx.scenes.scene2d.ui.Image::draw@46 (line 123)
  0x0000021d28d2bfe8: 7c3a 59ff 

  0x0000021d28d2bfec: ;   {other}
  0x0000021d28d2bfec: 0f1f 8400 | 5c04 0003 | c5fa 1144 | 2438 488b | 5424 2066 | 9048 b8ff | ffff ffff 

  0x0000021d28d2c008: ;   {virtual_call}
  0x0000021d28d2c008: ffff ffe8 

  0x0000021d28d2c00c: ; ImmutableOopMap {[32]=Oop [40]=Oop }
                      ;*invokevirtual getScaleY {reexecute=0 rethrow=0 return_oop=0}
                      ; - com.badlogic.gdx.scenes.scene2d.ui.Image::draw@52 (line 124)
  0x0000021d28d2c00c: e83a 59ff 

  0x0000021d28d2c010: ;   {other}
  0x0000021d28d2c010: 0f1f 8400 | 8004 0004 | c5fa 1144 | 243c 4c8b | 5424 2041 | 8b6a 7485 | ed0f 84fd | 0000 0045 
  0x0000021d28d2c030: 8b54 ec08 

  0x0000021d28d2c034: ;   {metadata('com/badlogic/gdx/scenes/scene2d/utils/TextureRegionDrawable')}
  0x0000021d28d2c034: 4181 fae0 | 4e03 010f | 857f 0600 | 0048 8b54 | 2420 6666 | 9048 b8ff | ffff ffff 

  0x0000021d28d2c050: ;   {virtual_call}
  0x0000021d28d2c050: ffff ffe8 

  0x0000021d28d2c054: ; ImmutableOopMap {[32]=Oop [40]=Oop }
                      ;*invokevirtual getRotation {reexecute=0 rethrow=0 return_oop=0}
                      ; - com.badlogic.gdx.scenes.scene2d.ui.Image::draw@68 (line 127)
  0x0000021d28d2c054: 48ca 73ff 

  0x0000021d28d2c058: ;   {other}
  0x0000021d28d2c058: 0f1f 8400 | c804 0005 | c578 28c8 | 4c8b 5424 | 2041 8b5a | 74c4 c17a | 1042 60c4 | c17a 1052 
  0x0000021d28d2c078: 64c5 fa10 | 4c24 30c5 | f258 e8c5 | fa10 6424 | 34c5 da58 | fac4 417a | 1042 68c4 | 417a 1052 
  0x0000021d28d2c098: 6cc5 fa10 

  0x0000021d28d2c09c: ;   {section_word}
  0x0000021d28d2c09c: 7424 38c5 | f82e 357d | fdff ff7a | 060f 8490 | 0000 00c5 | 7a10 6424 

  0x0000021d28d2c0b4: ;   {section_word}
  0x0000021d28d2c0b4: 3ceb 10c5 | 7a10 2565 

  0x0000021d28d2c0bc: ;   {section_word}
  0x0000021d28d2c0bc: fdff ffc5 | fa10 355d | fdff ff45 | 8b5c dc08 

  0x0000021d28d2c0cc: ;   {metadata('com/badlogic/gdx/scenes/scene2d/utils/TextureRegionDrawable')}
  0x0000021d28d2c0cc: 4181 fbe0 | 4e03 010f | 85fb 0500 | 00c4 c17a | 105a 20c4 | c17a 104a | 1cc5 e25c | dac5 f25c 
  0x0000021d28d2c0ec: d04d 8d14 | dc45 8b52 | 284d 8bc2 | 49c1 e003 | 488b 5424 | 28c5 f828 | c5c5 f828 | cfc4 c178 
  0x0000021d28d2c10c: 28e0 c4c1 | 7828 eac4 | c178 28fc | c57a 110c 

  0x0000021d28d2c11c: ;   {optimized virtual_call}
  0x0000021d28d2c11c: 2466 90e8 

  0x0000021d28d2c120: ; ImmutableOopMap {}
                      ;*invokeinterface draw {reexecute=0 rethrow=0 return_oop=0}
                      ; - com.badlogic.gdx.scenes.scene2d.utils.TextureRegionDrawable::draw@21 (line 50)
                      ; - com.badlogic.gdx.scenes.scene2d.ui.Image::draw@148 (line 129)
  0x0000021d28d2c120: bc7b d4ff 

  0x0000021d28d2c124: ;   {other}
  0x0000021d28d2c124: 0f1f 8400 | 9405 0006 | 4883 c470 

  0x0000021d28d2c130: ;   {poll_return}
  0x0000021d28d2c130: 5d49 3ba7 | 4804 0000 | 0f87 f606 | 0000 c3c5 | fa10 7424 

  0x0000021d28d2c144: ;   {section_word}
  0x0000021d28d2c144: 3cc5 f82e | 35d7 fcff | ff0f 8a8b | 0300 000f | 8585 0300 

  0x0000021d28d2c158: ;   {section_word}
  0x0000021d28d2c158: 00c5 782e | 0dc7 fcff | ff0f 8a50 | ffff ff0f | 854a ffff | ff85 db74 | bb45 8b54 

  0x0000021d28d2c174: ;   {metadata('com/badlogic/gdx/scenes/scene2d/utils/TextureRegionDrawable')}
  0x0000021d28d2c174: dc08 4181 | fae0 4e03 | 010f 8555 | 0400 004c | 8b54 2428 | 410f b66a | 3885 ed0f | 84bb 0400 
  0x0000021d28d2c194: 004d 8d14 | dc45 8b4a | 2843 8b4c | cc24 4c8b | 5424 2841 | 8b5a 4045 | 8b5a 4441 | 3bcb 0f84 
  0x0000021d28d2c1b4: 4902 0000 | 895c 2440 | c57a 1154 | 2434 c57a | 1144 2430 | c5fa 117c | 2424 c5fa | 116c 2420 
  0x0000021d28d2c1d4: 4f8d 14cc | 4489 4c24 | 3848 8be9 | 48c1 e503 | 894c 243c | 488b 5424 | 284c 8954 

  0x0000021d28d2c1f0: ;   {optimized virtual_call}
  0x0000021d28d2c1f0: 2448 90e8 

  0x0000021d28d2c1f4: ; ImmutableOopMap {rbp=Oop [40]=Oop [56]=NarrowOop [60]=NarrowOop [64]=NarrowOop [72]=Oop }
                      ;*invokevirtual flush {reexecute=0 rethrow=0 return_oop=0}
                      ; - com.badlogic.gdx.graphics.g2d.SpriteBatch::switchTexture@1 (line 1073)
                      ; - com.badlogic.gdx.graphics.g2d.SpriteBatch::draw@41 (line 603)
                      ; - com.badlogic.gdx.scenes.scene2d.utils.TextureRegionDrawable::draw@11 (line 45)
                      ; - com.badlogic.gdx.scenes.scene2d.ui.Image::draw@194 (line 134)
  0x0000021d28d2c1f4: c850 d0ff 

  0x0000021d28d2c1f8: ;   {other}
  0x0000021d28d2c1f8: 0f1f 8400 | 6806 0007 | 4180 7f40 | 000f 8549 | 0200 008b | 7c24 3c4c | 8b54 2428 | 4189 7a44 
  0x0000021d28d2c218: 4c8b d54c | 8b5c 2428 | 4d33 d349 | c1ea 164d | 85d2 741e | 85ff 741a | 49c1 eb09 | 48b9 00e0 
  0x0000021d28d2c238: 582e 1d02 | 0000 4903 | cb80 3902 | 0f85 4602 | 0000 418b | 6cfc 2445 | 8b5c ec08 | 4d8d 14ec 
  0x0000021d28d2c258: ;   {metadata('com/badlogic/gdx/graphics/glutils/FileTextureData')}
  0x0000021d28d2c258: 4181 fb00 | 0003 0174 

  0x0000021d28d2c260: ;   {metadata('com/badlogic/gdx/graphics/glutils/GLOnlyTextureData')}
  0x0000021d28d2c260: 1641 81fb | 0097 1e01 | 0f85 3204 | 0000 4d8b | c245 8b40 | 0ceb 074d | 8bc2 458b | 400c c4c1 
  0x0000021d28d2c280: ;   {section_word}
  0x0000021d28d2c280: 7a2a c0c5 | fa10 0d99 | fbff ffc5 | f25e c84c | 8b44 2428 | c4c1 7a11 

  0x0000021d28d2c298: ;   {metadata('com/badlogic/gdx/graphics/glutils/FileTextureData')}
  0x0000021d28d2c298: 4810 4181 | fb00 0003 

  0x0000021d28d2c2a0: ;   {metadata('com/badlogic/gdx/graphics/glutils/GLOnlyTextureData')}
  0x0000021d28d2c2a0: 0174 1341 | 81fb 0097 | 1e01 0f85 | d103 0000 | 458b 5a10 | eb04 458b | 5a10 418b | 700c c4c1 
  0x0000021d28d2c2c0: ;   {section_word}
  0x0000021d28d2c2c0: 722a cbc5 | fa10 1559 | fbff ffc5 | ea5e c1c4 | c17a 1140 | 14c5 fa10 | 6c24 20c5 | fa10 7c24 
  0x0000021d28d2c2e0: 24c5 7a10 | 4424 30c5 | 7a10 5424 | 3444 8b4c | 2438 8b5c | 2440 458b | 5cdc 0cc4 | 817a 104c 
  0x0000021d28d2c300: cc14 c4c1 | 4258 dac4 | c152 58d0 | 4c8b 5424 | 28c4 c17a | 1072 28c4 | 817a 1064 | cc0c c401 
  0x0000021d28d2c320: 7a10 4ccc | 18c4 817a | 1044 cc10 | 413b f30f | 83eb 0100 | 0044 8d46 | 134d 8d0c | dcc4 c17a 
  0x0000021d28d2c340: 116c b110 | 453b c30f | 832b 0200 | 004c 63d6 | c481 7a11 | 7c91 14c4 | 817a 1174 | 9118 c481 
  0x0000021d28d2c360: 7a11 6491 | 1cc4 017a | 114c 9120 | c481 7a11 | 6c91 24c4 | 817a 115c | 9128 c481 | 7a11 7491 
  0x0000021d28d2c380: 2cc4 817a | 1164 9130 | c481 7a11 | 4491 34c4 | 817a 1154 | 9138 c481 | 7a11 5c91 | 3cc4 817a 
  0x0000021d28d2c3a0: 1174 9140 | c481 7a11 | 4c91 44c4 | 817a 1144 | 9148 c481 | 7a11 5491 | 4cc4 817a | 117c 9150 
  0x0000021d28d2c3c0: ;   {no_reloc}
  0x0000021d28d2c3c0: c481 7a11 | 7491 54c4 | 817a 114c | 9158 c401 | 7a11 4c91 | 5c83 c614 | 4c8b 5424 | 2841 8972 
  0x0000021d28d2c3e0: 0ce9 46fd | ffff 4488 | 6232 498b 

  0x0000021d28d2c3ec: ;   {optimized virtual_call}
  0x0000021d28d2c3ec: e866 90e8 

  0x0000021d28d2c3f0: ; ImmutableOopMap {rbp=Oop [32]=Oop [40]=Oop }
                      ;*invokevirtual layout {reexecute=0 rethrow=0 return_oop=0}
                      ; - com.badlogic.gdx.scenes.scene2d.ui.Widget::validate@89 (line 88)
                      ; - com.badlogic.gdx.scenes.scene2d.ui.Image::draw@1 (line 116)
  0x0000021d28d2c3f0: ac9e 0700 

  0x0000021d28d2c3f4: ;   {other}
  0x0000021d28d2c3f4: 0f1f 8400 | 6408 0008 | e9b3 faff | ff41 8b7c | dc0c 418b | 720c 3bf7 | 0f85 e4fe | ffff ba45 
  0x0000021d28d2c414: ffff ff48 | 8b6c 2428 | 4489 4c24 | 20c5 fa11 | 6c24 24c5 | fa11 7c24 | 28c5 7a11 | 4424 2cc5 
  0x0000021d28d2c434: 7a11 5424 | 3089 5c24 | 3489 7424 | 3889 7c24 

  0x0000021d28d2c444: ;   {runtime_call UncommonTrapBlob}
  0x0000021d28d2c444: 3c66 90e8 

  0x0000021d28d2c448: ; ImmutableOopMap {rbp=Oop [32]=NarrowOop [52]=NarrowOop }
                      ;*if_icmpne {reexecute=1 rethrow=0 return_oop=0}
                      ; - (reexecute) com.badlogic.gdx.graphics.g2d.SpriteBatch::draw@54 (line 604)
                      ; - com.badlogic.gdx.scenes.scene2d.utils.TextureRegionDrawable::draw@11 (line 45)
                      ; - com.badlogic.gdx.scenes.scene2d.ui.Image::draw@194 (line 134)
  0x0000021d28d2c448: b4b8 4bff 

  0x0000021d28d2c44c: ;   {other}
  0x0000021d28d2c44c: 0f1f 8400 | bc08 0009 | 4c8b 5424 | 2845 8b52 | 4445 85d2 | 0f84 a5fd | ffff 4d8b | 5f28 498b 
  0x0000021d28d2c46c: ca48 c1e1 | 034d 85db | 0f84 ea01 | 0000 4d8b | 5738 4b89 | 4c1a f849 | 83c3 f84d | 895f 28e9 
  0x0000021d28d2c48c: 7bfd ffff | 4d8b 5748 | 4d8b 5f58 | f083 4424 | c000 8039 | 000f 84a3 | fdff ff44 | 8821 4d85 
  0x0000021d28d2c4ac: d275 1d49 | 8bd7 49ba | 10a1 488e | fb7f 0000 

  0x0000021d28d2c4bc: ;   {other}
  0x0000021d28d2c4bc: 41ff d20f | 1f84 0000 | 0000 00e9 | 7efd ffff | 4b89 4c13 | f849 83c2 | f84d 8957 | 48e9 6cfd 
  0x0000021d28d2c4dc: ffff c578 

  0x0000021d28d2c4e0: ;   {section_word}
  0x0000021d28d2c4e0: 28e6 c5fa | 1035 3af9 | ffff e9d8 | fbff ffba | deff ffff | 488b 6c24 | 20c5 fa11 | 4c24 30c5 
  0x0000021d28d2c500: fa11 5424 | 34c5 fa11 | 5c24 38c5 | fa11 6424 

  0x0000021d28d2c510: ;   {runtime_call UncommonTrapBlob}
  0x0000021d28d2c510: 3c66 90e8 

  0x0000021d28d2c514: ; ImmutableOopMap {rbp=Oop [40]=Oop }
                      ;*invokeinterface setColor {reexecute=0 rethrow=0 return_oop=0}
                      ; - com.badlogic.gdx.scenes.scene2d.ui.Image::draw@28 (line 119)
  0x0000021d28d2c514: e8b7 4bff 

  0x0000021d28d2c518: ;   {other}
  0x0000021d28d2c518: 0f1f 8400 | 8809 000a | bae4 ffff | ff48 ff74 | 2428 488f | 4424 20c5 | fa11 7c24 | 2cc5 fa11 
  0x0000021d28d2c538: 5424 34c5 | fa11 5c24 | 38c5 fa11 | 6424 3cc5 | 7a11 4c24 | 40c5 fa11 | 4c24 44c5 | f97e c5c5 
  0x0000021d28d2c558: fa11 7424 | 4889 5c24 | 5089 7424 | 54c5 fa11 

  0x0000021d28d2c568: ;   {runtime_call UncommonTrapBlob}
  0x0000021d28d2c568: 6c24 58e8 

  0x0000021d28d2c56c: ; ImmutableOopMap {[32]=Oop [80]=NarrowOop }
                      ;*fastore {reexecute=0 rethrow=0 return_oop=0}
                      ; - com.badlogic.gdx.graphics.g2d.SpriteBatch::draw@114 (line 616)
                      ; - com.badlogic.gdx.scenes.scene2d.utils.TextureRegionDrawable::draw@11 (line 45)
                      ; - com.badlogic.gdx.scenes.scene2d.ui.Image::draw@194 (line 134)
  0x0000021d28d2c56c: 90b7 4bff 

  0x0000021d28d2c570: ;   {other}
  0x0000021d28d2c570: 0f1f 8400 | e009 000b | 8d6e 01ba | e4ff ffff | 48ff 7424 | 2848 8f44 | 2420 c5fa | 116c 2428 
  0x0000021d28d2c590: c5fa 1154 | 2434 c5fa | 115c 2438 | c5fa 1164 | 243c c57a | 114c 2440 | c5fa 114c | 2444 c5fa 
  0x0000021d28d2c5b0: 1144 2448 | c5fa 1174 | 244c 8974 | 2450 895c | 2454 c5fa | 117c 2458 

  0x0000021d28d2c5c8: ;   {runtime_call UncommonTrapBlob}
  0x0000021d28d2c5c8: 6666 90e8 

  0x0000021d28d2c5cc: ; ImmutableOopMap {[32]=Oop [84]=NarrowOop }
                      ;*fastore {reexecute=0 rethrow=0 return_oop=0}
                      ; - com.badlogic.gdx.graphics.g2d.SpriteBatch::draw@122 (line 617)
                      ; - com.badlogic.gdx.scenes.scene2d.utils.TextureRegionDrawable::draw@11 (line 45)
                      ; - com.badlogic.gdx.scenes.scene2d.ui.Image::draw@194 (line 134)
  0x0000021d28d2c5cc: 30b7 4bff 

  0x0000021d28d2c5d0: ;   {other}
  0x0000021d28d2c5d0: 0f1f 8400 | 400a 000c | bade ffff | ff8b eb48 | ff74 2428 | 488f 4424 | 20c5 fa11 | 6c24 28c5 
  0x0000021d28d2c5f0: fa11 7c24 | 2cc5 7a11 | 4424 30c5 | 7a11 5424 

  0x0000021d28d2c600: ;   {runtime_call UncommonTrapBlob}
  0x0000021d28d2c600: 3466 90e8 

  0x0000021d28d2c604: ; ImmutableOopMap {rbp=NarrowOop [32]=Oop }
                      ;*invokeinterface draw {reexecute=0 rethrow=0 return_oop=0}
                      ; - com.badlogic.gdx.scenes.scene2d.ui.Image::draw@194 (line 134)
  0x0000021d28d2c604: f8b6 4bff 

  0x0000021d28d2c608: ;   {other}
  0x0000021d28d2c608: 0f1f 8400 | 780a 000d | ba45 ffff | ff48 8b6c | 2420 4c89 | 4424 2044 | 895c 242c 

  0x0000021d28d2c624: ;   {runtime_call UncommonTrapBlob}
  0x0000021d28d2c624: 6666 90e8 

  0x0000021d28d2c628: ; ImmutableOopMap {rbp=Oop [32]=Oop }
                      ;*ifne {reexecute=1 rethrow=0 return_oop=0}
                      ; - (reexecute) com.badlogic.gdx.scenes.scene2d.ui.Widget::validate@4 (line 70)
                      ; - com.badlogic.gdx.scenes.scene2d.ui.Image::draw@1 (line 116)
  0x0000021d28d2c628: d4b6 4bff 

  0x0000021d28d2c62c: ;   {other}
  0x0000021d28d2c62c: 0f1f 8400 | 9c0a 000e | 8b6a 38ba | 45ff ffff | 4489 5424 

  0x0000021d28d2c640: ;   {runtime_call UncommonTrapBlob}
  0x0000021d28d2c640: 3466 90e8 

  0x0000021d28d2c644: ; ImmutableOopMap {rbp=NarrowOop [32]=Oop [40]=Oop }
                      ;*ifeq {reexecute=1 rethrow=0 return_oop=0}
                      ; - (reexecute) com.badlogic.gdx.scenes.scene2d.ui.Widget::validate@17 (line 73)
                      ; - com.badlogic.gdx.scenes.scene2d.ui.Image::draw@1 (line 116)
  0x0000021d28d2c644: b8b6 4bff 

  0x0000021d28d2c648: ;   {other}
  0x0000021d28d2c648: 0f1f 8400 | b80a 000f | ba45 ffff 

  0x0000021d28d2c654: ;   {runtime_call UncommonTrapBlob}
  0x0000021d28d2c654: ff66 90e8 

  0x0000021d28d2c658: ; ImmutableOopMap {}
                      ;*ifne {reexecute=1 rethrow=0 return_oop=0}
                      ; - (reexecute) com.badlogic.gdx.graphics.g2d.SpriteBatch::draw@4 (line 597)
                      ; - com.badlogic.gdx.scenes.scene2d.utils.TextureRegionDrawable::draw@11 (line 45)
                      ; - com.badlogic.gdx.scenes.scene2d.ui.Image::draw@194 (line 134)
  0x0000021d28d2c658: a4b6 4bff 

  0x0000021d28d2c65c: ;   {other}
  0x0000021d28d2c65c: 0f1f 8400 | cc0a 0010 | 498b d749 | ba30 a148 | 8efb 7f00 | 0041 ffd2 

  0x0000021d28d2c674: ;   {other}
  0x0000021d28d2c674: 0f1f 8400 | 0000 0000 | e98a fbff | ffba c6ff | ffff 448b | 5424 4044 | 8954 243c 

  0x0000021d28d2c690: ;   {runtime_call UncommonTrapBlob}
  0x0000021d28d2c690: 6666 90e8 

  0x0000021d28d2c694: ; ImmutableOopMap {rbp=NarrowOop [40]=Oop [56]=NarrowOop [60]=NarrowOop }
                      ;*invokeinterface getHeight {reexecute=0 rethrow=0 return_oop=0}
                      ; - com.badlogic.gdx.graphics.Texture::getHeight@4 (line 174)
                      ; - com.badlogic.gdx.graphics.g2d.SpriteBatch::switchTexture@23 (line 1076)
                      ; - com.badlogic.gdx.graphics.g2d.SpriteBatch::draw@41 (line 603)
                      ; - com.badlogic.gdx.scenes.scene2d.utils.TextureRegionDrawable::draw@11 (line 45)
                      ; - com.badlogic.gdx.scenes.scene2d.ui.Image::draw@194 (line 134)
  0x0000021d28d2c694: 68b6 4bff 

  0x0000021d28d2c698: ;   {other}
  0x0000021d28d2c698: 0f1f 8400 | 080b 0011 | bac6 ffff | ff44 8b54 | 2440 4489 | 5424 3c89 

  0x0000021d28d2c6b0: ;   {runtime_call UncommonTrapBlob}
  0x0000021d28d2c6b0: 7c24 48e8 

  0x0000021d28d2c6b4: ; ImmutableOopMap {rbp=NarrowOop [40]=Oop [56]=NarrowOop [60]=NarrowOop [72]=NarrowOop }
                      ;*invokeinterface getWidth {reexecute=0 rethrow=0 return_oop=0}
                      ; - com.badlogic.gdx.graphics.Texture::getWidth@4 (line 169)
                      ; - com.badlogic.gdx.graphics.g2d.SpriteBatch::switchTexture@12 (line 1075)
                      ; - com.badlogic.gdx.graphics.g2d.SpriteBatch::draw@41 (line 603)
                      ; - com.badlogic.gdx.scenes.scene2d.utils.TextureRegionDrawable::draw@11 (line 45)
                      ; - com.badlogic.gdx.scenes.scene2d.ui.Image::draw@194 (line 134)
  0x0000021d28d2c6b4: 48b6 4bff 

  0x0000021d28d2c6b8: ;   {other}
  0x0000021d28d2c6b8: 0f1f 8400 | 280b 0012 | bade ffff 

  0x0000021d28d2c6c4: ;   {runtime_call UncommonTrapBlob}
  0x0000021d28d2c6c4: ff66 90e8 

  0x0000021d28d2c6c8: ; ImmutableOopMap {rbp=NarrowOop [32]=Oop [40]=Oop }
                      ;*instanceof {reexecute=0 rethrow=0 return_oop=0}
                      ; - com.badlogic.gdx.scenes.scene2d.ui.Image::draw@61 (line 126)
  0x0000021d28d2c6c8: 34b6 4bff 

  0x0000021d28d2c6cc: ;   {other}
  0x0000021d28d2c6cc: 0f1f 8400 | 3c0b 0013 | bade ffff | ff48 8b6c | 2420 48ff | 7424 2848 | 8f44 2420 | c5fa 114c 
  0x0000021d28d2c6ec: 2428 c5fa | 1164 242c | c5fa 1174 | 2430 c57a | 1164 2434 | c57a 114c | 2438 895c 

  0x0000021d28d2c708: ;   {runtime_call UncommonTrapBlob}
  0x0000021d28d2c708: 243c 90e8 

  0x0000021d28d2c70c: ; ImmutableOopMap {rbp=Oop [32]=Oop [60]=NarrowOop }
                      ;*checkcast {reexecute=0 rethrow=0 return_oop=0}
                      ; - com.badlogic.gdx.scenes.scene2d.ui.Image::draw@98 (line 129)
  0x0000021d28d2c70c: f0b5 4bff 

  0x0000021d28d2c710: ;   {other}
  0x0000021d28d2c710: 0f1f 8400 | 800b 0014 | baf6 ffff 

  0x0000021d28d2c71c: ;   {runtime_call UncommonTrapBlob}
  0x0000021d28d2c71c: ff66 90e8 

  0x0000021d28d2c720: ; ImmutableOopMap {}
                      ;*getfield r {reexecute=1 rethrow=0 return_oop=0}
                      ; - (reexecute) com.badlogic.gdx.scenes.scene2d.ui.Image::draw@11 (line 119)
  0x0000021d28d2c720: dcb5 4bff 

  0x0000021d28d2c724: ;   {other}
  0x0000021d28d2c724: 0f1f 8400 | 940b 0015 | baf6 ffff | ffc5 f97e | cdc5 fa11 | 5424 20c5 | fa11 5c24 | 24c5 fa11 
  0x0000021d28d2c744: ;   {runtime_call UncommonTrapBlob}
  0x0000021d28d2c744: 6424 28e8 

  0x0000021d28d2c748: ; ImmutableOopMap {}
                      ;*invokeinterface setColor {reexecute=0 rethrow=0 return_oop=0}
                      ; - com.badlogic.gdx.scenes.scene2d.ui.Image::draw@28 (line 119)
  0x0000021d28d2c748: b4b5 4bff 

  0x0000021d28d2c74c: ;   {other}
  0x0000021d28d2c74c: 0f1f 8400 | bc0b 0016 | 488b d0eb | 2648 8bd0 | eb21 488b | d0eb 1c48 | 8bd0 eb17 | 488b d0eb 
  0x0000021d28d2c76c: 1248 8bd0 | eb0d 488b | d0eb 0848 | 8bd0 eb03 | 488b d048 | 83c4 705d 

  0x0000021d28d2c784: ;   {runtime_call _rethrow_Java}
  0x0000021d28d2c784: e977 6559 | ffba f4ff | ffff 488b | 6c24 2048 | ff74 2428 | 488f 4424 | 20c5 fa11 | 4c24 28c5 
  0x0000021d28d2c7a4: fa11 6424 | 2cc5 fa11 | 7424 30c5 | 7a11 6424 | 34c5 7a11 

  0x0000021d28d2c7b8: ;   {runtime_call UncommonTrapBlob}
  0x0000021d28d2c7b8: 4c24 38e8 

  0x0000021d28d2c7bc: ; ImmutableOopMap {rbp=Oop [32]=Oop }
                      ;*checkcast {reexecute=0 rethrow=0 return_oop=0}
                      ; - com.badlogic.gdx.scenes.scene2d.ui.Image::draw@98 (line 129)
  0x0000021d28d2c7bc: 40b5 4bff 

  0x0000021d28d2c7c0: ;   {other}
  0x0000021d28d2c7c0: 0f1f 8400 | 300c 0017 | baf6 ffff 

  0x0000021d28d2c7cc: ;   {runtime_call UncommonTrapBlob}
  0x0000021d28d2c7cc: ff66 90e8 

  0x0000021d28d2c7d0: ; ImmutableOopMap {}
                      ;*getfield texture {reexecute=1 rethrow=0 return_oop=0}
                      ; - (reexecute) com.badlogic.gdx.graphics.g2d.SpriteBatch::draw@24 (line 601)
                      ; - com.badlogic.gdx.scenes.scene2d.utils.TextureRegionDrawable::draw@11 (line 45)
                      ; - com.badlogic.gdx.scenes.scene2d.ui.Image::draw@194 (line 134)
  0x0000021d28d2c7d0: 2cb5 4bff 

  0x0000021d28d2c7d4: ;   {other}
  0x0000021d28d2c7d4: 0f1f 8400 | 440c 0018 | baf6 ffff | ff8b eec5 | fa11 6c24 

  0x0000021d28d2c7e8: ;   {runtime_call UncommonTrapBlob}
  0x0000021d28d2c7e8: 2066 90e8 

  0x0000021d28d2c7ec: ; ImmutableOopMap {}
                      ;*fastore {reexecute=0 rethrow=0 return_oop=0}
                      ; - com.badlogic.gdx.graphics.g2d.SpriteBatch::draw@114 (line 616)
                      ; - com.badlogic.gdx.scenes.scene2d.utils.TextureRegionDrawable::draw@11 (line 45)
                      ; - com.badlogic.gdx.scenes.scene2d.ui.Image::draw@194 (line 134)
  0x0000021d28d2c7ec: 10b5 4bff 

  0x0000021d28d2c7f0: ;   {other}
  0x0000021d28d2c7f0: 0f1f 8400 | 600c 0019 | baf6 ffff 

  0x0000021d28d2c7fc: ;   {runtime_call UncommonTrapBlob}
  0x0000021d28d2c7fc: ff66 90e8 

  0x0000021d28d2c800: ; ImmutableOopMap {}
                      ;*invokevirtual getWidth {reexecute=0 rethrow=0 return_oop=0}
                      ; - com.badlogic.gdx.graphics.g2d.SpriteBatch::switchTexture@12 (line 1075)
                      ; - com.badlogic.gdx.graphics.g2d.SpriteBatch::draw@41 (line 603)
                      ; - com.badlogic.gdx.scenes.scene2d.utils.TextureRegionDrawable::draw@11 (line 45)
                      ; - com.badlogic.gdx.scenes.scene2d.ui.Image::draw@194 (line 134)
  0x0000021d28d2c800: fcb4 4bff 

  0x0000021d28d2c804: ;   {other}
  0x0000021d28d2c804: 0f1f 8400 | 740c 001a | baf6 ffff 

  0x0000021d28d2c810: ;   {runtime_call UncommonTrapBlob}
  0x0000021d28d2c810: ff66 90e8 

  0x0000021d28d2c814: ; ImmutableOopMap {}
                      ;*invokeinterface getWidth {reexecute=0 rethrow=0 return_oop=0}
                      ; - com.badlogic.gdx.graphics.Texture::getWidth@4 (line 169)
                      ; - com.badlogic.gdx.graphics.g2d.SpriteBatch::switchTexture@12 (line 1075)
                      ; - com.badlogic.gdx.graphics.g2d.SpriteBatch::draw@41 (line 603)
                      ; - com.badlogic.gdx.scenes.scene2d.utils.TextureRegionDrawable::draw@11 (line 45)
                      ; - com.badlogic.gdx.scenes.scene2d.ui.Image::draw@194 (line 134)
  0x0000021d28d2c814: e8b4 4bff 

  0x0000021d28d2c818: ;   {other}
  0x0000021d28d2c818: 0f1f 8400 | 880c 001b | baf6 ffff 

  0x0000021d28d2c824: ;   {runtime_call UncommonTrapBlob}
  0x0000021d28d2c824: ff66 90e8 

  0x0000021d28d2c828: ; ImmutableOopMap {}
                      ;*arraylength {reexecute=0 rethrow=0 return_oop=0}
                      ; - com.badlogic.gdx.graphics.g2d.SpriteBatch::draw@53 (line 604)
                      ; - com.badlogic.gdx.scenes.scene2d.utils.TextureRegionDrawable::draw@11 (line 45)
                      ; - com.badlogic.gdx.scenes.scene2d.ui.Image::draw@194 (line 134)
  0x0000021d28d2c828: d4b4 4bff 

  0x0000021d28d2c82c: ;   {other}
  0x0000021d28d2c82c: 0f1f 8400 | 9c0c 001c 

  0x0000021d28d2c834: ;   {internal_word}
  0x0000021d28d2c834: 49ba 31c1 | d228 1d02 | 0000 4d89 | 9760 0400 

  0x0000021d28d2c844: ;   {runtime_call SafepointBlob}
  0x0000021d28d2c844: 00e9 36a3 | 4bff 4883 | ec08 c5fb 

  0x0000021d28d2c850: ;   {runtime_call StubRoutines (initial stubs)}
  0x0000021d28d2c850: 1124 24e8 | 664a 46ff | 4159 e90a | f7ff ff48 | 83ec 08c5 | fb11 1424 

  0x0000021d28d2c868: ;   {runtime_call StubRoutines (initial stubs)}
  0x0000021d28d2c868: e851 4a46 | ff41 58e9 | e4f6 ffff | 4883 ec08 | c5fb 110c 

  0x0000021d28d2c87c: ;   {runtime_call StubRoutines (initial stubs)}
  0x0000021d28d2c87c: 24e8 3c4a | 46ff 415b | e9be f6ff | ff48 83ec | 08c5 fb11 

  0x0000021d28d2c890: ;   {runtime_call StubRoutines (initial stubs)}
  0x0000021d28d2c890: 0424 e827 | 4a46 ff41 | 5ae9 98f6 

  0x0000021d28d2c89c: ;   {runtime_call StubRoutines (final stubs)}
  0x0000021d28d2c89c: ffff e81d | 9449 ffe9 | d2f5 ffff 
[Stub Code]
  0x0000021d28d2c8a8: ;   {no_reloc}
  0x0000021d28d2c8a8: 48bb 0000 | 0000 0000 

  0x0000021d28d2c8b0: ;   {runtime_call nmethod}
  0x0000021d28d2c8b0: 0000 e9fb 

  0x0000021d28d2c8b4: ;   {static_stub}
  0x0000021d28d2c8b4: ffff ff48 | bb00 0000 | 0000 0000 

  0x0000021d28d2c8c0: ;   {runtime_call nmethod}
  0x0000021d28d2c8c0: 00e9 fbff 

  0x0000021d28d2c8c4: ;   {static_stub}
  0x0000021d28d2c8c4: ffff 48bb | 0000 0000 | 0000 0000 

  0x0000021d28d2c8d0: ;   {runtime_call nmethod}
  0x0000021d28d2c8d0: e9fb ffff 

  0x0000021d28d2c8d4: ;   {runtime_call ExceptionBlob}
  0x0000021d28d2c8d4: ffe9 2643 | 59ff e800 | 0000 0048 | 832c 2405 

  0x0000021d28d2c8e4: ;   {runtime_call DeoptimizationBlob}
  0x0000021d28d2c8e4: e937 b74b | fff4 f4f4 | f4f4 f4f4 
[/MachCode]


---------------  P R O C E S S  ---------------

Threads class SMR info:
_java_thread_list=0x0000021d0e4912b0, length=23, elements={
0x0000021d3a67a450, 0x0000021d3a67b0a0, 0x0000021d3a67e500, 0x0000021d3d5c5320,
0x0000021d3d5c8c20, 0x0000021d3d5c9650, 0x0000021d3d5d7ee0, 0x0000021d3d5da960,
0x0000021d3d7536c0, 0x0000021d3d757aa0, 0x0000021d7f574230, 0x0000021d186bf330,
0x0000021d054c5360, 0x0000021d05673d90, 0x0000021d0dabc8d0, 0x0000021d0dabd5f0,
0x0000021d0dabcf60, 0x0000021d0dab9ae0, 0x0000021d0dabae90, 0x0000021d0dab8730,
0x0000021d0daba800, 0x0000021d0daba170, 0x0000021d0dab80a0
}

Java Threads: ( => current thread )
  0x0000021d3a67a450 JavaThread "Reference Handler"          daemon [_thread_blocked, id=12820, stack(0x000000700c000000,0x000000700c100000) (1024K)]
  0x0000021d3a67b0a0 JavaThread "Finalizer"                  daemon [_thread_blocked, id=29948, stack(0x000000700c100000,0x000000700c200000) (1024K)]
  0x0000021d3a67e500 JavaThread "Signal Dispatcher"          daemon [_thread_blocked, id=1840, stack(0x000000700c200000,0x000000700c300000) (1024K)]
  0x0000021d3d5c5320 JavaThread "Attach Listener"            daemon [_thread_blocked, id=35964, stack(0x000000700c300000,0x000000700c400000) (1024K)]
  0x0000021d3d5c8c20 JavaThread "Service Thread"             daemon [_thread_blocked, id=20160, stack(0x000000700c400000,0x000000700c500000) (1024K)]
  0x0000021d3d5c9650 JavaThread "Monitor Deflation Thread"   daemon [_thread_blocked, id=19020, stack(0x000000700c500000,0x000000700c600000) (1024K)]
  0x0000021d3d5d7ee0 JavaThread "C2 CompilerThread0"         daemon [_thread_blocked, id=36444, stack(0x000000700c600000,0x000000700c700000) (1024K)]
  0x0000021d3d5da960 JavaThread "C1 CompilerThread0"         daemon [_thread_blocked, id=36516, stack(0x000000700c700000,0x000000700c800000) (1024K)]
  0x0000021d3d7536c0 JavaThread "Notification Thread"        daemon [_thread_blocked, id=17768, stack(0x000000700ca00000,0x000000700cb00000) (1024K)]
  0x0000021d3d757aa0 JavaThread "Common-Cleaner"             daemon [_thread_blocked, id=38764, stack(0x000000700cb00000,0x000000700cc00000) (1024K)]
=>0x0000021d7f574230 JavaThread "LWJGL Application"                 [_thread_in_native, id=38524, stack(0x000000700cc00000,0x000000700cd00000) (1024K)]
  0x0000021d186bf330 JavaThread "DestroyJavaVM"                     [_thread_blocked, id=24344, stack(0x000000700b800000,0x000000700b900000) (1024K)]
  0x0000021d054c5360 JavaThread "AsynchExecutor-Thread"      daemon [_thread_blocked, id=37920, stack(0x000000700d100000,0x000000700d200000) (1024K)]
  0x0000021d05673d90 JavaThread "RxIoScheduler-1 (Evictor)"  daemon [_thread_blocked, id=20956, stack(0x000000700dc00000,0x000000700dd00000) (1024K)]
  0x0000021d0dabc8d0 JavaThread "RxIoScheduler-24"           daemon [_thread_blocked, id=38640, stack(0x000000700fd00000,0x000000700fe00000) (1024K)]
  0x0000021d0dabd5f0 JavaThread "LWJGL Timer"                daemon [_thread_blocked, id=38108, stack(0x000000700d700000,0x000000700d800000) (1024K)]
  0x0000021d0dabcf60 JavaThread "Timer"                      daemon [_thread_blocked, id=34056, stack(0x000000700b500000,0x000000700b600000) (1024K)]
  0x0000021d0dab9ae0 JavaThread "RxComputationScheduler-1"   daemon [_thread_blocked, id=37044, stack(0x000000700b600000,0x000000700b700000) (1024K)]
  0x0000021d0dabae90 JavaThread "RxComputationScheduler-2"   daemon [_thread_blocked, id=33300, stack(0x000000700c900000,0x000000700ca00000) (1024K)]
  0x0000021d0dab8730 JavaThread "RxComputationScheduler-3"   daemon [_thread_blocked, id=31704, stack(0x000000700c800000,0x000000700c900000) (1024K)]
  0x0000021d0daba800 JavaThread "RxIoScheduler-41"           daemon [_thread_blocked, id=31528, stack(0x000000700b700000,0x000000700b800000) (1024K)]
  0x0000021d0daba170 JavaThread "RxIoScheduler-42"           daemon [_thread_blocked, id=23196, stack(0x000000700d600000,0x000000700d700000) (1024K)]
  0x0000021d0dab80a0 JavaThread "RxIoScheduler-43"           daemon [_thread_blocked, id=25904, stack(0x000000700d800000,0x000000700d900000) (1024K)]
Total: 23

Other Threads:
  0x0000021d3a660e90 VMThread "VM Thread"                           [id=31732, stack(0x000000700bf00000,0x000000700c000000) (1024K)]
  0x0000021d3d5c1920 WatcherThread "VM Periodic Task Thread"        [id=26048, stack(0x000000700be00000,0x000000700bf00000) (1024K)]
  0x0000021d3a4c8800 WorkerThread "GC Thread#0"                     [id=7532, stack(0x000000700b900000,0x000000700ba00000) (1024K)]
  0x0000021d0d668980 WorkerThread "GC Thread#1"                     [id=13588, stack(0x000000700dd00000,0x000000700de00000) (1024K)]
  0x0000021d05614da0 WorkerThread "GC Thread#2"                     [id=6384, stack(0x000000700de00000,0x000000700df00000) (1024K)]
  0x0000021d05615140 WorkerThread "GC Thread#3"                     [id=13168, stack(0x000000700df00000,0x000000700e000000) (1024K)]
  0x0000021d0574e0a0 WorkerThread "GC Thread#4"                     [id=16876, stack(0x000000700e000000,0x000000700e100000) (1024K)]
  0x0000021d0574e440 WorkerThread "GC Thread#5"                     [id=37272, stack(0x000000700e100000,0x000000700e200000) (1024K)]
  0x0000021d0575fe20 WorkerThread "GC Thread#6"                     [id=32624, stack(0x000000700e200000,0x000000700e300000) (1024K)]
  0x0000021d057605d0 WorkerThread "GC Thread#7"                     [id=33296, stack(0x000000700e300000,0x000000700e400000) (1024K)]
  0x0000021d058a0560 WorkerThread "GC Thread#8"                     [id=21232, stack(0x000000700e400000,0x000000700e500000) (1024K)]
  0x0000021d058a0ca0 WorkerThread "GC Thread#9"                     [id=2040, stack(0x000000700e500000,0x000000700e600000) (1024K)]
  0x0000021d0589f6e0 WorkerThread "GC Thread#10"                    [id=27068, stack(0x000000700e600000,0x000000700e700000) (1024K)]
  0x0000021d0589fa80 WorkerThread "GC Thread#11"                    [id=32876, stack(0x000000700e700000,0x000000700e800000) (1024K)]
  0x0000021d7f265340 WorkerThread "GC Thread#12"                    [id=28964, stack(0x000000700ce00000,0x000000700cf00000) (1024K)]
  0x0000021d1871e200 ConcurrentGCThread "G1 Main Marker"            [id=31228, stack(0x000000700ba00000,0x000000700bb00000) (1024K)]
  0x0000021d3a4d9ab0 WorkerThread "G1 Conc#0"                       [id=27140, stack(0x000000700bb00000,0x000000700bc00000) (1024K)]
  0x0000021d7f264c00 WorkerThread "G1 Conc#1"                       [id=3068, stack(0x000000700cf00000,0x000000700d000000) (1024K)]
  0x0000021d7f2661c0 WorkerThread "G1 Conc#2"                       [id=30424, stack(0x000000700d200000,0x000000700d300000) (1024K)]
  0x0000021d3a593780 ConcurrentGCThread "G1 Refine#0"               [id=35032, stack(0x000000700bc00000,0x000000700bd00000) (1024K)]
  0x0000021d3a5950b0 ConcurrentGCThread "G1 Service"                [id=14864, stack(0x000000700bd00000,0x000000700be00000) (1024K)]
Total: 21

Threads with active compile tasks:
Total: 0

VM state: not at safepoint (normal execution)

VM Mutex/Monitor currently owned by a thread: None

Heap address: 0x0000000604400000, size: 8124 MB, Compressed Oops mode: Zero based, Oop shift amount: 3

CDS archive(s) mapped at: [0x0000021d3e000000-0x0000021d3ec80000-0x0000021d3ec80000), size 13107200, SharedBaseAddress: 0x0000021d3e000000, ArchiveRelocationMode: 1.
Compressed class space mapped at: 0x0000021d3f000000-0x0000021d7f000000, reserved size: 1073741824
Narrow klass base: 0x0000021d3e000000, Narrow klass shift: 0, Narrow klass range: 0x100000000

GC Precious Log:
 CardTable entry size: 512
 Card Set container configuration: InlinePtr #cards 4 size 8 Array Of Cards #cards 32 size 80 Howl #buckets 8 coarsen threshold 7372 Howl Bitmap #cards 1024 size 144 coarsen threshold 921 Card regions per heap region 1 cards per card region 8192
 CPUs: 16 total, 16 available
 Memory: 32490M
 Large Page Support: Disabled
 NUMA Support: Disabled
 Compressed Oops: Enabled (Zero based)
 Heap Region Size: 4M
 Heap Min Capacity: 8M
 Heap Initial Capacity: 508M
 Heap Max Capacity: 8124M
 Pre-touch: Disabled
 Parallel Workers: 13
 Concurrent Workers: 3
 Concurrent Refinement Workers: 13
 Periodic GC: Disabled

Heap:
 garbage-first heap   total 81920K, used 19106K [0x0000000604400000, 0x0000000800000000)
  region size 4096K, 3 young (12288K), 2 survivors (8192K)
 Metaspace       used 22810K, committed 23168K, reserved 1114112K
  class space    used 3147K, committed 3328K, reserved 1048576K

Heap Regions: E=young(eden), S=young(survivor), O=old, HS=humongous(starts), HC=humongous(continues), CS=collection set, F=free, TAMS=top-at-mark-start, PB=parsable bottom
|   0|0x0000000604400000, 0x0000000604800000, 0x0000000604800000|100%| O|  |TAMS 0x0000000604400000| PB 0x0000000604400000| Untracked 
|   1|0x0000000604800000, 0x0000000604800000, 0x0000000604c00000|  0%| F|  |TAMS 0x0000000604800000| PB 0x0000000604800000| Untracked 
|   2|0x0000000604c00000, 0x0000000605000000, 0x0000000605000000|100%| O|  |TAMS 0x0000000604c00000| PB 0x0000000604c00000| Untracked 
|   3|0x0000000605000000, 0x0000000605400000, 0x0000000605400000|100%| O|  |TAMS 0x0000000605000000| PB 0x0000000605000000| Untracked 
|   4|0x0000000605400000, 0x00000006055c6750, 0x0000000605800000| 44%| O|  |TAMS 0x0000000605400000| PB 0x0000000605400000| Untracked 
|   5|0x0000000605800000, 0x0000000605800000, 0x0000000605c00000|  0%| F|  |TAMS 0x0000000605800000| PB 0x0000000605800000| Untracked 
|   6|0x0000000605c00000, 0x0000000605ce2280, 0x0000000606000000| 22%| S|CS|TAMS 0x0000000605c00000| PB 0x0000000605c00000| Complete 
|   7|0x0000000606000000, 0x0000000606000000, 0x0000000606400000|  0%| F|  |TAMS 0x0000000606000000| PB 0x0000000606000000| Untracked 
|   8|0x0000000606400000, 0x0000000606800000, 0x0000000606800000|100%| S|CS|TAMS 0x0000000606400000| PB 0x0000000606400000| Complete 
|   9|0x0000000606800000, 0x0000000606800000, 0x0000000606c00000|  0%| F|  |TAMS 0x0000000606800000| PB 0x0000000606800000| Untracked 
|  10|0x0000000606c00000, 0x0000000606c00000, 0x0000000607000000|  0%| F|  |TAMS 0x0000000606c00000| PB 0x0000000606c00000| Untracked 
|  11|0x0000000607000000, 0x0000000607000000, 0x0000000607400000|  0%| F|  |TAMS 0x0000000607000000| PB 0x0000000607000000| Untracked 
|  12|0x0000000607400000, 0x0000000607400000, 0x0000000607800000|  0%| F|  |TAMS 0x0000000607400000| PB 0x0000000607400000| Untracked 
|  13|0x0000000607800000, 0x0000000607800000, 0x0000000607c00000|  0%| F|  |TAMS 0x0000000607800000| PB 0x0000000607800000| Untracked 
|  14|0x0000000607c00000, 0x0000000607c00000, 0x0000000608000000|  0%| F|  |TAMS 0x0000000607c00000| PB 0x0000000607c00000| Untracked 
|  15|0x0000000608000000, 0x0000000608000000, 0x0000000608400000|  0%| F|  |TAMS 0x0000000608000000| PB 0x0000000608000000| Untracked 
|  80|0x0000000618400000, 0x0000000618400000, 0x0000000618800000|  0%| F|  |TAMS 0x0000000618400000| PB 0x0000000618400000| Untracked 
|  81|0x0000000618800000, 0x0000000618800000, 0x0000000618c00000|  0%| F|  |TAMS 0x0000000618800000| PB 0x0000000618800000| Untracked 
|  82|0x0000000618c00000, 0x0000000618c00000, 0x0000000619000000|  0%| F|  |TAMS 0x0000000618c00000| PB 0x0000000618c00000| Untracked 
| 126|0x0000000623c00000, 0x0000000623dabeb8, 0x0000000624000000| 41%| E|  |TAMS 0x0000000623c00000| PB 0x0000000623c00000| Complete 

Card table byte_map: [0x0000021d315b0000,0x0000021d32590000] _byte_map_base: 0x0000021d2e58e000

Marking Bits: (CMBitMap*) 0x0000021d1871d380
 Bits: [0x0000021d32590000, 0x0000021d3a480000)

Polling page: 0x0000021d17e20000

Metaspace:

Usage:
  Non-class:     19.20 MB used.
      Class:      3.07 MB used.
       Both:     22.28 MB used.

Virtual space:
  Non-class space:       64.00 MB reserved,      19.38 MB ( 30%) committed,  1 nodes.
      Class space:        1.00 GB reserved,       3.25 MB ( <1%) committed,  1 nodes.
             Both:        1.06 GB reserved,      22.62 MB (  2%) committed. 

Chunk freelists:
   Non-Class:  11.69 MB
       Class:  12.76 MB
        Both:  24.45 MB

MaxMetaspaceSize: unlimited
CompressedClassSpaceSize: 1.00 GB
Initial GC threshold: 21.00 MB
Current GC threshold: 35.12 MB
CDS: on
 - commit_granule_bytes: 65536.
 - commit_granule_words: 8192.
 - virtual_space_node_default_size: 8388608.
 - enlarge_chunks_in_place: 1.
 - use_allocation_guard: 0.


Internal statistics:

num_allocs_failed_limit: 3.
num_arena_births: 438.
num_arena_deaths: 0.
num_vsnodes_births: 2.
num_vsnodes_deaths: 0.
num_space_committed: 360.
num_space_uncommitted: 0.
num_chunks_returned_to_freelist: 3.
num_chunks_taken_from_freelist: 1283.
num_chunk_merges: 3.
num_chunk_splits: 848.
num_chunks_enlarged: 656.
num_inconsistent_stats: 0.

CodeHeap 'non-profiled nmethods': size=119168Kb used=5781Kb max_used=5781Kb free=113386Kb
 bounds [0x0000021d288e0000, 0x0000021d28e90000, 0x0000021d2fd40000]
CodeHeap 'profiled nmethods': size=119104Kb used=12730Kb max_used=12730Kb free=106374Kb
 bounds [0x0000021d20d40000, 0x0000021d219b0000, 0x0000021d28190000]
CodeHeap 'non-nmethods': size=7488Kb used=1898Kb max_used=3536Kb free=5589Kb
 bounds [0x0000021d28190000, 0x0000021d28510000, 0x0000021d288e0000]
 total_blobs=7210 nmethods=6482 adapters=632
 compilation: enabled
              stopped_count=0, restarted_count=0
 full_count=0

Compilation events (20 events):
Event: 2332.852 Thread 0x0000021d3d5da960 6473       3       sk.sivak.eldritchhorror.core.view.test.TestInfoTable::createLabel (46 bytes)
Event: 2332.853 Thread 0x0000021d3d5da960 nmethod 6473 0x0000021d219ab410 code [0x0000021d219ab620, 0x0000021d219abe58]
Event: 2351.502 Thread 0x0000021d3d5da960 6474       3       sk.sivak.eldritchhorror.core.view.components.typewriter.TypewriterViewImpl::replacePlaceholders (32 bytes)
Event: 2351.503 Thread 0x0000021d3d5da960 nmethod 6474 0x0000021d219ac090 code [0x0000021d219ac2e0, 0x0000021d219ac958]
Event: 2352.253 Thread 0x0000021d3d5d7ee0 6475   !   4       java.lang.String::replace (258 bytes)
Event: 2352.263 Thread 0x0000021d3d5d7ee0 nmethod 6475 0x0000021d28e81d90 code [0x0000021d28e81fc0, 0x0000021d28e82e10]
Event: 2361.069 Thread 0x0000021d3d5d7ee0 6476       4       java.util.Collections$SetFromMap::remove (19 bytes)
Event: 2361.073 Thread 0x0000021d3d5d7ee0 nmethod 6476 0x0000021d28e83890 code [0x0000021d28e83a60, 0x0000021d28e83ef0]
Event: 2361.073 Thread 0x0000021d3d5d7ee0 6477   !   4       java.util.zip.ZipFile$ZipFileInputStream::close (59 bytes)
Event: 2361.077 Thread 0x0000021d3d5d7ee0 nmethod 6477 0x0000021d28e84290 code [0x0000021d28e84480, 0x0000021d28e84c90]
Event: 2361.119 Thread 0x0000021d3d5da960 6478       3       sk.sivak.eldritchhorror.core.controller.GameControllerImpl$$Lambda/0x0000021d3f1efda0::test (12 bytes)
Event: 2361.119 Thread 0x0000021d3d5da960 nmethod 6478 0x0000021d219acc90 code [0x0000021d219ace60, 0x0000021d219ad208]
Event: 2361.119 Thread 0x0000021d3d5da960 6479       3       sk.sivak.eldritchhorror.core.controller.GameControllerImpl::lambda$getInvestigatorsAtLocation$5 (11 bytes)
Event: 2361.120 Thread 0x0000021d3d5da960 nmethod 6479 0x0000021d219ad390 code [0x0000021d219ad540, 0x0000021d219ad758]
Event: 2361.136 Thread 0x0000021d3d5da960 6480       3       com.badlogic.gdx.scenes.scene2d.actions.TemporalAction::begin (1 bytes)
Event: 2361.136 Thread 0x0000021d3d5da960 nmethod 6480 0x0000021d219ad890 code [0x0000021d219ada20, 0x0000021d219adb28]
Event: 2367.918 Thread 0x0000021d3d5da960 6481       3       jdk.internal.math.FDBigInteger::cmp (147 bytes)
Event: 2367.919 Thread 0x0000021d3d5da960 nmethod 6481 0x0000021d219adb90 code [0x0000021d219addc0, 0x0000021d219ae558]
Event: 2367.923 Thread 0x0000021d3d5d7ee0 6482       4       java.util.concurrent.atomic.AtomicInteger::getAndIncrement (12 bytes)
Event: 2367.923 Thread 0x0000021d3d5d7ee0 nmethod 6482 0x0000021d28e85190 code [0x0000021d28e85320, 0x0000021d28e853b0]

GC Heap History (14 events):
Event: 1.166 GC heap before
{Heap before GC invocations=0 (full 0):
 garbage-first heap   total 520192K, used 24576K [0x0000000604400000, 0x0000000800000000)
  region size 4096K, 6 young (24576K), 0 survivors (0K)
 Metaspace       used 4758K, committed 4928K, reserved 1114112K
  class space    used 356K, committed 448K, reserved 1048576K
}
Event: 1.170 GC heap after
{Heap after GC invocations=1 (full 0):
 garbage-first heap   total 520192K, used 5062K [0x0000000604400000, 0x0000000800000000)
  region size 4096K, 1 young (4096K), 1 survivors (4096K)
 Metaspace       used 4758K, committed 4928K, reserved 1114112K
  class space    used 356K, committed 448K, reserved 1048576K
}
Event: 1.445 GC heap before
{Heap before GC invocations=1 (full 0):
 garbage-first heap   total 520192K, used 21446K [0x0000000604400000, 0x0000000800000000)
  region size 4096K, 6 young (24576K), 1 survivors (4096K)
 Metaspace       used 9234K, committed 9408K, reserved 1114112K
  class space    used 932K, committed 1024K, reserved 1048576K
}
Event: 1.447 GC heap after
{Heap after GC invocations=2 (full 0):
 garbage-first heap   total 520192K, used 6444K [0x0000000604400000, 0x0000000800000000)
  region size 4096K, 1 young (4096K), 1 survivors (4096K)
 Metaspace       used 9234K, committed 9408K, reserved 1114112K
  class space    used 932K, committed 1024K, reserved 1048576K
}
Event: 3.038 GC heap before
{Heap before GC invocations=2 (full 0):
 garbage-first heap   total 520192K, used 71980K [0x0000000604400000, 0x0000000800000000)
  region size 4096K, 15 young (61440K), 1 survivors (4096K)
 Metaspace       used 11194K, committed 11328K, reserved 1114112K
  class space    used 1154K, committed 1216K, reserved 1048576K
}
Event: 3.040 GC heap after
{Heap after GC invocations=3 (full 0):
 garbage-first heap   total 520192K, used 7949K [0x0000000604400000, 0x0000000800000000)
  region size 4096K, 1 young (4096K), 1 survivors (4096K)
 Metaspace       used 11194K, committed 11328K, reserved 1114112K
  class space    used 1154K, committed 1216K, reserved 1048576K
}
Event: 1063.899 GC heap before
{Heap before GC invocations=3 (full 0):
 garbage-first heap   total 520192K, used 188173K [0x0000000604400000, 0x0000000800000000)
  region size 4096K, 44 young (180224K), 1 survivors (4096K)
 Metaspace       used 21113K, committed 21504K, reserved 1114112K
  class space    used 2861K, committed 3072K, reserved 1048576K
}
Event: 1063.907 GC heap after
{Heap after GC invocations=4 (full 0):
 garbage-first heap   total 520192K, used 16097K [0x0000000604400000, 0x0000000800000000)
  region size 4096K, 3 young (12288K), 3 survivors (12288K)
 Metaspace       used 21113K, committed 21504K, reserved 1114112K
  class space    used 2861K, committed 3072K, reserved 1048576K
}
Event: 1571.694 GC heap before
{Heap before GC invocations=5 (full 0):
 garbage-first heap   total 69632K, used 65249K [0x0000000604400000, 0x0000000800000000)
  region size 4096K, 15 young (61440K), 3 survivors (12288K)
 Metaspace       used 21589K, committed 21952K, reserved 1114112K
  class space    used 2946K, committed 3136K, reserved 1048576K
}
Event: 1571.698 GC heap after
{Heap after GC invocations=6 (full 0):
 garbage-first heap   total 81920K, used 17321K [0x0000000604400000, 0x0000000800000000)
  region size 4096K, 3 young (12288K), 3 survivors (12288K)
 Metaspace       used 21589K, committed 21952K, reserved 1114112K
  class space    used 2946K, committed 3136K, reserved 1048576K
}
Event: 1916.672 GC heap before
{Heap before GC invocations=6 (full 0):
 garbage-first heap   total 81920K, used 54185K [0x0000000604400000, 0x0000000800000000)
  region size 4096K, 12 young (49152K), 3 survivors (12288K)
 Metaspace       used 21913K, committed 22336K, reserved 1114112K
  class space    used 3006K, committed 3200K, reserved 1048576K
}
Event: 1916.680 GC heap after
{Heap after GC invocations=7 (full 0):
 garbage-first heap   total 81920K, used 17707K [0x0000000604400000, 0x0000000800000000)
  region size 4096K, 1 young (4096K), 1 survivors (4096K)
 Metaspace       used 21913K, committed 22336K, reserved 1114112K
  class space    used 3006K, committed 3200K, reserved 1048576K
}
Event: 2361.203 GC heap before
{Heap before GC invocations=7 (full 0):
 garbage-first heap   total 81920K, used 58667K [0x0000000604400000, 0x0000000800000000)
  region size 4096K, 12 young (49152K), 1 survivors (4096K)
 Metaspace       used 22809K, committed 23168K, reserved 1114112K
  class space    used 3147K, committed 3328K, reserved 1048576K
}
Event: 2361.206 GC heap after
{Heap after GC invocations=8 (full 0):
 garbage-first heap   total 81920K, used 19106K [0x0000000604400000, 0x0000000800000000)
  region size 4096K, 2 young (8192K), 2 survivors (8192K)
 Metaspace       used 22809K, committed 23168K, reserved 1114112K
  class space    used 3147K, committed 3328K, reserved 1048576K
}

Dll operation events (9 events):
Event: 0.008 Loaded shared library C:\Users\matus.sivak\.jdks\corretto-21.0.6\bin\java.dll
Event: 0.038 Loaded shared library C:\Users\matus.sivak\.jdks\corretto-21.0.6\bin\jsvml.dll
Event: 0.125 Loaded shared library C:\Users\matus.sivak\.jdks\corretto-21.0.6\bin\net.dll
Event: 0.128 Loaded shared library C:\Users\matus.sivak\.jdks\corretto-21.0.6\bin\nio.dll
Event: 0.130 Loaded shared library C:\Users\matus.sivak\.jdks\corretto-21.0.6\bin\zip.dll
Event: 0.235 Loaded shared library C:\Users\matus.sivak\.jdks\corretto-21.0.6\bin\jimage.dll
Event: 0.246 Loaded shared library C:\Users\matus.sivak\AppData\Local\Temp\libgdxmatus.sivak\12dfaa03\gdx64.dll
Event: 0.311 Loaded shared library C:\Users\matus.sivak\.jdks\corretto-21.0.6\bin\verify.dll
Event: 0.321 Loaded shared library C:\Users\matus.sivak\AppData\Local\Temp\libgdxmatus.sivak\dc0f0009\lwjgl64.dll

Deoptimization events (20 events):
Event: 2304.786 Thread 0x0000021d7f574230 Uncommon trap: trap_request=0xffffff45 fr.pc=0x0000021d28d696ec relative=0x000000000000054c
Event: 2304.786 Thread 0x0000021d7f574230 Uncommon trap: reason=unstable_if action=reinterpret pc=0x0000021d28d696ec method=com.badlogic.gdx.utils.Pool.free(Ljava/lang/Object;)V @ 25 c2
Event: 2304.786 Thread 0x0000021d7f574230 DEOPT PACKING pc=0x0000021d28d696ec sp=0x000000700ccfead0
Event: 2304.786 Thread 0x0000021d7f574230 DEOPT UNPACKING pc=0x0000021d281e7da2 sp=0x000000700ccfe9c8 mode 2
Event: 2383.391 Thread 0x0000021d7f574230 Uncommon trap: trap_request=0xffffff45 fr.pc=0x0000021d28dbe120 relative=0x0000000000000e00
Event: 2383.391 Thread 0x0000021d7f574230 Uncommon trap: reason=unstable_if action=reinterpret pc=0x0000021d28dbe120 method=org.lwjgl.opengl.WindowsDisplay.doHandleMessage(JIJJJ)J @ 333 c2
Event: 2383.391 Thread 0x0000021d7f574230 DEOPT PACKING pc=0x0000021d28dbe120 sp=0x000000700ccfd0d0
Event: 2383.391 Thread 0x0000021d7f574230 DEOPT UNPACKING pc=0x0000021d281e7da2 sp=0x000000700ccfd048 mode 2
Event: 2383.464 Thread 0x0000021d7f574230 Uncommon trap: trap_request=0xffffff45 fr.pc=0x0000021d28df22a8 relative=0x0000000000002028
Event: 2383.464 Thread 0x0000021d7f574230 Uncommon trap: reason=unstable_if action=reinterpret pc=0x0000021d28df22a8 method=com.badlogic.gdx.backends.lwjgl.audio.OpenALMusic.update()V @ 157 c2
Event: 2383.464 Thread 0x0000021d7f574230 DEOPT PACKING pc=0x0000021d28df22a8 sp=0x000000700ccfefb0
Event: 2383.464 Thread 0x0000021d7f574230 DEOPT UNPACKING pc=0x0000021d281e7da2 sp=0x000000700ccfee88 mode 2
Event: 2383.468 Thread 0x0000021d7f574230 Uncommon trap: trap_request=0xffffff45 fr.pc=0x0000021d28ade57c relative=0x00000000000001fc
Event: 2383.468 Thread 0x0000021d7f574230 Uncommon trap: reason=unstable_if action=reinterpret pc=0x0000021d28ade57c method=com.badlogic.gdx.backends.lwjgl.audio.OpenALMusic.update()V @ 157 c2
Event: 2383.468 Thread 0x0000021d7f574230 DEOPT PACKING pc=0x0000021d28ade57c sp=0x000000700ccfeef0
Event: 2383.468 Thread 0x0000021d7f574230 DEOPT UNPACKING pc=0x0000021d281e7da2 sp=0x000000700ccfee80 mode 2
Event: 2383.482 Thread 0x0000021d7f574230 Uncommon trap: trap_request=0xffffff45 fr.pc=0x0000021d28b66370 relative=0x0000000000000ad0
Event: 2383.482 Thread 0x0000021d7f574230 Uncommon trap: reason=unstable_if action=reinterpret pc=0x0000021d28b66370 method=org.lwjgl.opengl.WindowsDisplay.wasResized()Z @ 4 c2
Event: 2383.482 Thread 0x0000021d7f574230 DEOPT PACKING pc=0x0000021d28b66370 sp=0x000000700ccfef00
Event: 2383.482 Thread 0x0000021d7f574230 DEOPT UNPACKING pc=0x0000021d281e7da2 sp=0x000000700ccfee88 mode 2

Classes loaded (20 events):
Event: 8.704 Loading class java/text/MessageFormat
Event: 8.705 Loading class java/text/MessageFormat done
Event: 8.705 Loading class java/text/MessageFormat$Field
Event: 8.705 Loading class java/text/MessageFormat$Field done
Event: 12.122 Loading class java/util/concurrent/PriorityBlockingQueue
Event: 12.122 Loading class java/util/concurrent/PriorityBlockingQueue done
Event: 61.481 Loading class java/util/concurrent/ConcurrentLinkedQueue$Itr
Event: 61.481 Loading class java/util/concurrent/ConcurrentLinkedQueue$Itr done
Event: 76.116 Loading class java/lang/Math$RandomNumberGeneratorHolder
Event: 76.116 Loading class java/lang/Math$RandomNumberGeneratorHolder done
Event: 157.738 Loading class java/util/ArrayList$SubList$1
Event: 157.738 Loading class java/util/ArrayList$SubList$1 done
Event: 160.404 Loading class sun/text/resources/cldr/FormatData_en_US
Event: 160.404 Loading class sun/text/resources/cldr/FormatData_en_US done
Event: 160.404 Loading class java/text/FieldPosition$Delegate
Event: 160.404 Loading class java/text/FieldPosition$Delegate done
Event: 236.785 Loading class jdk/internal/math/FDBigInteger
Event: 236.786 Loading class jdk/internal/math/FDBigInteger done
Event: 270.184 Loading class java/util/regex/Pattern$SliceI
Event: 270.184 Loading class java/util/regex/Pattern$SliceI done

Classes unloaded (0 events):
No events

Classes redefined (0 events):
No events

Internal exceptions (20 events):
Event: 250.857 Thread 0x0000021d7f574230 Exception <a 'java/lang/NoSuchMethodError'{0x000000061e4e0ed8}: 'java.lang.Object java.lang.invoke.DirectMethodHandle$Holder.newInvokeSpecial(java.lang.Object, java.lang.Object, float, java.lang.Object)'> (0x000000061e4e0ed8) 
thrown [s\src\hotspot\share\interpreter\linkResolver.cpp, line 773]
Event: 260.087 Thread 0x0000021d7f574230 Exception <a 'java/lang/NoSuchMethodError'{0x000000061e6d2030}: 'void java.lang.invoke.DirectMethodHandle$Holder.invokeStatic(java.lang.Object, java.lang.Object, float)'> (0x000000061e6d2030) 
thrown [s\src\hotspot\share\interpreter\linkResolver.cpp, line 773]
Event: 267.827 Thread 0x0000021d7f574230 Exception <a 'java/lang/NoSuchMethodError'{0x000000061e14ca08}: 'java.lang.Object java.lang.invoke.DirectMethodHandle$Holder.newInvokeSpecial(java.lang.Object, java.lang.Object, java.lang.Object, java.lang.Object, int, java.lang.Object, java.lang.Object)'> (0x000000061e14ca08) 
thrown [s\src\hotspot\share\interpreter\linkResolver.cpp, line 773]
Event: 407.437 Thread 0x0000021d7f574230 Exception <a 'java/lang/NoSuchMethodError'{0x000000061d767f30}: 'void java.lang.invoke.DirectMethodHandle$Holder.invokeSpecial(java.lang.Object, java.lang.Object, int)'> (0x000000061d767f30) 
thrown [s\src\hotspot\share\interpreter\linkResolver.cpp, line 773]
Event: 450.639 Thread 0x0000021d7f574230 Exception <a 'java/lang/NoSuchMethodError'{0x000000061d363fd0}: 'java.lang.Object java.lang.invoke.DirectMethodHandle$Holder.newInvokeSpecial(java.lang.Object, java.lang.Object, int, int)'> (0x000000061d363fd0) 
thrown [s\src\hotspot\share\interpreter\linkResolver.cpp, line 773]
Event: 450.639 Thread 0x0000021d7f574230 Exception <a 'java/lang/NoSuchMethodError'{0x000000061d367c98}: 'java.lang.Object java.lang.invoke.DirectMethodHandle$Holder.invokeSpecial(java.lang.Object, java.lang.Object, java.lang.Object, int, int)'> (0x000000061d367c98) 
thrown [s\src\hotspot\share\interpreter\linkResolver.cpp, line 773]
Event: 456.587 Thread 0x0000021d7f574230 Exception <a 'java/lang/NoSuchMethodError'{0x000000061cc6da08}: 'void java.lang.invoke.DirectMethodHandle$Holder.invokeStatic(java.lang.Object, java.lang.Object, java.lang.Object, java.lang.Object, java.lang.Object, java.lang.Object, java.lang.Object, java.lang.Object)'> (0x000000061cc6da08) 
thrown [s\src\hotspot\share\interpreter\linkResolver.cpp, line 773]
Event: 486.510 Thread 0x0000021d7f574230 Exception <a 'java/lang/NoSuchMethodError'{0x000000061ca80dd8}: 'java.lang.Object java.lang.invoke.DirectMethodHandle$Holder.newInvokeSpecial(java.lang.Object, java.lang.Object, java.lang.Object, java.lang.Object, java.lang.Object, float)'> (0x000000061ca80dd8) 
thrown [s\src\hotspot\share\interpreter\linkResolver.cpp, line 773]
Event: 486.510 Thread 0x0000021d7f574230 Exception <a 'java/lang/NoSuchMethodError'{0x000000061ca851f0}: 'java.lang.Object java.lang.invoke.DirectMethodHandle$Holder.invokeSpecial(java.lang.Object, java.lang.Object, java.lang.Object, java.lang.Object, java.lang.Object, java.lang.Object, float)'> (0x000000061ca851f0) 
thrown [s\src\hotspot\share\interpreter\linkResolver.cpp, line 773]
Event: 486.528 Thread 0x0000021d7f574230 Exception <a 'java/lang/NoSuchMethodError'{0x000000061ca96158}: 'void java.lang.invoke.DirectMethodHandle$Holder.invokeSpecial(java.lang.Object, java.lang.Object, float, java.lang.Object)'> (0x000000061ca96158) 
thrown [s\src\hotspot\share\interpreter\linkResolver.cpp, line 773]
Event: 728.714 Thread 0x0000021d7f574230 Exception <a 'java/lang/NoSuchMethodError'{0x000000061b2bc368}: 'java.lang.Object java.lang.invoke.DirectMethodHandle$Holder.newInvokeSpecial(java.lang.Object, java.lang.Object, java.lang.Object, java.lang.Object, java.lang.Object, int)'> (0x000000061b2bc368) 
thrown [s\src\hotspot\share\interpreter\linkResolver.cpp, line 773]
Event: 728.714 Thread 0x0000021d7f574230 Exception <a 'java/lang/NoSuchMethodError'{0x000000061b2c0580}: 'java.lang.Object java.lang.invoke.DirectMethodHandle$Holder.invokeSpecial(java.lang.Object, java.lang.Object, java.lang.Object, java.lang.Object, java.lang.Object, java.lang.Object, int)'> (0x000000061b2c0580) 
thrown [s\src\hotspot\share\interpreter\linkResolver.cpp, line 773]
Event: 728.714 Thread 0x0000021d7f574230 Exception <a 'java/lang/NoSuchMethodError'{0x000000061b2c4108}: 'java.lang.Object java.lang.invoke.Invokers$Holder.linkToTargetMethod(java.lang.Object, java.lang.Object, java.lang.Object, java.lang.Object, int, java.lang.Object)'> (0x000000061b2c4108) 
thrown [s\src\hotspot\share\interpreter\linkResolver.cpp, line 773]
Event: 855.245 Thread 0x0000021d7f574230 Implicit null exception at 0x0000021d28b9e842 to 0x0000021d28b9eac8
Event: 855.246 Thread 0x0000021d7f574230 Implicit null exception at 0x0000021d28a1fbe6 to 0x0000021d28a1fc8a
Event: 855.246 Thread 0x0000021d7f574230 Implicit null exception at 0x0000021d289b59c2 to 0x0000021d289b5c3c
Event: 1534.411 Thread 0x0000021d7f574230 Exception <a 'java/lang/NoSuchMethodError'{0x0000000604cc9ee0}: 'java.lang.Object java.lang.invoke.DirectMethodHandle$Holder.newInvokeSpecial(java.lang.Object, int, java.lang.Object)'> (0x0000000604cc9ee0) 
thrown [s\src\hotspot\share\interpreter\linkResolver.cpp, line 773]
Event: 1824.162 Thread 0x0000021d7f574230 Exception <a 'java/lang/NoSuchMethodError'{0x0000000606d6a8f8}: 'java.lang.Object java.lang.invoke.DirectMethodHandle$Holder.newInvokeSpecial(java.lang.Object, java.lang.Object, int, float)'> (0x0000000606d6a8f8) 
thrown [s\src\hotspot\share\interpreter\linkResolver.cpp, line 773]
Event: 1824.162 Thread 0x0000021d7f574230 Exception <a 'java/lang/NoSuchMethodError'{0x0000000606d6e898}: 'java.lang.Object java.lang.invoke.DirectMethodHandle$Holder.invokeSpecial(java.lang.Object, java.lang.Object, java.lang.Object, int, float)'> (0x0000000606d6e898) 
thrown [s\src\hotspot\share\interpreter\linkResolver.cpp, line 773]
Event: 2101.079 Thread 0x0000021d7f574230 Exception <a 'java/lang/NoSuchMethodError'{0x00000006082e18f0}: 'int java.lang.invoke.DirectMethodHandle$Holder.invokeSpecial(java.lang.Object, java.lang.Object, java.lang.Object, java.lang.Object)'> (0x00000006082e18f0) 
thrown [s\src\hotspot\share\interpreter\linkResolver.cpp, line 773]

ZGC Phase Switch (0 events):
No events

VM Operations (20 events):
Event: 2291.172 Executing VM operation: Cleanup
Event: 2291.172 Executing VM operation: Cleanup done
Event: 2305.180 Executing VM operation: Cleanup
Event: 2305.180 Executing VM operation: Cleanup done
Event: 2310.182 Executing VM operation: Cleanup
Event: 2310.182 Executing VM operation: Cleanup done
Event: 2312.183 Executing VM operation: Cleanup
Event: 2312.183 Executing VM operation: Cleanup done
Event: 2335.191 Executing VM operation: Cleanup
Event: 2335.191 Executing VM operation: Cleanup done
Event: 2337.192 Executing VM operation: Cleanup
Event: 2337.192 Executing VM operation: Cleanup done
Event: 2341.194 Executing VM operation: Cleanup
Event: 2341.194 Executing VM operation: Cleanup done
Event: 2361.203 Executing VM operation: G1CollectForAllocation (G1 Evacuation Pause)
Event: 2361.206 Executing VM operation: G1CollectForAllocation (G1 Evacuation Pause) done
Event: 2362.207 Executing VM operation: Cleanup
Event: 2362.207 Executing VM operation: Cleanup done
Event: 2368.211 Executing VM operation: Cleanup
Event: 2368.211 Executing VM operation: Cleanup done

Memory protections (0 events):
No events

Nmethod flushes (0 events):
No events

Events (20 events):
Event: 1141.500 Thread 0x0000021d0dab8730 Thread exited: 0x0000021d0dab8730
Event: 1141.500 Thread 0x0000021d0dab80a0 Thread exited: 0x0000021d0dab80a0
Event: 1210.643 Thread 0x0000021d7f574230 Thread added: 0x0000021d0daba800
Event: 1248.580 Thread 0x0000021d3d5da960 Thread added: 0x0000021d058e8750
Event: 1258.084 Thread 0x0000021d058e8750 Thread exited: 0x0000021d058e8750
Event: 1321.502 Thread 0x0000021d0daba800 Thread exited: 0x0000021d0daba800
Event: 1358.328 Thread 0x0000021d7f574230 Thread added: 0x0000021d0daba170
Event: 1358.362 Thread 0x0000021d7f574230 Thread added: 0x0000021d0daba800
Event: 1414.096 Thread 0x0000021d3d5da960 Thread added: 0x0000021d056dbea0
Event: 1415.862 Thread 0x0000021d056dbea0 Thread exited: 0x0000021d056dbea0
Event: 1441.505 Thread 0x0000021d0daba800 Thread exited: 0x0000021d0daba800
Event: 1561.507 Thread 0x0000021d0daba170 Thread exited: 0x0000021d0daba170
Event: 1644.028 Thread 0x0000021d7f574230 Thread added: 0x0000021d0daba170
Event: 1801.512 Thread 0x0000021d0daba170 Thread exited: 0x0000021d0daba170
Event: 1822.179 Thread 0x0000021d7f574230 Thread added: 0x0000021d0daba170
Event: 1961.195 Thread 0x0000021d7f574230 Thread added: 0x0000021d0dab8730
Event: 1981.516 Thread 0x0000021d0daba170 Thread exited: 0x0000021d0daba170
Event: 2030.628 Thread 0x0000021d7f574230 Thread added: 0x0000021d0daba800
Event: 2109.447 Thread 0x0000021d7f574230 Thread added: 0x0000021d0daba170
Event: 2163.061 Thread 0x0000021d7f574230 Thread added: 0x0000021d0dab80a0


Dynamic libraries:
0x00007ff6afbf0000 - 0x00007ff6afbfe000 	C:\Users\matus.sivak\.jdks\corretto-21.0.6\bin\java.exe
0x00007ffc65b60000 - 0x00007ffc65dc7000 	C:\WINDOWS\SYSTEM32\ntdll.dll
0x00007ffc65640000 - 0x00007ffc6570b000 	C:\WINDOWS\System32\KERNEL32.DLL
0x00007ffc62e40000 - 0x00007ffc63242000 	C:\WINDOWS\System32\KERNELBASE.dll
0x00007ffc63250000 - 0x00007ffc6339c000 	C:\WINDOWS\System32\ucrtbase.dll
0x00007ffc13470000 - 0x00007ffc13488000 	C:\Users\matus.sivak\.jdks\corretto-21.0.6\bin\jli.dll
0x00007ffc096e0000 - 0x00007ffc096fb000 	C:\Users\matus.sivak\.jdks\corretto-21.0.6\bin\VCRUNTIME140.dll
0x00007ffc657e0000 - 0x00007ffc659af000 	C:\WINDOWS\System32\USER32.dll
0x00007ffc39690000 - 0x00007ffc39920000 	C:\WINDOWS\WinSxS\amd64_microsoft.windows.common-controls_6595b64144ccf1df_6.0.26100.9278_none_3e0d1ba8e3303201\COMCTL32.dll
0x00007ffc62e10000 - 0x00007ffc62e37000 	C:\WINDOWS\System32\win32u.dll
0x00007ffc65200000 - 0x00007ffc652a9000 	C:\WINDOWS\System32\msvcrt.dll
0x00007ffc64120000 - 0x00007ffc6414b000 	C:\WINDOWS\System32\GDI32.dll
0x00007ffc63690000 - 0x00007ffc637b9000 	C:\WINDOWS\System32\gdi32full.dll
0x00007ffc62d60000 - 0x00007ffc62e03000 	C:\WINDOWS\System32\msvcp_win.dll
0x00007ffc659c0000 - 0x00007ffc659f1000 	C:\WINDOWS\System32\IMM32.DLL
0x00007ffc62880000 - 0x00007ffc629d9000 	C:\Program Files\Avecto\Privilege Guard Client\PGHook.dll
0x00007ffc65040000 - 0x00007ffc650fc000 	C:\WINDOWS\System32\ADVAPI32.dll
0x00007ffc64150000 - 0x00007ffc641f9000 	C:\WINDOWS\System32\sechost.dll
0x00007ffc64670000 - 0x00007ffc64788000 	C:\WINDOWS\System32\RPCRT4.dll
0x0000000057eb0000 - 0x0000000057f23000 	C:\WINDOWS\System32\QIPCAP64.dll
0x00007ffc63980000 - 0x00007ffc64118000 	C:\WINDOWS\System32\SHELL32.dll
0x00007ffc64920000 - 0x00007ffc64aba000 	C:\WINDOWS\System32\ole32.dll
0x00007ffc652b0000 - 0x00007ffc65635000 	C:\WINDOWS\System32\combase.dll
0x00007ffc64ac0000 - 0x00007ffc64b99000 	C:\WINDOWS\System32\OLEAUT32.dll
0x00007ffc60fe0000 - 0x00007ffc61138000 	C:\WINDOWS\SYSTEM32\DNSAPI.dll
0x00007ffc61c50000 - 0x00007ffc61c5d000 	C:\WINDOWS\SYSTEM32\DSPARSE.dll
0x00007ffc60f40000 - 0x00007ffc60f73000 	C:\WINDOWS\SYSTEM32\IPHLPAPI.DLL
0x00007ffc64200000 - 0x00007ffc6420a000 	C:\WINDOWS\System32\NSI.dll
0x00007ffc41030000 - 0x00007ffc4103c000 	C:\Users\matus.sivak\.jdks\corretto-21.0.6\bin\vcruntime140_1.dll
0x00007ffbabef0000 - 0x00007ffbabf7d000 	C:\Users\matus.sivak\.jdks\corretto-21.0.6\bin\msvcp140.dll
0x00007ffb8e160000 - 0x00007ffb8eeff000 	C:\Users\matus.sivak\.jdks\corretto-21.0.6\bin\server\jvm.dll
0x00007ffc65110000 - 0x00007ffc65190000 	C:\WINDOWS\System32\WS2_32.dll
0x00007ffc62b10000 - 0x00007ffc62b6e000 	C:\WINDOWS\SYSTEM32\POWRPROF.dll
0x00007ffc56440000 - 0x00007ffc56476000 	C:\WINDOWS\SYSTEM32\WINMM.dll
0x00007ffc60770000 - 0x00007ffc6077b000 	C:\WINDOWS\SYSTEM32\VERSION.dll
0x00007ffc629e0000 - 0x00007ffc629f5000 	C:\WINDOWS\SYSTEM32\UMPDC.dll
0x00007ffc61760000 - 0x00007ffc6177b000 	C:\WINDOWS\SYSTEM32\kernel.appcore.dll
0x00007ffc40e10000 - 0x00007ffc40e1a000 	C:\Users\matus.sivak\.jdks\corretto-21.0.6\bin\jimage.dll
0x00007ffc5ef00000 - 0x00007ffc5f14c000 	C:\WINDOWS\SYSTEM32\DBGHELP.DLL
0x00007ffc3c8c0000 - 0x00007ffc3c8fb000 	C:\WINDOWS\SYSTEM32\dbgcore.DLL
0x00007ffc633b0000 - 0x00007ffc6345c000 	C:\WINDOWS\System32\bcryptPrimitives.dll
0x00007ffc088a0000 - 0x00007ffc088bf000 	C:\Users\matus.sivak\.jdks\corretto-21.0.6\bin\java.dll
0x00007ffc5feb0000 - 0x00007ffc6075e000 	C:\WINDOWS\SYSTEM32\windows.storage.dll
0x0000021d3d940000 - 0x0000021d3da3b000 	C:\WINDOWS\System32\SHCORE.dll
0x0000021d18590000 - 0x0000021d185f6000 	C:\WINDOWS\System32\shlwapi.dll
0x00007ffc62c80000 - 0x00007ffc62ca9000 	C:\WINDOWS\SYSTEM32\profapi.dll
0x00007ffbabe10000 - 0x00007ffbabee7000 	C:\Users\matus.sivak\.jdks\corretto-21.0.6\bin\jsvml.dll
0x00007ffc40b50000 - 0x00007ffc40b60000 	C:\Users\matus.sivak\.jdks\corretto-21.0.6\bin\net.dll
0x00007ffc61780000 - 0x00007ffc618aa000 	C:\WINDOWS\SYSTEM32\WINHTTP.dll
0x00007ffc61e30000 - 0x00007ffc61e9c000 	C:\WINDOWS\system32\mswsock.dll
0x00007ffc063b0000 - 0x00007ffc063c6000 	C:\Users\matus.sivak\.jdks\corretto-21.0.6\bin\nio.dll
0x00007ffc06390000 - 0x00007ffc063a8000 	C:\Users\matus.sivak\.jdks\corretto-21.0.6\bin\zip.dll
0x0000000065580000 - 0x0000000065616000 	C:\Users\matus.sivak\AppData\Local\Temp\libgdxmatus.sivak\12dfaa03\gdx64.dll
0x00007ffc62250000 - 0x00007ffc6226b000 	C:\WINDOWS\SYSTEM32\CRYPTSP.dll
0x00007ffc616c0000 - 0x00007ffc616f9000 	C:\WINDOWS\system32\rsaenh.dll
0x00007ffc61ee0000 - 0x00007ffc61f14000 	C:\WINDOWS\SYSTEM32\USERENV.dll
0x00007ffc62c50000 - 0x00007ffc62c7a000 	C:\WINDOWS\SYSTEM32\bcrypt.dll
0x00007ffc62220000 - 0x00007ffc6222c000 	C:\WINDOWS\SYSTEM32\CRYPTBASE.dll
0x00007ffc40930000 - 0x00007ffc40940000 	C:\Users\matus.sivak\.jdks\corretto-21.0.6\bin\verify.dll
0x0000000180000000 - 0x0000000180053000 	C:\Users\matus.sivak\AppData\Local\Temp\libgdxmatus.sivak\dc0f0009\lwjgl64.dll
0x00007ffc1d7e0000 - 0x00007ffc1d8ec000 	C:\WINDOWS\SYSTEM32\OPENGL32.dll
0x00007ffc1da90000 - 0x00007ffc1dabd000 	C:\WINDOWS\SYSTEM32\GLU32.dll
0x00007ffc5ed70000 - 0x00007ffc5edb4000 	C:\WINDOWS\SYSTEM32\dxcore.dll
0x0000021d3dab0000 - 0x0000021d3db14000 	C:\Users\MATUS~1.SIV\AppData\Local\Temp\libgdxmatus.sivak\dc0f0009\OpenAL64.dll
0x00007ffc5eb40000 - 0x00007ffc5ebe8000 	C:\WINDOWS\system32\uxtheme.dll
0x0000021d3dc50000 - 0x0000021d3dcfe000 	C:\WINDOWS\System32\clbcatq.dll
0x00007ffc1b3c0000 - 0x00007ffc1b454000 	C:\WINDOWS\SYSTEM32\dsound.dll
0x00007ffc19980000 - 0x00007ffc19a37000 	C:\WINDOWS\SYSTEM32\ResampleDmo.DLL
0x00007ffc3b650000 - 0x00007ffc3b687000 	C:\WINDOWS\SYSTEM32\winmmbase.dll
0x00007ffc506c0000 - 0x00007ffc506ce000 	C:\WINDOWS\SYSTEM32\msdmo.dll
0x00007ffc627e0000 - 0x00007ffc62832000 	C:\WINDOWS\SYSTEM32\cfgmgr32.dll
0x00007ffc3db80000 - 0x00007ffc3dc25000 	C:\WINDOWS\System32\MMDevApi.dll
0x00007ffc62780000 - 0x00007ffc627af000 	C:\WINDOWS\System32\DEVOBJ.dll
0x00007ffc2a410000 - 0x00007ffc2a5c7000 	C:\WINDOWS\SYSTEM32\AUDIOSES.DLL
0x00007ffc5f680000 - 0x00007ffc5f694000 	C:\WINDOWS\SYSTEM32\resourcepolicyclient.dll
0x00007ffc59080000 - 0x00007ffc5913f000 	C:\WINDOWS\SYSTEM32\mscms.dll
0x00007ffc4f350000 - 0x00007ffc4f3e2000 	C:\Windows\System32\Windows.Internal.Graphics.Display.DisplayColorManagement.dll
0x00007ffc644a0000 - 0x00007ffc645fb000 	C:\WINDOWS\System32\MSCTF.dll
0x00007ffc47850000 - 0x00007ffc47992000 	C:\WINDOWS\SYSTEM32\textinputframework.dll
0x00007ffc5e580000 - 0x00007ffc5e6ab000 	C:\WINDOWS\SYSTEM32\CoreMessaging.dll
0x00007ffc57e70000 - 0x00007ffc58154000 	C:\WINDOWS\SYSTEM32\CoreUIComponents.dll
0x00007ffc584d0000 - 0x00007ffc5863a000 	C:\WINDOWS\SYSTEM32\wintypes.dll
0x00007ffc59ad0000 - 0x00007ffc59b2e000 	C:\WINDOWS\SYSTEM32\directxdatabasehelper.dll
0x00007ffc47820000 - 0x00007ffc4783e000 	C:\WINDOWS\SYSTEM32\windows.staterepositorycore.dll
0x00007ffb80290000 - 0x00007ffb817e2000 	C:\WINDOWS\System32\DriverStore\FileRepository\iigd_dch.inf_amd64_b20bdb7dfb36a7ef\igxelpicd64.dll
0x00007ffc5edc0000 - 0x00007ffc5eefb000 	C:\WINDOWS\SYSTEM32\dxgi.dll
0x00007ffc057c0000 - 0x00007ffc057e3000 	C:\WINDOWS\SYSTEM32\d3d12.dll
0x00007ffc5f2c0000 - 0x00007ffc5f2ef000 	C:\WINDOWS\system32\dwmapi.dll
0x00007ffbd64d0000 - 0x00007ffbd6671000 	C:\WINDOWS\System32\DriverStore\FileRepository\iigd_dch.inf_amd64_b20bdb7dfb36a7ef\igdml64.dll
0x00007ffc55e30000 - 0x00007ffc563db000 	C:\WINDOWS\System32\DriverStore\FileRepository\iigd_dch.inf_amd64_b20bdb7dfb36a7ef\igdgmm64.dll
0x00007ffc19ac0000 - 0x00007ffc19b0b000 	C:\WINDOWS\SYSTEM32\icm32.dll
0x00007ffc50980000 - 0x00007ffc55c34000 	C:\WINDOWS\System32\DriverStore\FileRepository\iigd_dch.inf_amd64_b20bdb7dfb36a7ef\igc64.dll
0x00007ffc08330000 - 0x00007ffc083b0000 	C:\WINDOWS\system32\Ninput.dll

dbghelp: loaded successfully - version: 4.0.5 - missing functions: none
symbol engine: initialized successfully - sym options: 0x614 - pdb path: .;C:\Users\matus.sivak\.jdks\corretto-21.0.6\bin;C:\WINDOWS\SYSTEM32;C:\WINDOWS\WinSxS\amd64_microsoft.windows.common-controls_6595b64144ccf1df_6.0.26100.9278_none_3e0d1ba8e3303201;C:\Program Files\Avecto\Privilege Guard Client;C:\Users\matus.sivak\.jdks\corretto-21.0.6\bin\server;C:\Users\matus.sivak\AppData\Local\Temp\libgdxmatus.sivak\12dfaa03;C:\Users\matus.sivak\AppData\Local\Temp\libgdxmatus.sivak\dc0f0009;C:\Users\MATUS~1.SIV\AppData\Local\Temp\libgdxmatus.sivak\dc0f0009;C:\WINDOWS\System32\DriverStore\FileRepository\iigd_dch.inf_amd64_b20bdb7dfb36a7ef

VM Arguments:
jvm_args: -Dfile.encoding=UTF-8 -Duser.country=US -Duser.language=en -Duser.variant 
java_command: sk.sivak.eldritchhorror.GameDesktop
java_class_path (initial): C:\WORK\Projects\Ancient Terror\desktop\build\classes\java\main;C:\WORK\Projects\Ancient Terror\desktop\build\resources\main;C:\WORK\Projects\Ancient Terror\core\entry\build\libs\Entry-1.0.jar;C:\Users\matus.sivak\.gradle\caches\modules-2\files-2.1\org.springframework.boot\spring-boot-starter-web\2.7.18\dd62ea85098187b4604e78dc15a7ff87dba173d\spring-boot-starter-web-2.7.18.jar;C:\Users\matus.sivak\.gradle\caches\modules-2\files-2.1\com.badlogicgames.gdx\gdx-backend-lwjgl\1.9.8\b7c138f14ed67ad830ae7597da3d86ae02b20eee\gdx-backend-lwjgl-1.9.8.jar;C:\Users\matus.sivak\.gradle\caches\modules-2\files-2.1\com.badlogicgames.gdx\gdx-platform\1.9.8\604a2ef2c7c92a5900114757cbd3fb4dcbb8270c\gdx-platform-1.9.8-natives-desktop.jar;C:\Users\matus.sivak\.gradle\caches\modules-2\files-2.1\com.badlogicgames.gdx\gdx-freetype-platform\1.9.8\b21a8def0c70ec49ea5e2658e788b7a9177399f8\gdx-freetype-platform-1.9.8-natives-desktop.jar;C:\WORK\Projects\Ancient Terror\core\initializer\build\libs\initializer-1.0.jar;C:\WORK\Projects\Ancient Terror\core\binder\binder-view-controller\build\libs\binder-view-controller-1.0.jar;C:\WORK\Projects\Ancient Terror\core\view\view-provider\view-provider-impl\build\libs\view-provider-impl-1.0.jar;C:\WORK\Projects\Ancient Terror\core\view\view-provider\view-provider-interface\build\libs\view-provider-interface-1.0.jar;C:\WORK\Projects\Ancient Terror\core\view\view-impl\build\libs\view-impl-1.0.jar;C:\WORK\Projects\Ancient Terror\core\skin-composer\build\libs\skin-composer-1.0.jar;C:\Users\matus.sivak\.gradle\caches\modules-2\files-2.1\com.badlogicgames.gdx\gdx-ai\1.8.1\a52367e373fe52f0d20f162cbf8711c38f002a25\gdx-ai-1.8.1.jar;C:\Users\matus.sivak\.gradle\caches\modules-2\files-2.1\com.badlogicgames.gdx\gdx-freetype\1.9.8\d92b5b8beab10e3b3c0dd836d4fc186f95e7ea4b\gdx-freetype-1.9.8.jar;C:\Users\matus.sivak\.gradle\caches\modules-2\files-2.1\com.kotcrab.vis\vis-ui\1.3.0\639741faa66a560197ee06a9412949402c831796\vis-ui-1.3.0.jar;C:\WORK\Projects\Ancient Terror\core\binder\binder-action\build\libs\binder-action-1.0.jar;C:\WORK\Projects\Ancient Terror\core\action\action-provider\action-provider-impl\build\libs\action-provider-impl-1.0.jar;C:\WORK\Projects\Ancient Terror\core\action\action-impl\build\libs\action-impl-1.0.jar;C:\WORK\Projects\Ancient Terror\core\binder\binder-controller-model\build\libs\binder-controller-model-1.0.jar;C:\WORK\Projects\Ancient Terror\core\controller\controller-provider\controller-provider-impl\build\libs\controller-provider-impl-1.0.jar;C:\WORK\Projects\Ancient Terror\core\controller\controller-provider\controller-provider-interface\build\libs\controller-provider-interface-1.0.jar;C:\WORK\Projects\Ancient Terror\core\controller\controller-impl\build\libs\controller-impl-1.0.jar;C:\WORK\Projects\Ancient Terror\core\controller\controller-interface\build\libs\controller-interface-1.0.jar;C:\WORK\Projects\Ancient Terror\core\view\view-interface\build\libs\view-interface-1.0.jar;C:\WORK\Projects\Ancient Terror\core\model\model-provider\model-provider-impl\build\libs\model-provider-impl-1.0.jar;C:\WORK\Projects\Ancient Terror\core\model\model-provider\model-provider-interface\build\libs\model-provider-interface-1.0.jar;C:\WORK\Projects\Ancient Terror\core\model\model-impl\build\libs\model-impl-1.0.jar;C:\WORK\Projects\Ancient Terror\core\model\model-write\build\libs\model-write-1.0.jar;C:\WORK\Projects\Ancient Terror\core\binder\binder-event-listener\build\libs\binder-event-listener-1.0.jar;C:\WORK\Projects\Ancient Terror\core\event-listener\event-listener-provider\event-listener-provider-impl\build\libs\event-listener-provider-impl-1.0.jar;C:\WORK\Projects\Ancient Terror\core\event-listener\event-listener-provider\event-listener-provider-interface\build\libs\event-listener-provider-interface-1.0.jar;C:\WORK\Projects\Ancient Terror\core\event-listener\event-listener-impl\build\libs\event-listener-impl-1.0.jar;C:\WORK\Projects\Ancient Terror\core\model\model-read\build\libs\model-read-1.0.jar;C:\WORK\Projects\Ancient Terror\core\binder\binder-service\build\libs\binder-service-1.0.jar;C:\WORK\Projects\Ancient Terror\core\service\service-provider\service-provider-impl\build\libs\service-provider-impl-1.0.jar;C:\WORK\Projects\Ancient Terror\core\service\service-provider\service-provider-interface\build\libs\service-provider-interface-1.0.jar;C:\WORK\Projects\Ancient Terror\core\service\service-impl\build\libs\service-impl-1.0.jar;C:\WORK\Projects\Ancient Terror\core\action\action-provider\action-provider-interface\build\libs\action-provider-interface-1.0.jar;C:\WORK\Projects\Ancient Terror\core\action\action-interface\build\libs\action-interface-1.0.jar;C:\WORK\Projects\Ancient Terror\core\event-queue\event-queue-provider\event-queue-provider-impl\build\libs\event-queue-provider-impl-1.0.jar;C:\WORK\Projects\Ancient Terror\core\event-queue\event-queue-provider\event-queue-provider-interface\build\libs\event-queue-provider-interface-1.0.jar;C:\WORK\Projects\Ancient Terror\core\event-queue\event-queue-impl\build\libs\event-queue-impl-1.0.jar;C:\WORK\Projects\Ancient Terror\core\event-queue\event-queue-write\build\libs\event-queue-write-1.0.jar;C:\WORK\Projects\Ancient Terror\core\event-queue\event-queue-read\build\libs\event-queue-read-1.0.jar;C:\WORK\Projects\Ancient Terror\core\service\service-interface\build\libs\service-interface-1.0.jar;C:\WORK\Projects\Ancient Terror\core\event-type\build\libs\event-type-1.0.jar;C:\WORK\Projects\Ancient Terror\core\constants\build\libs\constants-1.0.jar;C:\Users\matus.sivak\.gradle\caches\modules-2\files-2.1\com.badlogicgames.gdxpay\gdx-pay-client\1.3.13\7ee97c4ea70bb172bd7d7ae80d79d50abe94e4da\gdx-pay-client-1.3.13.jar;C:\Users\matus.sivak\.gradle\caches\modules-2\files-2.1\com.badlogicgames.gdx\gdx\1.9.8\a35a0076fbce873f9c2d5a1a1c8066244231bb3c\gdx-1.9.8.jar;C:\Users\matus.sivak\.gradle\caches\modules-2\files-2.1\javax.mail\mail\1.5.0-b01\c128515e42609622ce3f7dc0b431026d80bdb688\mail-1.5.0-b01.jar;C:\Users\matus.sivak\.gradle\caches\modules-2\files-2.1\org.springframework.boot\spring-boot-starter-json\2.7.18\b6d9ed5cae0c1929a9e561bf4799a3dc93a10db1\spring-boot-starter-json-2.7.18.jar;C:\Users\matus.sivak\.gradle\caches\modules-2\files-2.1\org.springframework.boot\spring-boot-starter\2.7.18\e56b75105f9ace6df154fd47eeeeadc2f5791e56\spring-boot-starter-2.7.18.jar;C:\Users\matus.sivak\.gradle\caches\modules-2\files-2.1\org.springframework.boot\spring-boot-starter-tomcat\2.7.18\c56e50e006448e75a8bde595dbc754ba294389af\spring-boot-starter-tomcat-2.7.18.jar;C:\Users\matus.sivak\.gradle\caches\modules-2\files-2.1\org.springframework\spring-webmvc\5.3.31\45754d056effe8257a012f6b98ed5454cf1e8960\spring-webmvc-5.3.31.jar;C:\Users\matus.sivak\.gradle\caches\modules-2\files-2.1\org.springframework\spring-web\5.3.31\3bf73c385a1f2f4a0d482149d6a205e854cec497\spring-web-5.3.31.jar;C:\Users\matus.sivak\.gradle\caches\modules-2\files-2.1\org.lwjgl.lwjgl\lwjgl_util\2.9.2\4b9e37300a87799856e0bd15ed81663cdb6b0947\lwjgl_util-2.9.2.jar;C:\Users\matus.sivak\.gradle\caches\modules-2\files-2.1\org.lwjgl.lwjgl\lwjgl\2.9.2\a9d80fe5935c7a9149f6584d9777cfd471f65489\lwjgl-2.9.2.jar;C:\Users\matus.sivak\.gradle\caches\modules-2\files-2.1\com.badlogicgames.jlayer\jlayer\1.0.1-gdx\7cca83cec5c1b2f011362f4d85aabd71a73b049d\jlayer-1.0.1-gdx.jar;C:\Users\matus.sivak\.gradle\caches\modules-2\files-2.1\org.jcraft\jorbis\0.0.17\8872d22b293e8f5d7d56ff92be966e6dc28ebdc6\jorbis-0.0.17.jar;C:\WORK\Projects\Ancient Terror\core\command-queue\command-queue-impl\build\libs\command-queue-impl-1.0.jar;C:\Users\matus.sivak\.gradle\caches\modules-2\files-2.1\javax.activation\activation\1.1\e6cb541461c2834bdea3eb920f1884d1eb508b50\activation-1.1.jar;C:\Users\matus.sivak\.gradle\caches\modules-2\files-2.1\org.springframework.boot\spring-boot-autoconfigure\2.7.18\9cf147c6ca274c75b32556acdcba5a1de081ebcd\spring-boot-autoconfigure-2.7.18.jar;C:\Users\matus.sivak\.gradle\caches\modules-2\files-2.1\org.springframework.boot\spring-boot\2.7.18\f6dbdd8da7c2bded63dff9b1f48d01a4923f20a0\spring-boot-2.7.18.jar;C:\Users\matus.sivak\.gradle\caches\modules-2\files-2.1\org.springframework.boot\spring-boot-starter-logging\2.7.18\19f7c255ba5255116f58c3bbaf52c7b88ea6af3e\spring-boot-starter-logging-2.7.18.jar;C:\Users\matus.sivak\.gradle\caches\modules-2\files-2.1\jakarta.annotation\jakarta.annotation-api\1.3.5\59eb84ee0d616332ff44aba065f3888cf002cd2d\jakarta.annotation-api-1.3.5.jar;C:\Users\matus.sivak\.gradle\caches\modules-2\files-2.1\org.springframework\spring-context\5.3.31\a2d6e76507f037ad835e8c2288dfedf28981999f\spring-context-5.3.31.jar;C:\Users\matus.sivak\.gradle\caches\modules-2\files-2.1\org.springframework\spring-aop\5.3.31\3be929dbdb5f4516919ad09a3d3720d779bb65d9\spring-aop-5.3.31.jar;C:\Users\matus.sivak\.gradle\caches\modules-2\files-2.1\org.springframework\spring-beans\5.3.31\d27258849071b3b268ecc388eca35bbfcc586448\spring-beans-5.3.31.jar;C:\Users\matus.sivak\.gradle\caches\modules-2\files-2.1\org.springframework\spring-expression\5.3.31\55637af1b186d1008890980c2876c5fc83599756\spring-expression-5.3.31.jar;C:\Users\matus.sivak\.gradle\caches\modules-2\files-2.1\org.springframework\spring-core\5.3.31\368e76f732a3c331b970f69cafec1525d27b34d3\spring-core-5.3.31.jar;C:\Users\matus.sivak\.gradle\caches\modules-2\files-2.1\org.yaml\snakeyaml\1.30\8fde7fe2586328ac3c68db92045e1c8759125000\snakeyaml-1.30.jar;C:\Users\matus.sivak\.gradle\caches\modules-2\files-2.1\com.fasterxml.jackson.datatype\jackson-datatype-jsr310\2.13.5\8ba3b868e81d7fc6ead686bd2353859b111d9eaf\jackson-datatype-jsr310-2.13.5.jar;C:\Users\matus.sivak\.gradle\caches\modules-2\files-2.1\com.fasterxml.jackson.module\jackson-module-parameter-names\2.13.5\a401a99e7a45450fd3ef76e82ba39005fd1a8c22\jackson-module-parameter-names-2.13.5.jar;C:\Users\matus.sivak\.gradle\caches\modules-2\files-2.1\com.fasterxml.jackson.core\jackson-annotations\2.13.5\136f77ab424f302c9e27230b4482e8000e142edf\jackson-annotations-2.13.5.jar;C:\Users\matus.sivak\.gradle\caches\modules-2\files-2.1\com.fasterxml.jackson.core\jackson-core\2.13.5\d07c97d3de9ea658caf1ff1809fd9de930a286a\jackson-core-2.13.5.jar;C:\Users\matus.sivak\.gradle\caches\modules-2\files-2.1\com.fasterxml.jackson.datatype\jackson-datatype-jdk8\2.13.5\1278f38160812811c56eb77f67213662ed1c7a2e\jackson-datatype-jdk8-2.13.5.jar;C:\Users\matus.sivak\.gradle\caches\modules-2\files-2.1\com.fasterxml.jackson.core\jackson-databind\2.13.5\aa95e46dbc32454f3983221d420e78ef19ddf844\jackson-databind-2.13.5.jar;C:\Users\matus.sivak\.gradle\caches\modules-2\files-2.1\org.apache.tomcat.embed\tomcat-embed-websocket\9.0.83\9af4b7450296bb4eff93b2ee3e52ab69d07512e4\tomcat-embed-websocket-9.0.83.jar;C:\Users\matus.sivak\.gradle\caches\modules-2\files-2.1\org.apache.tomcat.embed\tomcat-embed-core\9.0.83\d771e4343b0515c67dab2a09fe02f5d47550153f\tomcat-embed-core-9.0.83.jar;C:\Users\matus.sivak\.gradle\caches\modules-2\files-2.1\org.apache.tomcat.embed\tomcat-embed-el\9.0.83\b0cdada70099c25f45fceb48e1ebce60d138a5ce\tomcat-embed-el-9.0.83.jar;C:\Users\matus.sivak\.gradle\caches\modules-2\files-2.1\org.lwjgl.lwjgl\lwjgl-platform\2.9.2\510c7d317f5e9e700b9cfaac5fd38bdebf0702e0\lwjgl-platform-2.9.2-natives-windows.jar;C:\Users\matus.sivak\.gradle\caches\modules-2\files-2.1\org.lwjgl.lwjgl\lwjgl-platform\2.9.2\d276cdf61fe2b516c7b7f4aa1b8dea91dbdc8d56\lwjgl-platform-2.9.2-natives-linux.jar;C:\Users\matus.sivak\.gradle\caches\modules-2\files-2.1\org.lwjgl.lwjgl\lwjgl-platform\2.9.2\d55b46b40b40249d627a83a7f7f22649709d70c3\lwjgl-platform-2.9.2-natives-osx.jar;C:\Users\matus.sivak\.gradle\caches\modules-2\files-2.1\net.java.jinput\jinput\2.0.5\39c7796b469a600f72380316f6b1f11db6c2c7c4\jinput-2.0.5.jar;C:\WORK\Projects\Ancient Terror\core\command-queue\command-queue-interface\build\libs\command-queue-interface-1.0.jar;C:\Users\matus.sivak\.gradle\caches\modules-2\files-2.1\ch.qos.reload4j\reload4j\1.2.26\f9a29cea570c15844d2ec98bf8e2e523017a6a53\reload4j-1.2.26.jar;C:\Users\matus.sivak\.gradle\caches\modules-2\files-2.1\ch.qos.logback\logback-classic\1.2.12\d4dee19148dccb177a0736eb2027bd195341da78\logback-classic-1.2.12.jar;C:\Users\matus.sivak\.gradle\caches\modules-2\files-2.1\org.apache.logging.log4j\log4j-to-slf4j\2.17.2\17dd0fae2747d9a28c67bc9534108823d2376b46\log4j-to-slf4j-2.17.2.jar;C:\Users\matus.sivak\.gradle\caches\modules-2\files-2.1\org.slf4j\jul-to-slf4j\1.7.36\ed46d81cef9c412a88caef405b58f93a678ff2ca\jul-to-slf4j-1.7.36.jar;C:\Users\matus.sivak\.gradle\caches\modules-2\files-2.1\org.springframework\spring-jcl\5.3.31\e7ab9ee590a195415dd6b898440d776b4c8db78c\spring-jcl-5.3.31.jar;C:\Users\matus.sivak\.gradle\caches\modules-2\files-2.1\net.java.jutils\jutils\1.0.0\e12fe1fda814bd348c1579329c86943d2cd3c6a6\jutils-1.0.0.jar;C:\Users\matus.sivak\.gradle\caches\modules-2\files-2.1\net.java.jinput\jinput-platform\2.0.5\7ff832a6eb9ab6a767f1ade2b548092d0fa64795\jinput-platform-2.0.5-natives-linux.jar;C:\Users\matus.sivak\.gradle\caches\modules-2\files-2.1\net.java.jinput\jinput-platform\2.0.5\385ee093e01f587f30ee1c8a2ee7d408fd732e16\jinput-platform-2.0.5-natives-windows.jar;C:\Users\matus.sivak\.gradle\caches\modules-2\files-2.1\net.java.jinput\jinput-platform\2.0.5\53f9c919f34d2ca9de8c51fc4e1e8282029a9232\jinput-platform-2.0.5-natives-osx.jar;C:\WORK\Projects\Ancient Terror\java8-features\build\libs\java8-features-1.0.jar;C:\Users\matus.sivak\.gradle\caches\modules-2\files-2.1\io.reactivex\rxjava\1.3.0\af000bec2036a2a9d07197c4b03b8966bfc60b03\rxjava-1.3.0.jar;C:\Users\matus.sivak\.gradle\caches\modules-2\files-2.1\junit\junit\4.12\2973d150c0dc1fefe998f834810d68f278ea58ec\junit-4.12.jar;C:\Users\matus.sivak\.gradle\caches\modules-2\files-2.1\ch.qos.logback\logback-core\1.2.12\1d8e51a698b138065d73baefb4f94531faa323cb\logback-core-1.2.12.jar;C:\Users\matus.sivak\.m2\repository\org\slf4j\slf4j-api\1.7.36\slf4j-api-1.7.36.jar;C:\Users\matus.sivak\.gradle\caches\modules-2\files-2.1\org.apache.logging.log4j\log4j-api\2.17.2\f42d6afa111b4dec5d2aea0fe2197240749a4ea6\log4j-api-2.17.2.jar;C:\Users\matus.sivak\.gradle\caches\modules-2\files-2.1\com.rafaskoberg.gdx\typing-label\1.0.4\45dddf6ddba01c056f1742133c4030ce34dde488\typing-label-1.0.4.jar;C:\Users\matus.sivak\.m2\repository\org\hamcrest\hamcrest-core\1.3\hamcrest-core-1.3.jar;C:\Users\matus.sivak\.gradle\caches\modules-2\files-2.1\com.badlogicgames.gdxpay\gdx-pay\1.3.13\a0bd1fbf1489e66ab2681529ccad389762ad6f95\gdx-pay-1.3.13.jar;C:\Users\matus.sivak\.m2\repository\com\google\code\findbugs\jsr305\3.0.2\jsr305-3.0.2.jar
Launcher Type: SUN_STANDARD

[Global flags]
     intx CICompilerCount                          = 12                                        {product} {ergonomic}
     uint ConcGCThreads                            = 3                                         {product} {ergonomic}
     uint G1ConcRefinementThreads                  = 13                                        {product} {ergonomic}
   size_t G1HeapRegionSize                         = 4194304                                   {product} {ergonomic}
    uintx GCDrainStackTargetSize                   = 64                                        {product} {ergonomic}
   size_t InitialHeapSize                          = 532676608                                 {product} {ergonomic}
   size_t MarkStackSize                            = 4194304                                   {product} {ergonomic}
   size_t MaxHeapSize                              = 8518631424                                {product} {ergonomic}
   size_t MaxNewSize                               = 5108662272                                {product} {ergonomic}
   size_t MinHeapDeltaBytes                        = 4194304                                   {product} {ergonomic}
   size_t MinHeapSize                              = 8388608                                   {product} {ergonomic}
    uintx NonNMethodCodeHeapSize                   = 7602480                                {pd product} {ergonomic}
    uintx NonProfiledCodeHeapSize                  = 122027880                              {pd product} {ergonomic}
    uintx ProfiledCodeHeapSize                     = 122027880                              {pd product} {ergonomic}
    uintx ReservedCodeCacheSize                    = 251658240                              {pd product} {ergonomic}
     bool SegmentedCodeCache                       = true                                      {product} {ergonomic}
   size_t SoftMaxHeapSize                          = 8518631424                             {manageable} {ergonomic}
     bool UseCompressedOops                        = true                           {product lp64_product} {ergonomic}
     bool UseG1GC                                  = true                                      {product} {ergonomic}
     bool UseLargePagesIndividualAllocation        = false                                  {pd product} {ergonomic}

Logging:
Log output configuration:
 #0: stdout all=warning uptime,level,tags foldmultilines=false
 #1: stderr all=off uptime,level,tags foldmultilines=false

Environment Variables:
JAVA_HOME=C:\Users\matus.sivak\.jdks\corretto-21.0.6
PATH=C:\Program Files\Microsoft SDKs\Azure\CLI2\wbin;C:\windows\system32;C:\windows;C:\windows\System32\Wbem;C:\windows\System32\WindowsPowerShell\v1.0\;C:\windows\System32\OpenSSH\;C:\Program Files (x86)\Pulse Secure\VC142.CRT\X64\;C:\Program Files (x86)\Pulse Secure\VC142.CRT\X86\;C:\Users\matus.sivak\.jdks\openjdk-25.0.2\bin;C:\WORK\Tools\apache-maven-3.9.1\bin;C:\Program Files\PuTTY\;C:\Program Files (x86)\Microsoft SQL Server\160\DTS\Binn\;C:\Program Files\Azure Data Studio\bin;C:\Program Files (x86)\NVIDIA Corporation\PhysX\Common;C:\WINDOWS\system32;C:\WINDOWS;C:\WINDOWS\System32\Wbem;C:\WINDOWS\System32\WindowsPowerShell\v1.0\;C:\WINDOWS\System32\OpenSSH\;C:\Program Files\dotnet\;C:\Users\matus.sivak\AppData\Local\Programs\Python\Python314\Scripts\;C:\Users\matus.sivak\AppData\Local\Programs\Python\Python314\;C:\Users\matus.sivak\AppData\Local\Programs\Python\Launcher\;C:\Users\matus.sivak\AppData\Local\Microsoft\WindowsApps;C:\Users\matus.sivak\AppData\Local\Programs\IntelliJ IDEA 2025.3.1.1\bin;C:\Program Files\Azure Data Studio\bin;C:\Users\matus.sivak\.dotnet\tools;C:\WORK\Projects\EntriX\docker;C:\Program Files (x86)\Nmap;C:\Users\matus.sivak\AppData\Local\Programs\Git\cmd;
USERNAME=matus.sivak
OS=Windows_NT
PROCESSOR_IDENTIFIER=Intel64 Family 6 Model 141 Stepping 1, GenuineIntel
TMP=C:\Users\MATUS~1.SIV\AppData\Local\Temp
TEMP=C:\Users\MATUS~1.SIV\AppData\Local\Temp




Periodic native trim disabled

---------------  S Y S T E M  ---------------

OS:
 Windows 11 , 64 bit Build 26100 (10.0.26100.9444)
OS uptime: 1 days 5:51 hours
Hyper-V role detected

CPU: total 16 (initial active 16) (8 cores per cpu, 2 threads per core) family 6 model 141 stepping 1 microcode 0x56, cx8, cmov, fxsr, ht, mmx, 3dnowpref, sse, sse2, sse3, ssse3, sse4.1, sse4.2, popcnt, lzcnt, tsc, tscinvbit, avx, avx2, aes, erms, clmul, bmi1, bmi2, adx, avx512f, avx512dq, avx512cd, avx512bw, avx512vl, sha, fma, vzeroupper, avx512_vpopcntdq, avx512_vpclmulqdq, avx512_vaes, avx512_vnni, clflush, clflushopt, clwb, avx512_vbmi2, avx512_vbmi, hv, rdtscp, rdpid, fsrm, gfni, avx512_bitalg, f16c, cet_ibt, cet_ss, avx512_ifma
Processor Information for the first 16 processors :
  Max Mhz: 2496, Current Mhz: 2496, Mhz Limit: 2496

Memory: 4k page, system-wide physical 32490M (10429M free)
TotalPageFile size 44778M (AvailPageFile size 16726M)
current process WorkingSet (physical memory assigned to process): 692M, peak: 1374M
current process commit charge ("private bytes"): 1445M, peak: 1618M

vm_info: OpenJDK 64-Bit Server VM (21.0.6+7-LTS) for windows-amd64 JRE (21.0.6+7-LTS), built on 2025-01-07T23:42:01Z by "Administrator" with MS VC++ 16.10 / 16.11 (VS2019)

END.
