#
# A fatal error has been detected by the Java Runtime Environment:
#
#  EXCEPTION_ACCESS_VIOLATION (0xc0000005) at pc=0x00007ffef702f1b4, pid=28484, tid=30268
#
# JRE version: OpenJDK Runtime Environment Corretto-21.0.6.7.1 (21.0.6+7) (build 21.0.6+7-LTS)
# Java VM: OpenJDK 64-Bit Server VM Corretto-21.0.6.7.1 (21.0.6+7-LTS, mixed mode, sharing, tiered, compressed oops, compressed class ptrs, g1 gc, windows-amd64)
# Problematic frame:
# C  [igxelpicd64.dll+0x38f1b4]
#
# No core dump will be written. Minidumps are not enabled by default on client versions of Windows
#
# If you would like to submit a bug report, please visit:
#   https://github.com/corretto/corretto-21/issues/
# The crash happened outside the Java Virtual Machine in native code.
# See problematic frame for where to report the bug.
#

---------------  S U M M A R Y ------------

Command Line: -Dfile.encoding=UTF-8 -Duser.country=US -Duser.language=en -Duser.variant sk.sivak.eldritchhorror.GameDesktop

Host: 11th Gen Intel(R) Core(TM) i7-11850H @ 2.50GHz, 16 cores, 31G,  Windows 11 , 64 bit Build 26100 (10.0.26100.9168)
Time: Wed Sep  2 14:05:20 2026 Central Europe Daylight Time elapsed time: 133.199873 seconds (0d 0h 2m 13s)

---------------  T H R E A D  ---------------

Current thread (0x000001628b53ea80):  JavaThread "LWJGL Application"        [_thread_in_native, id=30268, stack(0x0000005b04a00000,0x0000005b04b00000) (1024K)]

Stack: [0x0000005b04a00000,0x0000005b04b00000],  sp=0x0000005b04afe870,  free space=1018k
Native frames: (J=compiled Java code, j=interpreted, Vv=VM code, C=native code)
C  [igxelpicd64.dll+0x38f1b4]

Java frames: (J=compiled Java code, j=interpreted, Vv=VM code)
J 2072  org.lwjgl.opengl.GL11.nglDrawElements(IIIJJ)V (0 bytes) @ 0x0000016230db85af [0x0000016230db8540+0x000000000000006f]
J 2851 c2 com.badlogic.gdx.graphics.Mesh.render(Lcom/badlogic/gdx/graphics/glutils/ShaderProgram;IIIZ)V (257 bytes) @ 0x0000016230e20078 [0x0000016230e1fe20+0x0000000000000258]
J 3394 c2 com.badlogic.gdx.graphics.g2d.SpriteBatch.flush()V (193 bytes) @ 0x0000016230e92760 [0x0000016230e92340+0x0000000000000420]
J 3920 c2 com.badlogic.gdx.scenes.scene2d.Group.draw(Lcom/badlogic/gdx/graphics/g2d/Batch;F)V (35 bytes) @ 0x0000016230f036ec [0x0000016230f032c0+0x000000000000042c]
J 4435 c2 com.badlogic.gdx.scenes.scene2d.Group.drawChildren(Lcom/badlogic/gdx/graphics/g2d/Batch;F)V (551 bytes) @ 0x0000016230f7fd98 [0x0000016230f7fbc0+0x00000000000001d8]
J 3940 c2 com.badlogic.gdx.scenes.scene2d.Stage.draw()V (70 bytes) @ 0x0000016230f0eabc [0x0000016230f0e460+0x000000000000065c]
J 3614 c1 sk.sivak.eldritchhorror.core.view.game.MapStage$1.draw()V (363 bytes) @ 0x0000016229855394 [0x00000162298546e0+0x0000000000000cb4]
J 4528 c2 sk.sivak.eldritchhorror.core.view.game.GameViewImpl.render(F)V (54 bytes) @ 0x0000016230fa15d8 [0x0000016230fa1380+0x0000000000000258]
J 4567 c2 sk.sivak.eldritchhorror.core.Game.render()V (47 bytes) @ 0x0000016230fb5370 [0x0000016230fb52e0+0x0000000000000090]
j  com.badlogic.gdx.backends.lwjgl.LwjglApplication.mainLoop()V+698
j  com.badlogic.gdx.backends.lwjgl.LwjglApplication$1.run()V+27
v  ~StubRoutines::call_stub 0x00000162305810e7

siginfo: EXCEPTION_ACCESS_VIOLATION (0xc0000005), writing address 0x0000000000000018


Registers:
RAX=0x0000000000000018, RBX=0x000001628bb66110, RCX=0x0000005b04afe980, RDX=0x000000007b000005
RSP=0x0000005b04afe870, RBP=0x0000005b04afe980, RSI=0x000001628bd77a00, RDI=0x000001628bb2b9c0
R8 =0x0000000000000018, R9 =0x000001628bb66110, R10=0x000001628bd77e90, R11=0x0000000000000000
R12=0x0000000000000000, R13=0x0000000000000004, R14=0x0000000000000004, R15=0x0000000000000000
RIP=0x00007ffef702f1b4, EFLAGS=0x0000000000010246

XMM[0]=0x0000000000000000 0x0000000000000000
XMM[1]=0x0000000000000000 0x0000000000000000
XMM[2]=0x0000000000000000 0x0000000000000000
XMM[3]=0x0000000000000040 0x0000000000000040
XMM[4]=0x0000000000000040 0x0000000000000041
XMM[5]=0x0004000000000000 0x0000004061010014
XMM[6]=0x0000000000000000 0x0000000000000000
XMM[7]=0x0000000000000000 0x000000003f800000
XMM[8]=0x0000000000000000 0x0000000000000000
XMM[9]=0x0000000000000000 0x00000000428eaaab
XMM[10]=0x0000000000000000 0x00000000448816be
XMM[11]=0x0000000000000000 0x000000003f800000
XMM[12]=0x0000000000000000 0x0000000000000000
XMM[13]=0x0000000000000000 0x000000003f800000
XMM[14]=0x0000000000000000 0x000000003f800000
XMM[15]=0x0000000000000000 0x000000004485e446
  MXCSR=0x00001fa7


Register to memory mapping:

RAX=0x0000000000000018 is an unknown value
RBX=0x000001628bb66110 points into unknown readable memory: 0x0000000000000000 | 00 00 00 00 00 00 00 00
RCX=0x0000005b04afe980 is pointing into the stack for thread: 0x000001628b53ea80
RDX=0x000000007b000005 is an unknown value
RSP=0x0000005b04afe870 is pointing into the stack for thread: 0x000001628b53ea80
RBP=0x0000005b04afe980 is pointing into the stack for thread: 0x000001628b53ea80
RSI=0x000001628bd77a00 points into unknown readable memory: 0x0000b13411000001 | 01 00 00 11 34 b1 00 00
RDI=0x000001628bb2b9c0 points into unknown readable memory: 0x000001628badd980 | 80 d9 ad 8b 62 01 00 00
R8 =0x0000000000000018 is an unknown value
R9 =0x000001628bb66110 points into unknown readable memory: 0x0000000000000000 | 00 00 00 00 00 00 00 00
R10=0x000001628bd77e90 points into unknown readable memory: 0x000000007b000005 | 05 00 00 7b 00 00 00 00
R11=0x0 is null
R12=0x0 is null
R13=0x0000000000000004 is an unknown value
R14=0x0000000000000004 is an unknown value
R15=0x0 is null

Top of Stack: (sp=0x0000005b04afe870)
0x0000005b04afe870:   0000005b04afe900 000001628bb66110
0x0000005b04afe880:   000001628bb667c8 0000005b04afe90c
0x0000005b04afe890:   0000000000000001 00007ffef797ea24
0x0000005b04afe8a0:   0000000000000000 0000000000000000
0x0000005b04afe8b0:   0000000000000000 0000000000000000
0x0000005b04afe8c0:   0000000000000400 00007ffef702f5fd
0x0000005b04afe8d0:   000001628bb2b9c0 000001628bb2b9c0
0x0000005b04afe8e0:   0000005b04afe9d0 0000000200000000
0x0000005b04afe8f0:   0000000000000000 0000005b04afe980
0x0000005b04afe900:   000001628bb2b9c0 0000000400000006
0x0000005b04afe910:   0000000000027366 0000000000000000
0x0000005b04afe920:   0000005b04afe900 0000005b04afe90c
0x0000005b04afe930:   00000000000004d1 00007ffef6f4aafd
0x0000005b04afe940:   000001629624dd40 000001629624dd40
0x0000005b04afe950:   000001628bb78468 00007ffef6ce2809
0x0000005b04afe960:   000001628bb2b9c0 00007ffef6d03527
0x0000005b04afe970:   000001629603ccd0 00000162960a8780
0x0000005b04afe980:   000001628bb2b9c0 00007ffef6f4aafd
0x0000005b04afe990:   000001628bb2b9c0 00007ffef6f6d271
0x0000005b04afe9a0:   00000162960a8780 00000162960a8920
0x0000005b04afe9b0:   000001628bb2b9c0 00007ffef6d03527
0x0000005b04afe9c0:   000001629659b980 00000162965218a0
0x0000005b04afe9d0:   0000016296518460 0000016296518600
0x0000005b04afe9e0:   000001628bb2b9c0 00007ffef6f6d271
0x0000005b04afe9f0:   00000162965218a0 0000016296521a40
0x0000005b04afea00:   000001628bd84fd0 000001628bb2b9c0
0x0000005b04afea10:   000001628bd84720 0000000000000000
0x0000005b04afea20:   8bb2b90001000101 000001628bb667c8
0x0000005b04afea30:   000001628bd84fd0 00007ffef77d429f
0x0000005b04afea40:   8bb2b90001000101 00007ffef6ce2833
0x0000005b04afea50:   000001628bd84fd0 0000016296737e40
0x0000005b04afea60:   000001628bd84720 0000000000000000 

Instructions: (pc=0x00007ffef702f1b4)
0x00007ffef702f0b4:   24 30 c7 44 24 40 00 00 00 00 c6 44 24 44 00 44
0x00007ffef702f0c4:   8b 43 28 48 8d 4b 10 41 81 c0 0c 10 00 00 44 03
0x00007ffef702f0d4:   43 34 44 3b 43 40 0f 93 c0 88 43 2c 72 35 80 bb
0x00007ffef702f0e4:   2c 01 00 00 00 74 1d 48 8d 54 24 30 e8 d7 39 cf
0x00007ffef702f0f4:   ff 84 c0 74 0f 48 8d 54 24 30 48 8b cb e8 ca 2b
0x00007ffef702f104:   fb ff eb 0f 48 8d 8f 50 b1 03 00 48 8b d7 e8 39
0x00007ffef702f114:   2c ea ff 80 bf cd 0b 03 00 00 74 4c 80 bf c8 af
0x00007ffef702f124:   03 00 00 74 43 65 48 8b 0c 25 58 00 00 00 8b 05
0x00007ffef702f134:   20 3e 0d 01 ba 1c 00 00 00 48 8b 04 c1 8b 04 02
0x00007ffef702f144:   39 05 06 6a 0e 01 0f 8f eb 00 00 00 48 8b 8f 20
0x00007ffef702f154:   5f 04 00 4c 8d 05 02 6a 0e 01 41 b9 03 00 00 00
0x00007ffef702f164:   48 8b d7 e8 60 fa cb ff 48 8d 8f 50 b1 03 00 e8
0x00007ffef702f174:   38 b9 c9 ff 0f b6 84 24 80 00 00 00 4c 8d 96 c0
0x00007ffef702f184:   04 00 00 84 c0 75 07 4c 8d 96 90 04 00 00 84 c0
0x00007ffef702f194:   ba 28 00 00 00 b9 1c 00 00 00 0f 44 d1 48 8b cd
0x00007ffef702f1a4:   e8 b7 b8 c9 ff e8 8e b8 c9 ff 41 8b 12 4c 8b c0
0x00007ffef702f1b4:   89 10 41 8b 4a 04 89 48 04 48 8b 8f 88 1c 03 00
0x00007ffef702f1c4:   48 83 b9 f8 00 00 00 00 74 06 0f ba ea 08 89 10
0x00007ffef702f1d4:   80 bf cd 0b 03 00 00 74 0d 0f ba ea 09 89 10 c6
0x00007ffef702f1e4:   87 cd 0b 03 00 00 48 8b 87 a0 54 04 00 48 8b 97
0x00007ffef702f1f4:   00 a4 03 00 8b 88 24 27 01 00 8b c1 4c 8b 8a f0
0x00007ffef702f204:   01 00 00 c1 e8 02 24 01 f6 c1 01 74 07 4c 89 8a
0x00007ffef702f214:   18 02 00 00 84 c0 49 8b c0 74 07 4c 89 8a 20 02
0x00007ffef702f224:   00 00 48 8b 5c 24 68 48 8b 6c 24 70 48 8b 74 24
0x00007ffef702f234:   78 48 83 c4 50 5f c3 48 8d 0d 0e 69 0e 01 e8 39
0x00007ffef702f244:   75 69 00 83 3d 02 69 0e 01 ff 0f 85 fc fe ff ff
0x00007ffef702f254:   48 c7 44 24 30 00 00 00 00 48 8d 0d fc 68 0e 01
0x00007ffef702f264:   c7 44 24 34 00 00 10 00 48 8b 54 24 30 e8 7e f2
0x00007ffef702f274:   cb ff 48 8d 0d d3 68 0e 01 e8 8e 74 69 00 e9 c9
0x00007ffef702f284:   fe ff ff cc cc cc cc cc cc cc cc cc c2 00 00 cc
0x00007ffef702f294:   cc cc cc cc cc cc cc cc cc cc cc cc 48 83 ec 28
0x00007ffef702f2a4:   80 b9 68 fb 02 00 00 c7 81 6c fb 02 00 00 00 00 


Stack slot to memory mapping:

stack at sp + 0 slots: 0x0000005b04afe900 is pointing into the stack for thread: 0x000001628b53ea80
stack at sp + 1 slots: 0x000001628bb66110 points into unknown readable memory: 0x0000000000000000 | 00 00 00 00 00 00 00 00
stack at sp + 2 slots: 0x000001628bb667c8 points into unknown readable memory: 0x000001628bb65db0 | b0 5d b6 8b 62 01 00 00
stack at sp + 3 slots: 0x0000005b04afe90c is pointing into the stack for thread: 0x000001628b53ea80
stack at sp + 4 slots: 0x0000000000000001 is an unknown value
stack at sp + 5 slots: 0x00007ffef797ea24 igxelpicd64.dll
stack at sp + 6 slots: 0x0 is null
stack at sp + 7 slots: 0x0 is null


Compiled method (n/a) 133257 2072     n 0       org.lwjgl.opengl.GL11::nglDrawElements (native)
 total in heap  [0x0000016230db8390,0x0000016230db8778] = 1000
 relocation     [0x0000016230db84f0,0x0000016230db8528] = 56
 main code      [0x0000016230db8540,0x0000016230db876e] = 558
 stub code      [0x0000016230db876e,0x0000016230db8770] = 2
 oops           [0x0000016230db8770,0x0000016230db8778] = 8

[Constant Pool (empty)]

[MachCode]
[Entry Point]
  # {method} {0x000001628753c3a0} 'nglDrawElements' '(IIIJJ)V' in 'org/lwjgl/opengl/GL11'
  # parm0:    rdx       = int
  # parm1:    r8        = int
  # parm2:    r9        = int
  # parm3:    rdi:rdi   = long
  # parm4:    rsi:rsi   = long
  #           [sp+0x90]  (sp of caller)
  0x0000016230db8540: 448b 5208 | 49bb 0000 | 0046 6201 | 0000 4d03 | d349 3bc2 | 0f84 0600 

  0x0000016230db8558: ;   {runtime_call ic_miss_stub}
  0x0000016230db8558: 0000 e921 | 6481 ff90 
[Verified Entry Point]
  0x0000016230db8560: 8984 2400 | 80ff ff55 | 488b ec48 | 81ec 8000 | 0000 6690 | 4181 7f20 | 0100 0000 

  0x0000016230db857c: ;   {runtime_call StubRoutines (final stubs)}
  0x0000016230db857c: 7405 e83d | d77f ff48 | 8974 2430 | 4889 7c24 | 284c 894c | 2420 4d8b | c84c 8bc2 

  0x0000016230db8598: ;   {oop(a 'java/lang/Class'{0x0000000609c5b960} = 'org/lwjgl/opengl/GL11')}
  0x0000016230db8598: 49be 60b9 | c509 0600 | 0000 4c89 | 7424 684c | 8d74 2468 | 498b d6c5 

  0x0000016230db85b0: ;   {internal_word}
  0x0000016230db85b0: f877 49ba | af85 db30 | 6201 0000 | 4d89 97a0 | 0300 0049 | 89a7 9803 

  0x0000016230db85c8: ;   {external_word}
  0x0000016230db85c8: 0000 49ba | c75a d894 | fe7f 0000 | 4180 3a00 | 0f84 4e00 | 0000 5241 

  0x0000016230db85e0: ;   {metadata({method} {0x000001628753c3a0} 'nglDrawElements' '(IIIJJ)V' in 'org/lwjgl/opengl/GL11')}
  0x0000016230db85e0: 5041 5148 | ba98 c353 | 8762 0100 | 0049 8bcf | 4883 ec20 | 40f6 c40f | 0f84 1900 | 0000 4883 
  0x0000016230db8600: ;   {runtime_call}
  0x0000016230db8600: ec08 48b8 | d010 8294 | fe7f 0000 | ffd0 4883 | c408 e90c 

  0x0000016230db8614: ;   {runtime_call}
  0x0000016230db8614: 0000 0048 | b8d0 1082 | 94fe 7f00 | 00ff d048 | 83c4 2041 | 5941 585a | 498d 8fb8 | 0300 0041 
  0x0000016230db8634: c787 4404 | 0000 0400 

  0x0000016230db863c: ;   {runtime_call}
  0x0000016230db863c: 0000 48b8 | d0d8 0080 | 0100 0000 | ffd0 c5f8 | 7741 c787 | 4404 0000 | 0500 0000 | f083 4424 
  0x0000016230db865c: c000 493b | af48 0400 | 000f 870e | 0000 0041 | 83bf 4004 | 0000 000f | 8423 0000 | 00c5 f877 
  0x0000016230db867c: 498b cf4c | 8be4 4883 | ec20 4883 

  0x0000016230db8688: ;   {runtime_call}
  0x0000016230db8688: e4f0 48b8 | 407a 4d94 | fe7f 0000 | ffd0 498b | e44d 33e4 | 41c7 8744 | 0400 0008 | 0000 0041 
  0x0000016230db86a8: 83bf c004 | 0000 020f | 8494 0000 

  0x0000016230db86b4: ;   {external_word}
  0x0000016230db86b4: 0049 bac7 | 5ad8 94fe | 7f00 0041 | 803a 000f | 8444 0000 

  0x0000016230db86c8: ;   {metadata({method} {0x000001628753c3a0} 'nglDrawElements' '(IIIJJ)V' in 'org/lwjgl/opengl/GL11')}
  0x0000016230db86c8: 0048 ba98 | c353 8762 | 0100 0049 | 8bcf 4883 | ec20 40f6 | c40f 0f84 | 1900 0000 | 4883 ec08 
  0x0000016230db86e8: ;   {runtime_call}
  0x0000016230db86e8: 48b8 d010 | 8294 fe7f | 0000 ffd0 | 4883 c408 | e90c 0000 

  0x0000016230db86fc: ;   {runtime_call}
  0x0000016230db86fc: 0048 b8d0 | 1082 94fe | 7f00 00ff | d048 83c4 | 2049 c787 | 9803 0000 | 0000 0000 | 49c7 87a0 
  0x0000016230db871c: 0300 0000 | 0000 00c5 | f877 498b | 8f28 0400 | 00c7 8100 | 0100 0000 | 0000 00c9 | 4983 7f08 
  0x0000016230db873c: 000f 8501 | 0000 00c3 

  0x0000016230db8744: ;   {runtime_call StubRoutines (initial stubs)}
  0x0000016230db8744: e9b7 877c | ffc5 f877 | 4c8b e448 | 83ec 2048 

  0x0000016230db8754: ;   {runtime_call}
  0x0000016230db8754: 83e4 f048 | b870 4882 | 94fe 7f00 | 00ff d049 | 8be4 4d33 | e4e9 47ff | ffff f4f4 
[/MachCode]


Compiled method (c2) 133267 2851       4       com.badlogic.gdx.graphics.Mesh::render (257 bytes)
 total in heap  [0x0000016230e1fb10,0x0000016230e22368] = 10328
 relocation     [0x0000016230e1fc70,0x0000016230e1fe08] = 408
 main code      [0x0000016230e1fe20,0x0000016230e21110] = 4848
 stub code      [0x0000016230e21110,0x0000016230e21170] = 96
 oops           [0x0000016230e21170,0x0000016230e21178] = 8
 metadata       [0x0000016230e21178,0x0000016230e21308] = 400
 scopes data    [0x0000016230e21308,0x0000016230e21d38] = 2608
 scopes pcs     [0x0000016230e21d38,0x0000016230e221f8] = 1216
 dependencies   [0x0000016230e221f8,0x0000016230e22230] = 56
 handler table  [0x0000016230e22230,0x0000016230e222a8] = 120
 nul chk table  [0x0000016230e222a8,0x0000016230e22368] = 192

[Constant Pool (empty)]

[MachCode]
[Entry Point]
  # {method} {0x000001628798cba0} 'render' '(Lcom/badlogic/gdx/graphics/glutils/ShaderProgram;IIIZ)V' in 'com/badlogic/gdx/graphics/Mesh'
  # this:     rdx:rdx   = 'com/badlogic/gdx/graphics/Mesh'
  # parm0:    r8:r8     = 'com/badlogic/gdx/graphics/glutils/ShaderProgram'
  # parm1:    r9        = int
  # parm2:    rdi       = int
  # parm3:    rsi       = int
  # parm4:    rcx       = boolean
  #           [sp+0x70]  (sp of caller)
  0x0000016230e1fe20: 448b 5208 | 49bb 0000 | 0046 6201 | 0000 4d03 | d349 3bc2 

  0x0000016230e1fe34: ;   {runtime_call ic_miss_stub}
  0x0000016230e1fe34: 0f85 46eb | 7aff 6690 | 0f1f 4000 
[Verified Entry Point]
  0x0000016230e1fe40: 8984 2400 | 80ff ff55 | 4883 ec60 | 4181 7f20 | 0100 0000 | 0f85 a512 | 0000 897c | 2418 4489 
  0x0000016230e1fe60: 4c24 044c | 8944 2410 | 4889 5424 | 0889 0c24 | 8974 241c | 85f6 0f84 | 500b 0000 | 85c9 0f84 
  0x0000016230e1fe80: 600b 0000 | 8b6a 1045 | 8b54 ec08 

  0x0000016230e1fe8c: ;   {metadata('com/badlogic/gdx/graphics/glutils/VertexArray')}
  0x0000016230e1fe8c: 4181 fa58 | 2910 010f | 85d3 0900 | 0049 8d14 | ec45 33c9 | 4d8b 9780 | 0300 004d | 8b12 4c89 
  0x0000016230e1feac: 5424 2048 | 8b6c 2408 

  0x0000016230e1feb4: ;   {optimized virtual_call}
  0x0000016230e1feb4: c5f8 77e8 

  0x0000016230e1feb8: ; ImmutableOopMap {rbp=Oop [8]=Oop [16]=Oop [32]=Oop }
                      ;*invokeinterface bind {reexecute=0 rethrow=0 return_oop=0}
                      ; - com.badlogic.gdx.graphics.Mesh::bind@6 (line 391)
                      ; - com.badlogic.gdx.graphics.Mesh::bind@3 (line 382)
                      ; - com.badlogic.gdx.graphics.Mesh::render@13 (line 490)
  0x0000016230e1feb8: 0464 ffff 

  0x0000016230e1febc: ;   {other}
  0x0000016230e1febc: 0f1f 8400 | ac03 0000 | 8b6d 1445 | 8b54 ec08 

  0x0000016230e1fecc: ;   {metadata('com/badlogic/gdx/graphics/glutils/IndexArray')}
  0x0000016230e1fecc: 4181 fa40 | 2c10 010f | 85ab 0900 | 004d 8d14 | ec41 0fb6 | 6a0c 85ed | 0f85 1e0b | 0000 458b 
  0x0000016230e1feec: 5210 478b | 5cd4 1c45 | 85db 0f8e | 240a 0000 | 4c8b 4424 | 0841 0fb6 | 680d 85ed | 0f84 120b 
  0x0000016230e1ff0c: 0000 478b | 4cd4 188b | 5c24 1841 | 3bdb 0f8f | 180b 0000 | 85db 0f8c | 600b 0000 | 438b 74d4 
  0x0000016230e1ff2c: 0c3b f30f | 8fa3 0b00 | 0043 895c | d418 448b | c344 0344 | 241c 438b | 6cd4 2044 | 3bc5 0f8f 
  0x0000016230e1ff4c: dc0b 0000 | 4585 c00f | 8c13 0c00 | 0047 8944 | d41c 413b | d80f 8f55 | 0c00 0041 | 3bf0 0f8f 
  0x0000016230e1ff6c: a00c 0000 

  0x0000016230e1ff70: ;   {oop(a 'java/lang/Class'{0x00000006047fcea8} = 'com/badlogic/gdx/Gdx')}
  0x0000016230e1ff70: 49b8 a8ce | 7f04 0600 | 0000 418b | a88c 0000 | 0041 8b4c 

  0x0000016230e1ff84: ;   {metadata('com/badlogic/gdx/backends/lwjgl/LwjglGL20')}
  0x0000016230e1ff84: ec08 81f9 | 6012 0201 | 0f85 0a09 

  0x0000016230e1ff90: ;   {oop(a 'java/lang/Class'{0x0000000609c6bc10} = 'org/lwjgl/opengl/GLContext')}
  0x0000016230e1ff90: 0000 49b8 | 10bc c609 | 0600 0000 | 418b 4874 

  0x0000016230e1ffa0: ; implicit exception: dispatches to 0x0000016230e20fd4
  0x0000016230e1ffa0: 418b 6ccc | 0c4c 8bc5 | 49c1 e003 | 488b 7c24 | 204c 3bc7 | 0f85 a209 | 0000 418b | 7ccc 1085 
  0x0000016230e1ffc0: ff0f 849d | 0c00 0049 | 8b8c fc88 | 1a00 0048 | 85c9 0f84 | c40c 0000 | 458b 84fc | ac3f 0000 
  0x0000016230e1ffe0: ; implicit exception: dispatches to 0x0000016230e20fec
  0x0000016230e1ffe0: 478b 44c4 | 1043 8b74 | c410 438b | 6cc4 0c41 | 8b54 f40c | 3bea 0f83 | 2008 0000 | 4d8d 04f4 
  0x0000016230e20000: 418b 74a8 | 1041 8b6c | f418 85ed | 0f85 6e09 | 0000 418b | 6cf4 0c85 | ed0f 85c1 

  0x0000016230e2001c: ;   {oop(a 'org/lwjgl/MemoryUtilSun$AccessorUnsafe'{0x000000060472e470})}
  0x0000016230e2001c: 0c00 0048 | bf70 e472 | 0406 0000 | 0048 8b77 | 1044 8b44 | 241c 4585 | c00f 8e8d | 0400 0044 
  0x0000016230e2003c: 3b67 0c0f | 840b 0800 | 0044 894c | 2428 4489 | 5c24 1cd1 | e34b 8d2c | d444 8954 | 2418 4863 
  0x0000016230e2005c: fb48 037c | 3500 41b9 | 0314 0000 | 8b54 2404 | 488b f190 

  0x0000016230e20070: ;   {static_call}
  0x0000016230e20070: c5f8 77e8 

  0x0000016230e20074: ; ImmutableOopMap {rbp=Oop [8]=Oop [16]=Oop [24]=NarrowOop [32]=Oop }
                      ;*invokestatic nglDrawElements {reexecute=0 rethrow=0 return_oop=0}
                      ; - org.lwjgl.opengl.GL11::glDrawElements@34 (line 1110)
                      ; - com.badlogic.gdx.backends.lwjgl.LwjglGL20::glDrawElements@21 (line 281)
                      ; - com.badlogic.gdx.graphics.Mesh::render@88 (line 499)
  0x0000016230e20074: e884 f9ff 

  0x0000016230e20078: ;   {other}
  0x0000016230e20078: 0f1f 8400 | 6805 0001 | 8b5c 2418 | 418b 6cdc | 1c44 8b4c | 2428 443b | cd0f 8f75 | 0c00 0045 
  0x0000016230e20098: 85c9 0f8c | 940c 0000 | 458b 44dc | 0c45 3bc1 | 0f8f be0c | 0000 4589 | 4cdc 1841 | 8b6c dc20 
  0x0000016230e200b8: 448b 5424 | 1c44 3bd5 | 0f8f e20c | 0000 4585 | d20f 8cf1 | 0c00 0045 | 8954 dc1c | 453b ca0f 
  0x0000016230e200d8: 8f13 0d00 | 0045 3bc2 | 0f8f 320d | 0000 488b | 4424 088b | 6810 458b 

  0x0000016230e200f0: ;   {metadata('com/badlogic/gdx/graphics/glutils/VertexArray')}
  0x0000016230e200f0: 54ec 0841 | 81fa 5829 | 1001 0f85 | c007 0000 | 498d 3cec | 448b 5f10 

  0x0000016230e20108: ; implicit exception: dispatches to 0x0000016230e21068
  0x0000016230e20108: 478b 54dc | 1847 8b74 | d40c 4585 | f60f 865c | 0300 004c | 8b44 2410 | 4d85 c00f | 84cf 0700 
  0x0000016230e20128: 0045 33ed | eb13 6690 | 488b c54c | 8b04 2448 | 8b7c 2408 | 448b 7424 | 1044 8b5f | 1047 8b5c 
  0x0000016230e20148: dc18 478b | 54dc 0c45 | 3bea 0f83 | f403 0000 | 4f8d 14dc | 478b 5caa | 1047 8b4c 

  0x0000016230e20164: ;   {oop(a 'java/lang/Class'{0x00000006047fcea8} = 'com/badlogic/gdx/Gdx')}
  0x0000016230e20164: dc28 49ba | a8ce 7f04 | 0600 0000 | 418b b28c | 0000 0041 | 0fb6 681d | 85ed 0f85 | 7005 0000 
  0x0000016230e20184: 458b 5034 | 4585 d20f | 84ef 0300 | 0043 8b5c | cc0c 85db | 0f85 9f00 | 0000 430f | b64c cc11 
  0x0000016230e201a4: 85c9 0f85 | 2403 0000 | 478b 5ccc | 144b 8d0c | d449 8bd3 | 48c1 e203 | 4b8d 2ccc | 4380 7ccc 
  0x0000016230e201c4: 1000 0f85 | 0b03 0000 | 4489 5424 | 3089 7424 | 2c44 894c | 2428 4489 | 6c24 1c44 | 8974 2418 
  0x0000016230e201e4: 4889 7c24 | 104c 8944 | 2408 4889 | 0424 4889 | 4c24 4090 

  0x0000016230e201f8: ;   {static_call}
  0x0000016230e201f8: c5f8 77e8 

  0x0000016230e201fc: ; ImmutableOopMap {rbp=Oop [0]=Oop [8]=Oop [16]=Oop [32]=Oop [40]=NarrowOop [44]=NarrowOop [48]=NarrowOop [64]=Oop }
                      ;*invokestatic hashCode {reexecute=0 rethrow=0 return_oop=0}
                      ; - java.lang.String::hashCode@27 (line 2369)
                      ; - com.badlogic.gdx.utils.ObjectIntMap::get@1 (line 279)
                      ; - com.badlogic.gdx.graphics.glutils.ShaderProgram::fetchAttributeLocation@11 (line 290)
                      ; - com.badlogic.gdx.graphics.glutils.ShaderProgram::disableVertexAttribute@10 (line 717)
                      ; - com.badlogic.gdx.graphics.glutils.VertexArray::unbind@34 (line 157)
                      ; - com.badlogic.gdx.graphics.Mesh::unbind@6 (line 409)
                      ; - com.badlogic.gdx.graphics.Mesh::unbind@3 (line 400)
                      ; - com.badlogic.gdx.graphics.Mesh::render@253 (line 518)
  0x0000016230e201fc: 80f6 7aff 

  0x0000016230e20200: ;   {other}
  0x0000016230e20200: 0f1f 8400 | f006 0002 | 8bd8 85c0 | 0f84 0703 | 0000 448b | 4c24 2843 | 8944 cc0c | 488b 0424 
  0x0000016230e20220: 4c8b 4424 | 0848 8b7c | 2410 448b | 7424 1844 | 8b6c 241c | 8b74 242c | 448b 5424 | 308b cb43 
  0x0000016230e20240: 234c d420 | 438b 6cd4 | 3045 8b5c | ec0c 413b | cb0f 8341 | 0300 004d | 8d1c ec41 | 8b6c 8b10 
  0x0000016230e20260: 443b cd0f | 843c 0100 | 0045 8b5c 

  0x0000016230e2026c: ;   {metadata('java/lang/String')}
  0x0000016230e2026c: ec08 4181 | fb40 e700 | 000f 85e9 | 0b00 00c5 | f96e e1c5 | f96e dbc4 | c179 6ed2 | c5f9 6ece 
  0x0000016230e2028c: 4c8b df4c | 8bd0 430f | be4c cc10 | 498d 3cec | 0fbe 5f10 | 3bcb 0f85 | bd03 0000 | 8b5f 1443 
  0x0000016230e202ac: 8b54 cc14 | 418b 7cdc | 0c41 8b4c | d40c 3bcf | 0f85 b103 | 0000 498d | 3cdc 498d | 74dc 1049 
  0x0000016230e202cc: 8d1c d449 | 8d7c d410 | 85c9 0f84 | 9d00 0000 | 8bc1 83e0 | 1f83 e1e0 | 0f84 4b00 | 0000 488d 
  0x0000016230e202ec: 3c0f 488d | 340e 48f7 | d9c5 fe6f | 2c0f c5fe | 6f04 0ec5 | d5ef e8c4 | e27d 17ed | 0f85 7200 
  0x0000016230e2030c: 0000 4883 | c120 75e1 | 85c0 0f84 | 5d00 0000 | c5fe 6f6c | 07e0 c5fe | 6f44 06e0 | c5d5 efe8 
  0x0000016230e2032c: c4e2 7d17 | ed75 4deb | 448b c883 | e1fc 7419 | 488d 3c0f | 488d 340e | 48f7 d98b | 1c0f 3b1c 
  0x0000016230e2034c: 0e75 3148 | 83c1 0475 | f2a8 0274 | 120f b71f | 0fb7 0e3b | d975 1d48 | 8d7f 0248 | 8d76 02a8 
  0x0000016230e2036c: ;   {no_reloc}
  0x0000016230e2036c: 0174 0a0f | b61f 0fb6 | 0e3b d975 | 07b8 0100 | 0000 eb02 | 33c0 c5d5 | efed c5fd | efc0 85c0 
  0x0000016230e2038c: 0f84 be02 | 0000 498b | c249 8bfb | c5f9 7ece | c4c1 797e | d2c5 f97e | e143 8b6c | d434 458b 
  0x0000016230e203ac: 5cec 0c41 | 3bcb 0f83 | 2802 0000 | 4d8d 14ec | 458b 5c8a | 1041 83fb | fe0f 8465 | 0300 0041 
  0x0000016230e203cc: 83fb ff0f | 8497 0300 | 0045 8b54 

  0x0000016230e203d8: ;   {metadata('com/badlogic/gdx/backends/lwjgl/LwjglGL20')}
  0x0000016230e203d8: f408 4181 | fa60 1202 | 010f 8535 

  0x0000016230e203e4: ;   {oop(a 'java/lang/Class'{0x0000000609c6bc10} = 'org/lwjgl/opengl/GLContext')}
  0x0000016230e203e4: 0200 0049 | ba10 bcc6 | 0906 0000 | 0045 8b52 | 7443 8b6c | d40c 488b | cd48 c1e1 | 034c 8b4c 
  0x0000016230e20404: 2420 493b | c90f 85ad | 0200 0043 | 8b6c d410 | 85ed 0f84 | 8003 0000 | 4d8b 94ec | f023 0000 
  0x0000016230e20424: 4d85 d20f | 84a3 0300 | 0044 896c | 2414 4489 | 7424 1048 | 897c 2408 | 4c89 0424 | 488b e841 
  0x0000016230e20444: 8bd3 4d8b | c266 6690 

  0x0000016230e2044c: ;   {static_call}
  0x0000016230e2044c: c5f8 77e8 

  0x0000016230e20450: ; ImmutableOopMap {rbp=Oop [0]=Oop [8]=Oop [32]=Oop }
                      ;*invokestatic nglDisableVertexAttribArray {reexecute=0 rethrow=0 return_oop=0}
                      ; - org.lwjgl.opengl.GL20::glDisableVertexAttribArray@15 (line 920)
                      ; - com.badlogic.gdx.backends.lwjgl.LwjglGL20::glDisableVertexAttribArray@1 (line 272)
                      ; - com.badlogic.gdx.graphics.glutils.ShaderProgram::disableVertexAttribute@22 (line 719)
                      ; - com.badlogic.gdx.graphics.glutils.VertexArray::unbind@34 (line 157)
                      ; - com.badlogic.gdx.graphics.Mesh::unbind@6 (line 409)
                      ; - com.badlogic.gdx.graphics.Mesh::unbind@3 (line 400)
                      ; - com.badlogic.gdx.graphics.Mesh::render@253 (line 518)
  0x0000016230e20450: 0cb2 f8ff 

  0x0000016230e20454: ;   {other}
  0x0000016230e20454: 0f1f 8400 | 4409 0003 | 448b 6c24 | 1441 ffc5 | 443b 6c24 | 100f 8cc1 | fcff ff48 | 8bc5 488b 
  0x0000016230e20474: 7c24 0844 | 8867 0c8b | 6814 458b 

  0x0000016230e20480: ;   {metadata('com/badlogic/gdx/graphics/glutils/IndexArray')}
  0x0000016230e20480: 54ec 0841 | 81fa 402c | 1001 0f85 | 4c04 0000 | 4d8d 14ec | 410f b66a | 0c85 ed0f | 85a7 0900 
  0x0000016230e204a0: 0045 8b52 | 1043 8b6c | d41c 85ed | 0f8e 0205 | 0000 c5f8 | 7748 83c4 

  0x0000016230e204b8: ;   {poll_return}
  0x0000016230e204b8: 605d 493b | a748 0400 | 000f 8722 | 0c00 00c3 | 4533 c0e9 | 6bfb ffff | 33db e966 | fdff ff44 
  0x0000016230e204d8: 8954 2430 | 8974 242c | 4489 4c24 | 2844 896c | 241c 4489 | 7424 1848 | 897c 2410 | 4c89 4424 
  0x0000016230e204f8: 0848 8904 | 2448 894c | 2440 6690 

  0x0000016230e20504: ;   {static_call}
  0x0000016230e20504: c5f8 77e8 

  0x0000016230e20508: ; ImmutableOopMap {rbp=Oop [0]=Oop [8]=Oop [16]=Oop [32]=Oop [40]=NarrowOop [44]=NarrowOop [48]=NarrowOop [64]=Oop }
                      ;*invokestatic hashCode {reexecute=0 rethrow=0 return_oop=0}
                      ; - java.lang.String::hashCode@37 (line 2370)
                      ; - com.badlogic.gdx.utils.ObjectIntMap::get@1 (line 279)
                      ; - com.badlogic.gdx.graphics.glutils.ShaderProgram::fetchAttributeLocation@11 (line 290)
                      ; - com.badlogic.gdx.graphics.glutils.ShaderProgram::disableVertexAttribute@10 (line 717)
                      ; - com.badlogic.gdx.graphics.glutils.VertexArray::unbind@34 (line 157)
                      ; - com.badlogic.gdx.graphics.Mesh::unbind@6 (line 409)
                      ; - com.badlogic.gdx.graphics.Mesh::unbind@3 (line 400)
                      ; - com.badlogic.gdx.graphics.Mesh::render@253 (line 518)
  0x0000016230e20508: 74f3 7aff 

  0x0000016230e2050c: ;   {other}
  0x0000016230e2050c: 0f1f 8400 | fc09 0004 | e9ef fcff | ff44 8b4c | 2428 43c6 | 44cc 1101 | 33db 488b | 0424 4c8b 
  0x0000016230e2052c: 4424 0848 | 8b7c 2410 | 448b 7424 | 1844 8b6c | 241c 8b74 | 242c 448b | 5424 30e9 | f1fc ffff 
  0x0000016230e2054c: bae4 ffff | ff48 8bef | 4489 5c24 | 0444 896c | 2408 4889 | 4424 1044 | 8974 240c | 4c89 4424 
  0x0000016230e2056c: 2066 6690 

  0x0000016230e20570: ;   {runtime_call UncommonTrapBlob}
  0x0000016230e20570: c5f8 77e8 

  0x0000016230e20574: ; ImmutableOopMap {rbp=Oop [4]=NarrowOop [16]=Oop [32]=Oop }
                      ;*aaload {reexecute=0 rethrow=0 return_oop=0}
                      ; - com.badlogic.gdx.graphics.VertexAttributes::get@5 (line 109)
                      ; - com.badlogic.gdx.graphics.glutils.VertexArray::unbind@28 (line 157)
                      ; - com.badlogic.gdx.graphics.Mesh::unbind@6 (line 409)
                      ; - com.badlogic.gdx.graphics.Mesh::unbind@3 (line 400)
                      ; - com.badlogic.gdx.graphics.Mesh::render@253 (line 518)
  0x0000016230e20574: 8877 7bff 

  0x0000016230e20578: ;   {other}
  0x0000016230e20578: 0f1f 8400 | 680a 0005 | baf6 ffff | ff41 8be9 

  0x0000016230e20588: ;   {runtime_call UncommonTrapBlob}
  0x0000016230e20588: c5f8 77e8 

  0x0000016230e2058c: ; ImmutableOopMap {rbp=NarrowOop }
                      ;*invokevirtual get {reexecute=0 rethrow=0 return_oop=0}
                      ; - com.badlogic.gdx.graphics.glutils.ShaderProgram::fetchAttributeLocation@11 (line 290)
                      ; - com.badlogic.gdx.graphics.glutils.ShaderProgram::disableVertexAttribute@10 (line 717)
                      ; - com.badlogic.gdx.graphics.glutils.VertexArray::unbind@34 (line 157)
                      ; - com.badlogic.gdx.graphics.Mesh::unbind@6 (line 409)
                      ; - com.badlogic.gdx.graphics.Mesh::unbind@3 (line 400)
                      ; - com.badlogic.gdx.graphics.Mesh::render@253 (line 518)
  0x0000016230e2058c: 7077 7bff 

  0x0000016230e20590: ;   {other}
  0x0000016230e20590: 0f1f 8400 | 800a 0006 | bae4 ffff | ff48 893c | 2444 896c | 2408 4889 | 4424 1044 | 8974 240c 
  0x0000016230e205b0: 4c89 4424 | 2889 7424 | 3044 8954 | 2434 4489 | 4c24 3889 | 5c24 3c44 | 894c 2444 | 894c 2448 
  0x0000016230e205d0: ;   {runtime_call UncommonTrapBlob}
  0x0000016230e205d0: c5f8 77e8 

  0x0000016230e205d4: ; ImmutableOopMap {rbp=NarrowOop [0]=Oop [16]=Oop [40]=Oop [48]=NarrowOop [52]=NarrowOop [56]=NarrowOop [68]=NarrowOop }
                      ;*aaload {reexecute=0 rethrow=0 return_oop=0}
                      ; - com.badlogic.gdx.utils.ObjectIntMap::get@20 (line 281)
                      ; - com.badlogic.gdx.graphics.glutils.ShaderProgram::fetchAttributeLocation@11 (line 290)
                      ; - com.badlogic.gdx.graphics.glutils.ShaderProgram::disableVertexAttribute@10 (line 717)
                      ; - com.badlogic.gdx.graphics.glutils.VertexArray::unbind@34 (line 157)
                      ; - com.badlogic.gdx.graphics.Mesh::unbind@6 (line 409)
                      ; - com.badlogic.gdx.graphics.Mesh::unbind@3 (line 400)
                      ; - com.badlogic.gdx.graphics.Mesh::render@253 (line 518)
  0x0000016230e205d4: 2877 7bff 

  0x0000016230e205d8: ;   {other}
  0x0000016230e205d8: 0f1f 8400 | c80a 0007 | bae4 ffff | ff48 893c | 2444 896c | 2408 4889 | 4424 1044 | 8974 240c 
  0x0000016230e205f8: 4c89 4424 | 2844 894c | 2424 8974 | 2430 894c | 2434 6690 

  0x0000016230e2060c: ;   {runtime_call UncommonTrapBlob}
  0x0000016230e2060c: c5f8 77e8 

  0x0000016230e20610: ; ImmutableOopMap {rbp=NarrowOop [0]=Oop [16]=Oop [36]=NarrowOop [40]=Oop [48]=NarrowOop }
                      ;*iaload {reexecute=0 rethrow=0 return_oop=0}
                      ; - com.badlogic.gdx.utils.ObjectIntMap::get@82 (line 288)
                      ; - com.badlogic.gdx.graphics.glutils.ShaderProgram::fetchAttributeLocation@11 (line 290)
                      ; - com.badlogic.gdx.graphics.glutils.ShaderProgram::disableVertexAttribute@10 (line 717)
                      ; - com.badlogic.gdx.graphics.glutils.VertexArray::unbind@34 (line 157)
                      ; - com.badlogic.gdx.graphics.Mesh::unbind@6 (line 409)
                      ; - com.badlogic.gdx.graphics.Mesh::unbind@3 (line 400)
                      ; - com.badlogic.gdx.graphics.Mesh::render@253 (line 518)
  0x0000016230e20610: ec76 7bff 

  0x0000016230e20614: ;   {other}
  0x0000016230e20614: 0f1f 8400 | 040b 0008 | bade ffff | ff48 8bef | 4489 2c24 | 4889 4424 | 084c 8944 | 2410 4489 
  0x0000016230e20634: 7424 0489 | 7424 1844 | 895c 241c 

  0x0000016230e20640: ;   {runtime_call UncommonTrapBlob}
  0x0000016230e20640: c5f8 77e8 

  0x0000016230e20644: ; ImmutableOopMap {rbp=Oop [8]=Oop [16]=Oop [24]=NarrowOop }
                      ;*invokeinterface glDisableVertexAttribArray {reexecute=0 rethrow=0 return_oop=0}
                      ; - com.badlogic.gdx.graphics.glutils.ShaderProgram::disableVertexAttribute@22 (line 719)
                      ; - com.badlogic.gdx.graphics.glutils.VertexArray::unbind@34 (line 157)
                      ; - com.badlogic.gdx.graphics.Mesh::unbind@6 (line 409)
                      ; - com.badlogic.gdx.graphics.Mesh::unbind@3 (line 400)
                      ; - com.badlogic.gdx.graphics.Mesh::render@253 (line 518)
  0x0000016230e20644: b876 7bff 

  0x0000016230e20648: ;   {other}
  0x0000016230e20648: 0f1f 8400 | 380b 0009 | 498b c249 | 8bfb c5f9 | 7ece c4c1 | 797e d2c5 | f97e dbeb | 1a49 8bfb 
  0x0000016230e20668: c4c1 797e | d2c5 f97e | dbeb 0c49 | 8bfb c4c1 | 797e d2c5 | f97e dbba | 45ff ffff | 488b ef44 
  0x0000016230e20688: 892c 2448 | 8944 2408 | 4489 7424 | 044c 8944 | 2420 8974 | 2428 4489 | 5424 2c44 | 894c 2430 
  0x0000016230e206a8: 895c 2434 

  0x0000016230e206ac: ;   {runtime_call UncommonTrapBlob}
  0x0000016230e206ac: c5f8 77e8 

  0x0000016230e206b0: ; ImmutableOopMap {rbp=Oop [8]=Oop [32]=Oop [40]=NarrowOop [44]=NarrowOop [48]=NarrowOop }
                      ;*ifne {reexecute=1 rethrow=0 return_oop=0}
                      ; - (reexecute) com.badlogic.gdx.utils.ObjectIntMap::get@24 (line 281)
                      ; - com.badlogic.gdx.graphics.glutils.ShaderProgram::fetchAttributeLocation@11 (line 290)
                      ; - com.badlogic.gdx.graphics.glutils.ShaderProgram::disableVertexAttribute@10 (line 717)
                      ; - com.badlogic.gdx.graphics.glutils.VertexArray::unbind@34 (line 157)
                      ; - com.badlogic.gdx.graphics.Mesh::unbind@6 (line 409)
                      ; - com.badlogic.gdx.graphics.Mesh::unbind@3 (line 400)
                      ; - com.badlogic.gdx.graphics.Mesh::render@253 (line 518)
  0x0000016230e206b0: 4c76 7bff 

  0x0000016230e206b4: ;   {other}
  0x0000016230e206b4: 0f1f 8400 | a40b 000a | ba45 ffff | ff48 893c | 2444 896c | 2408 4889 | 4424 104c | 8944 2418 
  0x0000016230e206d4: 4489 7424 | 0c44 895c | 2420 4c89 | 4c24 2890 

  0x0000016230e206e4: ;   {runtime_call UncommonTrapBlob}
  0x0000016230e206e4: c5f8 77e8 

  0x0000016230e206e8: ; ImmutableOopMap {rbp=NarrowOop [0]=Oop [16]=Oop [24]=Oop [40]=Oop }
                      ;*if_acmpne {reexecute=1 rethrow=0 return_oop=0}
                      ; - (reexecute) org.lwjgl.opengl.GLContext::getCapabilitiesImpl@11 (line 132)
                      ; - org.lwjgl.opengl.GLContext::getCapabilities@0 (line 122)
                      ; - org.lwjgl.opengl.GL20::glDisableVertexAttribArray@0 (line 917)
                      ; - com.badlogic.gdx.backends.lwjgl.LwjglGL20::glDisableVertexAttribArray@1 (line 272)
                      ; - com.badlogic.gdx.graphics.glutils.ShaderProgram::disableVertexAttribute@22 (line 719)
                      ; - com.badlogic.gdx.graphics.glutils.VertexArray::unbind@34 (line 157)
                      ; - com.badlogic.gdx.graphics.Mesh::unbind@6 (line 409)
                      ; - com.badlogic.gdx.graphics.Mesh::unbind@3 (line 400)
                      ; - com.badlogic.gdx.graphics.Mesh::render@253 (line 518)
  0x0000016230e206e8: 1476 7bff 

  0x0000016230e206ec: ;   {other}
  0x0000016230e206ec: 0f1f 8400 | dc0b 000b | ba45 ffff | ff48 893c | 2444 896c | 2408 4889 | 4424 1044 | 8974 240c 
  0x0000016230e2070c: 4c89 4424 | 2044 894c | 2428 8974 | 242c 4c89 | 4424 3090 

  0x0000016230e20720: ;   {runtime_call UncommonTrapBlob}
  0x0000016230e20720: c5f8 77e8 

  0x0000016230e20724: ; ImmutableOopMap {[0]=Oop [16]=Oop [32]=Oop [40]=NarrowOop [44]=NarrowOop [48]=Oop }
                      ;*ifeq {reexecute=1 rethrow=0 return_oop=0}
                      ; - (reexecute) com.badlogic.gdx.graphics.glutils.ShaderProgram::checkManaged@4 (line 746)
                      ; - com.badlogic.gdx.graphics.glutils.ShaderProgram::disableVertexAttribute@5 (line 716)
                      ; - com.badlogic.gdx.graphics.glutils.VertexArray::unbind@34 (line 157)
                      ; - com.badlogic.gdx.graphics.Mesh::unbind@6 (line 409)
                      ; - com.badlogic.gdx.graphics.Mesh::unbind@3 (line 400)
                      ; - com.badlogic.gdx.graphics.Mesh::render@253 (line 518)
  0x0000016230e20724: d875 7bff 

  0x0000016230e20728: ;   {other}
  0x0000016230e20728: 0f1f 8400 | 180c 000c | ba45 ffff | ff48 8bef | 4489 2c24 | 4889 4424 | 0844 8974 | 2404 4c89 
  0x0000016230e20748: 4424 2044 | 894c 241c | 8974 2428 | 4489 5c24 | 2c66 6690 

  0x0000016230e2075c: ;   {runtime_call UncommonTrapBlob}
  0x0000016230e2075c: c5f8 77e8 

  0x0000016230e20760: ; ImmutableOopMap {rbp=Oop [8]=Oop [28]=NarrowOop [32]=Oop [40]=NarrowOop }
                      ;*if_icmpne {reexecute=1 rethrow=0 return_oop=0}
                      ; - (reexecute) com.badlogic.gdx.graphics.glutils.ShaderProgram::fetchAttributeLocation@18 (line 290)
                      ; - com.badlogic.gdx.graphics.glutils.ShaderProgram::disableVertexAttribute@10 (line 717)
                      ; - com.badlogic.gdx.graphics.glutils.VertexArray::unbind@34 (line 157)
                      ; - com.badlogic.gdx.graphics.Mesh::unbind@6 (line 409)
                      ; - com.badlogic.gdx.graphics.Mesh::unbind@3 (line 400)
                      ; - com.badlogic.gdx.graphics.Mesh::render@253 (line 518)
  0x0000016230e20760: 9c75 7bff 

  0x0000016230e20764: ;   {other}
  0x0000016230e20764: 0f1f 8400 | 540c 000d | ba45 ffff | ff48 8bef | 4489 2c24 | 4889 4424 | 084c 8944 | 2410 4489 
  0x0000016230e20784: 7424 0444 | 895c 2418 

  0x0000016230e2078c: ;   {runtime_call UncommonTrapBlob}
  0x0000016230e2078c: c5f8 77e8 

  0x0000016230e20790: ; ImmutableOopMap {rbp=Oop [8]=Oop [16]=Oop }
                      ;*if_icmpne {reexecute=1 rethrow=0 return_oop=0}
                      ; - (reexecute) com.badlogic.gdx.graphics.glutils.ShaderProgram::disableVertexAttribute@16 (line 718)
                      ; - com.badlogic.gdx.graphics.glutils.VertexArray::unbind@34 (line 157)
                      ; - com.badlogic.gdx.graphics.Mesh::unbind@6 (line 409)
                      ; - com.badlogic.gdx.graphics.Mesh::unbind@3 (line 400)
                      ; - com.badlogic.gdx.graphics.Mesh::render@253 (line 518)
  0x0000016230e20790: 6c75 7bff 

  0x0000016230e20794: ;   {other}
  0x0000016230e20794: 0f1f 8400 | 840c 000e | ba45 ffff | ff48 893c | 2444 896c | 2408 4889 | 4424 104c | 8944 2418 
  0x0000016230e207b4: 4489 7424 | 0c44 895c | 2420 6690 

  0x0000016230e207c0: ;   {runtime_call UncommonTrapBlob}
  0x0000016230e207c0: c5f8 77e8 

  0x0000016230e207c4: ; ImmutableOopMap {rbp=NarrowOop [0]=Oop [16]=Oop [24]=Oop }
                      ;*ifnonnull {reexecute=1 rethrow=0 return_oop=0}
                      ; - (reexecute) org.lwjgl.opengl.GLContext::getCapabilities@5 (line 123)
                      ; - org.lwjgl.opengl.GL20::glDisableVertexAttribArray@0 (line 917)
                      ; - com.badlogic.gdx.backends.lwjgl.LwjglGL20::glDisableVertexAttribArray@1 (line 272)
                      ; - com.badlogic.gdx.graphics.glutils.ShaderProgram::disableVertexAttribute@22 (line 719)
                      ; - com.badlogic.gdx.graphics.glutils.VertexArray::unbind@34 (line 157)
                      ; - com.badlogic.gdx.graphics.Mesh::unbind@6 (line 409)
                      ; - com.badlogic.gdx.graphics.Mesh::unbind@3 (line 400)
                      ; - com.badlogic.gdx.graphics.Mesh::render@253 (line 518)
  0x0000016230e207c4: 3875 7bff 

  0x0000016230e207c8: ;   {other}
  0x0000016230e207c8: 0f1f 8400 | b80c 000f | 4533 c94d | 3bd1 bdff | ffff ff7c | 0840 0f95 | c540 0fb6 | edba 45ff 
  0x0000016230e207e8: ffff 4889 | 3c24 4489 | 6c24 0848 | 8944 2410 | 4c89 4424 | 1844 8974 | 240c 4489 | 5c24 204c 
  0x0000016230e20808: 8954 2428 

  0x0000016230e2080c: ;   {runtime_call UncommonTrapBlob}
  0x0000016230e2080c: c5f8 77e8 

  0x0000016230e20810: ; ImmutableOopMap {[0]=Oop [16]=Oop [24]=Oop }
                      ;*ifne {reexecute=1 rethrow=0 return_oop=0}
                      ; - (reexecute) org.lwjgl.BufferChecks::checkFunctionAddress@9 (line 57)
                      ; - org.lwjgl.opengl.GL20::glDisableVertexAttribArray@10 (line 919)
                      ; - com.badlogic.gdx.backends.lwjgl.LwjglGL20::glDisableVertexAttribArray@1 (line 272)
                      ; - com.badlogic.gdx.graphics.glutils.ShaderProgram::disableVertexAttribute@22 (line 719)
                      ; - com.badlogic.gdx.graphics.glutils.VertexArray::unbind@34 (line 157)
                      ; - com.badlogic.gdx.graphics.Mesh::unbind@6 (line 409)
                      ; - com.badlogic.gdx.graphics.Mesh::unbind@3 (line 400)
                      ; - com.badlogic.gdx.graphics.Mesh::render@253 (line 518)
  0x0000016230e20810: ec74 7bff 

  0x0000016230e20814: ;   {other}
  0x0000016230e20814: 0f1f 8400 | 040d 0010 | bae4 ffff | ff44 894c | 241c 4489 | 5c24 2044 | 8954 2424 | 4889 4c24 
  0x0000016230e20834: 2889 7c24 | 3089 7424 | 3466 6690 

  0x0000016230e20840: ;   {runtime_call UncommonTrapBlob}
  0x0000016230e20840: c5f8 77e8 

  0x0000016230e20844: ; ImmutableOopMap {[8]=Oop [16]=Oop [36]=NarrowOop [48]=NarrowOop [52]=NarrowOop }
                      ;*aaload {reexecute=0 rethrow=0 return_oop=0}
                      ; - org.lwjgl.opengl.ReferencesStack::getReferences@8 (line 41)
                      ; - org.lwjgl.opengl.StateTracker::getReferences@7 (line 85)
                      ; - org.lwjgl.opengl.StateTracker::getElementArrayBufferBound@1 (line 143)
                      ; - org.lwjgl.opengl.GLChecks::ensureElementVBOdisabled@7 (line 82)
                      ; - org.lwjgl.opengl.GL11::glDrawElements@14 (line 1108)
                      ; - com.badlogic.gdx.backends.lwjgl.LwjglGL20::glDrawElements@21 (line 281)
                      ; - com.badlogic.gdx.graphics.Mesh::render@88 (line 499)
  0x0000016230e20844: b874 7bff 

  0x0000016230e20848: ;   {other}
  0x0000016230e20848: 0f1f 8400 | 380d 0011 | baf6 ffff | ff41 8bea | 4889 3424 

  0x0000016230e2085c: ;   {runtime_call UncommonTrapBlob}
  0x0000016230e2085c: c5f8 77e8 

  0x0000016230e20860: ; ImmutableOopMap {rbp=NarrowOop }
                      ;*invokevirtual getLong {reexecute=0 rethrow=0 return_oop=0}
                      ; - org.lwjgl.MemoryUtilSun$AccessorUnsafe::getAddress@9 (line 70)
                      ; - org.lwjgl.MemoryUtil::getAddress0@4 (line 113)
                      ; - org.lwjgl.MemoryUtil::getAddress@1 (line 129)
                      ; - org.lwjgl.MemoryUtil::getAddress@5 (line 127)
                      ; - org.lwjgl.opengl.GL11::glDrawElements@30 (line 1110)
                      ; - com.badlogic.gdx.backends.lwjgl.LwjglGL20::glDrawElements@21 (line 281)
                      ; - com.badlogic.gdx.graphics.Mesh::render@88 (line 499)
  0x0000016230e20860: 9c74 7bff 

  0x0000016230e20864: ;   {other}
  0x0000016230e20864: 0f1f 8400 | 540d 0012 | bade ffff | ff66 6690 

  0x0000016230e20874: ;   {runtime_call UncommonTrapBlob}
  0x0000016230e20874: c5f8 77e8 

  0x0000016230e20878: ; ImmutableOopMap {rbp=NarrowOop [8]=Oop [16]=Oop }
                      ;*invokeinterface bind {reexecute=0 rethrow=0 return_oop=0}
                      ; - com.badlogic.gdx.graphics.Mesh::bind@6 (line 391)
                      ; - com.badlogic.gdx.graphics.Mesh::bind@3 (line 382)
                      ; - com.badlogic.gdx.graphics.Mesh::render@13 (line 490)
  0x0000016230e20878: 8474 7bff 

  0x0000016230e2087c: ;   {other}
  0x0000016230e2087c: 0f1f 8400 | 6c0d 0013 | bade ffff | ff66 6690 

  0x0000016230e2088c: ;   {runtime_call UncommonTrapBlob}
  0x0000016230e2088c: c5f8 77e8 

  0x0000016230e20890: ; ImmutableOopMap {rbp=NarrowOop [8]=Oop [16]=Oop }
                      ;*invokeinterface getNumIndices {reexecute=0 rethrow=0 return_oop=0}
                      ; - com.badlogic.gdx.graphics.Mesh::bind@15 (line 392)
                      ; - com.badlogic.gdx.graphics.Mesh::bind@3 (line 382)
                      ; - com.badlogic.gdx.graphics.Mesh::render@13 (line 490)
  0x0000016230e20890: 6c74 7bff 

  0x0000016230e20894: ;   {other}
  0x0000016230e20894: 0f1f 8400 | 840d 0014 | bade ffff | ff44 894c | 2420 4489 | 5c24 2444 | 8954 2428 

  0x0000016230e208b0: ;   {runtime_call UncommonTrapBlob}
  0x0000016230e208b0: c5f8 77e8 

  0x0000016230e208b4: ; ImmutableOopMap {rbp=NarrowOop [8]=Oop [16]=Oop [40]=NarrowOop }
                      ;*invokeinterface glDrawElements {reexecute=0 rethrow=0 return_oop=0}
                      ; - com.badlogic.gdx.graphics.Mesh::render@88 (line 499)
  0x0000016230e208b4: 4874 7bff 

  0x0000016230e208b8: ;   {other}
  0x0000016230e208b8: 0f1f 8400 | a80d 0015 | bade ffff | ff48 8904 | 2466 6690 

  0x0000016230e208cc: ;   {runtime_call UncommonTrapBlob}
  0x0000016230e208cc: c5f8 77e8 

  0x0000016230e208d0: ; ImmutableOopMap {rbp=NarrowOop [0]=Oop [16]=Oop }
                      ;*invokeinterface unbind {reexecute=0 rethrow=0 return_oop=0}
                      ; - com.badlogic.gdx.graphics.Mesh::unbind@6 (line 409)
                      ; - com.badlogic.gdx.graphics.Mesh::unbind@3 (line 400)
                      ; - com.badlogic.gdx.graphics.Mesh::render@253 (line 518)
  0x0000016230e208d0: 2c74 7bff 

  0x0000016230e208d4: ;   {other}
  0x0000016230e208d4: 0f1f 8400 | c40d 0016 | bade ffff | ff48 8904 | 2466 6690 

  0x0000016230e208e8: ;   {runtime_call UncommonTrapBlob}
  0x0000016230e208e8: c5f8 77e8 

  0x0000016230e208ec: ; ImmutableOopMap {rbp=NarrowOop [0]=Oop }
                      ;*invokeinterface getNumIndices {reexecute=0 rethrow=0 return_oop=0}
                      ; - com.badlogic.gdx.graphics.Mesh::unbind@15 (line 410)
                      ; - com.badlogic.gdx.graphics.Mesh::unbind@3 (line 400)
                      ; - com.badlogic.gdx.graphics.Mesh::render@253 (line 518)
  0x0000016230e208ec: 1074 7bff 

  0x0000016230e208f0: ;   {other}
  0x0000016230e208f0: 0f1f 8400 | e00d 0017 | ba76 ffff | ff48 8bef | 4889 0424 | 4c89 4424 | 0844 8974 | 2414 6690 
  0x0000016230e20910: ;   {runtime_call UncommonTrapBlob}
  0x0000016230e20910: c5f8 77e8 

  0x0000016230e20914: ; ImmutableOopMap {rbp=Oop [0]=Oop [8]=Oop }
                      ;*if_icmpge {reexecute=1 rethrow=0 return_oop=0}
                      ; - (reexecute) com.badlogic.gdx.graphics.glutils.VertexArray::unbind@18 (line 156)
                      ; - com.badlogic.gdx.graphics.Mesh::unbind@6 (line 409)
                      ; - com.badlogic.gdx.graphics.Mesh::unbind@3 (line 400)
                      ; - com.badlogic.gdx.graphics.Mesh::render@253 (line 518)
  0x0000016230e20914: e873 7bff 

  0x0000016230e20918: ;   {other}
  0x0000016230e20918: 0f1f 8400 | 080e 0018 | ba45 ffff | ff48 8b6c | 2408 48ff | 7424 1048 | 8f44 2408 | 4889 4424 
  0x0000016230e20938: f88b 4424 | 1889 4424 | 1048 8b44 | 24f8 4489 | 5c24 1890 

  0x0000016230e2094c: ;   {runtime_call UncommonTrapBlob}
  0x0000016230e2094c: c5f8 77e8 

  0x0000016230e20950: ; ImmutableOopMap {rbp=Oop [8]=Oop }
                      ;*ifle {reexecute=1 rethrow=0 return_oop=0}
                      ; - (reexecute) com.badlogic.gdx.graphics.Mesh::bind@20 (line 392)
                      ; - com.badlogic.gdx.graphics.Mesh::bind@3 (line 382)
                      ; - com.badlogic.gdx.graphics.Mesh::render@13 (line 490)
  0x0000016230e20950: ac73 7bff 

  0x0000016230e20954: ;   {other}
  0x0000016230e20954: 0f1f 8400 | 440e 0019 | ba45 ffff | ff44 894c | 241c 4489 | 5c24 2844 | 8954 242c 

  0x0000016230e20970: ;   {runtime_call UncommonTrapBlob}
  0x0000016230e20970: c5f8 77e8 

  0x0000016230e20974: ; ImmutableOopMap {rbp=NarrowOop [8]=Oop [16]=Oop [32]=Oop [44]=NarrowOop }
                      ;*if_acmpne {reexecute=1 rethrow=0 return_oop=0}
                      ; - (reexecute) org.lwjgl.opengl.GLContext::getCapabilitiesImpl@11 (line 132)
                      ; - org.lwjgl.opengl.GLContext::getCapabilities@0 (line 122)
                      ; - org.lwjgl.opengl.GL11::glDrawElements@0 (line 1105)
                      ; - com.badlogic.gdx.backends.lwjgl.LwjglGL20::glDrawElements@21 (line 281)
                      ; - com.badlogic.gdx.graphics.Mesh::render@88 (line 499)
  0x0000016230e20974: 8873 7bff 

  0x0000016230e20978: ;   {other}
  0x0000016230e20978: 0f1f 8400 | 680e 001a | ba45 ffff | ff44 894c | 241c 4489 | 5c24 2044 | 8954 2424 | 4889 4c24 
  0x0000016230e20998: 2889 7c24 | 3089 7424 | 3466 6690 

  0x0000016230e209a4: ;   {runtime_call UncommonTrapBlob}
  0x0000016230e209a4: c5f8 77e8 

  0x0000016230e209a8: ; ImmutableOopMap {[8]=Oop [16]=Oop [36]=NarrowOop [48]=NarrowOop [52]=NarrowOop }
                      ;*ifne {reexecute=1 rethrow=0 return_oop=0}
                      ; - (reexecute) org.lwjgl.opengl.StateTracker::getElementArrayBufferBound@9 (line 145)
                      ; - org.lwjgl.opengl.GLChecks::ensureElementVBOdisabled@7 (line 82)
                      ; - org.lwjgl.opengl.GL11::glDrawElements@14 (line 1108)
                      ; - com.badlogic.gdx.backends.lwjgl.LwjglGL20::glDrawElements@21 (line 281)
                      ; - com.badlogic.gdx.graphics.Mesh::render@88 (line 499)
  0x0000016230e209a8: 5473 7bff 

  0x0000016230e209ac: ;   {other}
  0x0000016230e209ac: 0f1f 8400 | 9c0e 001b | ba45 ffff | ff66 6690 

  0x0000016230e209bc: ;   {runtime_call UncommonTrapBlob}
  0x0000016230e209bc: c5f8 77e8 

  0x0000016230e209c0: ; ImmutableOopMap {}
                      ;*ifle {reexecute=1 rethrow=0 return_oop=0}
                      ; - (reexecute) com.badlogic.gdx.graphics.Mesh::unbind@20 (line 410)
                      ; - com.badlogic.gdx.graphics.Mesh::unbind@3 (line 400)
                      ; - com.badlogic.gdx.graphics.Mesh::render@253 (line 518)
  0x0000016230e209c0: 3c73 7bff 

  0x0000016230e209c4: ;   {other}
  0x0000016230e209c4: 0f1f 8400 | b40e 001c | ba45 ffff | ff8b ee90 

  0x0000016230e209d4: ;   {runtime_call UncommonTrapBlob}
  0x0000016230e209d4: c5f8 77e8 

  0x0000016230e209d8: ; ImmutableOopMap {}
                      ;*ifne {reexecute=1 rethrow=0 return_oop=0}
                      ; - (reexecute) com.badlogic.gdx.graphics.Mesh::render@2 (line 488)
  0x0000016230e209d8: 2473 7bff 

  0x0000016230e209dc: ;   {other}
  0x0000016230e209dc: 0f1f 8400 | cc0e 001d | ba45 ffff | ff48 8b6c | 2408 4c89 | 4424 0889 | 7c24 1090 

  0x0000016230e209f8: ;   {runtime_call UncommonTrapBlob}
  0x0000016230e209f8: c5f8 77e8 

  0x0000016230e209fc: ; ImmutableOopMap {rbp=Oop [8]=Oop }
                      ;*ifeq {reexecute=1 rethrow=0 return_oop=0}
                      ; - (reexecute) com.badlogic.gdx.graphics.Mesh::render@8 (line 490)
  0x0000016230e209fc: 0073 7bff 

  0x0000016230e20a00: ;   {other}
  0x0000016230e20a00: 0f1f 8400 | f00e 001e | ba45 ffff | ff66 6690 

  0x0000016230e20a10: ;   {runtime_call UncommonTrapBlob}
  0x0000016230e20a10: c5f8 77e8 

  0x0000016230e20a14: ; ImmutableOopMap {[8]=Oop [16]=Oop }
                      ;*ifeq {reexecute=1 rethrow=0 return_oop=0}
                      ; - (reexecute) com.badlogic.gdx.graphics.glutils.IndexArray::getNumIndices@4 (line 49)
                      ; - com.badlogic.gdx.graphics.Mesh::bind@15 (line 392)
                      ; - com.badlogic.gdx.graphics.Mesh::bind@3 (line 382)
                      ; - com.badlogic.gdx.graphics.Mesh::render@13 (line 490)
  0x0000016230e20a14: e872 7bff 

  0x0000016230e20a18: ;   {other}
  0x0000016230e20a18: 0f1f 8400 | 080f 001f | ba45 ffff | ff66 6690 

  0x0000016230e20a28: ;   {runtime_call UncommonTrapBlob}
  0x0000016230e20a28: c5f8 77e8 

  0x0000016230e20a2c: ; ImmutableOopMap {[8]=Oop [16]=Oop }
                      ;*ifeq {reexecute=1 rethrow=0 return_oop=0}
                      ; - (reexecute) com.badlogic.gdx.graphics.Mesh::render@20 (line 492)
  0x0000016230e20a2c: d072 7bff 

  0x0000016230e20a30: ;   {other}
  0x0000016230e20a30: 0f1f 8400 | 200f 0020 | ba45 ffff | ff49 8be8 | 48ff 7424 | 1048 8f44 | 2408 4889 | 4424 f88b 
  0x0000016230e20a50: 4424 1c89 | 4424 1448 | 8b44 24f8 | 4489 4c24 | 1c44 8954 | 2424 4489 | 5424 2889 | 5c24 2c89 
  0x0000016230e20a70: 5c24 3044 | 895c 2434 

  0x0000016230e20a78: ;   {runtime_call UncommonTrapBlob}
  0x0000016230e20a78: c5f8 77e8 

  0x0000016230e20a7c: ; ImmutableOopMap {rbp=Oop [8]=Oop [36]=NarrowOop [40]=NarrowOop }
                      ;*if_icmple {reexecute=1 rethrow=0 return_oop=0}
                      ; - (reexecute) java.nio.Buffer::position@5 (line 326)
                      ; - java.nio.ShortBuffer::position@2 (line 1551)
                      ; - java.nio.ShortBuffer::position@2 (line 285)
                      ; - com.badlogic.gdx.graphics.Mesh::render@63 (line 497)
  0x0000016230e20a7c: 8072 7bff 

  0x0000016230e20a80: ;   {other}
  0x0000016230e20a80: 0f1f 8400 | 700f 0021 | ba45 ffff | ff49 8be8 | 48ff 7424 | 1048 8f44 | 2408 4889 | 4424 f88b 
  0x0000016230e20aa0: 4424 1c89 | 4424 1448 | 8b44 24f8 | 4489 4c24 | 1c44 895c | 2420 4489 | 5424 2444 | 8954 2428 
  0x0000016230e20ac0: 895c 242c | 895c 2430 

  0x0000016230e20ac8: ;   {runtime_call UncommonTrapBlob}
  0x0000016230e20ac8: c5f8 77e8 

  0x0000016230e20acc: ; ImmutableOopMap {rbp=Oop [8]=Oop [36]=NarrowOop [40]=NarrowOop }
                      ;*ifge {reexecute=1 rethrow=0 return_oop=0}
                      ; - (reexecute) java.nio.Buffer::position@14 (line 326)
                      ; - java.nio.ShortBuffer::position@2 (line 1551)
                      ; - java.nio.ShortBuffer::position@2 (line 285)
                      ; - com.badlogic.gdx.graphics.Mesh::render@63 (line 497)
  0x0000016230e20acc: 3072 7bff 

  0x0000016230e20ad0: ;   {other}
  0x0000016230e20ad0: 0f1f 8400 | c00f 0022 | ba45 ffff | ff49 8be8 | 48ff 7424 | 1048 8f44 | 2408 4889 | 4424 f88b 
  0x0000016230e20af0: 4424 1c89 | 4424 1448 | 8b44 24f8 | 4489 4c24 | 1c44 895c | 2420 4489 | 5424 2444 | 8954 2428 
  0x0000016230e20b10: 895c 242c | 8974 2430 | 895c 2434 

  0x0000016230e20b1c: ;   {runtime_call UncommonTrapBlob}
  0x0000016230e20b1c: c5f8 77e8 

  0x0000016230e20b20: ; ImmutableOopMap {rbp=Oop [8]=Oop [36]=NarrowOop [40]=NarrowOop }
                      ;*if_icmple {reexecute=1 rethrow=0 return_oop=0}
                      ; - (reexecute) java.nio.Buffer::position@37 (line 328)
                      ; - java.nio.ShortBuffer::position@2 (line 1551)
                      ; - java.nio.ShortBuffer::position@2 (line 285)
                      ; - com.badlogic.gdx.graphics.Mesh::render@63 (line 497)
  0x0000016230e20b20: dc71 7bff 

  0x0000016230e20b24: ;   {other}
  0x0000016230e20b24: 0f1f 8400 | 1410 0023 | ba45 ffff | ff48 8944 | 24f8 8b44 | 241c 8944 | 2418 488b | 4424 f844 
  0x0000016230e20b44: 894c 2420 | 4489 5c24 | 2444 8954 | 2428 4489 | 5424 2c44 | 8944 2434 

  0x0000016230e20b5c: ;   {runtime_call UncommonTrapBlob}
  0x0000016230e20b5c: c5f8 77e8 

  0x0000016230e20b60: ; ImmutableOopMap {[8]=Oop [16]=Oop [40]=NarrowOop [44]=NarrowOop }
                      ;*if_icmple {reexecute=1 rethrow=0 return_oop=0}
                      ; - (reexecute) java.nio.Buffer::limit@5 (line 379)
                      ; - java.nio.ShortBuffer::limit@2 (line 1565)
                      ; - java.nio.ShortBuffer::limit@2 (line 285)
                      ; - com.badlogic.gdx.graphics.Mesh::render@73 (line 498)
  0x0000016230e20b60: 9c71 7bff 

  0x0000016230e20b64: ;   {other}
  0x0000016230e20b64: 0f1f 8400 | 5410 0024 | ba45 ffff | ff48 8b6c | 2408 48ff | 7424 1048 | 8f44 2408 | 4889 4424 
  0x0000016230e20b84: f88b 4424 | 1c89 4424 | 1048 8b44 | 24f8 4489 | 4c24 1844 | 895c 241c | 4489 5424 | 2044 8954 
  0x0000016230e20ba4: 2424 4489 | 4424 2c90 

  0x0000016230e20bac: ;   {runtime_call UncommonTrapBlob}
  0x0000016230e20bac: c5f8 77e8 

  0x0000016230e20bb0: ; ImmutableOopMap {rbp=Oop [8]=Oop [32]=NarrowOop [36]=NarrowOop }
                      ;*ifge {reexecute=1 rethrow=0 return_oop=0}
                      ; - (reexecute) java.nio.Buffer::limit@14 (line 379)
                      ; - java.nio.ShortBuffer::limit@2 (line 1565)
                      ; - java.nio.ShortBuffer::limit@2 (line 285)
                      ; - com.badlogic.gdx.graphics.Mesh::render@73 (line 498)
  0x0000016230e20bb0: 4c71 7bff 

  0x0000016230e20bb4: ;   {other}
  0x0000016230e20bb4: 0f1f 8400 | a410 0025 | ba45 ffff | ff48 8b6c | 2408 48ff | 7424 1048 | 8f44 2408 | 4889 4424 
  0x0000016230e20bd4: f88b 4424 | 1c89 4424 | 1048 8b44 | 24f8 4489 | 4c24 1844 | 895c 241c | 4489 5424 | 2044 8954 
  0x0000016230e20bf4: 2424 895c | 242c 4489 | 4424 3090 

  0x0000016230e20c00: ;   {runtime_call UncommonTrapBlob}
  0x0000016230e20c00: c5f8 77e8 

  0x0000016230e20c04: ; ImmutableOopMap {rbp=Oop [8]=Oop [32]=NarrowOop [36]=NarrowOop }
                      ;*if_icmple {reexecute=1 rethrow=0 return_oop=0}
                      ; - (reexecute) java.nio.Buffer::limit@42 (line 382)
                      ; - java.nio.ShortBuffer::limit@2 (line 1565)
                      ; - java.nio.ShortBuffer::limit@2 (line 285)
                      ; - com.badlogic.gdx.graphics.Mesh::render@73 (line 498)
  0x0000016230e20c04: f870 7bff 

  0x0000016230e20c08: ;   {other}
  0x0000016230e20c08: 0f1f 8400 | f810 0026 | ba45 ffff | ff48 8b6c | 2408 48ff | 7424 1048 | 8f44 2408 | 4889 4424 
  0x0000016230e20c28: f88b 4424 | 1c89 4424 | 1048 8b44 | 24f8 4489 | 4c24 1844 | 895c 241c | 4489 5424 | 2044 8954 
  0x0000016230e20c48: 2424 8974 | 2428 4489 | 4424 2c90 

  0x0000016230e20c54: ;   {runtime_call UncommonTrapBlob}
  0x0000016230e20c54: c5f8 77e8 

  0x0000016230e20c58: ; ImmutableOopMap {rbp=Oop [8]=Oop [32]=NarrowOop [36]=NarrowOop }
                      ;*if_icmple {reexecute=1 rethrow=0 return_oop=0}
                      ; - (reexecute) java.nio.Buffer::limit@55 (line 383)
                      ; - java.nio.ShortBuffer::limit@2 (line 1565)
                      ; - java.nio.ShortBuffer::limit@2 (line 285)
                      ; - com.badlogic.gdx.graphics.Mesh::render@73 (line 498)
  0x0000016230e20c58: a470 7bff 

  0x0000016230e20c5c: ;   {other}
  0x0000016230e20c5c: 0f1f 8400 | 4c11 0027 | ba45 ffff | ff48 8b6c | 2408 48ff | 7424 1048 | 8f44 2408 | 4489 4c24 
  0x0000016230e20c7c: 1444 895c | 2418 4489 | 5424 1c89 | 7c24 2490 

  0x0000016230e20c8c: ;   {runtime_call UncommonTrapBlob}
  0x0000016230e20c8c: c5f8 77e8 

  0x0000016230e20c90: ; ImmutableOopMap {rbp=Oop [8]=Oop [28]=NarrowOop [36]=NarrowOop }
                      ;*ifnonnull {reexecute=1 rethrow=0 return_oop=0}
                      ; - (reexecute) org.lwjgl.opengl.GLContext::getCapabilities@5 (line 123)
                      ; - org.lwjgl.opengl.GL11::glDrawElements@0 (line 1105)
                      ; - com.badlogic.gdx.backends.lwjgl.LwjglGL20::glDrawElements@21 (line 281)
                      ; - com.badlogic.gdx.graphics.Mesh::render@88 (line 499)
  0x0000016230e20c90: 6c70 7bff 

  0x0000016230e20c94: ;   {other}
  0x0000016230e20c94: 0f1f 8400 | 8411 0028 | 4533 c049 | 3bc8 bdff | ffff ff7c | 0840 0f95 | c540 0fb6 | edba 45ff 
  0x0000016230e20cb4: ffff 4489 | 4c24 1c44 | 895c 2420 | 4489 5424 | 2489 7c24 | 2848 894c | 2430 6690 

  0x0000016230e20cd0: ;   {runtime_call UncommonTrapBlob}
  0x0000016230e20cd0: c5f8 77e8 

  0x0000016230e20cd4: ; ImmutableOopMap {[8]=Oop [16]=Oop [36]=NarrowOop [40]=NarrowOop }
                      ;*ifne {reexecute=1 rethrow=0 return_oop=0}
                      ; - (reexecute) org.lwjgl.BufferChecks::checkFunctionAddress@9 (line 57)
                      ; - org.lwjgl.opengl.GL11::glDrawElements@10 (line 1107)
                      ; - com.badlogic.gdx.backends.lwjgl.LwjglGL20::glDrawElements@21 (line 281)
                      ; - com.badlogic.gdx.graphics.Mesh::render@88 (line 499)
  0x0000016230e20cd4: 2870 7bff 

  0x0000016230e20cd8: ;   {other}
  0x0000016230e20cd8: 0f1f 8400 | c811 0029 | ba45 ffff | ff44 894c | 241c 4489 | 5c24 2044 | 8954 2424 | 4889 4c24 
  0x0000016230e20cf8: 2866 6690 

  0x0000016230e20cfc: ;   {runtime_call UncommonTrapBlob}
  0x0000016230e20cfc: c5f8 77e8 

  0x0000016230e20d00: ; ImmutableOopMap {[8]=Oop [16]=Oop [36]=NarrowOop }
                      ;*ifeq {reexecute=1 rethrow=0 return_oop=0}
                      ; - (reexecute) org.lwjgl.opengl.GLChecks::ensureElementVBOdisabled@10 (line 82)
                      ; - org.lwjgl.opengl.GL11::glDrawElements@14 (line 1108)
                      ; - com.badlogic.gdx.backends.lwjgl.LwjglGL20::glDrawElements@21 (line 281)
                      ; - com.badlogic.gdx.graphics.Mesh::render@88 (line 499)
  0x0000016230e20d00: fc6f 7bff 

  0x0000016230e20d04: ;   {other}
  0x0000016230e20d04: 0f1f 8400 | f411 002a | ba45 ffff | ff44 8b54 | 241c 4489 | 5424 1889 | 5c24 1c89 | 5c24 2090 
  0x0000016230e20d24: ;   {runtime_call UncommonTrapBlob}
  0x0000016230e20d24: c5f8 77e8 

  0x0000016230e20d28: ; ImmutableOopMap {[8]=Oop [16]=Oop [28]=NarrowOop [32]=NarrowOop }
                      ;*if_icmple {reexecute=1 rethrow=0 return_oop=0}
                      ; - (reexecute) java.nio.Buffer::position@5 (line 326)
                      ; - java.nio.ShortBuffer::position@2 (line 1551)
                      ; - java.nio.ShortBuffer::position@2 (line 285)
                      ; - com.badlogic.gdx.graphics.Mesh::render@97 (line 500)
  0x0000016230e20d28: d46f 7bff 

  0x0000016230e20d2c: ;   {other}
  0x0000016230e20d2c: 0f1f 8400 | 1c12 002b | ba45 ffff | ff48 8b6c | 2408 48ff | 7424 1048 | 8f44 2408 | 448b 5424 
  0x0000016230e20d4c: 1c44 8954 | 2410 895c | 2414 4489 | 4c24 2090 

  0x0000016230e20d5c: ;   {runtime_call UncommonTrapBlob}
  0x0000016230e20d5c: c5f8 77e8 

  0x0000016230e20d60: ; ImmutableOopMap {rbp=Oop [8]=Oop [20]=NarrowOop [24]=NarrowOop }
                      ;*ifge {reexecute=1 rethrow=0 return_oop=0}
                      ; - (reexecute) java.nio.Buffer::position@14 (line 326)
                      ; - java.nio.ShortBuffer::position@2 (line 1551)
                      ; - java.nio.ShortBuffer::position@2 (line 285)
                      ; - com.badlogic.gdx.graphics.Mesh::render@97 (line 500)
  0x0000016230e20d60: 9c6f 7bff 

  0x0000016230e20d64: ;   {other}
  0x0000016230e20d64: 0f1f 8400 | 5412 002c | ba45 ffff | ff48 8b6c | 2408 48ff | 7424 1048 | 8f44 2408 | 448b 5c24 
  0x0000016230e20d84: 1c44 895c | 2410 895c | 2414 4489 | 4424 2044 | 894c 2424 

  0x0000016230e20d98: ;   {runtime_call UncommonTrapBlob}
  0x0000016230e20d98: c5f8 77e8 

  0x0000016230e20d9c: ; ImmutableOopMap {rbp=Oop [8]=Oop [20]=NarrowOop [24]=NarrowOop }
                      ;*if_icmple {reexecute=1 rethrow=0 return_oop=0}
                      ; - (reexecute) java.nio.Buffer::position@37 (line 328)
                      ; - java.nio.ShortBuffer::position@2 (line 1551)
                      ; - java.nio.ShortBuffer::position@2 (line 285)
                      ; - com.badlogic.gdx.graphics.Mesh::render@97 (line 500)
  0x0000016230e20d9c: 606f 7bff 

  0x0000016230e20da0: ;   {other}
  0x0000016230e20da0: 0f1f 8400 | 9012 002d | ba45 ffff | ff66 6690 

  0x0000016230e20db0: ;   {runtime_call UncommonTrapBlob}
  0x0000016230e20db0: c5f8 77e8 

  0x0000016230e20db4: ; ImmutableOopMap {[8]=Oop [16]=Oop [24]=NarrowOop }
                      ;*if_icmple {reexecute=1 rethrow=0 return_oop=0}
                      ; - (reexecute) java.nio.Buffer::limit@5 (line 379)
                      ; - java.nio.ShortBuffer::limit@2 (line 1565)
                      ; - java.nio.ShortBuffer::limit@2 (line 285)
                      ; - com.badlogic.gdx.graphics.Mesh::render@105 (line 501)
  0x0000016230e20db4: 486f 7bff 

  0x0000016230e20db8: ;   {other}
  0x0000016230e20db8: 0f1f 8400 | a812 002e | ba45 ffff | ff48 8b6c | 2408 48ff | 7424 1048 | 8f44 2408 | 895c 2410 
  0x0000016230e20dd8: 4489 5424 | 1866 6690 

  0x0000016230e20de0: ;   {runtime_call UncommonTrapBlob}
  0x0000016230e20de0: c5f8 77e8 

  0x0000016230e20de4: ; ImmutableOopMap {rbp=Oop [8]=Oop [16]=NarrowOop }
                      ;*ifge {reexecute=1 rethrow=0 return_oop=0}
                      ; - (reexecute) java.nio.Buffer::limit@14 (line 379)
                      ; - java.nio.ShortBuffer::limit@2 (line 1565)
                      ; - java.nio.ShortBuffer::limit@2 (line 285)
                      ; - com.badlogic.gdx.graphics.Mesh::render@105 (line 501)
  0x0000016230e20de4: 186f 7bff 

  0x0000016230e20de8: ;   {other}
  0x0000016230e20de8: 0f1f 8400 | d812 002f | ba45 ffff | ff48 8b6c | 2408 48ff | 7424 1048 | 8f44 2408 | 895c 2410 
  0x0000016230e20e08: ;   {runtime_call UncommonTrapBlob}
  0x0000016230e20e08: c5f8 77e8 

  0x0000016230e20e0c: ; ImmutableOopMap {rbp=Oop [8]=Oop [16]=NarrowOop }
                      ;*if_icmple {reexecute=1 rethrow=0 return_oop=0}
                      ; - (reexecute) java.nio.Buffer::limit@42 (line 382)
                      ; - java.nio.ShortBuffer::limit@2 (line 1565)
                      ; - java.nio.ShortBuffer::limit@2 (line 285)
                      ; - com.badlogic.gdx.graphics.Mesh::render@105 (line 501)
  0x0000016230e20e0c: f06e 7bff 

  0x0000016230e20e10: ;   {other}
  0x0000016230e20e10: 0f1f 8400 | 0013 0030 | ba45 ffff | ff48 8b6c | 2408 48ff | 7424 1048 | 8f44 2408 | 895c 2410 
  0x0000016230e20e30: 4489 4424 | 1466 6690 

  0x0000016230e20e38: ;   {runtime_call UncommonTrapBlob}
  0x0000016230e20e38: c5f8 77e8 

  0x0000016230e20e3c: ; ImmutableOopMap {rbp=Oop [8]=Oop [16]=NarrowOop }
                      ;*if_icmple {reexecute=1 rethrow=0 return_oop=0}
                      ; - (reexecute) java.nio.Buffer::limit@55 (line 383)
                      ; - java.nio.ShortBuffer::limit@2 (line 1565)
                      ; - java.nio.ShortBuffer::limit@2 (line 285)
                      ; - com.badlogic.gdx.graphics.Mesh::render@105 (line 501)
  0x0000016230e20e3c: c06e 7bff 

  0x0000016230e20e40: ;   {other}
  0x0000016230e20e40: 0f1f 8400 | 3013 0031 | ba45 ffff | ff48 8904 | 2466 6690 

  0x0000016230e20e54: ;   {runtime_call UncommonTrapBlob}
  0x0000016230e20e54: c5f8 77e8 

  0x0000016230e20e58: ; ImmutableOopMap {[0]=Oop }
                      ;*ifeq {reexecute=1 rethrow=0 return_oop=0}
                      ; - (reexecute) com.badlogic.gdx.graphics.glutils.IndexArray::getNumIndices@4 (line 49)
                      ; - com.badlogic.gdx.graphics.Mesh::unbind@15 (line 410)
                      ; - com.badlogic.gdx.graphics.Mesh::unbind@3 (line 400)
                      ; - com.badlogic.gdx.graphics.Mesh::render@253 (line 518)
  0x0000016230e20e58: a46e 7bff 

  0x0000016230e20e5c: ;   {other}
  0x0000016230e20e5c: 0f1f 8400 | 4c13 0032 | bade ffff | ff48 893c | 2444 896c | 2408 4889 | 4424 1044 | 8974 240c 
  0x0000016230e20e7c: 4c89 4424 | 2889 7424 | 3044 8954 | 2434 4489 | 4c24 3889 | 5c24 3c89 | 4c24 4044 | 894c 2444 
  0x0000016230e20e9c: ;   {runtime_call UncommonTrapBlob}
  0x0000016230e20e9c: c5f8 77e8 

  0x0000016230e20ea0: ; ImmutableOopMap {rbp=NarrowOop [0]=Oop [16]=Oop [40]=Oop [48]=NarrowOop [52]=NarrowOop [56]=NarrowOop [68]=NarrowOop }
                      ;*instanceof {reexecute=0 rethrow=0 return_oop=0}
                      ; - java.lang.String::equals@8 (line 1863)
                      ; - com.badlogic.gdx.utils.ObjectIntMap::get@21 (line 281)
                      ; - com.badlogic.gdx.graphics.glutils.ShaderProgram::fetchAttributeLocation@11 (line 290)
                      ; - com.badlogic.gdx.graphics.glutils.ShaderProgram::disableVertexAttribute@10 (line 717)
                      ; - com.badlogic.gdx.graphics.glutils.VertexArray::unbind@34 (line 157)
                      ; - com.badlogic.gdx.graphics.Mesh::unbind@6 (line 409)
                      ; - com.badlogic.gdx.graphics.Mesh::unbind@3 (line 400)
                      ; - com.badlogic.gdx.graphics.Mesh::render@253 (line 518)
  0x0000016230e20ea0: 5c6e 7bff 

  0x0000016230e20ea4: ;   {other}
  0x0000016230e20ea4: 0f1f 8400 | 9413 0033 | baf6 ffff | ff41 8bed 

  0x0000016230e20eb4: ;   {runtime_call UncommonTrapBlob}
  0x0000016230e20eb4: c5f8 77e8 

  0x0000016230e20eb8: ; ImmutableOopMap {}
                      ;*invokevirtual get {reexecute=0 rethrow=0 return_oop=0}
                      ; - com.badlogic.gdx.graphics.glutils.VertexArray::unbind@28 (line 157)
                      ; - com.badlogic.gdx.graphics.Mesh::unbind@6 (line 409)
                      ; - com.badlogic.gdx.graphics.Mesh::unbind@3 (line 400)
                      ; - com.badlogic.gdx.graphics.Mesh::render@253 (line 518)
  0x0000016230e20eb8: 446e 7bff 

  0x0000016230e20ebc: ;   {other}
  0x0000016230e20ebc: 0f1f 8400 | ac13 0034 | baf6 ffff | ff41 8bed 

  0x0000016230e20ecc: ;   {runtime_call UncommonTrapBlob}
  0x0000016230e20ecc: c5f8 77e8 

  0x0000016230e20ed0: ; ImmutableOopMap {}
                      ;*aaload {reexecute=0 rethrow=0 return_oop=0}
                      ; - com.badlogic.gdx.graphics.VertexAttributes::get@5 (line 109)
                      ; - com.badlogic.gdx.graphics.glutils.VertexArray::unbind@28 (line 157)
                      ; - com.badlogic.gdx.graphics.Mesh::unbind@6 (line 409)
                      ; - com.badlogic.gdx.graphics.Mesh::unbind@3 (line 400)
                      ; - com.badlogic.gdx.graphics.Mesh::render@253 (line 518)
  0x0000016230e20ed0: 2c6e 7bff 

  0x0000016230e20ed4: ;   {other}
  0x0000016230e20ed4: 0f1f 8400 | c413 0035 | baf6 ffff | ff66 6690 

  0x0000016230e20ee4: ;   {runtime_call UncommonTrapBlob}
  0x0000016230e20ee4: c5f8 77e8 

  0x0000016230e20ee8: ; ImmutableOopMap {}
                      ;*getfield alias {reexecute=1 rethrow=0 return_oop=0}
                      ; - (reexecute) com.badlogic.gdx.graphics.glutils.VertexArray::unbind@31 (line 157)
                      ; - com.badlogic.gdx.graphics.Mesh::unbind@6 (line 409)
                      ; - com.badlogic.gdx.graphics.Mesh::unbind@3 (line 400)
                      ; - com.badlogic.gdx.graphics.Mesh::render@253 (line 518)
  0x0000016230e20ee8: 146e 7bff 

  0x0000016230e20eec: ;   {other}
  0x0000016230e20eec: 0f1f 8400 | dc13 0036 | baf6 ffff | ff66 6690 

  0x0000016230e20efc: ;   {runtime_call UncommonTrapBlob}
  0x0000016230e20efc: c5f8 77e8 

  0x0000016230e20f00: ; ImmutableOopMap {}
                      ;*invokevirtual hashCode {reexecute=0 rethrow=0 return_oop=0}
                      ; - com.badlogic.gdx.utils.ObjectIntMap::get@1 (line 279)
                      ; - com.badlogic.gdx.graphics.glutils.ShaderProgram::fetchAttributeLocation@11 (line 290)
                      ; - com.badlogic.gdx.graphics.glutils.ShaderProgram::disableVertexAttribute@10 (line 717)
                      ; - com.badlogic.gdx.graphics.glutils.VertexArray::unbind@34 (line 157)
                      ; - com.badlogic.gdx.graphics.Mesh::unbind@6 (line 409)
                      ; - com.badlogic.gdx.graphics.Mesh::unbind@3 (line 400)
                      ; - com.badlogic.gdx.graphics.Mesh::render@253 (line 518)
  0x0000016230e20f00: fc6d 7bff 

  0x0000016230e20f04: ;   {other}
  0x0000016230e20f04: 0f1f 8400 | f413 0037 | baf6 ffff | ff8b e990 

  0x0000016230e20f14: ;   {runtime_call UncommonTrapBlob}
  0x0000016230e20f14: c5f8 77e8 

  0x0000016230e20f18: ; ImmutableOopMap {}
                      ;*aaload {reexecute=0 rethrow=0 return_oop=0}
                      ; - com.badlogic.gdx.utils.ObjectIntMap::get@20 (line 281)
                      ; - com.badlogic.gdx.graphics.glutils.ShaderProgram::fetchAttributeLocation@11 (line 290)
                      ; - com.badlogic.gdx.graphics.glutils.ShaderProgram::disableVertexAttribute@10 (line 717)
                      ; - com.badlogic.gdx.graphics.glutils.VertexArray::unbind@34 (line 157)
                      ; - com.badlogic.gdx.graphics.Mesh::unbind@6 (line 409)
                      ; - com.badlogic.gdx.graphics.Mesh::unbind@3 (line 400)
                      ; - com.badlogic.gdx.graphics.Mesh::render@253 (line 518)
  0x0000016230e20f18: e46d 7bff 

  0x0000016230e20f1c: ;   {other}
  0x0000016230e20f1c: 0f1f 8400 | 0c14 0038 | baf6 ffff | ff8b e990 

  0x0000016230e20f2c: ;   {runtime_call UncommonTrapBlob}
  0x0000016230e20f2c: c5f8 77e8 

  0x0000016230e20f30: ; ImmutableOopMap {}
                      ;*iaload {reexecute=0 rethrow=0 return_oop=0}
                      ; - com.badlogic.gdx.utils.ObjectIntMap::get@82 (line 288)
                      ; - com.badlogic.gdx.graphics.glutils.ShaderProgram::fetchAttributeLocation@11 (line 290)
                      ; - com.badlogic.gdx.graphics.glutils.ShaderProgram::disableVertexAttribute@10 (line 717)
                      ; - com.badlogic.gdx.graphics.glutils.VertexArray::unbind@34 (line 157)
                      ; - com.badlogic.gdx.graphics.Mesh::unbind@6 (line 409)
                      ; - com.badlogic.gdx.graphics.Mesh::unbind@3 (line 400)
                      ; - com.badlogic.gdx.graphics.Mesh::render@253 (line 518)
  0x0000016230e20f30: cc6d 7bff 

  0x0000016230e20f34: ;   {other}
  0x0000016230e20f34: 0f1f 8400 | 2414 0039 | baf6 ffff | ff41 8beb 

  0x0000016230e20f44: ;   {runtime_call UncommonTrapBlob}
  0x0000016230e20f44: c5f8 77e8 

  0x0000016230e20f48: ; ImmutableOopMap {}
                      ;*invokeinterface glDisableVertexAttribArray {reexecute=0 rethrow=0 return_oop=0}
                      ; - com.badlogic.gdx.graphics.glutils.ShaderProgram::disableVertexAttribute@22 (line 719)
                      ; - com.badlogic.gdx.graphics.glutils.VertexArray::unbind@34 (line 157)
                      ; - com.badlogic.gdx.graphics.Mesh::unbind@6 (line 409)
                      ; - com.badlogic.gdx.graphics.Mesh::unbind@3 (line 400)
                      ; - com.badlogic.gdx.graphics.Mesh::render@253 (line 518)
  0x0000016230e20f48: b46d 7bff 

  0x0000016230e20f4c: ;   {other}
  0x0000016230e20f4c: 0f1f 8400 | 3c14 003a | baf6 ffff | ff66 6690 

  0x0000016230e20f5c: ;   {runtime_call UncommonTrapBlob}
  0x0000016230e20f5c: c5f8 77e8 

  0x0000016230e20f60: ; ImmutableOopMap {}
                      ;*getfield owner {reexecute=1 rethrow=0 return_oop=0}
                      ; - (reexecute) org.lwjgl.opengl.GLContext::getCapabilitiesImpl@5 (line 132)
                      ; - org.lwjgl.opengl.GLContext::getCapabilities@0 (line 122)
                      ; - org.lwjgl.opengl.GL20::glDisableVertexAttribArray@0 (line 917)
                      ; - com.badlogic.gdx.backends.lwjgl.LwjglGL20::glDisableVertexAttribArray@1 (line 272)
                      ; - com.badlogic.gdx.graphics.glutils.ShaderProgram::disableVertexAttribute@22 (line 719)
                      ; - com.badlogic.gdx.graphics.glutils.VertexArray::unbind@34 (line 157)
                      ; - com.badlogic.gdx.graphics.Mesh::unbind@6 (line 409)
                      ; - com.badlogic.gdx.graphics.Mesh::unbind@3 (line 400)
                      ; - com.badlogic.gdx.graphics.Mesh::render@253 (line 518)
  0x0000016230e20f60: 9c6d 7bff 

  0x0000016230e20f64: ;   {other}
  0x0000016230e20f64: 0f1f 8400 | 5414 003b | baf6 ffff | ff49 8be8 

  0x0000016230e20f74: ;   {runtime_call UncommonTrapBlob}
  0x0000016230e20f74: c5f8 77e8 

  0x0000016230e20f78: ; ImmutableOopMap {rbp=Oop }
                      ;*invokeinterface bind {reexecute=0 rethrow=0 return_oop=0}
                      ; - com.badlogic.gdx.graphics.Mesh::bind@6 (line 391)
                      ; - com.badlogic.gdx.graphics.Mesh::bind@3 (line 382)
                      ; - com.badlogic.gdx.graphics.Mesh::render@13 (line 490)
  0x0000016230e20f78: 846d 7bff 

  0x0000016230e20f7c: ;   {other}
  0x0000016230e20f7c: 0f1f 8400 | 6c14 003c | baf6 ffff | ff66 6690 

  0x0000016230e20f8c: ;   {runtime_call UncommonTrapBlob}
  0x0000016230e20f8c: c5f8 77e8 

  0x0000016230e20f90: ; ImmutableOopMap {}
                      ;*invokeinterface getNumIndices {reexecute=0 rethrow=0 return_oop=0}
                      ; - com.badlogic.gdx.graphics.Mesh::bind@15 (line 392)
                      ; - com.badlogic.gdx.graphics.Mesh::bind@3 (line 382)
                      ; - com.badlogic.gdx.graphics.Mesh::render@13 (line 490)
  0x0000016230e20f90: 6c6d 7bff 

  0x0000016230e20f94: ;   {other}
  0x0000016230e20f94: 0f1f 8400 | 8414 003d | baf6 ffff | ff66 6690 

  0x0000016230e20fa4: ;   {runtime_call UncommonTrapBlob}
  0x0000016230e20fa4: c5f8 77e8 

  0x0000016230e20fa8: ; ImmutableOopMap {}
                      ;*invokevirtual limit {reexecute=0 rethrow=0 return_oop=0}
                      ; - com.badlogic.gdx.graphics.glutils.IndexArray::getNumIndices@15 (line 49)
                      ; - com.badlogic.gdx.graphics.Mesh::bind@15 (line 392)
                      ; - com.badlogic.gdx.graphics.Mesh::bind@3 (line 382)
                      ; - com.badlogic.gdx.graphics.Mesh::render@13 (line 490)
  0x0000016230e20fa8: 546d 7bff 

  0x0000016230e20fac: ;   {other}
  0x0000016230e20fac: 0f1f 8400 | 9c14 003e | baf6 ffff | ff8b 6c24 | 0444 8954 | 2404 6690 

  0x0000016230e20fc4: ;   {runtime_call UncommonTrapBlob}
  0x0000016230e20fc4: c5f8 77e8 

  0x0000016230e20fc8: ; ImmutableOopMap {[4]=NarrowOop }
                      ;*invokeinterface glDrawElements {reexecute=0 rethrow=0 return_oop=0}
                      ; - com.badlogic.gdx.graphics.Mesh::render@88 (line 499)
  0x0000016230e20fc8: 346d 7bff 

  0x0000016230e20fcc: ;   {other}
  0x0000016230e20fcc: 0f1f 8400 | bc14 003f | baf6 ffff | ff66 6690 

  0x0000016230e20fdc: ;   {runtime_call UncommonTrapBlob}
  0x0000016230e20fdc: c5f8 77e8 

  0x0000016230e20fe0: ; ImmutableOopMap {}
                      ;*getfield owner {reexecute=1 rethrow=0 return_oop=0}
                      ; - (reexecute) org.lwjgl.opengl.GLContext::getCapabilitiesImpl@5 (line 132)
                      ; - org.lwjgl.opengl.GLContext::getCapabilities@0 (line 122)
                      ; - org.lwjgl.opengl.GL11::glDrawElements@0 (line 1105)
                      ; - com.badlogic.gdx.backends.lwjgl.LwjglGL20::glDrawElements@21 (line 281)
                      ; - com.badlogic.gdx.graphics.Mesh::render@88 (line 499)
  0x0000016230e20fe0: 1c6d 7bff 

  0x0000016230e20fe4: ;   {other}
  0x0000016230e20fe4: 0f1f 8400 | d414 0040 | baf6 ffff | ff66 6690 

  0x0000016230e20ff4: ;   {runtime_call UncommonTrapBlob}
  0x0000016230e20ff4: c5f8 77e8 

  0x0000016230e20ff8: ; ImmutableOopMap {}
                      ;*getfield references_stack {reexecute=1 rethrow=0 return_oop=0}
                      ; - (reexecute) org.lwjgl.opengl.StateTracker::getReferences@4 (line 85)
                      ; - org.lwjgl.opengl.StateTracker::getElementArrayBufferBound@1 (line 143)
                      ; - org.lwjgl.opengl.GLChecks::ensureElementVBOdisabled@7 (line 82)
                      ; - org.lwjgl.opengl.GL11::glDrawElements@14 (line 1108)
                      ; - com.badlogic.gdx.backends.lwjgl.LwjglGL20::glDrawElements@21 (line 281)
                      ; - com.badlogic.gdx.graphics.Mesh::render@88 (line 499)
  0x0000016230e20ff8: 046d 7bff 

  0x0000016230e20ffc: ;   {other}
  0x0000016230e20ffc: 0f1f 8400 | ec14 0041 | baf6 ffff | ff66 6690 

  0x0000016230e2100c: ;   {runtime_call UncommonTrapBlob}
  0x0000016230e2100c: c5f8 77e8 

  0x0000016230e21010: ; ImmutableOopMap {}
                      ;*invokevirtual getReferences {reexecute=0 rethrow=0 return_oop=0}
                      ; - org.lwjgl.opengl.StateTracker::getReferences@7 (line 85)
                      ; - org.lwjgl.opengl.StateTracker::getElementArrayBufferBound@1 (line 143)
                      ; - org.lwjgl.opengl.GLChecks::ensureElementVBOdisabled@7 (line 82)
                      ; - org.lwjgl.opengl.GL11::glDrawElements@14 (line 1108)
                      ; - com.badlogic.gdx.backends.lwjgl.LwjglGL20::glDrawElements@21 (line 281)
                      ; - com.badlogic.gdx.graphics.Mesh::render@88 (line 499)
  0x0000016230e21010: ec6c 7bff 

  0x0000016230e21014: ;   {other}
  0x0000016230e21014: 0f1f 8400 | 0415 0042 | baf6 ffff | ff66 6690 

  0x0000016230e21024: ;   {runtime_call UncommonTrapBlob}
  0x0000016230e21024: c5f8 77e8 

  0x0000016230e21028: ; ImmutableOopMap {}
                      ;*aaload {reexecute=0 rethrow=0 return_oop=0}
                      ; - org.lwjgl.opengl.ReferencesStack::getReferences@8 (line 41)
                      ; - org.lwjgl.opengl.StateTracker::getReferences@7 (line 85)
                      ; - org.lwjgl.opengl.StateTracker::getElementArrayBufferBound@1 (line 143)
                      ; - org.lwjgl.opengl.GLChecks::ensureElementVBOdisabled@7 (line 82)
                      ; - org.lwjgl.opengl.GL11::glDrawElements@14 (line 1108)
                      ; - com.badlogic.gdx.backends.lwjgl.LwjglGL20::glDrawElements@21 (line 281)
                      ; - com.badlogic.gdx.graphics.Mesh::render@88 (line 499)
  0x0000016230e21028: d46c 7bff 

  0x0000016230e2102c: ;   {other}
  0x0000016230e2102c: 0f1f 8400 | 1c15 0043 | baf6 ffff | ff66 6690 

  0x0000016230e2103c: ;   {runtime_call UncommonTrapBlob}
  0x0000016230e2103c: c5f8 77e8 

  0x0000016230e21040: ; ImmutableOopMap {}
                      ;*getfield vertexArrayObject {reexecute=1 rethrow=0 return_oop=0}
                      ; - (reexecute) org.lwjgl.opengl.StateTracker::getElementArrayBufferBound@6 (line 145)
                      ; - org.lwjgl.opengl.GLChecks::ensureElementVBOdisabled@7 (line 82)
                      ; - org.lwjgl.opengl.GL11::glDrawElements@14 (line 1108)
                      ; - com.badlogic.gdx.backends.lwjgl.LwjglGL20::glDrawElements@21 (line 281)
                      ; - com.badlogic.gdx.graphics.Mesh::render@88 (line 499)
  0x0000016230e21040: bc6c 7bff 

  0x0000016230e21044: ;   {other}
  0x0000016230e21044: 0f1f 8400 | 3415 0044 | baf6 ffff | ff48 8b6c | 2410 6690 

  0x0000016230e21058: ;   {runtime_call UncommonTrapBlob}
  0x0000016230e21058: c5f8 77e8 

  0x0000016230e2105c: ; ImmutableOopMap {rbp=Oop }
                      ;*invokeinterface unbind {reexecute=0 rethrow=0 return_oop=0}
                      ; - com.badlogic.gdx.graphics.Mesh::unbind@6 (line 409)
                      ; - com.badlogic.gdx.graphics.Mesh::unbind@3 (line 400)
                      ; - com.badlogic.gdx.graphics.Mesh::render@253 (line 518)
  0x0000016230e2105c: a06c 7bff 

  0x0000016230e21060: ;   {other}
  0x0000016230e21060: 0f1f 8400 | 5015 0045 | baf6 ffff | ff66 6690 

  0x0000016230e21070: ;   {runtime_call UncommonTrapBlob}
  0x0000016230e21070: c5f8 77e8 

  0x0000016230e21074: ; ImmutableOopMap {}
                      ;*invokevirtual size {reexecute=0 rethrow=0 return_oop=0}
                      ; - com.badlogic.gdx.graphics.glutils.VertexArray::unbind@4 (line 154)
                      ; - com.badlogic.gdx.graphics.Mesh::unbind@6 (line 409)
                      ; - com.badlogic.gdx.graphics.Mesh::unbind@3 (line 400)
                      ; - com.badlogic.gdx.graphics.Mesh::render@253 (line 518)
  0x0000016230e21074: 886c 7bff 

  0x0000016230e21078: ;   {other}
  0x0000016230e21078: 0f1f 8400 | 6815 0046 | baf6 ffff | ff66 6690 

  0x0000016230e21088: ;   {runtime_call UncommonTrapBlob}
  0x0000016230e21088: c5f8 77e8 

  0x0000016230e2108c: ; ImmutableOopMap {}
                      ;*arraylength {reexecute=0 rethrow=0 return_oop=0}
                      ; - com.badlogic.gdx.graphics.VertexAttributes::size@4 (line 103)
                      ; - com.badlogic.gdx.graphics.glutils.VertexArray::unbind@4 (line 154)
                      ; - com.badlogic.gdx.graphics.Mesh::unbind@6 (line 409)
                      ; - com.badlogic.gdx.graphics.Mesh::unbind@3 (line 400)
                      ; - com.badlogic.gdx.graphics.Mesh::render@253 (line 518)
  0x0000016230e2108c: 706c 7bff 

  0x0000016230e21090: ;   {other}
  0x0000016230e21090: 0f1f 8400 | 8015 0047 | baf6 ffff | ff66 6690 

  0x0000016230e210a0: ;   {runtime_call UncommonTrapBlob}
  0x0000016230e210a0: c5f8 77e8 

  0x0000016230e210a4: ; ImmutableOopMap {}
                      ;*invokeinterface getNumIndices {reexecute=0 rethrow=0 return_oop=0}
                      ; - com.badlogic.gdx.graphics.Mesh::unbind@15 (line 410)
                      ; - com.badlogic.gdx.graphics.Mesh::unbind@3 (line 400)
                      ; - com.badlogic.gdx.graphics.Mesh::render@253 (line 518)
  0x0000016230e210a4: 586c 7bff 

  0x0000016230e210a8: ;   {other}
  0x0000016230e210a8: 0f1f 8400 | 9815 0048 | baf6 ffff | ff66 6690 

  0x0000016230e210b8: ;   {runtime_call UncommonTrapBlob}
  0x0000016230e210b8: c5f8 77e8 

  0x0000016230e210bc: ; ImmutableOopMap {}
                      ;*invokevirtual limit {reexecute=0 rethrow=0 return_oop=0}
                      ; - com.badlogic.gdx.graphics.glutils.IndexArray::getNumIndices@15 (line 49)
                      ; - com.badlogic.gdx.graphics.Mesh::unbind@15 (line 410)
                      ; - com.badlogic.gdx.graphics.Mesh::unbind@3 (line 400)
                      ; - com.badlogic.gdx.graphics.Mesh::render@253 (line 518)
  0x0000016230e210bc: 406c 7bff 

  0x0000016230e210c0: ;   {other}
  0x0000016230e210c0: 0f1f 8400 | b015 0049 | eb00 488b | d0eb 0d48 | 8bd0 eb08 | 488b d0eb | 0348 8bd0 | c5f8 7748 
  0x0000016230e210e0: 83c4 605d 

  0x0000016230e210e4: ;   {runtime_call _rethrow_Java}
  0x0000016230e210e4: e917 1f89 

  0x0000016230e210e8: ;   {internal_word}
  0x0000016230e210e8: ff49 baba | 04e2 3062 | 0100 004d | 8997 6004 

  0x0000016230e210f8: ;   {runtime_call SafepointBlob}
  0x0000016230e210f8: 0000 e981 

  0x0000016230e210fc: ;   {runtime_call StubRoutines (final stubs)}
  0x0000016230e210fc: 5a7b ffe8 | bc4b 79ff | e951 edff | fff4 f4f4 | f4f4 f4f4 
[Stub Code]
  0x0000016230e21110: ;   {no_reloc}
  0x0000016230e21110: 48bb 0000 | 0000 0000 

  0x0000016230e21118: ;   {runtime_call nmethod}
  0x0000016230e21118: 0000 e9fb 

  0x0000016230e2111c: ;   {static_stub}
  0x0000016230e2111c: ffff ff48 | bb00 0000 | 0000 0000 

  0x0000016230e21128: ;   {runtime_call nmethod}
  0x0000016230e21128: 00e9 fbff 

  0x0000016230e2112c: ;   {static_stub}
  0x0000016230e2112c: ffff 48bb | 0000 0000 | 0000 0000 

  0x0000016230e21138: ;   {runtime_call nmethod}
  0x0000016230e21138: e9fb ffff 

  0x0000016230e2113c: ;   {static_stub}
  0x0000016230e2113c: ff48 bb00 | 0000 0000 

  0x0000016230e21144: ;   {runtime_call nmethod}
  0x0000016230e21144: 0000 00e9 | fbff ffff 

  0x0000016230e2114c: ;   {static_stub}
  0x0000016230e2114c: 48bb 0000 | 0000 0000 

  0x0000016230e21154: ;   {runtime_call nmethod}
  0x0000016230e21154: 0000 e9fb 

  0x0000016230e21158: ;   {runtime_call ExceptionBlob}
  0x0000016230e21158: ffff ffe9 | a0fa 88ff 
[Deopt Handler Code]
  0x0000016230e21160: e800 0000 | 0048 832c 

  0x0000016230e21168: ;   {runtime_call DeoptimizationBlob}
  0x0000016230e21168: 2405 e9b1 | 6e7b fff4 
[/MachCode]


Compiled method (c2) 133366 3394       4       com.badlogic.gdx.graphics.g2d.SpriteBatch::flush (193 bytes)
 total in heap  [0x0000016230e92090,0x0000016230e93ce0] = 7248
 relocation     [0x0000016230e921f0,0x0000016230e92328] = 312
 main code      [0x0000016230e92340,0x0000016230e92f30] = 3056
 stub code      [0x0000016230e92f30,0x0000016230e92f90] = 96
 oops           [0x0000016230e92f90,0x0000016230e92f98] = 8
 metadata       [0x0000016230e92f98,0x0000016230e93100] = 360
 scopes data    [0x0000016230e93100,0x0000016230e93870] = 1904
 scopes pcs     [0x0000016230e93870,0x0000016230e93bc0] = 848
 dependencies   [0x0000016230e93bc0,0x0000016230e93bf8] = 56
 handler table  [0x0000016230e93bf8,0x0000016230e93c70] = 120
 nul chk table  [0x0000016230e93c70,0x0000016230e93ce0] = 112

[Constant Pool (empty)]

[MachCode]
[Entry Point]
  # {method} {0x0000016287986830} 'flush' '()V' in 'com/badlogic/gdx/graphics/g2d/SpriteBatch'
  #           [sp+0x70]  (sp of caller)
  0x0000016230e92340: 448b 5208 | 49bb 0000 | 0046 6201 | 0000 4d03 | d349 3bc2 

  0x0000016230e92354: ;   {runtime_call ic_miss_stub}
  0x0000016230e92354: 0f85 26c6 | 73ff 6690 | 0f1f 4000 
[Verified Entry Point]
  0x0000016230e92360: 8984 2400 | 80ff ff55 | 4883 ec60 | 4181 7f20 | 0100 0000 | 0f85 ac0b | 0000 4c8b | ca44 8b5a 
  0x0000016230e92380: 0c45 85db | 0f84 e203 | 0000 448b | 4234 458b | d341 c1fa | 1f4d 63db | 4d69 db67 | 6666 6649 
  0x0000016230e923a0: c1fb 2345 | 8bdb 452b | da45 3bd8 | 0f8f cd03 | 0000 ff42 | 3044 8b52 | 44ff 422c 

  0x0000016230e923bc: ; implicit exception: dispatches to 0x0000016230e92dc1
  0x0000016230e923bc: 478b 44d4 | 0c43 8b4c 

  0x0000016230e923c4: ;   {oop(a 'java/lang/Class'{0x00000006047fcea8} = 'com/badlogic/gdx/Gdx')}
  0x0000016230e923c4: d410 49ba | a8ce 7f04 | 0600 0000 | 418b aa88 | 0000 0045 | 8b54 ec08 | 428d 1c9d | 0000 0000 
  0x0000016230e923e4: 428d 1c5b 

  0x0000016230e923e8: ;   {metadata('com/badlogic/gdx/backends/lwjgl/LwjglGL20')}
  0x0000016230e923e8: 4181 fa60 | 1202 010f | 8593 0300 

  0x0000016230e923f4: ;   {oop(a 'java/lang/Class'{0x0000000609c6bc10} = 'org/lwjgl/opengl/GLContext')}
  0x0000016230e923f4: 0049 ba10 | bcc6 0906 | 0000 0045 | 8b5a 7443 | 8b7c dc0c | 4c8b d749 | c1e2 0349 | 8b97 8003 
  0x0000016230e92414: 0000 488b | 324c 3bd6 | 0f85 4604 | 0000 438b | 6cdc 1085 | ed0f 84b1 | 0400 0049 | 8bbc ec30 
  0x0000016230e92434: 1900 0048 | 85ff 0f84 | c404 0000 | 4889 3424 | 895c 2408 | 498b e941 | 8bd0 448b | c14c 8bcf 
  0x0000016230e92454: ;   {static_call}
  0x0000016230e92454: 6666 90e8 

  0x0000016230e92458: ; ImmutableOopMap {rbp=Oop [0]=Oop }
                      ;*invokestatic nglBindTexture {reexecute=0 rethrow=0 return_oop=0}
                      ; - org.lwjgl.opengl.GL11::glBindTexture@16 (line 654)
                      ; - com.badlogic.gdx.backends.lwjgl.LwjglGL20::glBindTexture@2 (line 93)
                      ; - com.badlogic.gdx.graphics.GLTexture::bind@11 (line 66)
                      ; - com.badlogic.gdx.graphics.g2d.SpriteBatch::flush@58 (line 964)
  0x0000016230e92458: 04b1 f0ff 

  0x0000016230e9245c: ;   {other}
  0x0000016230e9245c: 0f1f 8400 | cc03 0000 | 4c8b cd41 | 8b79 3c45 | 8b41 4045 | 8b59 0c41 | 8b6c fc10 

  0x0000016230e92478: ; implicit exception: dispatches to 0x0000016230e92e1c
  0x0000016230e92478: 458b 54ec 

  0x0000016230e9247c: ;   {metadata('com/badlogic/gdx/graphics/glutils/VertexArray')}
  0x0000016230e9247c: 0841 81fa | 5829 1001 | 0f85 2203 | 0000 498d | 0cec 8b59 | 1841 8b74 | dc08 468d | 149d 0000 
  0x0000016230e9249c: ;   {metadata('java/nio/DirectByteBuffer')}
  0x0000016230e9249c: 0000 81fe | e8ea 1b00 | 0f85 2603 | 0000 48c1 | e303 8b6b | 2044 3bd5 | 0f8f 8a04 | 0000 4585 
  0x0000016230e924bc: d20f 8cb9 | 0400 0044 | 8953 1c8b | 6b18 413b | ea0f 8ff1 | 0400 008b | 6b0c 413b | ea0f 8f1d 
  0x0000016230e924dc: 0500 0048 | 8beb 4889 | 4c24 2044 | 895c 2418 | 4c89 4c24 | 1049 8bd0 | 48c1 e203 | 4d8d 14fc 
  0x0000016230e924fc: 4c89 5424 | 2889 7c24 | 0c4c 8bc3 | 458b cb33 

  0x0000016230e9250c: ;   {static_call}
  0x0000016230e9250c: ff66 90e8 

  0x0000016230e92510: ; ImmutableOopMap {rbp=Oop [0]=Oop [12]=NarrowOop [16]=Oop [32]=Oop [40]=Oop }
                      ;*invokestatic copyJni {reexecute=0 rethrow=0 return_oop=0}
                      ; - com.badlogic.gdx.utils.BufferUtils::copy@35 (line 54)
                      ; - com.badlogic.gdx.graphics.glutils.VertexArray::setVertices@7 (line 84)
                      ; - com.badlogic.gdx.graphics.Mesh::setVertices@7 (line 208)
                      ; - com.badlogic.gdx.graphics.g2d.SpriteBatch::flush@76 (line 966)
  0x0000016230e92510: 4c98 f1ff 

  0x0000016230e92514: ;   {other}
  0x0000016230e92514: 0f1f 8400 | 8404 0001 | 4c8b d541 | 8b6a 1c85 | ed0f 8c09 | 0500 0041 | 8b6a 0c85 | ed0f 8f35 
  0x0000016230e92534: 0500 0045 | 8962 184c | 8b54 2420 | 458b 4a14 

  0x0000016230e92544: ; implicit exception: dispatches to 0x0000016230e92e74
  0x0000016230e92544: 438b 6ccc | 1c85 ed0f | 8c53 0500 | 0047 8b44 | cc0c 4585 | c00f 8f79 | 0500 0047 | 8964 cc18 
  0x0000016230e92564: 438b 6ccc | 2044 8b5c | 2418 443b | dd0f 8fbd | 0500 0045 | 85db 0f8c | dc05 0000 | 4789 5ccc 
  0x0000016230e92584: 1c45 3bc3 | 0f8f 0e06 | 0000 448b | 5424 0c43 | 8b6c d414 

  0x0000016230e92598: ; implicit exception: dispatches to 0x0000016230e92e88
  0x0000016230e92598: 458b 5cec 

  0x0000016230e9259c: ;   {metadata('com/badlogic/gdx/graphics/glutils/IndexArray')}
  0x0000016230e9259c: 0841 81fb | 402c 1001 | 0f85 6a02 | 0000 4d8d | 1cec 458b | 4b10 438b | 6ccc 1c85 | ed0f 8c21 
  0x0000016230e925bc: 0600 0047 | 8b44 cc0c | 4585 c00f | 8f33 0600 | 0047 8964 | cc18 438b | 6ccc 2044 | 8b5c 2408 
  0x0000016230e925dc: 443b dd0f | 8f53 0600 | 0045 85db | 0f8c 6a06 | 0000 4789 | 5ccc 1c45 | 3bc3 0f8f | 8806 0000 
  0x0000016230e925fc: 488b 4c24 | 100f b669 | 3985 ed0f | 85a3 0600 

  0x0000016230e9260c: ;   {oop(a 'java/lang/Class'{0x00000006047fcea8} = 'com/badlogic/gdx/Gdx')}
  0x0000016230e9260c: 0049 b8a8 | ce7f 0406 | 0000 0041 | 8ba8 8800 | 0000 458b 

  0x0000016230e92620: ;   {metadata('com/badlogic/gdx/backends/lwjgl/LwjglGL20')}
  0x0000016230e92620: 44ec 0841 | 81f8 6012 | 0201 0f85 | f801 0000 

  0x0000016230e92630: ;   {oop(a 'java/lang/Class'{0x0000000609c6bc10} = 'org/lwjgl/opengl/GLContext')}
  0x0000016230e92630: 49b8 10bc | c609 0600 | 0000 458b | 4874 438b | 6ccc 0c4c | 8bc5 49c1 | e003 488b | 1c24 4c3b 
  0x0000016230e92650: c30f 853d | 0200 0043 | 8b6c cc10 | 85ed 0f84 | 6006 0000 | 4d8b 84ec | 601a 0000 | 4d85 c00f 
  0x0000016230e92670: 8463 0600 | 0048 8be9 | bae2 0b00 

  0x0000016230e9267c: ;   {static_call}
  0x0000016230e9267c: 0066 90e8 

  0x0000016230e92680: ; ImmutableOopMap {rbp=Oop [0]=Oop [12]=NarrowOop [40]=Oop }
                      ;*invokestatic nglEnable {reexecute=0 rethrow=0 return_oop=0}
                      ; - org.lwjgl.opengl.GL11::glEnable@15 (line 1015)
                      ; - com.badlogic.gdx.backends.lwjgl.LwjglGL20::glEnable@1 (line 292)
                      ; - com.badlogic.gdx.graphics.g2d.SpriteBatch::flush@125 (line 973)
  0x0000016230e92680: dc56 f2ff 

  0x0000016230e92684: ;   {other}
  0x0000016230e92684: 0f1f 8400 | f405 0002 | 488b cd44 | 8b59 1841 | 83fb ff0f | 846b 0600 | 0044 8b51 

  0x0000016230e926a0: ;   {oop(a 'java/lang/Class'{0x00000006047fcea8} = 'com/badlogic/gdx/Gdx')}
  0x0000016230e926a0: 2449 b8a8 | ce7f 0406 | 0000 0041 | 8ba8 8800 | 0000 448b | 411c 448b | 4920 418b 

  0x0000016230e926bc: ;   {metadata('com/badlogic/gdx/backends/lwjgl/LwjglGL20')}
  0x0000016230e926bc: 7cec 0881 | ff60 1202 | 010f 8571 

  0x0000016230e926c8: ;   {oop(a 'java/lang/Class'{0x0000000609c6bc10} = 'org/lwjgl/opengl/GLContext')}
  0x0000016230e926c8: 0100 0048 | bb10 bcc6 | 0906 0000 | 008b 5374 

  0x0000016230e926d8: ; implicit exception: dispatches to 0x0000016230e92efc
  0x0000016230e926d8: 418b 6cd4 | 0c48 8bfd | 48c1 e703 | 488b 1c24 | 483b fb0f | 85bf 0100 | 0041 8b6c | d410 85ed 
  0x0000016230e926f8: 0f84 3206 | 0000 498b | b4ec 5821 | 0000 4885 | f60f 844d | 0600 0048 | 8be9 418b | d341 8bfa 
  0x0000016230e92718: ;   {static_call}
  0x0000016230e92718: 6666 90e8 

  0x0000016230e9271c: ; ImmutableOopMap {rbp=Oop [12]=NarrowOop [40]=Oop }
                      ;*invokestatic nglBlendFuncSeparate {reexecute=0 rethrow=0 return_oop=0}
                      ; - org.lwjgl.opengl.GL14::glBlendFuncSeparate@23 (line 241)
                      ; - com.badlogic.gdx.backends.lwjgl.LwjglGL20::glBlendFuncSeparate@5 (line 113)
                      ; - com.badlogic.gdx.graphics.g2d.SpriteBatch::flush@157 (line 974)
  0x0000016230e9271c: 405a f2ff 

  0x0000016230e92720: ;   {other}
  0x0000016230e92720: 0f1f 8400 | 9006 0003 | 448b 5558 | 4585 d275 | 0444 8b55 | 5444 8b5c | 240c 430f | b64c dc0c 
  0x0000016230e92740: 4d8b c249 | c1e0 0341 | b904 0000 | 0048 8b54 | 2428 33ff | 8b74 2408 

  0x0000016230e92758: ;   {optimized virtual_call}
  0x0000016230e92758: 6666 90e8 

  0x0000016230e9275c: ; ImmutableOopMap {rbp=Oop }
                      ;*invokevirtual render {reexecute=0 rethrow=0 return_oop=0}
                      ; - com.badlogic.gdx.graphics.Mesh::render@10 (line 460)
                      ; - com.badlogic.gdx.graphics.g2d.SpriteBatch::flush@184 (line 977)
  0x0000016230e9275c: e0d6 f8ff 

  0x0000016230e92760: ;   {other}
  0x0000016230e92760: 0f1f 8400 | d006 0004 | 4489 650c | 4883 c460 

  0x0000016230e92770: ;   {poll_return}
  0x0000016230e92770: 5d49 3ba7 | 4804 0000 | 0f87 9207 | 0000 c344 | 895a 34e9 | 2afc ffff | bade ffff | ff4c 890c 
  0x0000016230e92790: 2489 5c24 | 0844 8944 | 240c 894c 

  0x0000016230e9279c: ;   {runtime_call UncommonTrapBlob}
  0x0000016230e9279c: 2410 90e8 

  0x0000016230e927a0: ; ImmutableOopMap {rbp=NarrowOop [0]=Oop }
                      ;*invokeinterface glBindTexture {reexecute=0 rethrow=0 return_oop=0}
                      ; - com.badlogic.gdx.graphics.GLTexture::bind@11 (line 66)
                      ; - com.badlogic.gdx.graphics.g2d.SpriteBatch::flush@58 (line 964)
  0x0000016230e927a0: 5c55 74ff 

  0x0000016230e927a4: ;   {other}
  0x0000016230e927a4: 0f1f 8400 | 1407 0005 | bade ffff | ff4c 890c | 2489 7c24 | 1044 8944 | 2414 4489 

  0x0000016230e927c0: ;   {runtime_call UncommonTrapBlob}
  0x0000016230e927c0: 5c24 18e8 

  0x0000016230e927c4: ; ImmutableOopMap {rbp=NarrowOop [0]=Oop [16]=NarrowOop [20]=NarrowOop }
                      ;*invokeinterface setVertices {reexecute=0 rethrow=0 return_oop=0}
                      ; - com.badlogic.gdx.graphics.Mesh::setVertices@7 (line 208)
                      ; - com.badlogic.gdx.graphics.g2d.SpriteBatch::flush@76 (line 966)
  0x0000016230e927c4: 3855 74ff 

  0x0000016230e927c8: ;   {other}
  0x0000016230e927c8: 0f1f 8400 | 3807 0006 | bade ffff | ff49 8be9 | 4889 4424 | f88b 4424 | 0889 0424 | 488b 4424 
  0x0000016230e927e8: f889 7c24 | 0848 894c | 2410 4489 | 4424 1844 | 895c 2420 | 895c 2424 | 4489 5424 

  0x0000016230e92804: ;   {runtime_call UncommonTrapBlob}
  0x0000016230e92804: 2866 90e8 

  0x0000016230e92808: ; ImmutableOopMap {rbp=Oop [8]=NarrowOop [16]=Oop [24]=NarrowOop [36]=NarrowOop }
                      ;*invokevirtual limit {reexecute=0 rethrow=0 return_oop=0}
                      ; - com.badlogic.gdx.utils.BufferUtils::copy@11 (line 51)
                      ; - com.badlogic.gdx.graphics.glutils.VertexArray::setVertices@7 (line 84)
                      ; - com.badlogic.gdx.graphics.Mesh::setVertices@7 (line 208)
                      ; - com.badlogic.gdx.graphics.g2d.SpriteBatch::flush@76 (line 966)
  0x0000016230e92808: f454 74ff 

  0x0000016230e9280c: ;   {other}
  0x0000016230e9280c: 0f1f 8400 | 7c07 0007 | bade ffff 

  0x0000016230e92818: ;   {runtime_call UncommonTrapBlob}
  0x0000016230e92818: ff66 90e8 

  0x0000016230e9281c: ; ImmutableOopMap {rbp=NarrowOop [12]=NarrowOop [16]=Oop }
                      ;*invokeinterface getBuffer {reexecute=0 rethrow=0 return_oop=0}
                      ; - com.badlogic.gdx.graphics.Mesh::getIndicesBuffer@4 (line 814)
                      ; - com.badlogic.gdx.graphics.g2d.SpriteBatch::flush@81 (line 967)
  0x0000016230e9281c: e054 74ff 

  0x0000016230e92820: ;   {other}
  0x0000016230e92820: 0f1f 8400 | 9007 0008 | bade ffff 

  0x0000016230e9282c: ;   {runtime_call UncommonTrapBlob}
  0x0000016230e9282c: ff66 90e8 

  0x0000016230e92830: ; ImmutableOopMap {rbp=NarrowOop [12]=NarrowOop [16]=Oop }
                      ;*invokeinterface glEnable {reexecute=0 rethrow=0 return_oop=0}
                      ; - com.badlogic.gdx.graphics.g2d.SpriteBatch::flush@125 (line 973)
  0x0000016230e92830: cc54 74ff 

  0x0000016230e92834: ;   {other}
  0x0000016230e92834: 0f1f 8400 | a407 0009 | bade ffff | ff48 890c | 2444 895c | 2410 4489 | 4424 1444 | 894c 2418 
  0x0000016230e92854: 4489 5424 

  0x0000016230e92858: ;   {runtime_call UncommonTrapBlob}
  0x0000016230e92858: 1c66 90e8 

  0x0000016230e9285c: ; ImmutableOopMap {rbp=NarrowOop [0]=Oop [12]=NarrowOop }
                      ;*invokeinterface glBlendFuncSeparate {reexecute=0 rethrow=0 return_oop=0}
                      ; - com.badlogic.gdx.graphics.g2d.SpriteBatch::flush@157 (line 974)
  0x0000016230e9285c: a054 74ff 

  0x0000016230e92860: ;   {other}
  0x0000016230e92860: 0f1f 8400 | d007 000a | ba45 ffff | ff49 8be9 | 891c 2444 | 8944 2404 | 894c 2408 | 897c 240c 
  0x0000016230e92880: 4889 7424 

  0x0000016230e92884: ;   {runtime_call UncommonTrapBlob}
  0x0000016230e92884: 1066 90e8 

  0x0000016230e92888: ; ImmutableOopMap {rbp=Oop [12]=NarrowOop [16]=Oop }
                      ;*if_acmpne {reexecute=1 rethrow=0 return_oop=0}
                      ; - (reexecute) org.lwjgl.opengl.GLContext::getCapabilitiesImpl@11 (line 132)
                      ; - org.lwjgl.opengl.GLContext::getCapabilities@0 (line 122)
                      ; - org.lwjgl.opengl.GL11::glBindTexture@0 (line 651)
                      ; - com.badlogic.gdx.backends.lwjgl.LwjglGL20::glBindTexture@2 (line 93)
                      ; - com.badlogic.gdx.graphics.GLTexture::bind@11 (line 66)
                      ; - com.badlogic.gdx.graphics.g2d.SpriteBatch::flush@58 (line 964)
  0x0000016230e92888: 7454 74ff 

  0x0000016230e9288c: ;   {other}
  0x0000016230e9288c: 0f1f 8400 | fc07 000b | ba45 ffff | ff48 890c | 2448 895c 

  0x0000016230e928a0: ;   {runtime_call UncommonTrapBlob}
  0x0000016230e928a0: 2410 90e8 

  0x0000016230e928a4: ; ImmutableOopMap {rbp=NarrowOop [0]=Oop [12]=NarrowOop [16]=Oop }
                      ;*if_acmpne {reexecute=1 rethrow=0 return_oop=0}
                      ; - (reexecute) org.lwjgl.opengl.GLContext::getCapabilitiesImpl@11 (line 132)
                      ; - org.lwjgl.opengl.GLContext::getCapabilities@0 (line 122)
                      ; - org.lwjgl.opengl.GL11::glEnable@0 (line 1012)
                      ; - com.badlogic.gdx.backends.lwjgl.LwjglGL20::glEnable@1 (line 292)
                      ; - com.badlogic.gdx.graphics.g2d.SpriteBatch::flush@125 (line 973)
  0x0000016230e928a4: 5854 74ff 

  0x0000016230e928a8: ;   {other}
  0x0000016230e928a8: 0f1f 8400 | 1808 000c | ba45 ffff | ff48 890c | 2444 895c | 2410 4489 | 4424 1444 | 894c 2418 
  0x0000016230e928c8: 4489 5424 | 1c48 895c 

  0x0000016230e928d0: ;   {runtime_call UncommonTrapBlob}
  0x0000016230e928d0: 2420 90e8 

  0x0000016230e928d4: ; ImmutableOopMap {rbp=NarrowOop [0]=Oop [12]=NarrowOop [32]=Oop }
                      ;*if_acmpne {reexecute=1 rethrow=0 return_oop=0}
                      ; - (reexecute) org.lwjgl.opengl.GLContext::getCapabilitiesImpl@11 (line 132)
                      ; - org.lwjgl.opengl.GLContext::getCapabilities@0 (line 122)
                      ; - org.lwjgl.opengl.GL14::glBlendFuncSeparate@0 (line 238)
                      ; - com.badlogic.gdx.backends.lwjgl.LwjglGL20::glBlendFuncSeparate@5 (line 113)
                      ; - com.badlogic.gdx.graphics.g2d.SpriteBatch::flush@157 (line 974)
  0x0000016230e928d4: 2854 74ff 

  0x0000016230e928d8: ;   {other}
  0x0000016230e928d8: 0f1f 8400 | 4808 000d | ba45 ffff | ff4c 890c | 2489 5c24 | 0844 8944 | 240c 894c 

  0x0000016230e928f4: ;   {runtime_call UncommonTrapBlob}
  0x0000016230e928f4: 2410 90e8 

  0x0000016230e928f8: ; ImmutableOopMap {rbp=NarrowOop [0]=Oop }
                      ;*ifnonnull {reexecute=1 rethrow=0 return_oop=0}
                      ; - (reexecute) org.lwjgl.opengl.GLContext::getCapabilities@5 (line 123)
                      ; - org.lwjgl.opengl.GL11::glBindTexture@0 (line 651)
                      ; - com.badlogic.gdx.backends.lwjgl.LwjglGL20::glBindTexture@2 (line 93)
                      ; - com.badlogic.gdx.graphics.GLTexture::bind@11 (line 66)
                      ; - com.badlogic.gdx.graphics.g2d.SpriteBatch::flush@58 (line 964)
  0x0000016230e928f8: 0454 74ff 

  0x0000016230e928fc: ;   {other}
  0x0000016230e928fc: 0f1f 8400 | 6c08 000e | 4533 d249 | 3bfa bdff | ffff ff7c | 0840 0f95 | c540 0fb6 | edba 45ff 
  0x0000016230e9291c: ffff 4c89 | 0c24 895c | 2408 4489 | 4424 0c89 | 4c24 1048 | 897c 2418 

  0x0000016230e92934: ;   {runtime_call UncommonTrapBlob}
  0x0000016230e92934: 6666 90e8 

  0x0000016230e92938: ; ImmutableOopMap {[0]=Oop }
                      ;*ifne {reexecute=1 rethrow=0 return_oop=0}
                      ; - (reexecute) org.lwjgl.BufferChecks::checkFunctionAddress@9 (line 57)
                      ; - org.lwjgl.opengl.GL11::glBindTexture@10 (line 653)
                      ; - com.badlogic.gdx.backends.lwjgl.LwjglGL20::glBindTexture@2 (line 93)
                      ; - com.badlogic.gdx.graphics.GLTexture::bind@11 (line 66)
                      ; - com.badlogic.gdx.graphics.g2d.SpriteBatch::flush@58 (line 964)
  0x0000016230e92938: c453 74ff 

  0x0000016230e9293c: ;   {other}
  0x0000016230e9293c: 0f1f 8400 | ac08 000f | ba45 ffff | ff4c 890c | 2489 7c24 | 1048 894c | 2418 4489 | 4424 2044 
  0x0000016230e9295c: 895c 2424 | 4889 5c24 | 3048 895c | 2438 4489 

  0x0000016230e9296c: ;   {runtime_call UncommonTrapBlob}
  0x0000016230e9296c: 5424 4ce8 

  0x0000016230e92970: ; ImmutableOopMap {[0]=Oop [16]=NarrowOop [24]=Oop [32]=NarrowOop [48]=Oop [56]=Oop }
                      ;*if_icmple {reexecute=1 rethrow=0 return_oop=0}
                      ; - (reexecute) java.nio.Buffer::limit@5 (line 379)
                      ; - java.nio.ByteBuffer::limit@2 (line 1565)
                      ; - java.nio.MappedByteBuffer::limit@2 (line 338)
                      ; - java.nio.MappedByteBuffer::limit@2 (line 73)
                      ; - com.badlogic.gdx.utils.BufferUtils::copy@11 (line 51)
                      ; - com.badlogic.gdx.graphics.glutils.VertexArray::setVertices@7 (line 84)
                      ; - com.badlogic.gdx.graphics.Mesh::setVertices@7 (line 208)
                      ; - com.badlogic.gdx.graphics.g2d.SpriteBatch::flush@76 (line 966)
  0x0000016230e92970: 8c53 74ff 

  0x0000016230e92974: ;   {other}
  0x0000016230e92974: 0f1f 8400 | e408 0010 | ba45 ffff | ff49 8be9 | 4889 4424 | f88b 4424 | 0889 0424 | 488b 4424 
  0x0000016230e92994: f889 7c24 | 0848 894c | 2410 4489 | 4424 1844 | 895c 241c | 4889 5c24 | 2848 895c | 2430 4489 
  0x0000016230e929b4: ;   {runtime_call UncommonTrapBlob}
  0x0000016230e929b4: 5424 44e8 

  0x0000016230e929b8: ; ImmutableOopMap {rbp=Oop [8]=NarrowOop [16]=Oop [24]=NarrowOop [40]=Oop [48]=Oop }
                      ;*ifge {reexecute=1 rethrow=0 return_oop=0}
                      ; - (reexecute) java.nio.Buffer::limit@14 (line 379)
                      ; - java.nio.ByteBuffer::limit@2 (line 1565)
                      ; - java.nio.MappedByteBuffer::limit@2 (line 338)
                      ; - java.nio.MappedByteBuffer::limit@2 (line 73)
                      ; - com.badlogic.gdx.utils.BufferUtils::copy@11 (line 51)
                      ; - com.badlogic.gdx.graphics.glutils.VertexArray::setVertices@7 (line 84)
                      ; - com.badlogic.gdx.graphics.Mesh::setVertices@7 (line 208)
                      ; - com.badlogic.gdx.graphics.g2d.SpriteBatch::flush@76 (line 966)
  0x0000016230e929b8: 4453 74ff 

  0x0000016230e929bc: ;   {other}
  0x0000016230e929bc: 0f1f 8400 | 2c09 0011 | ba45 ffff | ff4c 890c | 2489 7c24 | 1048 894c | 2418 4489 | 4424 2044 
  0x0000016230e929dc: 895c 2424 | 4889 5c24 | 3048 895c | 2438 4489 

  0x0000016230e929ec: ;   {runtime_call UncommonTrapBlob}
  0x0000016230e929ec: 5424 4ce8 

  0x0000016230e929f0: ; ImmutableOopMap {[0]=Oop [16]=NarrowOop [24]=Oop [32]=NarrowOop [48]=Oop [56]=Oop }
                      ;*if_icmple {reexecute=1 rethrow=0 return_oop=0}
                      ; - (reexecute) java.nio.Buffer::limit@42 (line 382)
                      ; - java.nio.ByteBuffer::limit@2 (line 1565)
                      ; - java.nio.MappedByteBuffer::limit@2 (line 338)
                      ; - java.nio.MappedByteBuffer::limit@2 (line 73)
                      ; - com.badlogic.gdx.utils.BufferUtils::copy@11 (line 51)
                      ; - com.badlogic.gdx.graphics.glutils.VertexArray::setVertices@7 (line 84)
                      ; - com.badlogic.gdx.graphics.Mesh::setVertices@7 (line 208)
                      ; - com.badlogic.gdx.graphics.g2d.SpriteBatch::flush@76 (line 966)
  0x0000016230e929f0: 0c53 74ff 

  0x0000016230e929f4: ;   {other}
  0x0000016230e929f4: 0f1f 8400 | 6409 0012 | ba45 ffff | ff4c 890c | 2489 7c24 | 1048 894c | 2418 4489 | 4424 2044 
  0x0000016230e92a14: 895c 2424 | 4889 5c24 | 3048 895c | 2438 4489 

  0x0000016230e92a24: ;   {runtime_call UncommonTrapBlob}
  0x0000016230e92a24: 5424 48e8 

  0x0000016230e92a28: ; ImmutableOopMap {[0]=Oop [16]=NarrowOop [24]=Oop [32]=NarrowOop [48]=Oop [56]=Oop }
                      ;*if_icmple {reexecute=1 rethrow=0 return_oop=0}
                      ; - (reexecute) java.nio.Buffer::limit@55 (line 383)
                      ; - java.nio.ByteBuffer::limit@2 (line 1565)
                      ; - java.nio.MappedByteBuffer::limit@2 (line 338)
                      ; - java.nio.MappedByteBuffer::limit@2 (line 73)
                      ; - com.badlogic.gdx.utils.BufferUtils::copy@11 (line 51)
                      ; - com.badlogic.gdx.graphics.glutils.VertexArray::setVertices@7 (line 84)
                      ; - com.badlogic.gdx.graphics.Mesh::setVertices@7 (line 208)
                      ; - com.badlogic.gdx.graphics.g2d.SpriteBatch::flush@76 (line 966)
  0x0000016230e92a28: d452 74ff 

  0x0000016230e92a2c: ;   {other}
  0x0000016230e92a2c: 0f1f 8400 | 9c09 0013 | ba45 ffff | ff48 ff74 | 2410 488f | 0424 4889 | 4424 f88b | 4424 1889 
  0x0000016230e92a4c: 4424 1448 | 8b44 24f8 | 4c89 5424 | 284c 8954 

  0x0000016230e92a5c: ;   {runtime_call UncommonTrapBlob}
  0x0000016230e92a5c: 2430 90e8 

  0x0000016230e92a60: ; ImmutableOopMap {[0]=Oop [12]=NarrowOop [32]=Oop [40]=Oop [48]=Oop }
                      ;*if_icmple {reexecute=1 rethrow=0 return_oop=0}
                      ; - (reexecute) java.nio.Buffer::position@5 (line 326)
                      ; - java.nio.ByteBuffer::position@2 (line 1551)
                      ; - java.nio.MappedByteBuffer::position@2 (line 328)
                      ; - java.nio.MappedByteBuffer::position@2 (line 73)
                      ; - com.badlogic.gdx.utils.BufferUtils::copy@40 (line 55)
                      ; - com.badlogic.gdx.graphics.glutils.VertexArray::setVertices@7 (line 84)
                      ; - com.badlogic.gdx.graphics.Mesh::setVertices@7 (line 208)
                      ; - com.badlogic.gdx.graphics.g2d.SpriteBatch::flush@76 (line 966)
  0x0000016230e92a60: 9c52 74ff 

  0x0000016230e92a64: ;   {other}
  0x0000016230e92a64: 0f1f 8400 | d409 0014 | ba45 ffff | ff48 ff74 | 2410 488f | 0424 4889 | 4424 f88b | 4424 1889 
  0x0000016230e92a84: 4424 1448 | 8b44 24f8 | 4c89 5424 | 284c 8954 

  0x0000016230e92a94: ;   {runtime_call UncommonTrapBlob}
  0x0000016230e92a94: 2430 90e8 

  0x0000016230e92a98: ; ImmutableOopMap {[0]=Oop [12]=NarrowOop [32]=Oop [40]=Oop [48]=Oop }
                      ;*if_icmple {reexecute=1 rethrow=0 return_oop=0}
                      ; - (reexecute) java.nio.Buffer::position@37 (line 328)
                      ; - java.nio.ByteBuffer::position@2 (line 1551)
                      ; - java.nio.MappedByteBuffer::position@2 (line 328)
                      ; - java.nio.MappedByteBuffer::position@2 (line 73)
                      ; - com.badlogic.gdx.utils.BufferUtils::copy@40 (line 55)
                      ; - com.badlogic.gdx.graphics.glutils.VertexArray::setVertices@7 (line 84)
                      ; - com.badlogic.gdx.graphics.Mesh::setVertices@7 (line 208)
                      ; - com.badlogic.gdx.graphics.g2d.SpriteBatch::flush@76 (line 966)
  0x0000016230e92a98: 6452 74ff 

  0x0000016230e92a9c: ;   {other}
  0x0000016230e92a9c: 0f1f 8400 | 0c0a 0015 | ba45 ffff | ff48 ff74 | 2410 488f | 0424 4889 | 4424 f88b | 4424 1889 
  0x0000016230e92abc: 4424 1448 | 8b44 24f8 | 4489 4c24 

  0x0000016230e92ac8: ;   {runtime_call UncommonTrapBlob}
  0x0000016230e92ac8: 1c66 90e8 

  0x0000016230e92acc: ; ImmutableOopMap {[0]=Oop [12]=NarrowOop [28]=NarrowOop [32]=Oop }
                      ;*if_icmple {reexecute=1 rethrow=0 return_oop=0}
                      ; - (reexecute) java.nio.Buffer::position@5 (line 326)
                      ; - java.nio.FloatBuffer::position@2 (line 1551)
                      ; - java.nio.FloatBuffer::position@2 (line 285)
                      ; - com.badlogic.gdx.graphics.glutils.VertexArray::setVertices@15 (line 85)
                      ; - com.badlogic.gdx.graphics.Mesh::setVertices@7 (line 208)
                      ; - com.badlogic.gdx.graphics.g2d.SpriteBatch::flush@76 (line 966)
  0x0000016230e92acc: 3052 74ff 

  0x0000016230e92ad0: ;   {other}
  0x0000016230e92ad0: 0f1f 8400 | 400a 0016 | ba45 ffff | ff48 8b6c | 2410 4889 | 4424 f88b | 4424 0889 | 0424 488b 
  0x0000016230e92af0: 4424 f848 | 8944 24f8 | 8b44 240c | 8944 2404 | 488b 4424 | f84c 8954 | 2410 4889 | 4424 f88b 
  0x0000016230e92b10: 4424 1889 | 4424 0c48 | 8b44 24f8 | 4489 4c24 | 1c44 8944 

  0x0000016230e92b24: ;   {runtime_call UncommonTrapBlob}
  0x0000016230e92b24: 2420 90e8 

  0x0000016230e92b28: ; ImmutableOopMap {rbp=Oop [4]=NarrowOop [16]=Oop [28]=NarrowOop }
                      ;*if_icmple {reexecute=1 rethrow=0 return_oop=0}
                      ; - (reexecute) java.nio.Buffer::position@37 (line 328)
                      ; - java.nio.FloatBuffer::position@2 (line 1551)
                      ; - java.nio.FloatBuffer::position@2 (line 285)
                      ; - com.badlogic.gdx.graphics.glutils.VertexArray::setVertices@15 (line 85)
                      ; - com.badlogic.gdx.graphics.Mesh::setVertices@7 (line 208)
                      ; - com.badlogic.gdx.graphics.g2d.SpriteBatch::flush@76 (line 966)
  0x0000016230e92b28: d451 74ff 

  0x0000016230e92b2c: ;   {other}
  0x0000016230e92b2c: 0f1f 8400 | 9c0a 0017 | ba45 ffff | ff48 ff74 | 2410 488f | 0424 4489 | 4c24 1844 | 895c 2420 
  0x0000016230e92b4c: ;   {runtime_call UncommonTrapBlob}
  0x0000016230e92b4c: 6666 90e8 

  0x0000016230e92b50: ; ImmutableOopMap {[0]=Oop [12]=NarrowOop [24]=NarrowOop }
                      ;*if_icmple {reexecute=1 rethrow=0 return_oop=0}
                      ; - (reexecute) java.nio.Buffer::limit@5 (line 379)
                      ; - java.nio.FloatBuffer::limit@2 (line 1565)
                      ; - java.nio.FloatBuffer::limit@2 (line 285)
                      ; - com.badlogic.gdx.graphics.glutils.VertexArray::setVertices@24 (line 86)
                      ; - com.badlogic.gdx.graphics.Mesh::setVertices@7 (line 208)
                      ; - com.badlogic.gdx.graphics.g2d.SpriteBatch::flush@76 (line 966)
  0x0000016230e92b50: ac51 74ff 

  0x0000016230e92b54: ;   {other}
  0x0000016230e92b54: 0f1f 8400 | c40a 0018 | ba45 ffff | ff48 8b6c | 2410 4889 | 4424 f88b | 4424 0889 | 0424 488b 
  0x0000016230e92b74: 4424 f848 | 8944 24f8 | 8b44 240c | 8944 2404 | 488b 4424 | f844 894c 

  0x0000016230e92b8c: ;   {runtime_call UncommonTrapBlob}
  0x0000016230e92b8c: 2410 90e8 

  0x0000016230e92b90: ; ImmutableOopMap {rbp=Oop [4]=NarrowOop [16]=NarrowOop }
                      ;*ifge {reexecute=1 rethrow=0 return_oop=0}
                      ; - (reexecute) java.nio.Buffer::limit@14 (line 379)
                      ; - java.nio.FloatBuffer::limit@2 (line 1565)
                      ; - java.nio.FloatBuffer::limit@2 (line 285)
                      ; - com.badlogic.gdx.graphics.glutils.VertexArray::setVertices@24 (line 86)
                      ; - com.badlogic.gdx.graphics.Mesh::setVertices@7 (line 208)
                      ; - com.badlogic.gdx.graphics.g2d.SpriteBatch::flush@76 (line 966)
  0x0000016230e92b90: 6c51 74ff 

  0x0000016230e92b94: ;   {other}
  0x0000016230e92b94: 0f1f 8400 | 040b 0019 | ba45 ffff | ff48 8b6c | 2410 4889 | 4424 f88b | 4424 0889 | 0424 488b 
  0x0000016230e92bb4: 4424 f848 | 8944 24f8 | 8b44 240c | 8944 2404 | 488b 4424 | f844 894c | 2410 4489 

  0x0000016230e92bd0: ;   {runtime_call UncommonTrapBlob}
  0x0000016230e92bd0: 4424 14e8 

  0x0000016230e92bd4: ; ImmutableOopMap {rbp=Oop [4]=NarrowOop [16]=NarrowOop }
                      ;*if_icmple {reexecute=1 rethrow=0 return_oop=0}
                      ; - (reexecute) java.nio.Buffer::limit@55 (line 383)
                      ; - java.nio.FloatBuffer::limit@2 (line 1565)
                      ; - java.nio.FloatBuffer::limit@2 (line 285)
                      ; - com.badlogic.gdx.graphics.glutils.VertexArray::setVertices@24 (line 86)
                      ; - com.badlogic.gdx.graphics.Mesh::setVertices@7 (line 208)
                      ; - com.badlogic.gdx.graphics.g2d.SpriteBatch::flush@76 (line 966)
  0x0000016230e92bd4: 2851 74ff 

  0x0000016230e92bd8: ;   {other}
  0x0000016230e92bd8: 0f1f 8400 | 480b 001a | ba45 ffff | ff48 ff74 | 2410 488f | 0424 4489 

  0x0000016230e92bf0: ;   {runtime_call UncommonTrapBlob}
  0x0000016230e92bf0: 4c24 14e8 

  0x0000016230e92bf4: ; ImmutableOopMap {[0]=Oop [12]=NarrowOop [20]=NarrowOop }
                      ;*if_icmple {reexecute=1 rethrow=0 return_oop=0}
                      ; - (reexecute) java.nio.Buffer::position@5 (line 326)
                      ; - java.nio.ShortBuffer::position@2 (line 1551)
                      ; - java.nio.ShortBuffer::position@2 (line 285)
                      ; - com.badlogic.gdx.graphics.g2d.SpriteBatch::flush@85 (line 967)
  0x0000016230e92bf4: 0851 74ff 

  0x0000016230e92bf8: ;   {other}
  0x0000016230e92bf8: 0f1f 8400 | 680b 001b | ba45 ffff | ff48 8b6c | 2410 4889 | 4424 f88b | 4424 0889 | 0424 488b 
  0x0000016230e92c18: 4424 f844 | 8954 2404 | 4489 4c24 | 0c44 8944 

  0x0000016230e92c28: ;   {runtime_call UncommonTrapBlob}
  0x0000016230e92c28: 2410 90e8 

  0x0000016230e92c2c: ; ImmutableOopMap {rbp=Oop [4]=NarrowOop [12]=NarrowOop }
                      ;*if_icmple {reexecute=1 rethrow=0 return_oop=0}
                      ; - (reexecute) java.nio.Buffer::position@37 (line 328)
                      ; - java.nio.ShortBuffer::position@2 (line 1551)
                      ; - java.nio.ShortBuffer::position@2 (line 285)
                      ; - com.badlogic.gdx.graphics.g2d.SpriteBatch::flush@85 (line 967)
  0x0000016230e92c2c: d050 74ff 

  0x0000016230e92c30: ;   {other}
  0x0000016230e92c30: 0f1f 8400 | a00b 001c | ba45 ffff | ff48 ff74 | 2410 488f | 0424 4489 

  0x0000016230e92c48: ;   {runtime_call UncommonTrapBlob}
  0x0000016230e92c48: 4c24 14e8 

  0x0000016230e92c4c: ; ImmutableOopMap {[0]=Oop [12]=NarrowOop [20]=NarrowOop }
                      ;*if_icmple {reexecute=1 rethrow=0 return_oop=0}
                      ; - (reexecute) java.nio.Buffer::limit@5 (line 379)
                      ; - java.nio.ShortBuffer::limit@2 (line 1565)
                      ; - java.nio.ShortBuffer::limit@2 (line 285)
                      ; - com.badlogic.gdx.graphics.g2d.SpriteBatch::flush@94 (line 968)
  0x0000016230e92c4c: b050 74ff 

  0x0000016230e92c50: ;   {other}
  0x0000016230e92c50: 0f1f 8400 | c00b 001d | ba45 ffff | ff48 8b6c | 2410 4489 | 5424 0444 | 894c 240c | 4489 5c24 
  0x0000016230e92c70: 1044 895c 

  0x0000016230e92c74: ;   {runtime_call UncommonTrapBlob}
  0x0000016230e92c74: 2414 90e8 

  0x0000016230e92c78: ; ImmutableOopMap {rbp=Oop [4]=NarrowOop [12]=NarrowOop }
                      ;*ifge {reexecute=1 rethrow=0 return_oop=0}
                      ; - (reexecute) java.nio.Buffer::limit@14 (line 379)
                      ; - java.nio.ShortBuffer::limit@2 (line 1565)
                      ; - java.nio.ShortBuffer::limit@2 (line 285)
                      ; - com.badlogic.gdx.graphics.g2d.SpriteBatch::flush@94 (line 968)
  0x0000016230e92c78: 8450 74ff 

  0x0000016230e92c7c: ;   {other}
  0x0000016230e92c7c: 0f1f 8400 | ec0b 001e | ba45 ffff | ff48 8b6c | 2410 4489 | 5424 0444 | 894c 240c | 4489 4424 
  0x0000016230e92c9c: 1044 895c 

  0x0000016230e92ca0: ;   {runtime_call UncommonTrapBlob}
  0x0000016230e92ca0: 2414 90e8 

  0x0000016230e92ca4: ; ImmutableOopMap {rbp=Oop [4]=NarrowOop [12]=NarrowOop }
                      ;*if_icmple {reexecute=1 rethrow=0 return_oop=0}
                      ; - (reexecute) java.nio.Buffer::limit@55 (line 383)
                      ; - java.nio.ShortBuffer::limit@2 (line 1565)
                      ; - java.nio.ShortBuffer::limit@2 (line 285)
                      ; - com.badlogic.gdx.graphics.g2d.SpriteBatch::flush@94 (line 968)
  0x0000016230e92ca4: 5850 74ff 

  0x0000016230e92ca8: ;   {other}
  0x0000016230e92ca8: 0f1f 8400 | 180c 001f | ba45 ffff 

  0x0000016230e92cb4: ;   {runtime_call UncommonTrapBlob}
  0x0000016230e92cb4: ff66 90e8 

  0x0000016230e92cb8: ; ImmutableOopMap {[12]=NarrowOop [16]=Oop }
                      ;*ifeq {reexecute=1 rethrow=0 return_oop=0}
                      ; - (reexecute) com.badlogic.gdx.graphics.g2d.SpriteBatch::flush@102 (line 970)
  0x0000016230e92cb8: 4450 74ff 

  0x0000016230e92cbc: ;   {other}
  0x0000016230e92cbc: 0f1f 8400 | 2c0c 0020 | ba45 ffff 

  0x0000016230e92cc8: ;   {runtime_call UncommonTrapBlob}
  0x0000016230e92cc8: ff66 90e8 

  0x0000016230e92ccc: ; ImmutableOopMap {rbp=NarrowOop [12]=NarrowOop [16]=Oop }
                      ;*ifnonnull {reexecute=1 rethrow=0 return_oop=0}
                      ; - (reexecute) org.lwjgl.opengl.GLContext::getCapabilities@5 (line 123)
                      ; - org.lwjgl.opengl.GL11::glEnable@0 (line 1012)
                      ; - com.badlogic.gdx.backends.lwjgl.LwjglGL20::glEnable@1 (line 292)
                      ; - com.badlogic.gdx.graphics.g2d.SpriteBatch::flush@125 (line 973)
  0x0000016230e92ccc: 3050 74ff 

  0x0000016230e92cd0: ;   {other}
  0x0000016230e92cd0: 0f1f 8400 | 400c 0021 | 4533 c94d | 3bc1 bdff | ffff ff7c | 0840 0f95 | c540 0fb6 | edba 45ff 
  0x0000016230e92cf0: ffff 4889 | 0c24 4c89 

  0x0000016230e92cf8: ;   {runtime_call UncommonTrapBlob}
  0x0000016230e92cf8: 4424 10e8 

  0x0000016230e92cfc: ; ImmutableOopMap {[0]=Oop [12]=NarrowOop }
                      ;*ifne {reexecute=1 rethrow=0 return_oop=0}
                      ; - (reexecute) org.lwjgl.BufferChecks::checkFunctionAddress@9 (line 57)
                      ; - org.lwjgl.opengl.GL11::glEnable@10 (line 1014)
                      ; - com.badlogic.gdx.backends.lwjgl.LwjglGL20::glEnable@1 (line 292)
                      ; - com.badlogic.gdx.graphics.g2d.SpriteBatch::flush@125 (line 973)
  0x0000016230e92cfc: 0050 74ff 

  0x0000016230e92d00: ;   {other}
  0x0000016230e92d00: 0f1f 8400 | 700c 0022 | ba45 ffff | ff48 8944 | 24f8 8b44 | 2408 8904 | 2448 8b44 | 24f8 4489 
  0x0000016230e92d20: ;   {runtime_call UncommonTrapBlob}
  0x0000016230e92d20: 5c24 08e8 

  0x0000016230e92d24: ; ImmutableOopMap {rbp=Oop [12]=NarrowOop }
                      ;*if_icmpeq {reexecute=1 rethrow=0 return_oop=0}
                      ; - (reexecute) com.badlogic.gdx.graphics.g2d.SpriteBatch::flush@135 (line 974)
  0x0000016230e92d24: d84f 74ff 

  0x0000016230e92d28: ;   {other}
  0x0000016230e92d28: 0f1f 8400 | 980c 0023 | ba45 ffff | ff48 890c | 2444 895c | 2410 4489 | 4424 1444 | 894c 2418 
  0x0000016230e92d48: 4489 5424 

  0x0000016230e92d4c: ;   {runtime_call UncommonTrapBlob}
  0x0000016230e92d4c: 1c66 90e8 

  0x0000016230e92d50: ; ImmutableOopMap {rbp=NarrowOop [0]=Oop [12]=NarrowOop }
                      ;*ifnonnull {reexecute=1 rethrow=0 return_oop=0}
                      ; - (reexecute) org.lwjgl.opengl.GLContext::getCapabilities@5 (line 123)
                      ; - org.lwjgl.opengl.GL14::glBlendFuncSeparate@0 (line 238)
                      ; - com.badlogic.gdx.backends.lwjgl.LwjglGL20::glBlendFuncSeparate@5 (line 113)
                      ; - com.badlogic.gdx.graphics.g2d.SpriteBatch::flush@157 (line 974)
  0x0000016230e92d50: ac4f 74ff 

  0x0000016230e92d54: ;   {other}
  0x0000016230e92d54: 0f1f 8400 | c40c 0024 | 33db 483b | f3bd ffff | ffff 7c08 | 400f 95c5 | 400f b6ed | ba45 ffff 
  0x0000016230e92d74: ff48 890c | 2444 895c | 2410 4489 | 4424 1444 | 894c 2418 | 4489 5424 | 1c48 8974 

  0x0000016230e92d90: ;   {runtime_call UncommonTrapBlob}
  0x0000016230e92d90: 2420 90e8 

  0x0000016230e92d94: ; ImmutableOopMap {[0]=Oop [12]=NarrowOop }
                      ;*ifne {reexecute=1 rethrow=0 return_oop=0}
                      ; - (reexecute) org.lwjgl.BufferChecks::checkFunctionAddress@9 (line 57)
                      ; - org.lwjgl.opengl.GL14::glBlendFuncSeparate@14 (line 240)
                      ; - com.badlogic.gdx.backends.lwjgl.LwjglGL20::glBlendFuncSeparate@5 (line 113)
                      ; - com.badlogic.gdx.graphics.g2d.SpriteBatch::flush@157 (line 974)
  0x0000016230e92d94: 684f 74ff 

  0x0000016230e92d98: ;   {other}
  0x0000016230e92d98: 0f1f 8400 | 080d 0025 | 488b d0eb | 1248 8bd0 | eb0d 488b | d0eb 0848 | 8bd0 eb03 | 488b d048 
  0x0000016230e92db8: 83c4 605d 

  0x0000016230e92dbc: ;   {runtime_call _rethrow_Java}
  0x0000016230e92dbc: e93f 0282 | ffba f6ff 

  0x0000016230e92dc4: ;   {runtime_call UncommonTrapBlob}
  0x0000016230e92dc4: ffff 90e8 

  0x0000016230e92dc8: ; ImmutableOopMap {}
                      ;*invokevirtual bind {reexecute=0 rethrow=0 return_oop=0}
                      ; - com.badlogic.gdx.graphics.g2d.SpriteBatch::flush@58 (line 964)
  0x0000016230e92dc8: 344f 74ff 

  0x0000016230e92dcc: ;   {other}
  0x0000016230e92dcc: 0f1f 8400 | 3c0d 0026 | baf6 ffff | ff41 8be8 

  0x0000016230e92ddc: ;   {runtime_call UncommonTrapBlob}
  0x0000016230e92ddc: 890c 24e8 

  0x0000016230e92de0: ; ImmutableOopMap {}
                      ;*invokeinterface glBindTexture {reexecute=0 rethrow=0 return_oop=0}
                      ; - com.badlogic.gdx.graphics.GLTexture::bind@11 (line 66)
                      ; - com.badlogic.gdx.graphics.g2d.SpriteBatch::flush@58 (line 964)
  0x0000016230e92de0: 1c4f 74ff 

  0x0000016230e92de4: ;   {other}
  0x0000016230e92de4: 0f1f 8400 | 540d 0027 | baf6 ffff 

  0x0000016230e92df0: ;   {runtime_call UncommonTrapBlob}
  0x0000016230e92df0: ff66 90e8 

  0x0000016230e92df4: ; ImmutableOopMap {}
                      ;*getfield owner {reexecute=1 rethrow=0 return_oop=0}
                      ; - (reexecute) org.lwjgl.opengl.GLContext::getCapabilitiesImpl@5 (line 132)
                      ; - org.lwjgl.opengl.GLContext::getCapabilities@0 (line 122)
                      ; - org.lwjgl.opengl.GL11::glBindTexture@0 (line 651)
                      ; - com.badlogic.gdx.backends.lwjgl.LwjglGL20::glBindTexture@2 (line 93)
                      ; - com.badlogic.gdx.graphics.GLTexture::bind@11 (line 66)
                      ; - com.badlogic.gdx.graphics.g2d.SpriteBatch::flush@58 (line 964)
  0x0000016230e92df4: 084f 74ff 

  0x0000016230e92df8: ;   {other}
  0x0000016230e92df8: 0f1f 8400 | 680d 0028 | baf6 ffff | ff41 8be8 | 4489 1c24 

  0x0000016230e92e0c: ;   {runtime_call UncommonTrapBlob}
  0x0000016230e92e0c: 6666 90e8 

  0x0000016230e92e10: ; ImmutableOopMap {rbp=NarrowOop }
                      ;*invokevirtual setVertices {reexecute=0 rethrow=0 return_oop=0}
                      ; - com.badlogic.gdx.graphics.g2d.SpriteBatch::flush@76 (line 966)
  0x0000016230e92e10: ec4e 74ff 

  0x0000016230e92e14: ;   {other}
  0x0000016230e92e14: 0f1f 8400 | 840d 0029 | baf6 ffff | ff41 8be8 | 4489 1c24 

  0x0000016230e92e28: ;   {runtime_call UncommonTrapBlob}
  0x0000016230e92e28: 6666 90e8 

  0x0000016230e92e2c: ; ImmutableOopMap {rbp=NarrowOop }
                      ;*invokeinterface setVertices {reexecute=0 rethrow=0 return_oop=0}
                      ; - com.badlogic.gdx.graphics.Mesh::setVertices@7 (line 208)
                      ; - com.badlogic.gdx.graphics.g2d.SpriteBatch::flush@76 (line 966)
  0x0000016230e92e2c: d04e 74ff 

  0x0000016230e92e30: ;   {other}
  0x0000016230e92e30: 0f1f 8400 | a00d 002a | baf4 ffff | ff49 8be9 | 4889 4424 | f88b 4424 | 0889 0424 | 488b 4424 
  0x0000016230e92e50: f889 7c24 | 0848 894c | 2410 4489 | 4424 1844 | 895c 241c 

  0x0000016230e92e64: ;   {runtime_call UncommonTrapBlob}
  0x0000016230e92e64: 6666 90e8 

  0x0000016230e92e68: ; ImmutableOopMap {rbp=Oop [8]=NarrowOop [16]=Oop [24]=NarrowOop }
                      ;*instanceof {reexecute=0 rethrow=0 return_oop=0}
                      ; - com.badlogic.gdx.utils.BufferUtils::copy@1 (line 50)
                      ; - com.badlogic.gdx.graphics.glutils.VertexArray::setVertices@7 (line 84)
                      ; - com.badlogic.gdx.graphics.Mesh::setVertices@7 (line 208)
                      ; - com.badlogic.gdx.graphics.g2d.SpriteBatch::flush@76 (line 966)
  0x0000016230e92e68: 944e 74ff 

  0x0000016230e92e6c: ;   {other}
  0x0000016230e92e6c: 0f1f 8400 | dc0d 002b | baf6 ffff 

  0x0000016230e92e78: ;   {runtime_call UncommonTrapBlob}
  0x0000016230e92e78: ff66 90e8 

  0x0000016230e92e7c: ; ImmutableOopMap {}
                      ;*invokevirtual position {reexecute=0 rethrow=0 return_oop=0}
                      ; - com.badlogic.gdx.graphics.glutils.VertexArray::setVertices@15 (line 85)
                      ; - com.badlogic.gdx.graphics.Mesh::setVertices@7 (line 208)
                      ; - com.badlogic.gdx.graphics.g2d.SpriteBatch::flush@76 (line 966)
  0x0000016230e92e7c: 804e 74ff 

  0x0000016230e92e80: ;   {other}
  0x0000016230e92e80: 0f1f 8400 | f00d 002c | baf6 ffff 

  0x0000016230e92e8c: ;   {runtime_call UncommonTrapBlob}
  0x0000016230e92e8c: ff66 90e8 

  0x0000016230e92e90: ; ImmutableOopMap {}
                      ;*invokeinterface getBuffer {reexecute=0 rethrow=0 return_oop=0}
                      ; - com.badlogic.gdx.graphics.Mesh::getIndicesBuffer@4 (line 814)
                      ; - com.badlogic.gdx.graphics.g2d.SpriteBatch::flush@81 (line 967)
  0x0000016230e92e90: 6c4e 74ff 

  0x0000016230e92e94: ;   {other}
  0x0000016230e92e94: 0f1f 8400 | 040e 002d | baf6 ffff 

  0x0000016230e92ea0: ;   {runtime_call UncommonTrapBlob}
  0x0000016230e92ea0: ff66 90e8 

  0x0000016230e92ea4: ; ImmutableOopMap {}
                      ;*invokevirtual position {reexecute=0 rethrow=0 return_oop=0}
                      ; - com.badlogic.gdx.graphics.g2d.SpriteBatch::flush@85 (line 967)
  0x0000016230e92ea4: 584e 74ff 

  0x0000016230e92ea8: ;   {other}
  0x0000016230e92ea8: 0f1f 8400 | 180e 002e | baf6 ffff 

  0x0000016230e92eb4: ;   {runtime_call UncommonTrapBlob}
  0x0000016230e92eb4: ff66 90e8 

  0x0000016230e92eb8: ; ImmutableOopMap {}
                      ;*invokeinterface glEnable {reexecute=0 rethrow=0 return_oop=0}
                      ; - com.badlogic.gdx.graphics.g2d.SpriteBatch::flush@125 (line 973)
  0x0000016230e92eb8: 444e 74ff 

  0x0000016230e92ebc: ;   {other}
  0x0000016230e92ebc: 0f1f 8400 | 2c0e 002f | baf6 ffff 

  0x0000016230e92ec8: ;   {runtime_call UncommonTrapBlob}
  0x0000016230e92ec8: ff66 90e8 

  0x0000016230e92ecc: ; ImmutableOopMap {}
                      ;*getfield owner {reexecute=1 rethrow=0 return_oop=0}
                      ; - (reexecute) org.lwjgl.opengl.GLContext::getCapabilitiesImpl@5 (line 132)
                      ; - org.lwjgl.opengl.GLContext::getCapabilities@0 (line 122)
                      ; - org.lwjgl.opengl.GL11::glEnable@0 (line 1012)
                      ; - com.badlogic.gdx.backends.lwjgl.LwjglGL20::glEnable@1 (line 292)
                      ; - com.badlogic.gdx.graphics.g2d.SpriteBatch::flush@125 (line 973)
  0x0000016230e92ecc: 304e 74ff 

  0x0000016230e92ed0: ;   {other}
  0x0000016230e92ed0: 0f1f 8400 | 400e 0030 | baf6 ffff | ff41 8beb | 4489 0424 | 4489 4c24 | 0444 8954 

  0x0000016230e92eec: ;   {runtime_call UncommonTrapBlob}
  0x0000016230e92eec: 2408 90e8 

  0x0000016230e92ef0: ; ImmutableOopMap {}
                      ;*invokeinterface glBlendFuncSeparate {reexecute=0 rethrow=0 return_oop=0}
                      ; - com.badlogic.gdx.graphics.g2d.SpriteBatch::flush@157 (line 974)
  0x0000016230e92ef0: 0c4e 74ff 

  0x0000016230e92ef4: ;   {other}
  0x0000016230e92ef4: 0f1f 8400 | 640e 0031 | baf6 ffff 

  0x0000016230e92f00: ;   {runtime_call UncommonTrapBlob}
  0x0000016230e92f00: ff66 90e8 

  0x0000016230e92f04: ; ImmutableOopMap {}
                      ;*getfield owner {reexecute=1 rethrow=0 return_oop=0}
                      ; - (reexecute) org.lwjgl.opengl.GLContext::getCapabilitiesImpl@5 (line 132)
                      ; - org.lwjgl.opengl.GLContext::getCapabilities@0 (line 122)
                      ; - org.lwjgl.opengl.GL14::glBlendFuncSeparate@0 (line 238)
                      ; - com.badlogic.gdx.backends.lwjgl.LwjglGL20::glBlendFuncSeparate@5 (line 113)
                      ; - com.badlogic.gdx.graphics.g2d.SpriteBatch::flush@157 (line 974)
  0x0000016230e92f04: f84d 74ff 

  0x0000016230e92f08: ;   {other}
  0x0000016230e92f08: 0f1f 8400 | 780e 0032 

  0x0000016230e92f10: ;   {internal_word}
  0x0000016230e92f10: 49ba 7127 | e930 6201 | 0000 4d89 | 9760 0400 

  0x0000016230e92f20: ;   {runtime_call SafepointBlob}
  0x0000016230e92f20: 00e9 5a3c 

  0x0000016230e92f24: ;   {runtime_call StubRoutines (final stubs)}
  0x0000016230e92f24: 74ff e895 | 2d72 ffe9 | 4af4 ffff 
[Stub Code]
  0x0000016230e92f30: ;   {no_reloc}
  0x0000016230e92f30: 48bb 0000 | 0000 0000 

  0x0000016230e92f38: ;   {runtime_call nmethod}
  0x0000016230e92f38: 0000 e9fb 

  0x0000016230e92f3c: ;   {static_stub}
  0x0000016230e92f3c: ffff ff48 | bb00 0000 | 0000 0000 

  0x0000016230e92f48: ;   {runtime_call nmethod}
  0x0000016230e92f48: 00e9 fbff 

  0x0000016230e92f4c: ;   {static_stub}
  0x0000016230e92f4c: ffff 48bb | 0000 0000 | 0000 0000 

  0x0000016230e92f58: ;   {runtime_call nmethod}
  0x0000016230e92f58: e9fb ffff 

  0x0000016230e92f5c: ;   {static_stub}
  0x0000016230e92f5c: ff48 bb00 | 0000 0000 

  0x0000016230e92f64: ;   {runtime_call nmethod}
  0x0000016230e92f64: 0000 00e9 | fbff ffff 

  0x0000016230e92f6c: ;   {static_stub}
  0x0000016230e92f6c: 48bb 0000 | 0000 0000 

  0x0000016230e92f74: ;   {runtime_call nmethod}
  0x0000016230e92f74: 0000 e9fb 

  0x0000016230e92f78: ;   {runtime_call ExceptionBlob}
  0x0000016230e92f78: ffff ffe9 | 80dc 81ff 
[Deopt Handler Code]
  0x0000016230e92f80: e800 0000 | 0048 832c 

  0x0000016230e92f88: ;   {runtime_call DeoptimizationBlob}
  0x0000016230e92f88: 2405 e991 | 5074 fff4 
[/MachCode]


---------------  P R O C E S S  ---------------

Threads class SMR info:
_java_thread_list=0x000001628c22a7e0, length=19, elements={
0x0000016245986dc0, 0x0000016245987810, 0x000001624598a980, 0x000001624598b780,
0x000001624598c1d0, 0x0000016245998d70, 0x00000162459a3150, 0x00000162459a9760,
0x0000016245b4a430, 0x0000016245b50c30, 0x000001628b53ea80, 0x000001621e095ed0,
0x000001628c1d2b80, 0x000001628c50ad60, 0x0000016295c76cd0, 0x0000016295e22760,
0x0000016295e25be0, 0x000001629674a6d0, 0x000001629674a040
}

Java Threads: ( => current thread )
  0x0000016245986dc0 JavaThread "Reference Handler"          daemon [_thread_blocked, id=1856, stack(0x0000005b04100000,0x0000005b04200000) (1024K)]
  0x0000016245987810 JavaThread "Finalizer"                  daemon [_thread_blocked, id=24708, stack(0x0000005b04200000,0x0000005b04300000) (1024K)]
  0x000001624598a980 JavaThread "Signal Dispatcher"          daemon [_thread_blocked, id=32452, stack(0x0000005b04300000,0x0000005b04400000) (1024K)]
  0x000001624598b780 JavaThread "Attach Listener"            daemon [_thread_blocked, id=31184, stack(0x0000005b04400000,0x0000005b04500000) (1024K)]
  0x000001624598c1d0 JavaThread "Service Thread"             daemon [_thread_blocked, id=10960, stack(0x0000005b04500000,0x0000005b04600000) (1024K)]
  0x0000016245998d70 JavaThread "Monitor Deflation Thread"   daemon [_thread_blocked, id=34412, stack(0x0000005b04600000,0x0000005b04700000) (1024K)]
  0x00000162459a3150 JavaThread "C2 CompilerThread0"         daemon [_thread_blocked, id=26336, stack(0x0000005b04700000,0x0000005b04800000) (1024K)]
  0x00000162459a9760 JavaThread "C1 CompilerThread0"         daemon [_thread_blocked, id=27208, stack(0x0000005b04800000,0x0000005b04900000) (1024K)]
  0x0000016245b4a430 JavaThread "Notification Thread"        daemon [_thread_blocked, id=11320, stack(0x0000005b04b00000,0x0000005b04c00000) (1024K)]
  0x0000016245b50c30 JavaThread "Common-Cleaner"             daemon [_thread_blocked, id=14872, stack(0x0000005b04c00000,0x0000005b04d00000) (1024K)]
=>0x000001628b53ea80 JavaThread "LWJGL Application"                 [_thread_in_native, id=30268, stack(0x0000005b04a00000,0x0000005b04b00000) (1024K)]
  0x000001621e095ed0 JavaThread "DestroyJavaVM"                     [_thread_blocked, id=32080, stack(0x0000005b03900000,0x0000005b03a00000) (1024K)]
  0x000001628c1d2b80 JavaThread "AsynchExecutor-Thread"      daemon [_thread_blocked, id=34596, stack(0x0000005b05800000,0x0000005b05900000) (1024K)]
  0x000001628c50ad60 JavaThread "RxIoScheduler-1 (Evictor)"  daemon [_thread_blocked, id=32412, stack(0x0000005b06700000,0x0000005b06800000) (1024K)]
  0x0000016295c76cd0 JavaThread "RxComputationScheduler-1"   daemon [_thread_blocked, id=18148, stack(0x0000005b06a00000,0x0000005b06b00000) (1024K)]
  0x0000016295e22760 JavaThread "RxIoScheduler-44"           daemon [_thread_blocked, id=24552, stack(0x0000005b09300000,0x0000005b09400000) (1024K)]
  0x0000016295e25be0 JavaThread "LWJGL Timer"                daemon [_thread_blocked, id=14852, stack(0x0000005b05a00000,0x0000005b05b00000) (1024K)]
  0x000001629674a6d0 JavaThread "Timer"                      daemon [_thread_blocked, id=23364, stack(0x0000005b04900000,0x0000005b04a00000) (1024K)]
  0x000001629674a040 JavaThread "RxComputationScheduler-2"   daemon [_thread_blocked, id=32300, stack(0x0000005b04d00000,0x0000005b04e00000) (1024K)]
Total: 19

Other Threads:
  0x0000016242b1d200 VMThread "VM Thread"                           [id=20248, stack(0x0000005b04000000,0x0000005b04100000) (1024K)]
  0x0000016245981640 WatcherThread "VM Periodic Task Thread"        [id=32068, stack(0x0000005b03f00000,0x0000005b04000000) (1024K)]
  0x0000016220b0ea70 WorkerThread "GC Thread#0"                     [id=34432, stack(0x0000005b03a00000,0x0000005b03b00000) (1024K)]
  0x000001628c4a8080 WorkerThread "GC Thread#1"                     [id=852, stack(0x0000005b05c00000,0x0000005b05d00000) (1024K)]
  0x000001628c4a8420 WorkerThread "GC Thread#2"                     [id=20568, stack(0x0000005b05d00000,0x0000005b05e00000) (1024K)]
  0x0000016295d6e120 WorkerThread "GC Thread#3"                     [id=25000, stack(0x0000005b05e00000,0x0000005b05f00000) (1024K)]
  0x000001628c7580f0 WorkerThread "GC Thread#4"                     [id=22704, stack(0x0000005b05f00000,0x0000005b06000000) (1024K)]
  0x000001628c758490 WorkerThread "GC Thread#5"                     [id=34972, stack(0x0000005b06000000,0x0000005b06100000) (1024K)]
  0x000001628c758830 WorkerThread "GC Thread#6"                     [id=26960, stack(0x0000005b06100000,0x0000005b06200000) (1024K)]
  0x000001628c6f7040 WorkerThread "GC Thread#7"                     [id=31884, stack(0x0000005b06200000,0x0000005b06300000) (1024K)]
  0x000001628c6f6ca0 WorkerThread "GC Thread#8"                     [id=20452, stack(0x0000005b06300000,0x0000005b06400000) (1024K)]
  0x000001628c6f6900 WorkerThread "GC Thread#9"                     [id=26844, stack(0x0000005b06400000,0x0000005b06500000) (1024K)]
  0x000001628c6f73e0 WorkerThread "GC Thread#10"                    [id=21560, stack(0x0000005b06500000,0x0000005b06600000) (1024K)]
  0x000001628c6f7780 WorkerThread "GC Thread#11"                    [id=8008, stack(0x0000005b06600000,0x0000005b06700000) (1024K)]
  0x00000162429c6010 ConcurrentGCThread "G1 Main Marker"            [id=10628, stack(0x0000005b03b00000,0x0000005b03c00000) (1024K)]
  0x00000162429c71c0 WorkerThread "G1 Conc#0"                       [id=22424, stack(0x0000005b03c00000,0x0000005b03d00000) (1024K)]
  0x0000016242a52770 ConcurrentGCThread "G1 Refine#0"               [id=22684, stack(0x0000005b03d00000,0x0000005b03e00000) (1024K)]
  0x0000016242a531f0 ConcurrentGCThread "G1 Service"                [id=11812, stack(0x0000005b03e00000,0x0000005b03f00000) (1024K)]
Total: 18

Threads with active compile tasks:
Total: 0

VM state: not at safepoint (normal execution)

VM Mutex/Monitor currently owned by a thread: None

Heap address: 0x0000000604400000, size: 8124 MB, Compressed Oops mode: Zero based, Oop shift amount: 3

CDS archive(s) mapped at: [0x0000016246000000-0x0000016246c80000-0x0000016246c80000), size 13107200, SharedBaseAddress: 0x0000016246000000, ArchiveRelocationMode: 1.
Compressed class space mapped at: 0x0000016247000000-0x0000016287000000, reserved size: 1073741824
Narrow klass base: 0x0000016246000000, Narrow klass shift: 0, Narrow klass range: 0x100000000

GC Precious Log:
 CardTable entry size: 512
 Card Set container configuration: InlinePtr #cards 4 size 8 Array Of Cards #cards 32 size 80 Howl #buckets 8 coarsen threshold 7372 Howl Bitmap #cards 1024 size 144 coarsen threshold 921 Card regions per heap region 1 cards per card region 8192
 CPUs: 16 total, 16 available
 Memory: 32490M
 Large Page Support: Disabled
 NUMA Support: Disabled
 Compressed Oops: Enabled (Zero based)
 Heap Region Size: 4M
 Heap Min Capacity: 8M
 Heap Initial Capacity: 508M
 Heap Max Capacity: 8124M
 Pre-touch: Disabled
 Parallel Workers: 13
 Concurrent Workers: 3
 Concurrent Refinement Workers: 13
 Periodic GC: Disabled

Heap:
 garbage-first heap   total 520192K, used 125984K [0x0000000604400000, 0x0000000800000000)
  region size 4096K, 26 young (106496K), 1 survivors (4096K)
 Metaspace       used 18939K, committed 19328K, reserved 1114112K
  class space    used 2450K, committed 2624K, reserved 1048576K

Heap Regions: E=young(eden), S=young(survivor), O=old, HS=humongous(starts), HC=humongous(continues), CS=collection set, F=free, TAMS=top-at-mark-start, PB=parsable bottom
|   0|0x0000000604400000, 0x0000000604800000, 0x0000000604800000|100%| O|  |TAMS 0x0000000604400000| PB 0x0000000604400000| Untracked 
|   1|0x0000000604800000, 0x0000000604c00000, 0x0000000604c00000|100%|HS|  |TAMS 0x0000000604800000| PB 0x0000000604800000| Complete 
|   2|0x0000000604c00000, 0x0000000605000000, 0x0000000605000000|100%|HS|  |TAMS 0x0000000604c00000| PB 0x0000000604c00000| Complete 
|   3|0x0000000605000000, 0x0000000605400000, 0x0000000605400000|100%|HS|  |TAMS 0x0000000605000000| PB 0x0000000605000000| Complete 
|   4|0x0000000605400000, 0x0000000605800000, 0x0000000605800000|100%|HS|  |TAMS 0x0000000605400000| PB 0x0000000605400000| Complete 
|   5|0x0000000605800000, 0x0000000605c00000, 0x0000000605c00000|100%|HC|  |TAMS 0x0000000605800000| PB 0x0000000605800000| Complete 
|   6|0x0000000605c00000, 0x0000000606000000, 0x0000000606000000|100%|HS|  |TAMS 0x0000000605c00000| PB 0x0000000605c00000| Complete 
|   7|0x0000000606000000, 0x0000000606000000, 0x0000000606400000|  0%| F|  |TAMS 0x0000000606000000| PB 0x0000000606000000| Untracked 
|   8|0x0000000606400000, 0x0000000606400000, 0x0000000606800000|  0%| F|  |TAMS 0x0000000606400000| PB 0x0000000606400000| Untracked 
|   9|0x0000000606800000, 0x0000000606800000, 0x0000000606c00000|  0%| F|  |TAMS 0x0000000606800000| PB 0x0000000606800000| Untracked 
|  10|0x0000000606c00000, 0x0000000606c00000, 0x0000000607000000|  0%| F|  |TAMS 0x0000000606c00000| PB 0x0000000606c00000| Untracked 
|  11|0x0000000607000000, 0x0000000607000000, 0x0000000607400000|  0%| F|  |TAMS 0x0000000607000000| PB 0x0000000607000000| Untracked 
|  12|0x0000000607400000, 0x0000000607400000, 0x0000000607800000|  0%| F|  |TAMS 0x0000000607400000| PB 0x0000000607400000| Untracked 
|  13|0x0000000607800000, 0x0000000607800000, 0x0000000607c00000|  0%| F|  |TAMS 0x0000000607800000| PB 0x0000000607800000| Untracked 
|  14|0x0000000607c00000, 0x0000000607c00000, 0x0000000608000000|  0%| F|  |TAMS 0x0000000607c00000| PB 0x0000000607c00000| Untracked 
|  15|0x0000000608000000, 0x0000000608000000, 0x0000000608400000|  0%| F|  |TAMS 0x0000000608000000| PB 0x0000000608000000| Untracked 
|  16|0x0000000608400000, 0x0000000608400000, 0x0000000608800000|  0%| F|  |TAMS 0x0000000608400000| PB 0x0000000608400000| Untracked 
|  17|0x0000000608800000, 0x0000000608800000, 0x0000000608c00000|  0%| F|  |TAMS 0x0000000608800000| PB 0x0000000608800000| Untracked 
|  18|0x0000000608c00000, 0x0000000608c00000, 0x0000000609000000|  0%| F|  |TAMS 0x0000000608c00000| PB 0x0000000608c00000| Untracked 
|  19|0x0000000609000000, 0x0000000609000000, 0x0000000609400000|  0%| F|  |TAMS 0x0000000609000000| PB 0x0000000609000000| Untracked 
|  20|0x0000000609400000, 0x0000000609400000, 0x0000000609800000|  0%| F|  |TAMS 0x0000000609400000| PB 0x0000000609400000| Untracked 
|  21|0x0000000609800000, 0x0000000609800000, 0x0000000609c00000|  0%| F|  |TAMS 0x0000000609800000| PB 0x0000000609800000| Untracked 
|  22|0x0000000609c00000, 0x0000000609cdd908, 0x000000060a000000| 21%| O|  |TAMS 0x0000000609c00000| PB 0x0000000609c00000| Untracked 
|  23|0x000000060a000000, 0x000000060a000000, 0x000000060a400000|  0%| F|  |TAMS 0x000000060a000000| PB 0x000000060a000000| Untracked 
|  24|0x000000060a400000, 0x000000060a400000, 0x000000060a800000|  0%| F|  |TAMS 0x000000060a400000| PB 0x000000060a400000| Untracked 
|  25|0x000000060a800000, 0x000000060a800000, 0x000000060ac00000|  0%| F|  |TAMS 0x000000060a800000| PB 0x000000060a800000| Untracked 
|  26|0x000000060ac00000, 0x000000060ac00000, 0x000000060b000000|  0%| F|  |TAMS 0x000000060ac00000| PB 0x000000060ac00000| Untracked 
|  27|0x000000060b000000, 0x000000060b000000, 0x000000060b400000|  0%| F|  |TAMS 0x000000060b000000| PB 0x000000060b000000| Untracked 
|  28|0x000000060b400000, 0x000000060b400000, 0x000000060b800000|  0%| F|  |TAMS 0x000000060b400000| PB 0x000000060b400000| Untracked 
|  29|0x000000060b800000, 0x000000060b800000, 0x000000060bc00000|  0%| F|  |TAMS 0x000000060b800000| PB 0x000000060b800000| Untracked 
|  30|0x000000060bc00000, 0x000000060bc00000, 0x000000060c000000|  0%| F|  |TAMS 0x000000060bc00000| PB 0x000000060bc00000| Untracked 
|  31|0x000000060c000000, 0x000000060c000000, 0x000000060c400000|  0%| F|  |TAMS 0x000000060c000000| PB 0x000000060c000000| Untracked 
|  32|0x000000060c400000, 0x000000060c400000, 0x000000060c800000|  0%| F|  |TAMS 0x000000060c400000| PB 0x000000060c400000| Untracked 
|  33|0x000000060c800000, 0x000000060c800000, 0x000000060cc00000|  0%| F|  |TAMS 0x000000060c800000| PB 0x000000060c800000| Untracked 
|  34|0x000000060cc00000, 0x000000060cc00000, 0x000000060d000000|  0%| F|  |TAMS 0x000000060cc00000| PB 0x000000060cc00000| Untracked 
|  35|0x000000060d000000, 0x000000060d000000, 0x000000060d400000|  0%| F|  |TAMS 0x000000060d000000| PB 0x000000060d000000| Untracked 
|  36|0x000000060d400000, 0x000000060d400000, 0x000000060d800000|  0%| F|  |TAMS 0x000000060d400000| PB 0x000000060d400000| Untracked 
|  37|0x000000060d800000, 0x000000060d800000, 0x000000060dc00000|  0%| F|  |TAMS 0x000000060d800000| PB 0x000000060d800000| Untracked 
|  38|0x000000060dc00000, 0x000000060dc00000, 0x000000060e000000|  0%| F|  |TAMS 0x000000060dc00000| PB 0x000000060dc00000| Untracked 
|  39|0x000000060e000000, 0x000000060e000000, 0x000000060e400000|  0%| F|  |TAMS 0x000000060e000000| PB 0x000000060e000000| Untracked 
|  40|0x000000060e400000, 0x000000060e400000, 0x000000060e800000|  0%| F|  |TAMS 0x000000060e400000| PB 0x000000060e400000| Untracked 
|  41|0x000000060e800000, 0x000000060e800000, 0x000000060ec00000|  0%| F|  |TAMS 0x000000060e800000| PB 0x000000060e800000| Untracked 
|  42|0x000000060ec00000, 0x000000060ec00000, 0x000000060f000000|  0%| F|  |TAMS 0x000000060ec00000| PB 0x000000060ec00000| Untracked 
|  43|0x000000060f000000, 0x000000060f000000, 0x000000060f400000|  0%| F|  |TAMS 0x000000060f000000| PB 0x000000060f000000| Untracked 
|  44|0x000000060f400000, 0x000000060f400000, 0x000000060f800000|  0%| F|  |TAMS 0x000000060f400000| PB 0x000000060f400000| Untracked 
|  45|0x000000060f800000, 0x000000060f800000, 0x000000060fc00000|  0%| F|  |TAMS 0x000000060f800000| PB 0x000000060f800000| Untracked 
|  46|0x000000060fc00000, 0x000000060fc00000, 0x0000000610000000|  0%| F|  |TAMS 0x000000060fc00000| PB 0x000000060fc00000| Untracked 
|  47|0x0000000610000000, 0x0000000610000000, 0x0000000610400000|  0%| F|  |TAMS 0x0000000610000000| PB 0x0000000610000000| Untracked 
|  48|0x0000000610400000, 0x0000000610400000, 0x0000000610800000|  0%| F|  |TAMS 0x0000000610400000| PB 0x0000000610400000| Untracked 
|  49|0x0000000610800000, 0x0000000610800000, 0x0000000610c00000|  0%| F|  |TAMS 0x0000000610800000| PB 0x0000000610800000| Untracked 
|  50|0x0000000610c00000, 0x0000000610c00000, 0x0000000611000000|  0%| F|  |TAMS 0x0000000610c00000| PB 0x0000000610c00000| Untracked 
|  51|0x0000000611000000, 0x0000000611000000, 0x0000000611400000|  0%| F|  |TAMS 0x0000000611000000| PB 0x0000000611000000| Untracked 
|  52|0x0000000611400000, 0x0000000611400000, 0x0000000611800000|  0%| F|  |TAMS 0x0000000611400000| PB 0x0000000611400000| Untracked 
|  53|0x0000000611800000, 0x0000000611800000, 0x0000000611c00000|  0%| F|  |TAMS 0x0000000611800000| PB 0x0000000611800000| Untracked 
|  54|0x0000000611c00000, 0x0000000611c00000, 0x0000000612000000|  0%| F|  |TAMS 0x0000000611c00000| PB 0x0000000611c00000| Untracked 
|  55|0x0000000612000000, 0x0000000612000000, 0x0000000612400000|  0%| F|  |TAMS 0x0000000612000000| PB 0x0000000612000000| Untracked 
|  56|0x0000000612400000, 0x0000000612400000, 0x0000000612800000|  0%| F|  |TAMS 0x0000000612400000| PB 0x0000000612400000| Untracked 
|  57|0x0000000612800000, 0x0000000612800000, 0x0000000612c00000|  0%| F|  |TAMS 0x0000000612800000| PB 0x0000000612800000| Untracked 
|  58|0x0000000612c00000, 0x0000000612c00000, 0x0000000613000000|  0%| F|  |TAMS 0x0000000612c00000| PB 0x0000000612c00000| Untracked 
|  59|0x0000000613000000, 0x0000000613000000, 0x0000000613400000|  0%| F|  |TAMS 0x0000000613000000| PB 0x0000000613000000| Untracked 
|  60|0x0000000613400000, 0x0000000613400000, 0x0000000613800000|  0%| F|  |TAMS 0x0000000613400000| PB 0x0000000613400000| Untracked 
|  61|0x0000000613800000, 0x0000000613800000, 0x0000000613c00000|  0%| F|  |TAMS 0x0000000613800000| PB 0x0000000613800000| Untracked 
|  62|0x0000000613c00000, 0x0000000613c00000, 0x0000000614000000|  0%| F|  |TAMS 0x0000000613c00000| PB 0x0000000613c00000| Untracked 
|  63|0x0000000614000000, 0x0000000614000000, 0x0000000614400000|  0%| F|  |TAMS 0x0000000614000000| PB 0x0000000614000000| Untracked 
|  64|0x0000000614400000, 0x0000000614400000, 0x0000000614800000|  0%| F|  |TAMS 0x0000000614400000| PB 0x0000000614400000| Untracked 
|  65|0x0000000614800000, 0x0000000614800000, 0x0000000614c00000|  0%| F|  |TAMS 0x0000000614800000| PB 0x0000000614800000| Untracked 
|  66|0x0000000614c00000, 0x0000000614c00000, 0x0000000615000000|  0%| F|  |TAMS 0x0000000614c00000| PB 0x0000000614c00000| Untracked 
|  67|0x0000000615000000, 0x0000000615000000, 0x0000000615400000|  0%| F|  |TAMS 0x0000000615000000| PB 0x0000000615000000| Untracked 
|  68|0x0000000615400000, 0x0000000615400000, 0x0000000615800000|  0%| F|  |TAMS 0x0000000615400000| PB 0x0000000615400000| Untracked 
|  69|0x0000000615800000, 0x0000000615800000, 0x0000000615c00000|  0%| F|  |TAMS 0x0000000615800000| PB 0x0000000615800000| Untracked 
|  70|0x0000000615c00000, 0x0000000615c00000, 0x0000000616000000|  0%| F|  |TAMS 0x0000000615c00000| PB 0x0000000615c00000| Untracked 
|  71|0x0000000616000000, 0x0000000616000000, 0x0000000616400000|  0%| F|  |TAMS 0x0000000616000000| PB 0x0000000616000000| Untracked 
|  72|0x0000000616400000, 0x0000000616400000, 0x0000000616800000|  0%| F|  |TAMS 0x0000000616400000| PB 0x0000000616400000| Untracked 
|  73|0x0000000616800000, 0x0000000616800000, 0x0000000616c00000|  0%| F|  |TAMS 0x0000000616800000| PB 0x0000000616800000| Untracked 
|  74|0x0000000616c00000, 0x0000000616c00000, 0x0000000617000000|  0%| F|  |TAMS 0x0000000616c00000| PB 0x0000000616c00000| Untracked 
|  75|0x0000000617000000, 0x0000000617000000, 0x0000000617400000|  0%| F|  |TAMS 0x0000000617000000| PB 0x0000000617000000| Untracked 
|  76|0x0000000617400000, 0x0000000617400000, 0x0000000617800000|  0%| F|  |TAMS 0x0000000617400000| PB 0x0000000617400000| Untracked 
|  77|0x0000000617800000, 0x0000000617800000, 0x0000000617c00000|  0%| F|  |TAMS 0x0000000617800000| PB 0x0000000617800000| Untracked 
|  78|0x0000000617c00000, 0x0000000617c00000, 0x0000000618000000|  0%| F|  |TAMS 0x0000000617c00000| PB 0x0000000617c00000| Untracked 
|  79|0x0000000618000000, 0x0000000618000000, 0x0000000618400000|  0%| F|  |TAMS 0x0000000618000000| PB 0x0000000618000000| Untracked 
|  80|0x0000000618400000, 0x0000000618400000, 0x0000000618800000|  0%| F|  |TAMS 0x0000000618400000| PB 0x0000000618400000| Untracked 
|  81|0x0000000618800000, 0x0000000618800000, 0x0000000618c00000|  0%| F|  |TAMS 0x0000000618800000| PB 0x0000000618800000| Untracked 
|  82|0x0000000618c00000, 0x0000000618c00000, 0x0000000619000000|  0%| F|  |TAMS 0x0000000618c00000| PB 0x0000000618c00000| Untracked 
|  83|0x0000000619000000, 0x0000000619000000, 0x0000000619400000|  0%| F|  |TAMS 0x0000000619000000| PB 0x0000000619000000| Untracked 
|  84|0x0000000619400000, 0x0000000619400000, 0x0000000619800000|  0%| F|  |TAMS 0x0000000619400000| PB 0x0000000619400000| Untracked 
|  85|0x0000000619800000, 0x0000000619800000, 0x0000000619c00000|  0%| F|  |TAMS 0x0000000619800000| PB 0x0000000619800000| Untracked 
|  86|0x0000000619c00000, 0x0000000619c00000, 0x000000061a000000|  0%| F|  |TAMS 0x0000000619c00000| PB 0x0000000619c00000| Untracked 
|  87|0x000000061a000000, 0x000000061a000000, 0x000000061a400000|  0%| F|  |TAMS 0x000000061a000000| PB 0x000000061a000000| Untracked 
|  88|0x000000061a400000, 0x000000061a400000, 0x000000061a800000|  0%| F|  |TAMS 0x000000061a400000| PB 0x000000061a400000| Untracked 
|  89|0x000000061a800000, 0x000000061a800000, 0x000000061ac00000|  0%| F|  |TAMS 0x000000061a800000| PB 0x000000061a800000| Untracked 
|  90|0x000000061ac00000, 0x000000061ac00000, 0x000000061b000000|  0%| F|  |TAMS 0x000000061ac00000| PB 0x000000061ac00000| Untracked 
|  91|0x000000061b000000, 0x000000061b000000, 0x000000061b400000|  0%| F|  |TAMS 0x000000061b000000| PB 0x000000061b000000| Untracked 
|  92|0x000000061b400000, 0x000000061b400000, 0x000000061b800000|  0%| F|  |TAMS 0x000000061b400000| PB 0x000000061b400000| Untracked 
|  93|0x000000061b800000, 0x000000061b800000, 0x000000061bc00000|  0%| F|  |TAMS 0x000000061b800000| PB 0x000000061b800000| Untracked 
|  94|0x000000061bc00000, 0x000000061bc00000, 0x000000061c000000|  0%| F|  |TAMS 0x000000061bc00000| PB 0x000000061bc00000| Untracked 
|  95|0x000000061c000000, 0x000000061c000000, 0x000000061c400000|  0%| F|  |TAMS 0x000000061c000000| PB 0x000000061c000000| Untracked 
|  96|0x000000061c400000, 0x000000061c400000, 0x000000061c800000|  0%| F|  |TAMS 0x000000061c400000| PB 0x000000061c400000| Untracked 
|  97|0x000000061c800000, 0x000000061c800000, 0x000000061cc00000|  0%| F|  |TAMS 0x000000061c800000| PB 0x000000061c800000| Untracked 
|  98|0x000000061cc00000, 0x000000061cc00000, 0x000000061d000000|  0%| F|  |TAMS 0x000000061cc00000| PB 0x000000061cc00000| Untracked 
|  99|0x000000061d000000, 0x000000061d000000, 0x000000061d400000|  0%| F|  |TAMS 0x000000061d000000| PB 0x000000061d000000| Untracked 
| 100|0x000000061d400000, 0x000000061d400000, 0x000000061d800000|  0%| F|  |TAMS 0x000000061d400000| PB 0x000000061d400000| Untracked 
| 101|0x000000061d800000, 0x000000061d8b7188, 0x000000061dc00000| 17%| E|  |TAMS 0x000000061d800000| PB 0x000000061d800000| Complete 
| 102|0x000000061dc00000, 0x000000061e000000, 0x000000061e000000|100%| E|CS|TAMS 0x000000061dc00000| PB 0x000000061dc00000| Complete 
| 103|0x000000061e000000, 0x000000061e400000, 0x000000061e400000|100%| E|CS|TAMS 0x000000061e000000| PB 0x000000061e000000| Complete 
| 104|0x000000061e400000, 0x000000061e800000, 0x000000061e800000|100%| E|CS|TAMS 0x000000061e400000| PB 0x000000061e400000| Complete 
| 105|0x000000061e800000, 0x000000061ec00000, 0x000000061ec00000|100%| E|CS|TAMS 0x000000061e800000| PB 0x000000061e800000| Complete 
| 106|0x000000061ec00000, 0x000000061f000000, 0x000000061f000000|100%| E|CS|TAMS 0x000000061ec00000| PB 0x000000061ec00000| Complete 
| 107|0x000000061f000000, 0x000000061f400000, 0x000000061f400000|100%| E|  |TAMS 0x000000061f000000| PB 0x000000061f000000| Complete 
| 108|0x000000061f400000, 0x000000061f800000, 0x000000061f800000|100%| E|CS|TAMS 0x000000061f400000| PB 0x000000061f400000| Complete 
| 109|0x000000061f800000, 0x000000061fc00000, 0x000000061fc00000|100%| E|CS|TAMS 0x000000061f800000| PB 0x000000061f800000| Complete 
| 110|0x000000061fc00000, 0x0000000620000000, 0x0000000620000000|100%| E|CS|TAMS 0x000000061fc00000| PB 0x000000061fc00000| Complete 
| 111|0x0000000620000000, 0x0000000620400000, 0x0000000620400000|100%| E|CS|TAMS 0x0000000620000000| PB 0x0000000620000000| Complete 
| 112|0x0000000620400000, 0x0000000620800000, 0x0000000620800000|100%| E|CS|TAMS 0x0000000620400000| PB 0x0000000620400000| Complete 
| 113|0x0000000620800000, 0x0000000620c00000, 0x0000000620c00000|100%| E|CS|TAMS 0x0000000620800000| PB 0x0000000620800000| Complete 
| 114|0x0000000620c00000, 0x0000000621000000, 0x0000000621000000|100%| E|CS|TAMS 0x0000000620c00000| PB 0x0000000620c00000| Complete 
| 115|0x0000000621000000, 0x0000000621400000, 0x0000000621400000|100%| E|CS|TAMS 0x0000000621000000| PB 0x0000000621000000| Complete 
| 116|0x0000000621400000, 0x0000000621800000, 0x0000000621800000|100%| E|CS|TAMS 0x0000000621400000| PB 0x0000000621400000| Complete 
| 117|0x0000000621800000, 0x0000000621c00000, 0x0000000621c00000|100%| E|CS|TAMS 0x0000000621800000| PB 0x0000000621800000| Complete 
| 118|0x0000000621c00000, 0x0000000621e2a7f0, 0x0000000622000000| 54%| S|CS|TAMS 0x0000000621c00000| PB 0x0000000621c00000| Complete 
| 119|0x0000000622000000, 0x0000000622400000, 0x0000000622400000|100%| E|CS|TAMS 0x0000000622000000| PB 0x0000000622000000| Complete 
| 120|0x0000000622400000, 0x0000000622800000, 0x0000000622800000|100%| E|CS|TAMS 0x0000000622400000| PB 0x0000000622400000| Complete 
| 121|0x0000000622800000, 0x0000000622c00000, 0x0000000622c00000|100%| E|CS|TAMS 0x0000000622800000| PB 0x0000000622800000| Complete 
| 122|0x0000000622c00000, 0x0000000623000000, 0x0000000623000000|100%| E|CS|TAMS 0x0000000622c00000| PB 0x0000000622c00000| Complete 
| 123|0x0000000623000000, 0x0000000623400000, 0x0000000623400000|100%| E|CS|TAMS 0x0000000623000000| PB 0x0000000623000000| Complete 
| 124|0x0000000623400000, 0x0000000623800000, 0x0000000623800000|100%| E|CS|TAMS 0x0000000623400000| PB 0x0000000623400000| Complete 
| 125|0x0000000623800000, 0x0000000623c00000, 0x0000000623c00000|100%| E|CS|TAMS 0x0000000623800000| PB 0x0000000623800000| Complete 
| 126|0x0000000623c00000, 0x0000000624000000, 0x0000000624000000|100%| E|CS|TAMS 0x0000000623c00000| PB 0x0000000623c00000| Complete 

Card table byte_map: [0x0000016239990000,0x000001623a970000] _byte_map_base: 0x000001623696e000

Marking Bits: (CMBitMap*) 0x0000016242976940
 Bits: [0x000001623a970000, 0x0000016242860000)

Polling page: 0x0000016220210000

Metaspace:

Usage:
  Non-class:     16.10 MB used.
      Class:      2.39 MB used.
       Both:     18.50 MB used.

Virtual space:
  Non-class space:       64.00 MB reserved,      16.31 MB ( 25%) committed,  1 nodes.
      Class space:        1.00 GB reserved,       2.56 MB ( <1%) committed,  1 nodes.
             Both:        1.06 GB reserved,      18.88 MB (  2%) committed. 

Chunk freelists:
   Non-Class:  15.66 MB
       Class:  13.29 MB
        Both:  28.94 MB

MaxMetaspaceSize: unlimited
CompressedClassSpaceSize: 1.00 GB
Initial GC threshold: 21.00 MB
Current GC threshold: 21.00 MB
CDS: on
 - commit_granule_bytes: 65536.
 - commit_granule_words: 8192.
 - virtual_space_node_default_size: 8388608.
 - enlarge_chunks_in_place: 1.
 - use_allocation_guard: 0.


Internal statistics:

num_allocs_failed_limit: 0.
num_arena_births: 316.
num_arena_deaths: 0.
num_vsnodes_births: 2.
num_vsnodes_deaths: 0.
num_space_committed: 300.
num_space_uncommitted: 0.
num_chunks_returned_to_freelist: 0.
num_chunks_taken_from_freelist: 939.
num_chunk_merges: 0.
num_chunk_splits: 655.
num_chunks_enlarged: 519.
num_inconsistent_stats: 0.

CodeHeap 'non-profiled nmethods': size=119168Kb used=2978Kb max_used=2978Kb free=116190Kb
 bounds [0x0000016230cd0000, 0x0000016230fc0000, 0x0000016238130000]
CodeHeap 'profiled nmethods': size=119104Kb used=9278Kb max_used=9278Kb free=109825Kb
 bounds [0x0000016229130000, 0x0000016229a40000, 0x0000016230580000]
CodeHeap 'non-nmethods': size=7488Kb used=1853Kb max_used=3552Kb free=5634Kb
 bounds [0x0000016230580000, 0x0000016230930000, 0x0000016230cd0000]
 total_blobs=5284 nmethods=4582 adapters=605
 compilation: enabled
              stopped_count=0, restarted_count=0
 full_count=0

Compilation events (20 events):
Event: 121.627 Thread 0x00000162459a9760 nmethod 4572 0x0000016229a3b290 code [0x0000016229a3b440, 0x0000016229a3b578]
Event: 121.627 Thread 0x00000162459a9760 4575       3       java.util.HashSet::remove (20 bytes)
Event: 121.628 Thread 0x00000162459a9760 nmethod 4575 0x0000016229a3b610 code [0x0000016229a3b7c0, 0x0000016229a3b9e8]
Event: 121.628 Thread 0x00000162459a9760 4576       3       java.util.HashMap$KeyIterator::next (8 bytes)
Event: 121.628 Thread 0x00000162459a9760 nmethod 4576 0x0000016229a3ba90 code [0x0000016229a3bc40, 0x0000016229a3bd80]
Event: 121.628 Thread 0x00000162459a9760 4574       3       java.util.HashMap$KeySet::<init> (10 bytes)
Event: 121.628 Thread 0x00000162459a9760 nmethod 4574 0x0000016229a3be90 code [0x0000016229a3c040, 0x0000016229a3c2c8]
Event: 121.628 Thread 0x00000162459a9760 4579       3       java.util.concurrent.ScheduledThreadPoolExecutor$DelayedWorkQueue::add (9 bytes)
Event: 121.628 Thread 0x00000162459aabd0 4578       3       java.util.concurrent.ScheduledThreadPoolExecutor::triggerTime (22 bytes)
Event: 121.628 Thread 0x00000162459a9760 nmethod 4579 0x0000016229a3c410 code [0x0000016229a3c5e0, 0x0000016229a3c8b8]
Event: 121.628 Thread 0x00000162459a9760 4580       3       java.util.concurrent.ScheduledThreadPoolExecutor$DelayedWorkQueue::add (6 bytes)
Event: 121.628 Thread 0x00000162459aabd0 nmethod 4578 0x0000016229a3c990 code [0x0000016229a3cb40, 0x0000016229a3cd20]
Event: 121.628 Thread 0x00000162459aabd0 4581   !   3       java.util.concurrent.ScheduledThreadPoolExecutor$DelayedWorkQueue::offer (123 bytes)
Event: 121.628 Thread 0x00000162459a9760 nmethod 4580 0x0000016229a3ce10 code [0x0000016229a3cfc0, 0x0000016229a3d118]
Event: 121.628 Thread 0x00000162459a9760 4582       3       java.util.concurrent.ThreadPoolExecutor::ensurePrestart (41 bytes)
Event: 121.629 Thread 0x00000162459a9760 nmethod 4582 0x0000016229a3d210 code [0x0000016229a3d3e0, 0x0000016229a3d690]
Event: 121.629 Thread 0x00000162459aabd0 nmethod 4581 0x0000016229a3d790 code [0x0000016229a3daa0, 0x0000016229a3eee0]
Event: 121.630 Thread 0x00000162459a3150 nmethod 4577 0x0000016230fb8210 code [0x0000016230fb83c0, 0x0000016230fb8688]
Event: 133.111 Thread 0x00000162459a9760 4583       3       org.lwjgl.opengl.WindowsKeyboard::isKeyPressed (13 bytes)
Event: 133.111 Thread 0x00000162459a9760 nmethod 4583 0x0000016229a3f710 code [0x0000016229a3f8a0, 0x0000016229a3f9e0]

GC Heap History (4 events):
Event: 1.422 GC heap before
{Heap before GC invocations=0 (full 0):
 garbage-first heap   total 520192K, used 24576K [0x0000000604400000, 0x0000000800000000)
  region size 4096K, 6 young (24576K), 0 survivors (0K)
 Metaspace       used 6026K, committed 6208K, reserved 1114112K
  class space    used 485K, committed 576K, reserved 1048576K
}
Event: 1.426 GC heap after
{Heap after GC invocations=1 (full 0):
 garbage-first heap   total 520192K, used 4961K [0x0000000604400000, 0x0000000800000000)
  region size 4096K, 1 young (4096K), 1 survivors (4096K)
 Metaspace       used 6026K, committed 6208K, reserved 1114112K
  class space    used 485K, committed 576K, reserved 1048576K
}
Event: 3.244 GC heap before
{Heap before GC invocations=1 (full 0):
 garbage-first heap   total 520192K, used 115553K [0x0000000604400000, 0x0000000800000000)
  region size 4096K, 8 young (32768K), 1 survivors (4096K)
 Metaspace       used 11459K, committed 11648K, reserved 1114112K
  class space    used 1171K, committed 1216K, reserved 1048576K
}
Event: 3.248 GC heap after
{Heap after GC invocations=2 (full 0):
 garbage-first heap   total 520192K, used 7200K [0x0000000604400000, 0x0000000800000000)
  region size 4096K, 1 young (4096K), 1 survivors (4096K)
 Metaspace       used 11459K, committed 11648K, reserved 1114112K
  class space    used 1171K, committed 1216K, reserved 1048576K
}

Dll operation events (10 events):
Event: 0.008 Loaded shared library C:\Users\matus.sivak\.jdks\corretto-21.0.6\bin\java.dll
Event: 0.034 Loaded shared library C:\Users\matus.sivak\.jdks\corretto-21.0.6\bin\jsvml.dll
Event: 0.108 Loaded shared library C:\Users\matus.sivak\.jdks\corretto-21.0.6\bin\net.dll
Event: 0.112 Loaded shared library C:\Users\matus.sivak\.jdks\corretto-21.0.6\bin\nio.dll
Event: 0.115 Loaded shared library C:\Users\matus.sivak\.jdks\corretto-21.0.6\bin\zip.dll
Event: 0.202 Loaded shared library C:\Users\matus.sivak\.jdks\corretto-21.0.6\bin\jimage.dll
Event: 0.210 Loaded shared library C:\Users\matus.sivak\AppData\Local\Temp\libgdxmatus.sivak\12dfaa03\gdx64.dll
Event: 0.262 Loaded shared library C:\Users\matus.sivak\.jdks\corretto-21.0.6\bin\verify.dll
Event: 0.270 Loaded shared library C:\Users\matus.sivak\AppData\Local\Temp\libgdxmatus.sivak\dc0f0009\lwjgl64.dll
Event: 1.329 Loaded shared library C:\Users\matus.sivak\AppData\Local\Temp\libgdxmatus.sivak\a04a55a\gdx-freetype64.dll

Deoptimization events (20 events):
Event: 121.625 Thread 0x000001628c18f350 DEOPT UNPACKING pc=0x00000162305d88e2 sp=0x0000005b098fe920 mode 1
Event: 121.625 Thread 0x000001628c190070 DEOPT UNPACKING pc=0x00000162305d88e2 sp=0x0000005b09afe800 mode 1
Event: 121.625 Thread 0x000001628c18f9e0 DEOPT PACKING pc=0x00000162294d33ac sp=0x0000005b099fef90
Event: 121.625 Thread 0x000001628c18f9e0 DEOPT UNPACKING pc=0x00000162305d88e2 sp=0x0000005b099fe450 mode 1
Event: 121.625 Thread 0x000001628c1927d0 DEOPT PACKING pc=0x00000162294d33ac sp=0x0000005b09bfefd0
Event: 121.625 Thread 0x0000016295e20000 DEOPT PACKING pc=0x00000162294d33ac sp=0x0000005b08dff120
Event: 121.625 Thread 0x000001628c1927d0 DEOPT UNPACKING pc=0x00000162305d88e2 sp=0x0000005b09bfe490 mode 1
Event: 121.625 Thread 0x0000016295e20000 DEOPT UNPACKING pc=0x00000162305d88e2 sp=0x0000005b08dfe5e0 mode 1
Event: 133.180 Thread 0x000001628b53ea80 Uncommon trap: trap_request=0xffffff45 fr.pc=0x0000016230f8abd4 relative=0x0000000000000e94
Event: 133.180 Thread 0x000001628b53ea80 Uncommon trap: reason=unstable_if action=reinterpret pc=0x0000016230f8abd4 method=org.lwjgl.opengl.WindowsDisplay.update()V @ 7 c2
Event: 133.180 Thread 0x000001628b53ea80 DEOPT PACKING pc=0x0000016230f8abd4 sp=0x0000005b04aff410
Event: 133.180 Thread 0x000001628b53ea80 DEOPT UNPACKING pc=0x00000162305d7da2 sp=0x0000005b04aff3b8 mode 2
Event: 133.184 Thread 0x000001628b53ea80 Uncommon trap: trap_request=0xffffff45 fr.pc=0x0000016230f73560 relative=0x00000000000002c0
Event: 133.184 Thread 0x000001628b53ea80 Uncommon trap: reason=unstable_if action=reinterpret pc=0x0000016230f73560 method=com.badlogic.gdx.backends.lwjgl.audio.OpenALMusic.update()V @ 157 c2
Event: 133.185 Thread 0x000001628b53ea80 DEOPT PACKING pc=0x0000016230f73560 sp=0x0000005b04aff470
Event: 133.185 Thread 0x000001628b53ea80 DEOPT UNPACKING pc=0x00000162305d7da2 sp=0x0000005b04aff398 mode 2
Event: 133.188 Thread 0x000001628b53ea80 Uncommon trap: trap_request=0xffffff45 fr.pc=0x0000016230f3ed7c relative=0x00000000000001fc
Event: 133.188 Thread 0x000001628b53ea80 Uncommon trap: reason=unstable_if action=reinterpret pc=0x0000016230f3ed7c method=com.badlogic.gdx.backends.lwjgl.audio.OpenALMusic.update()V @ 157 c2
Event: 133.188 Thread 0x000001628b53ea80 DEOPT PACKING pc=0x0000016230f3ed7c sp=0x0000005b04aff400
Event: 133.188 Thread 0x000001628b53ea80 DEOPT UNPACKING pc=0x00000162305d7da2 sp=0x0000005b04aff390 mode 2

Classes loaded (20 events):
Event: 8.285 Loading class java/text/MessageFormat$Field
Event: 8.285 Loading class java/text/MessageFormat$Field done
Event: 8.680 Loading class java/util/regex/Pattern$BnM
Event: 8.680 Loading class java/util/regex/Pattern$BnM done
Event: 8.680 Loading class java/util/regex/Pattern$SliceS
Event: 8.680 Loading class java/util/regex/Pattern$SliceS done
Event: 14.886 Loading class sun/reflect/generics/repository/FieldRepository
Event: 14.886 Loading class sun/reflect/generics/repository/FieldRepository done
Event: 14.886 Loading class sun/reflect/generics/tree/TypeVariableSignature
Event: 14.886 Loading class sun/reflect/generics/tree/TypeVariableSignature done
Event: 14.954 Loading class java/lang/invoke/MethodHandle$1
Event: 14.954 Loading class java/lang/invoke/MethodHandle$1 done
Event: 32.249 Loading class java/lang/Math$RandomNumberGeneratorHolder
Event: 32.250 Loading class java/lang/Math$RandomNumberGeneratorHolder done
Event: 35.775 Loading class jdk/internal/math/FDBigInteger
Event: 35.775 Loading class jdk/internal/math/FDBigInteger done
Event: 51.880 Loading class java/util/ArrayList$SubList$1
Event: 51.880 Loading class java/util/ArrayList$SubList$1 done
Event: 61.621 Loading class java/util/concurrent/ConcurrentLinkedQueue$Itr
Event: 61.621 Loading class java/util/concurrent/ConcurrentLinkedQueue$Itr done

Classes unloaded (0 events):
No events

Classes redefined (0 events):
No events

Internal exceptions (20 events):
Event: 18.541 Thread 0x000001628b53ea80 Exception <a 'java/lang/NoSuchMethodError'{0x000000061f506348}: 'java.lang.Object java.lang.invoke.DirectMethodHandle$Holder.newInvokeSpecial(java.lang.Object, java.lang.Object, int, java.lang.Object)'> (0x000000061f506348) 
thrown [s\src\hotspot\share\interpreter\linkResolver.cpp, line 773]
Event: 18.541 Thread 0x000001628b53ea80 Exception <a 'java/lang/NoSuchMethodError'{0x000000061f509e98}: 'java.lang.Object java.lang.invoke.DirectMethodHandle$Holder.invokeSpecial(java.lang.Object, java.lang.Object, java.lang.Object, int, java.lang.Object)'> (0x000000061f509e98) 
thrown [s\src\hotspot\share\interpreter\linkResolver.cpp, line 773]
Event: 19.124 Thread 0x000001628b53ea80 Implicit null exception at 0x0000016230e9bd9e to 0x0000016230e9c238
Event: 22.273 Thread 0x000001628b53ea80 Implicit null exception at 0x0000016230e43b22 to 0x0000016230e43fe4
Event: 22.273 Thread 0x000001628b53ea80 Implicit null exception at 0x0000016230e44ba2 to 0x0000016230e45054
Event: 25.321 Thread 0x000001628b53ea80 Implicit null exception at 0x0000016230e9e014 to 0x0000016230e9ed2c
Event: 28.787 Thread 0x000001628b53ea80 Exception <a 'java/lang/NoSuchMethodError'{0x000000061ecbc2e0}: 'void java.lang.invoke.DirectMethodHandle$Holder.invokeVirtual(java.lang.Object, java.lang.Object)'> (0x000000061ecbc2e0) 
thrown [s\src\hotspot\share\interpreter\linkResolver.cpp, line 773]
Event: 30.473 Thread 0x000001628b53ea80 Exception <a 'java/lang/NoSuchMethodError'{0x000000061ee56a90}: 'void java.lang.invoke.DirectMethodHandle$Holder.invokeStatic(java.lang.Object, java.lang.Object, float)'> (0x000000061ee56a90) 
thrown [s\src\hotspot\share\interpreter\linkResolver.cpp, line 773]
Event: 30.473 Thread 0x000001628b53ea80 Exception <a 'java/lang/NoSuchMethodError'{0x000000061ee5c4c0}: 'java.lang.Object java.lang.invoke.DirectMethodHandle$Holder.newInvokeSpecial(java.lang.Object, java.lang.Object, float)'> (0x000000061ee5c4c0) 
thrown [s\src\hotspot\share\interpreter\linkResolver.cpp, line 773]
Event: 34.905 Thread 0x000001628b53ea80 Exception <a 'java/lang/NoSuchMethodError'{0x000000061efb3a98}: 'java.lang.Object java.lang.invoke.DirectMethodHandle$Holder.newInvokeSpecial(java.lang.Object, float, float, java.lang.Object)'> (0x000000061efb3a98) 
thrown [s\src\hotspot\share\interpreter\linkResolver.cpp, line 773]
Event: 35.825 Thread 0x000001628b53ea80 Exception <a 'java/lang/NoSuchMethodError'{0x000000061e9929c0}: 'java.lang.Object java.lang.invoke.DirectMethodHandle$Holder.newInvokeSpecial(java.lang.Object, java.lang.Object, java.lang.Object, java.lang.Object, java.lang.Object, java.lang.Object, java.lang.Object, java.lang.Object)'> (0x000000061e9929c0) 
thrown [s\src\hotspot\share\interpreter\linkResolver.cpp, line 773]
Event: 41.902 Thread 0x000001628b53ea80 Exception <a 'java/lang/NoSuchMethodError'{0x000000061eafc7e8}: 'java.lang.Object java.lang.invoke.DirectMethodHandle$Holder.newInvokeSpecial(java.lang.Object, java.lang.Object, java.lang.Object, java.lang.Object, java.lang.Object, float)'> (0x000000061eafc7e8) 
thrown [s\src\hotspot\share\interpreter\linkResolver.cpp, line 773]
Event: 41.903 Thread 0x000001628b53ea80 Exception <a 'java/lang/NoSuchMethodError'{0x000000061eb00ed8}: 'java.lang.Object java.lang.invoke.DirectMethodHandle$Holder.invokeSpecial(java.lang.Object, java.lang.Object, java.lang.Object, java.lang.Object, java.lang.Object, java.lang.Object, float)'> (0x000000061eb00ed8) 
thrown [s\src\hotspot\share\interpreter\linkResolver.cpp, line 773]
Event: 41.927 Thread 0x000001628b53ea80 Exception <a 'java/lang/NoSuchMethodError'{0x000000061eb15c20}: 'void java.lang.invoke.DirectMethodHandle$Holder.invokeSpecial(java.lang.Object, java.lang.Object, float, java.lang.Object)'> (0x000000061eb15c20) 
thrown [s\src\hotspot\share\interpreter\linkResolver.cpp, line 773]
Event: 48.812 Thread 0x000001628b53ea80 Exception <a 'java/lang/ArrayIndexOutOfBoundsException'{0x000000061e457650}: Index 580 out of bounds for length 580> (0x000000061e457650) 
thrown [s\src\hotspot\share\interpreter\interpreterRuntime.cpp, line 439]
Event: 49.164 Thread 0x000001628b53ea80 Exception <a 'java/lang/NoSuchMethodError'{0x000000061e5003d8}: 'java.lang.Object java.lang.invoke.DirectMethodHandle$Holder.newInvokeSpecial(java.lang.Object, java.lang.Object, java.lang.Object, float)'> (0x000000061e5003d8) 
thrown [s\src\hotspot\share\interpreter\linkResolver.cpp, line 773]
Event: 49.165 Thread 0x000001628b53ea80 Exception <a 'java/lang/NoSuchMethodError'{0x000000061e504470}: 'java.lang.Object java.lang.invoke.DirectMethodHandle$Holder.invokeSpecial(java.lang.Object, java.lang.Object, java.lang.Object, java.lang.Object, float)'> (0x000000061e504470) 
thrown [s\src\hotspot\share\interpreter\linkResolver.cpp, line 773]
Event: 49.165 Thread 0x000001628b53ea80 Exception <a 'java/lang/NoSuchMethodError'{0x000000061e507bd8}: 'java.lang.Object java.lang.invoke.Invokers$Holder.linkToTargetMethod(java.lang.Object, java.lang.Object, float, java.lang.Object)'> (0x000000061e507bd8) 
thrown [s\src\hotspot\share\interpreter\linkResolver.cpp, line 773]
Event: 49.165 Thread 0x000001628b53ea80 Exception <a 'java/lang/NoSuchMethodError'{0x000000061e50f5e8}: 'void java.lang.invoke.DirectMethodHandle$Holder.invokeStatic(java.lang.Object, java.lang.Object, java.lang.Object, float)'> (0x000000061e50f5e8) 
thrown [s\src\hotspot\share\interpreter\linkResolver.cpp, line 773]
Event: 75.790 Thread 0x000001628b53ea80 Exception <a 'java/lang/NoSuchMethodError'{0x000000061e17fee0}: 'java.lang.Object java.lang.invoke.DirectMethodHandle$Holder.newInvokeSpecial(java.lang.Object, java.lang.Object, float, java.lang.Object)'> (0x000000061e17fee0) 
thrown [s\src\hotspot\share\interpreter\linkResolver.cpp, line 773]

ZGC Phase Switch (0 events):
No events

VM Operations (20 events):
Event: 99.047 Executing VM operation: Cleanup
Event: 99.047 Executing VM operation: Cleanup done
Event: 101.049 Executing VM operation: Cleanup
Event: 101.049 Executing VM operation: Cleanup done
Event: 104.049 Executing VM operation: Cleanup
Event: 104.049 Executing VM operation: Cleanup done
Event: 108.051 Executing VM operation: Cleanup
Event: 108.051 Executing VM operation: Cleanup done
Event: 110.052 Executing VM operation: Cleanup
Event: 110.052 Executing VM operation: Cleanup done
Event: 111.053 Executing VM operation: Cleanup
Event: 111.053 Executing VM operation: Cleanup done
Event: 114.054 Executing VM operation: Cleanup
Event: 114.054 Executing VM operation: Cleanup done
Event: 115.055 Executing VM operation: Cleanup
Event: 115.055 Executing VM operation: Cleanup done
Event: 118.056 Executing VM operation: Cleanup
Event: 118.056 Executing VM operation: Cleanup done
Event: 123.276 Executing VM operation: Cleanup
Event: 123.276 Executing VM operation: Cleanup done

Memory protections (0 events):
No events

Nmethod flushes (0 events):
No events

Events (20 events):
Event: 121.625 Thread 0x0000016295e1ec50 Thread exited: 0x0000016295e1ec50
Event: 121.626 Thread 0x0000016295e1f970 Thread exited: 0x0000016295e1f970
Event: 121.626 Thread 0x0000016295e23b10 Thread exited: 0x0000016295e23b10
Event: 121.626 Thread 0x0000016295e213b0 Thread exited: 0x0000016295e213b0
Event: 121.626 Thread 0x0000016295e20690 Thread exited: 0x0000016295e20690
Event: 121.626 Thread 0x0000016295e21a40 Thread exited: 0x0000016295e21a40
Event: 121.626 Thread 0x0000016295c6f7e0 Thread exited: 0x0000016295c6f7e0
Event: 121.626 Thread 0x0000016295e24ec0 Thread exited: 0x0000016295e24ec0
Event: 121.626 Thread 0x0000016295e22df0 Thread exited: 0x0000016295e22df0
Event: 121.626 Thread 0x0000016295e23480 Thread exited: 0x0000016295e23480
Event: 121.626 Thread 0x0000016295e241a0 Thread exited: 0x0000016295e241a0
Event: 121.626 Thread 0x0000016295e25550 Thread exited: 0x0000016295e25550
Event: 121.626 Thread 0x000001628c18f350 Thread exited: 0x000001628c18f350
Event: 121.626 Thread 0x0000016295e24830 Thread exited: 0x0000016295e24830
Event: 121.626 Thread 0x000001628c190070 Thread exited: 0x000001628c190070
Event: 121.626 Thread 0x000001628c18f9e0 Thread exited: 0x000001628c18f9e0
Event: 121.626 Thread 0x000001628c1927d0 Thread exited: 0x000001628c1927d0
Event: 121.626 Thread 0x0000016295e20000 Thread exited: 0x0000016295e20000
Event: 121.627 Thread 0x00000162459a9760 Thread added: 0x00000162459aabd0
Event: 126.630 Thread 0x00000162459aabd0 Thread exited: 0x00000162459aabd0


Dynamic libraries:
0x00007ff6e8820000 - 0x00007ff6e882e000 	C:\Users\matus.sivak\.jdks\corretto-21.0.6\bin\java.exe
0x00007fff943c0000 - 0x00007fff94626000 	C:\WINDOWS\SYSTEM32\ntdll.dll
0x00007fff932c0000 - 0x00007fff93389000 	C:\WINDOWS\System32\KERNEL32.DLL
0x00007fff918b0000 - 0x00007fff91caf000 	C:\WINDOWS\System32\KERNELBASE.dll
0x00007fff915d0000 - 0x00007fff9171c000 	C:\WINDOWS\System32\ucrtbase.dll
0x00007fff63f70000 - 0x00007fff63f88000 	C:\Users\matus.sivak\.jdks\corretto-21.0.6\bin\jli.dll
0x00007fff63f10000 - 0x00007fff63f2b000 	C:\Users\matus.sivak\.jdks\corretto-21.0.6\bin\VCRUNTIME140.dll
0x00007fff941b0000 - 0x00007fff94376000 	C:\WINDOWS\System32\USER32.dll
0x00007fff68660000 - 0x00007fff688f1000 	C:\WINDOWS\WinSxS\amd64_microsoft.windows.common-controls_6595b64144ccf1df_6.0.26100.8972_none_3e0da176e32f9d4b\COMCTL32.dll
0x00007fff91880000 - 0x00007fff918a7000 	C:\WINDOWS\System32\win32u.dll
0x00007fff924a0000 - 0x00007fff92549000 	C:\WINDOWS\System32\msvcrt.dll
0x00007fff92650000 - 0x00007fff9267b000 	C:\WINDOWS\System32\GDI32.dll
0x00007fff91fc0000 - 0x00007fff920e9000 	C:\WINDOWS\System32\gdi32full.dll
0x00007fff91f10000 - 0x00007fff91fb3000 	C:\WINDOWS\System32\msvcp_win.dll
0x00007fff93590000 - 0x00007fff935c2000 	C:\WINDOWS\System32\IMM32.DLL
0x00007fff910f0000 - 0x00007fff91249000 	C:\Program Files\Avecto\Privilege Guard Client\PGHook.dll
0x00007fff931f0000 - 0x00007fff932ac000 	C:\WINDOWS\System32\ADVAPI32.dll
0x00007fff92680000 - 0x00007fff9272a000 	C:\WINDOWS\System32\sechost.dll
0x00007fff93b10000 - 0x00007fff93c28000 	C:\WINDOWS\System32\RPCRT4.dll
0x0000000062420000 - 0x0000000062493000 	C:\WINDOWS\System32\QIPCAP64.dll
0x00007fff92a60000 - 0x00007fff931e8000 	C:\WINDOWS\System32\SHELL32.dll
0x00007fff94010000 - 0x00007fff941a9000 	C:\WINDOWS\System32\ole32.dll
0x00007fff920f0000 - 0x00007fff92475000 	C:\WINDOWS\System32\combase.dll
0x00007fff93390000 - 0x00007fff93469000 	C:\WINDOWS\System32\OLEAUT32.dll
0x00007fff8f870000 - 0x00007fff8f9c8000 	C:\WINDOWS\SYSTEM32\DNSAPI.dll
0x00007fff90460000 - 0x00007fff9046d000 	C:\WINDOWS\SYSTEM32\DSPARSE.dll
0x00007fff8f830000 - 0x00007fff8f863000 	C:\WINDOWS\SYSTEM32\IPHLPAPI.DLL
0x00007fff93ea0000 - 0x00007fff93eaa000 	C:\WINDOWS\System32\NSI.dll
0x00007fff7e950000 - 0x00007fff7e95c000 	C:\Users\matus.sivak\.jdks\corretto-21.0.6\bin\vcruntime140_1.dll
0x00007fff63700000 - 0x00007fff6378d000 	C:\Users\matus.sivak\.jdks\corretto-21.0.6\bin\msvcp140.dll
0x00007ffe940e0000 - 0x00007ffe94e7f000 	C:\Users\matus.sivak\.jdks\corretto-21.0.6\bin\server\jvm.dll
0x00007fff928a0000 - 0x00007fff92922000 	C:\WINDOWS\System32\WS2_32.dll
0x00007fff91380000 - 0x00007fff913de000 	C:\WINDOWS\SYSTEM32\POWRPROF.dll
0x00007fff85870000 - 0x00007fff858a6000 	C:\WINDOWS\SYSTEM32\WINMM.dll
0x00007fff8e660000 - 0x00007fff8e66b000 	C:\WINDOWS\SYSTEM32\VERSION.dll
0x00007fff91360000 - 0x00007fff91375000 	C:\WINDOWS\SYSTEM32\UMPDC.dll
0x00007fff8fff0000 - 0x00007fff9000b000 	C:\WINDOWS\SYSTEM32\kernel.appcore.dll
0x00007fff7e740000 - 0x00007fff7e74a000 	C:\Users\matus.sivak\.jdks\corretto-21.0.6\bin\jimage.dll
0x00007fff8de70000 - 0x00007fff8e0b2000 	C:\WINDOWS\SYSTEM32\DBGHELP.DLL
0x00007fff62d90000 - 0x00007fff62dcb000 	C:\WINDOWS\SYSTEM32\dbgcore.DLL
0x0000016220150000 - 0x00000162201fc000 	C:\WINDOWS\System32\bcryptPrimitives.dll
0x00007fff63eb0000 - 0x00007fff63ecf000 	C:\Users\matus.sivak\.jdks\corretto-21.0.6\bin\java.dll
0x00007fff8e830000 - 0x00007fff8f0cb000 	C:\WINDOWS\SYSTEM32\windows.storage.dll
0x00007fff93490000 - 0x00007fff93589000 	C:\WINDOWS\System32\SHCORE.dll
0x00007fff92980000 - 0x00007fff929e6000 	C:\WINDOWS\System32\shlwapi.dll
0x00007fff914f0000 - 0x00007fff91519000 	C:\WINDOWS\SYSTEM32\profapi.dll
0x00007fff63420000 - 0x00007fff634f7000 	C:\Users\matus.sivak\.jdks\corretto-21.0.6\bin\jsvml.dll
0x00007fff68c60000 - 0x00007fff68c70000 	C:\Users\matus.sivak\.jdks\corretto-21.0.6\bin\net.dll
0x00007fff90010000 - 0x00007fff90138000 	C:\WINDOWS\SYSTEM32\WINHTTP.dll
0x00007fff906b0000 - 0x00007fff9071c000 	C:\WINDOWS\system32\mswsock.dll
0x00007fff63de0000 - 0x00007fff63df6000 	C:\Users\matus.sivak\.jdks\corretto-21.0.6\bin\nio.dll
0x00007fff63e40000 - 0x00007fff63e58000 	C:\Users\matus.sivak\.jdks\corretto-21.0.6\bin\zip.dll
0x0000000065580000 - 0x0000000065616000 	C:\Users\matus.sivak\AppData\Local\Temp\libgdxmatus.sivak\12dfaa03\gdx64.dll
0x00007fff90ad0000 - 0x00007fff90aeb000 	C:\WINDOWS\SYSTEM32\CRYPTSP.dll
0x00007fff8ff50000 - 0x00007fff8ff89000 	C:\WINDOWS\system32\rsaenh.dll
0x00007fff90760000 - 0x00007fff90792000 	C:\WINDOWS\SYSTEM32\USERENV.dll
0x00007fff914c0000 - 0x00007fff914ea000 	C:\WINDOWS\SYSTEM32\bcrypt.dll
0x00007fff90aa0000 - 0x00007fff90aac000 	C:\WINDOWS\SYSTEM32\CRYPTBASE.dll
0x00007fff63f60000 - 0x00007fff63f70000 	C:\Users\matus.sivak\.jdks\corretto-21.0.6\bin\verify.dll
0x0000000180000000 - 0x0000000180053000 	C:\Users\matus.sivak\AppData\Local\Temp\libgdxmatus.sivak\dc0f0009\lwjgl64.dll
0x00007fff452c0000 - 0x00007fff453cc000 	C:\WINDOWS\SYSTEM32\OPENGL32.dll
0x00007fff45280000 - 0x00007fff452ad000 	C:\WINDOWS\SYSTEM32\GLU32.dll
0x00007fff8ac40000 - 0x00007fff8ac85000 	C:\WINDOWS\SYSTEM32\dxcore.dll
0x0000016245d70000 - 0x0000016245dd4000 	C:\Users\MATUS~1.SIV\AppData\Local\Temp\libgdxmatus.sivak\dc0f0009\OpenAL64.dll
0x00007fff8ab60000 - 0x00007fff8ac08000 	C:\WINDOWS\system32\uxtheme.dll
0x00007fff93eb0000 - 0x00007fff93f5e000 	C:\WINDOWS\System32\clbcatq.dll
0x00007fff62fc0000 - 0x00007fff63054000 	C:\WINDOWS\SYSTEM32\dsound.dll
0x00007fff3cea0000 - 0x00007fff3cf57000 	C:\WINDOWS\SYSTEM32\ResampleDmo.DLL
0x00007fff62ec0000 - 0x00007fff62ef7000 	C:\WINDOWS\SYSTEM32\winmmbase.dll
0x00007ffeb2030000 - 0x00007ffeb203e000 	C:\WINDOWS\SYSTEM32\msdmo.dll
0x00007fff91040000 - 0x00007fff91092000 	C:\WINDOWS\SYSTEM32\cfgmgr32.dll
0x00007fff65a90000 - 0x00007fff65b36000 	C:\WINDOWS\System32\MMDevApi.dll
0x00007fff91000000 - 0x00007fff9102f000 	C:\WINDOWS\System32\DEVOBJ.dll
0x00007fff657a0000 - 0x00007fff65957000 	C:\WINDOWS\SYSTEM32\AUDIOSES.DLL
0x00007fff8d730000 - 0x00007fff8d744000 	C:\WINDOWS\SYSTEM32\resourcepolicyclient.dll
0x00007fff7fa80000 - 0x00007fff7fb3f000 	C:\WINDOWS\SYSTEM32\mscms.dll
0x00007fff7d0c0000 - 0x00007fff7d152000 	C:\Windows\System32\Windows.Internal.Graphics.Display.DisplayColorManagement.dll
0x00007fff92730000 - 0x00007fff9288d000 	C:\WINDOWS\System32\MSCTF.dll
0x00007fff76b90000 - 0x00007fff76cd6000 	C:\WINDOWS\SYSTEM32\textinputframework.dll
0x00007fff8a5a0000 - 0x00007fff8a6cb000 	C:\WINDOWS\SYSTEM32\CoreMessaging.dll
0x00007fff87950000 - 0x00007fff87c34000 	C:\WINDOWS\SYSTEM32\CoreUIComponents.dll
0x00007fff87690000 - 0x00007fff877fa000 	C:\WINDOWS\SYSTEM32\wintypes.dll
0x00007fff88140000 - 0x00007fff8819f000 	C:\WINDOWS\SYSTEM32\directxdatabasehelper.dll
0x00007fff76940000 - 0x00007fff7695f000 	C:\WINDOWS\SYSTEM32\windows.staterepositorycore.dll
0x00007ffef6ca0000 - 0x00007ffef81f2000 	C:\WINDOWS\System32\DriverStore\FileRepository\iigd_dch.inf_amd64_b20bdb7dfb36a7ef\igxelpicd64.dll
0x00007fff8ac90000 - 0x00007fff8adca000 	C:\WINDOWS\SYSTEM32\dxgi.dll
0x00007fff196f0000 - 0x00007fff19713000 	C:\WINDOWS\SYSTEM32\d3d12.dll
0x00007fff8adf0000 - 0x00007fff8ae1f000 	C:\WINDOWS\system32\dwmapi.dll
0x00007fff3ccf0000 - 0x00007fff3ce91000 	C:\WINDOWS\System32\DriverStore\FileRepository\iigd_dch.inf_amd64_b20bdb7dfb36a7ef\igdml64.dll
0x00007fff851c0000 - 0x00007fff8576b000 	C:\WINDOWS\System32\DriverStore\FileRepository\iigd_dch.inf_amd64_b20bdb7dfb36a7ef\igdgmm64.dll
0x00007ffebb1d0000 - 0x00007ffebb21b000 	C:\WINDOWS\SYSTEM32\icm32.dll
0x00007fff7fd40000 - 0x00007fff84ff4000 	C:\WINDOWS\System32\DriverStore\FileRepository\iigd_dch.inf_amd64_b20bdb7dfb36a7ef\igc64.dll
0x000000006a740000 - 0x000000006a7f1000 	C:\Users\matus.sivak\AppData\Local\Temp\libgdxmatus.sivak\a04a55a\gdx-freetype64.dll

dbghelp: loaded successfully - version: 4.0.5 - missing functions: none
symbol engine: initialized successfully - sym options: 0x614 - pdb path: .;C:\Users\matus.sivak\.jdks\corretto-21.0.6\bin;C:\WINDOWS\SYSTEM32;C:\WINDOWS\WinSxS\amd64_microsoft.windows.common-controls_6595b64144ccf1df_6.0.26100.8972_none_3e0da176e32f9d4b;C:\Program Files\Avecto\Privilege Guard Client;C:\Users\matus.sivak\.jdks\corretto-21.0.6\bin\server;C:\Users\matus.sivak\AppData\Local\Temp\libgdxmatus.sivak\12dfaa03;C:\Users\matus.sivak\AppData\Local\Temp\libgdxmatus.sivak\dc0f0009;C:\Users\MATUS~1.SIV\AppData\Local\Temp\libgdxmatus.sivak\dc0f0009;C:\WINDOWS\System32\DriverStore\FileRepository\iigd_dch.inf_amd64_b20bdb7dfb36a7ef;C:\Users\matus.sivak\AppData\Local\Temp\libgdxmatus.sivak\a04a55a

VM Arguments:
jvm_args: -Dfile.encoding=UTF-8 -Duser.country=US -Duser.language=en -Duser.variant 
java_command: sk.sivak.eldritchhorror.GameDesktop
java_class_path (initial): C:\WORK\Projects\Ancient Terror\desktop\build\classes\java\main;C:\WORK\Projects\Ancient Terror\desktop\build\resources\main;C:\WORK\Projects\Ancient Terror\core\entry\build\libs\Entry-1.0.jar;C:\Users\matus.sivak\.gradle\caches\modules-2\files-2.1\org.springframework.boot\spring-boot-starter-web\2.7.18\dd62ea85098187b4604e78dc15a7ff87dba173d\spring-boot-starter-web-2.7.18.jar;C:\Users\matus.sivak\.gradle\caches\modules-2\files-2.1\com.badlogicgames.gdx\gdx-backend-lwjgl\1.9.8\b7c138f14ed67ad830ae7597da3d86ae02b20eee\gdx-backend-lwjgl-1.9.8.jar;C:\Users\matus.sivak\.gradle\caches\modules-2\files-2.1\com.badlogicgames.gdx\gdx-platform\1.9.8\604a2ef2c7c92a5900114757cbd3fb4dcbb8270c\gdx-platform-1.9.8-natives-desktop.jar;C:\Users\matus.sivak\.gradle\caches\modules-2\files-2.1\com.badlogicgames.gdx\gdx-freetype-platform\1.9.8\b21a8def0c70ec49ea5e2658e788b7a9177399f8\gdx-freetype-platform-1.9.8-natives-desktop.jar;C:\WORK\Projects\Ancient Terror\core\initializer\build\libs\initializer-1.0.jar;C:\WORK\Projects\Ancient Terror\core\binder\binder-view-controller\build\libs\binder-view-controller-1.0.jar;C:\WORK\Projects\Ancient Terror\core\view\view-provider\view-provider-impl\build\libs\view-provider-impl-1.0.jar;C:\WORK\Projects\Ancient Terror\core\view\view-provider\view-provider-interface\build\libs\view-provider-interface-1.0.jar;C:\WORK\Projects\Ancient Terror\core\view\view-impl\build\libs\view-impl-1.0.jar;C:\WORK\Projects\Ancient Terror\core\skin-composer\build\libs\skin-composer-1.0.jar;C:\Users\matus.sivak\.gradle\caches\modules-2\files-2.1\com.badlogicgames.gdx\gdx-ai\1.8.1\a52367e373fe52f0d20f162cbf8711c38f002a25\gdx-ai-1.8.1.jar;C:\Users\matus.sivak\.gradle\caches\modules-2\files-2.1\com.badlogicgames.gdx\gdx-freetype\1.9.8\d92b5b8beab10e3b3c0dd836d4fc186f95e7ea4b\gdx-freetype-1.9.8.jar;C:\Users\matus.sivak\.gradle\caches\modules-2\files-2.1\com.kotcrab.vis\vis-ui\1.3.0\639741faa66a560197ee06a9412949402c831796\vis-ui-1.3.0.jar;C:\WORK\Projects\Ancient Terror\core\binder\binder-action\build\libs\binder-action-1.0.jar;C:\WORK\Projects\Ancient Terror\core\action\action-provider\action-provider-impl\build\libs\action-provider-impl-1.0.jar;C:\WORK\Projects\Ancient Terror\core\action\action-impl\build\libs\action-impl-1.0.jar;C:\WORK\Projects\Ancient Terror\core\binder\binder-controller-model\build\libs\binder-controller-model-1.0.jar;C:\WORK\Projects\Ancient Terror\core\controller\controller-provider\controller-provider-impl\build\libs\controller-provider-impl-1.0.jar;C:\WORK\Projects\Ancient Terror\core\controller\controller-provider\controller-provider-interface\build\libs\controller-provider-interface-1.0.jar;C:\WORK\Projects\Ancient Terror\core\controller\controller-impl\build\libs\controller-impl-1.0.jar;C:\WORK\Projects\Ancient Terror\core\controller\controller-interface\build\libs\controller-interface-1.0.jar;C:\WORK\Projects\Ancient Terror\core\view\view-interface\build\libs\view-interface-1.0.jar;C:\WORK\Projects\Ancient Terror\core\model\model-provider\model-provider-impl\build\libs\model-provider-impl-1.0.jar;C:\WORK\Projects\Ancient Terror\core\model\model-provider\model-provider-interface\build\libs\model-provider-interface-1.0.jar;C:\WORK\Projects\Ancient Terror\core\model\model-impl\build\libs\model-impl-1.0.jar;C:\WORK\Projects\Ancient Terror\core\model\model-write\build\libs\model-write-1.0.jar;C:\WORK\Projects\Ancient Terror\core\binder\binder-event-listener\build\libs\binder-event-listener-1.0.jar;C:\WORK\Projects\Ancient Terror\core\event-listener\event-listener-provider\event-listener-provider-impl\build\libs\event-listener-provider-impl-1.0.jar;C:\WORK\Projects\Ancient Terror\core\event-listener\event-listener-provider\event-listener-provider-interface\build\libs\event-listener-provider-interface-1.0.jar;C:\WORK\Projects\Ancient Terror\core\event-listener\event-listener-impl\build\libs\event-listener-impl-1.0.jar;C:\WORK\Projects\Ancient Terror\core\model\model-read\build\libs\model-read-1.0.jar;C:\WORK\Projects\Ancient Terror\core\binder\binder-service\build\libs\binder-service-1.0.jar;C:\WORK\Projects\Ancient Terror\core\service\service-provider\service-provider-impl\build\libs\service-provider-impl-1.0.jar;C:\WORK\Projects\Ancient Terror\core\service\service-provider\service-provider-interface\build\libs\service-provider-interface-1.0.jar;C:\WORK\Projects\Ancient Terror\core\service\service-impl\build\libs\service-impl-1.0.jar;C:\WORK\Projects\Ancient Terror\core\action\action-provider\action-provider-interface\build\libs\action-provider-interface-1.0.jar;C:\WORK\Projects\Ancient Terror\core\action\action-interface\build\libs\action-interface-1.0.jar;C:\WORK\Projects\Ancient Terror\core\event-queue\event-queue-provider\event-queue-provider-impl\build\libs\event-queue-provider-impl-1.0.jar;C:\WORK\Projects\Ancient Terror\core\event-queue\event-queue-provider\event-queue-provider-interface\build\libs\event-queue-provider-interface-1.0.jar;C:\WORK\Projects\Ancient Terror\core\event-queue\event-queue-impl\build\libs\event-queue-impl-1.0.jar;C:\WORK\Projects\Ancient Terror\core\event-queue\event-queue-write\build\libs\event-queue-write-1.0.jar;C:\WORK\Projects\Ancient Terror\core\event-queue\event-queue-read\build\libs\event-queue-read-1.0.jar;C:\WORK\Projects\Ancient Terror\core\service\service-interface\build\libs\service-interface-1.0.jar;C:\WORK\Projects\Ancient Terror\core\event-type\build\libs\event-type-1.0.jar;C:\WORK\Projects\Ancient Terror\core\constants\build\libs\constants-1.0.jar;C:\Users\matus.sivak\.gradle\caches\modules-2\files-2.1\com.badlogicgames.gdxpay\gdx-pay-client\1.3.13\7ee97c4ea70bb172bd7d7ae80d79d50abe94e4da\gdx-pay-client-1.3.13.jar;C:\Users\matus.sivak\.gradle\caches\modules-2\files-2.1\com.badlogicgames.gdx\gdx\1.9.8\a35a0076fbce873f9c2d5a1a1c8066244231bb3c\gdx-1.9.8.jar;C:\Users\matus.sivak\.gradle\caches\modules-2\files-2.1\javax.mail\mail\1.5.0-b01\c128515e42609622ce3f7dc0b431026d80bdb688\mail-1.5.0-b01.jar;C:\Users\matus.sivak\.gradle\caches\modules-2\files-2.1\org.springframework.boot\spring-boot-starter-json\2.7.18\b6d9ed5cae0c1929a9e561bf4799a3dc93a10db1\spring-boot-starter-json-2.7.18.jar;C:\Users\matus.sivak\.gradle\caches\modules-2\files-2.1\org.springframework.boot\spring-boot-starter\2.7.18\e56b75105f9ace6df154fd47eeeeadc2f5791e56\spring-boot-starter-2.7.18.jar;C:\Users\matus.sivak\.gradle\caches\modules-2\files-2.1\org.springframework.boot\spring-boot-starter-tomcat\2.7.18\c56e50e006448e75a8bde595dbc754ba294389af\spring-boot-starter-tomcat-2.7.18.jar;C:\Users\matus.sivak\.gradle\caches\modules-2\files-2.1\org.springframework\spring-webmvc\5.3.31\45754d056effe8257a012f6b98ed5454cf1e8960\spring-webmvc-5.3.31.jar;C:\Users\matus.sivak\.gradle\caches\modules-2\files-2.1\org.springframework\spring-web\5.3.31\3bf73c385a1f2f4a0d482149d6a205e854cec497\spring-web-5.3.31.jar;C:\Users\matus.sivak\.gradle\caches\modules-2\files-2.1\org.lwjgl.lwjgl\lwjgl_util\2.9.2\4b9e37300a87799856e0bd15ed81663cdb6b0947\lwjgl_util-2.9.2.jar;C:\Users\matus.sivak\.gradle\caches\modules-2\files-2.1\org.lwjgl.lwjgl\lwjgl\2.9.2\a9d80fe5935c7a9149f6584d9777cfd471f65489\lwjgl-2.9.2.jar;C:\Users\matus.sivak\.gradle\caches\modules-2\files-2.1\com.badlogicgames.jlayer\jlayer\1.0.1-gdx\7cca83cec5c1b2f011362f4d85aabd71a73b049d\jlayer-1.0.1-gdx.jar;C:\Users\matus.sivak\.gradle\caches\modules-2\files-2.1\org.jcraft\jorbis\0.0.17\8872d22b293e8f5d7d56ff92be966e6dc28ebdc6\jorbis-0.0.17.jar;C:\WORK\Projects\Ancient Terror\core\command-queue\command-queue-impl\build\libs\command-queue-impl-1.0.jar;C:\Users\matus.sivak\.gradle\caches\modules-2\files-2.1\javax.activation\activation\1.1\e6cb541461c2834bdea3eb920f1884d1eb508b50\activation-1.1.jar;C:\Users\matus.sivak\.gradle\caches\modules-2\files-2.1\org.springframework.boot\spring-boot-autoconfigure\2.7.18\9cf147c6ca274c75b32556acdcba5a1de081ebcd\spring-boot-autoconfigure-2.7.18.jar;C:\Users\matus.sivak\.gradle\caches\modules-2\files-2.1\org.springframework.boot\spring-boot\2.7.18\f6dbdd8da7c2bded63dff9b1f48d01a4923f20a0\spring-boot-2.7.18.jar;C:\Users\matus.sivak\.gradle\caches\modules-2\files-2.1\org.springframework.boot\spring-boot-starter-logging\2.7.18\19f7c255ba5255116f58c3bbaf52c7b88ea6af3e\spring-boot-starter-logging-2.7.18.jar;C:\Users\matus.sivak\.gradle\caches\modules-2\files-2.1\jakarta.annotation\jakarta.annotation-api\1.3.5\59eb84ee0d616332ff44aba065f3888cf002cd2d\jakarta.annotation-api-1.3.5.jar;C:\Users\matus.sivak\.gradle\caches\modules-2\files-2.1\org.springframework\spring-context\5.3.31\a2d6e76507f037ad835e8c2288dfedf28981999f\spring-context-5.3.31.jar;C:\Users\matus.sivak\.gradle\caches\modules-2\files-2.1\org.springframework\spring-aop\5.3.31\3be929dbdb5f4516919ad09a3d3720d779bb65d9\spring-aop-5.3.31.jar;C:\Users\matus.sivak\.gradle\caches\modules-2\files-2.1\org.springframework\spring-beans\5.3.31\d27258849071b3b268ecc388eca35bbfcc586448\spring-beans-5.3.31.jar;C:\Users\matus.sivak\.gradle\caches\modules-2\files-2.1\org.springframework\spring-expression\5.3.31\55637af1b186d1008890980c2876c5fc83599756\spring-expression-5.3.31.jar;C:\Users\matus.sivak\.gradle\caches\modules-2\files-2.1\org.springframework\spring-core\5.3.31\368e76f732a3c331b970f69cafec1525d27b34d3\spring-core-5.3.31.jar;C:\Users\matus.sivak\.gradle\caches\modules-2\files-2.1\org.yaml\snakeyaml\1.30\8fde7fe2586328ac3c68db92045e1c8759125000\snakeyaml-1.30.jar;C:\Users\matus.sivak\.gradle\caches\modules-2\files-2.1\com.fasterxml.jackson.datatype\jackson-datatype-jsr310\2.13.5\8ba3b868e81d7fc6ead686bd2353859b111d9eaf\jackson-datatype-jsr310-2.13.5.jar;C:\Users\matus.sivak\.gradle\caches\modules-2\files-2.1\com.fasterxml.jackson.module\jackson-module-parameter-names\2.13.5\a401a99e7a45450fd3ef76e82ba39005fd1a8c22\jackson-module-parameter-names-2.13.5.jar;C:\Users\matus.sivak\.gradle\caches\modules-2\files-2.1\com.fasterxml.jackson.core\jackson-annotations\2.13.5\136f77ab424f302c9e27230b4482e8000e142edf\jackson-annotations-2.13.5.jar;C:\Users\matus.sivak\.gradle\caches\modules-2\files-2.1\com.fasterxml.jackson.core\jackson-core\2.13.5\d07c97d3de9ea658caf1ff1809fd9de930a286a\jackson-core-2.13.5.jar;C:\Users\matus.sivak\.gradle\caches\modules-2\files-2.1\com.fasterxml.jackson.datatype\jackson-datatype-jdk8\2.13.5\1278f38160812811c56eb77f67213662ed1c7a2e\jackson-datatype-jdk8-2.13.5.jar;C:\Users\matus.sivak\.gradle\caches\modules-2\files-2.1\com.fasterxml.jackson.core\jackson-databind\2.13.5\aa95e46dbc32454f3983221d420e78ef19ddf844\jackson-databind-2.13.5.jar;C:\Users\matus.sivak\.gradle\caches\modules-2\files-2.1\org.apache.tomcat.embed\tomcat-embed-websocket\9.0.83\9af4b7450296bb4eff93b2ee3e52ab69d07512e4\tomcat-embed-websocket-9.0.83.jar;C:\Users\matus.sivak\.gradle\caches\modules-2\files-2.1\org.apache.tomcat.embed\tomcat-embed-core\9.0.83\d771e4343b0515c67dab2a09fe02f5d47550153f\tomcat-embed-core-9.0.83.jar;C:\Users\matus.sivak\.gradle\caches\modules-2\files-2.1\org.apache.tomcat.embed\tomcat-embed-el\9.0.83\b0cdada70099c25f45fceb48e1ebce60d138a5ce\tomcat-embed-el-9.0.83.jar;C:\Users\matus.sivak\.gradle\caches\modules-2\files-2.1\org.lwjgl.lwjgl\lwjgl-platform\2.9.2\510c7d317f5e9e700b9cfaac5fd38bdebf0702e0\lwjgl-platform-2.9.2-natives-windows.jar;C:\Users\matus.sivak\.gradle\caches\modules-2\files-2.1\org.lwjgl.lwjgl\lwjgl-platform\2.9.2\d276cdf61fe2b516c7b7f4aa1b8dea91dbdc8d56\lwjgl-platform-2.9.2-natives-linux.jar;C:\Users\matus.sivak\.gradle\caches\modules-2\files-2.1\org.lwjgl.lwjgl\lwjgl-platform\2.9.2\d55b46b40b40249d627a83a7f7f22649709d70c3\lwjgl-platform-2.9.2-natives-osx.jar;C:\Users\matus.sivak\.gradle\caches\modules-2\files-2.1\net.java.jinput\jinput\2.0.5\39c7796b469a600f72380316f6b1f11db6c2c7c4\jinput-2.0.5.jar;C:\WORK\Projects\Ancient Terror\core\command-queue\command-queue-interface\build\libs\command-queue-interface-1.0.jar;C:\Users\matus.sivak\.gradle\caches\modules-2\files-2.1\ch.qos.reload4j\reload4j\1.2.26\f9a29cea570c15844d2ec98bf8e2e523017a6a53\reload4j-1.2.26.jar;C:\Users\matus.sivak\.gradle\caches\modules-2\files-2.1\ch.qos.logback\logback-classic\1.2.12\d4dee19148dccb177a0736eb2027bd195341da78\logback-classic-1.2.12.jar;C:\Users\matus.sivak\.gradle\caches\modules-2\files-2.1\org.apache.logging.log4j\log4j-to-slf4j\2.17.2\17dd0fae2747d9a28c67bc9534108823d2376b46\log4j-to-slf4j-2.17.2.jar;C:\Users\matus.sivak\.gradle\caches\modules-2\files-2.1\org.slf4j\jul-to-slf4j\1.7.36\ed46d81cef9c412a88caef405b58f93a678ff2ca\jul-to-slf4j-1.7.36.jar;C:\Users\matus.sivak\.gradle\caches\modules-2\files-2.1\org.springframework\spring-jcl\5.3.31\e7ab9ee590a195415dd6b898440d776b4c8db78c\spring-jcl-5.3.31.jar;C:\Users\matus.sivak\.gradle\caches\modules-2\files-2.1\net.java.jutils\jutils\1.0.0\e12fe1fda814bd348c1579329c86943d2cd3c6a6\jutils-1.0.0.jar;C:\Users\matus.sivak\.gradle\caches\modules-2\files-2.1\net.java.jinput\jinput-platform\2.0.5\7ff832a6eb9ab6a767f1ade2b548092d0fa64795\jinput-platform-2.0.5-natives-linux.jar;C:\Users\matus.sivak\.gradle\caches\modules-2\files-2.1\net.java.jinput\jinput-platform\2.0.5\385ee093e01f587f30ee1c8a2ee7d408fd732e16\jinput-platform-2.0.5-natives-windows.jar;C:\Users\matus.sivak\.gradle\caches\modules-2\files-2.1\net.java.jinput\jinput-platform\2.0.5\53f9c919f34d2ca9de8c51fc4e1e8282029a9232\jinput-platform-2.0.5-natives-osx.jar;C:\WORK\Projects\Ancient Terror\java8-features\build\libs\java8-features-1.0.jar;C:\Users\matus.sivak\.gradle\caches\modules-2\files-2.1\io.reactivex\rxjava\1.3.0\af000bec2036a2a9d07197c4b03b8966bfc60b03\rxjava-1.3.0.jar;C:\Users\matus.sivak\.gradle\caches\modules-2\files-2.1\junit\junit\4.12\2973d150c0dc1fefe998f834810d68f278ea58ec\junit-4.12.jar;C:\Users\matus.sivak\.gradle\caches\modules-2\files-2.1\ch.qos.logback\logback-core\1.2.12\1d8e51a698b138065d73baefb4f94531faa323cb\logback-core-1.2.12.jar;C:\Users\matus.sivak\.m2\repository\org\slf4j\slf4j-api\1.7.36\slf4j-api-1.7.36.jar;C:\Users\matus.sivak\.gradle\caches\modules-2\files-2.1\org.apache.logging.log4j\log4j-api\2.17.2\f42d6afa111b4dec5d2aea0fe2197240749a4ea6\log4j-api-2.17.2.jar;C:\Users\matus.sivak\.gradle\caches\modules-2\files-2.1\com.rafaskoberg.gdx\typing-label\1.0.4\45dddf6ddba01c056f1742133c4030ce34dde488\typing-label-1.0.4.jar;C:\Users\matus.sivak\.m2\repository\org\hamcrest\hamcrest-core\1.3\hamcrest-core-1.3.jar;C:\Users\matus.sivak\.gradle\caches\modules-2\files-2.1\com.badlogicgames.gdxpay\gdx-pay\1.3.13\a0bd1fbf1489e66ab2681529ccad389762ad6f95\gdx-pay-1.3.13.jar;C:\Users\matus.sivak\.m2\repository\com\google\code\findbugs\jsr305\3.0.2\jsr305-3.0.2.jar
Launcher Type: SUN_STANDARD

[Global flags]
     intx CICompilerCount                          = 12                                        {product} {ergonomic}
     uint ConcGCThreads                            = 3                                         {product} {ergonomic}
     uint G1ConcRefinementThreads                  = 13                                        {product} {ergonomic}
   size_t G1HeapRegionSize                         = 4194304                                   {product} {ergonomic}
    uintx GCDrainStackTargetSize                   = 64                                        {product} {ergonomic}
   size_t InitialHeapSize                          = 532676608                                 {product} {ergonomic}
   size_t MarkStackSize                            = 4194304                                   {product} {ergonomic}
   size_t MaxHeapSize                              = 8518631424                                {product} {ergonomic}
   size_t MaxNewSize                               = 5108662272                                {product} {ergonomic}
   size_t MinHeapDeltaBytes                        = 4194304                                   {product} {ergonomic}
   size_t MinHeapSize                              = 8388608                                   {product} {ergonomic}
    uintx NonNMethodCodeHeapSize                   = 7602480                                {pd product} {ergonomic}
    uintx NonProfiledCodeHeapSize                  = 122027880                              {pd product} {ergonomic}
    uintx ProfiledCodeHeapSize                     = 122027880                              {pd product} {ergonomic}
    uintx ReservedCodeCacheSize                    = 251658240                              {pd product} {ergonomic}
     bool SegmentedCodeCache                       = true                                      {product} {ergonomic}
   size_t SoftMaxHeapSize                          = 8518631424                             {manageable} {ergonomic}
     bool UseCompressedOops                        = true                           {product lp64_product} {ergonomic}
     bool UseG1GC                                  = true                                      {product} {ergonomic}
     bool UseLargePagesIndividualAllocation        = false                                  {pd product} {ergonomic}

Logging:
Log output configuration:
 #0: stdout all=warning uptime,level,tags foldmultilines=false
 #1: stderr all=off uptime,level,tags foldmultilines=false

Environment Variables:
JAVA_HOME=C:\Users\matus.sivak\.jdks\corretto-21.0.6
PATH=C:\Program Files\Microsoft SDKs\Azure\CLI2\wbin;C:\windows\system32;C:\windows;C:\windows\System32\Wbem;C:\windows\System32\WindowsPowerShell\v1.0\;C:\windows\System32\OpenSSH\;C:\Program Files (x86)\Pulse Secure\VC142.CRT\X64\;C:\Program Files (x86)\Pulse Secure\VC142.CRT\X86\;C:\Users\matus.sivak\.jdks\openjdk-25.0.2\bin;C:\WORK\Tools\apache-maven-3.9.1\bin;C:\Program Files\PuTTY\;C:\Program Files (x86)\Microsoft SQL Server\160\DTS\Binn\;C:\Program Files\Azure Data Studio\bin;C:\Program Files (x86)\NVIDIA Corporation\PhysX\Common;C:\WINDOWS\system32;C:\WINDOWS;C:\WINDOWS\System32\Wbem;C:\WINDOWS\System32\WindowsPowerShell\v1.0\;C:\WINDOWS\System32\OpenSSH\;C:\Program Files\dotnet\;C:\Users\matus.sivak\AppData\Local\Programs\Python\Python314\Scripts\;C:\Users\matus.sivak\AppData\Local\Programs\Python\Python314\;C:\Users\matus.sivak\AppData\Local\Programs\Python\Launcher\;C:\Users\matus.sivak\AppData\Local\Microsoft\WindowsApps;C:\Users\matus.sivak\AppData\Local\Programs\IntelliJ IDEA 2025.3.1.1\bin;C:\Program Files\Azure Data Studio\bin;C:\Users\matus.sivak\.dotnet\tools;C:\WORK\Projects\EntriX\docker;C:\Program Files (x86)\Nmap;C:\Users\matus.sivak\AppData\Local\Programs\Git\cmd;
USERNAME=matus.sivak
OS=Windows_NT
PROCESSOR_IDENTIFIER=Intel64 Family 6 Model 141 Stepping 1, GenuineIntel
TMP=C:\Users\MATUS~1.SIV\AppData\Local\Temp
TEMP=C:\Users\MATUS~1.SIV\AppData\Local\Temp




Periodic native trim disabled

---------------  S Y S T E M  ---------------

OS:
 Windows 11 , 64 bit Build 26100 (10.0.26100.9168)
OS uptime: 0 days 5:14 hours
Hyper-V role detected

CPU: total 16 (initial active 16) (8 cores per cpu, 2 threads per core) family 6 model 141 stepping 1 microcode 0x56, cx8, cmov, fxsr, ht, mmx, 3dnowpref, sse, sse2, sse3, ssse3, sse4.1, sse4.2, popcnt, lzcnt, tsc, tscinvbit, avx, avx2, aes, erms, clmul, bmi1, bmi2, adx, avx512f, avx512dq, avx512cd, avx512bw, avx512vl, sha, fma, vzeroupper, avx512_vpopcntdq, avx512_vpclmulqdq, avx512_vaes, avx512_vnni, clflush, clflushopt, clwb, avx512_vbmi2, avx512_vbmi, hv, rdtscp, rdpid, fsrm, gfni, avx512_bitalg, f16c, cet_ibt, cet_ss, avx512_ifma
Processor Information for the first 16 processors :
  Max Mhz: 2496, Current Mhz: 2496, Mhz Limit: 2496

Memory: 4k page, system-wide physical 32490M (10207M free)
TotalPageFile size 47338M (AvailPageFile size 20166M)
current process WorkingSet (physical memory assigned to process): 1279M, peak: 1420M
current process commit charge ("private bytes"): 1634M, peak: 1834M

vm_info: OpenJDK 64-Bit Server VM (21.0.6+7-LTS) for windows-amd64 JRE (21.0.6+7-LTS), built on 2025-01-07T23:42:01Z by "Administrator" with MS VC++ 16.10 / 16.11 (VS2019)

END.
